Title,Year,Cited by,Source title,Document Type,DOI,topic,topic_label
Smart tourism: foundations and developments,2015,2013,Electronic Markets,Article,10.1007/s12525-015-0196-8,5,Digital innovation in sport tourism/events
A review of innovation research in tourism,2010,1235,Tourism Management,Article,10.1016/j.tourman.2009.08.012,0,Sport-tourism entrepreneurship
The Private Sector and the SDGs: The Need to Move Beyond ‘Business as Usual’,2016,663,Sustainable Development,Article,10.1002/sd.1623,7,Sustainable sport tourism development
"Networks, clusters and innovation in tourism: A UK experience",2006,607,Tourism Management,Article,10.1016/j.tourman.2005.11.011,0,Sport-tourism entrepreneurship
Agenda for co-creation tourism experience research,2009,579,Journal of Hospitality and Leisure Marketing,Article,10.1080/19368620802594193,0,Sport-tourism entrepreneurship
Repairing innovation defectiveness in tourism,2002,543,Tourism Management,Article,10.1016/S0261-5177(02)00013-4,0,Sport-tourism entrepreneurship
Influence of the user's psychological factors on the online purchase intention in rural tourism: Integrating innovativeness to the UTAUT framework,2012,533,Tourism Management,Article,10.1016/j.tourman.2011.04.003,3,Sport-tourism entrepreneurship
Resident attitudes toward sustainable community tourism,2010,470,Journal of Sustainable Tourism,Article,10.1080/09669580903524852,7,Sustainable sport tourism development
Factors for success in rural tourism development,2001,464,Journal of Travel Research,Article,10.1177/004728750104000203,3,Sport-tourism entrepreneurship
Reset redux: possible evolutionary pathways towards the transformation of tourism in a COVID-19 world,2020,459,Tourism Geographies,Article,10.1080/14616688.2020.1760928,0,Sport-tourism entrepreneurship
Community-based tourism enterprises development in Kenya: An exploration of their potential as avenues of poverty reduction,2007,414,Journal of Sustainable Tourism,Review,10.2167/jost723.0,2,Social innovation & community value
A critical look at community based tourism,2005,409,Community Development Journal,Article,10.1093/cdj/bsi005,2,Social innovation & community value
Environmental strategies and organizational competitiveness in the hotel industry: The role of learning and innovation as determinants of environmental success,2015,383,Tourism Management,Article,10.1016/j.tourman.2014.05.009,0,Sport-tourism entrepreneurship
Geotourism and geoparks as novel strategies for socio-economic development in rural areas,2011,375,International Journal of Tourism Research,Article,10.1002/jtr.800,3,Sport-tourism entrepreneurship
Evaluating the perceived social impacts of hosting large-scale sport tourism events: SCALE development and validation,2015,364,Tourism Management,Article,10.1016/j.tourman.2014.10.015,1,Mega-events & host destinations
"Residents' attitudes towards tourism in Bigodi village, Uganda",2007,341,Tourism Management,Article,10.1016/j.tourman.2006.03.004,2,Social innovation & community value
"Entrepreneurship, chaos and the tourism area lifecycle",2004,323,Annals of Tourism Research,Article,10.1016/j.annals.2004.01.008,0,Sport-tourism entrepreneurship
The role of individual entrepreneurs in the development of competitiveness for a rural tourism destination - A case study,2014,319,Tourism Management,Article,10.1016/j.tourman.2013.07.007,3,Sport-tourism entrepreneurship
Can community-based tourism contribute to development and poverty alleviation? Lessons from nicaragua,2011,317,Current Issues in Tourism,Article,10.1080/13683500.2011.559200,2,Social innovation & community value
Motivation for agri-tourism entrepreneurship,2004,311,Journal of Travel Research,Article,10.1177/0047287504268245,6,Sport-tourism entrepreneurship
Ecotourism and economic incentives - An empirical approach,2000,310,Ecological Economics,Article,10.1016/S0921-8009(99)00119-6,2,Social innovation & community value
The entrepreneurship factor in sustainable tourism development,2005,271,Journal of Cleaner Production,Article,10.1016/j.jclepro.2004.02.043,6,Sport-tourism entrepreneurship
Using indicators to assess sustainable tourism development: a review,2014,265,Tourism Geographies,Article,10.1080/14616688.2013.867530,7,Sustainable sport tourism development
The experience co-creation in smart tourism destinations: a multiple case analysis of European destinations,2016,261,Information Technology and Tourism,Article,10.1007/s40558-016-0060-5,5,Digital innovation in sport tourism/events
Indigenous peoples and tourism: the challenges and opportunities for sustainable tourism,2016,246,Journal of Sustainable Tourism,Article,10.1080/09669582.2016.1206112,2,Social innovation & community value
"The effects of tourism development on rural livelihoods in the Okavango Delta, Botswana",2010,243,Journal of Sustainable Tourism,Article,10.1080/09669581003653500,3,Sport-tourism entrepreneurship
"Community sustainability and resilience: similarities, differences and indicators",2016,241,Tourism Geographies,Article,10.1080/14616688.2015.1122664,2,Social innovation & community value
Sustainable performance index for tourism policy development,2010,239,Tourism Management,Article,10.1016/j.tourman.2009.10.001,7,Sustainable sport tourism development
A conceptual framework of tourism social entrepreneurship for sustainable community development,2018,237,Journal of Hospitality and Tourism Management,Article,10.1016/j.jhtm.2018.09.001,2,Social innovation & community value
Determinants of innovation in tourism evidence from Australia,2018,234,Tourism Management,Article,10.1016/j.tourman.2018.01.010,0,Sport-tourism entrepreneurship
Social capital and tourism entrepreneurship,2011,233,Annals of Tourism Research,Article,10.1016/j.annals.2011.02.006,6,Sport-tourism entrepreneurship
Sustainable community development through sport and events: A conceptual framework for Sport-for-Development projects,2012,230,Sport Management Review,Article,10.1016/j.smr.2011.06.001,1,Mega-events & host destinations
"Moving from research ON, to research with and for Indigenous communities: A critical reflection on community-based participatory research",2012,229,Canadian Geographer,Article,10.1111/j.1541-0064.2012.00428.x,2,Social innovation & community value
Indicators of sustainable tourism: A case study from a Taiwan's wetland,2016,229,Ecological Indicators,Article,10.1016/j.ecolind.2016.03.023,7,Sustainable sport tourism development
Asymmetric role of tourism development and technology innovation on carbon dioxide emission reduction in the Chinese economy: Fresh insights from QARDL approach,2021,227,Sustainable Development,Article,10.1002/sd.2139,7,Sustainable sport tourism development
Tourism as a local development strategy in South Africa,2002,222,Geographical Journal,Article,10.1111/1475-4959.00051,2,Social innovation & community value
Supporting innovation for tourism development through multi-stakeholder approaches: Experiences from Africa,2013,216,Tourism Management,Article,10.1016/j.tourman.2012.05.010,0,Sport-tourism entrepreneurship
Innovation in the tourism industry: The case of Tourism@,2011,216,Tourism Management,Article,10.1016/j.tourman.2010.08.010,0,Sport-tourism entrepreneurship
Sustainable tourism in the open innovation realm: A bibliometric analysis,2019,215,Sustainability (Switzerland),Article,10.3390/su11216114,7,Sustainable sport tourism development
Asymmetric effects of tourism development and green innovation on economic growth and carbon emissions in top 10 GDP countries,2023,207,Journal of Environmental Planning and Management,Article,10.1080/09640568.2021.1990029,7,Sustainable sport tourism development
The volunteer legacy of a major sport event,2009,200,"Journal of Policy Research in Tourism, Leisure and Events",Article,10.1080/19407960903204356,1,Mega-events & host destinations
The effects of community factors on residents’ perceptions toward World Heritage Site inscription and sustainable tourism development,2017,196,Journal of Sustainable Tourism,Article,10.1080/09669582.2016.1195836,2,Social innovation & community value
"Social capital, tourism and regional development: SPCC as a basis for innovation and sustainability",2004,192,Current Issues in Tourism,Article,10.1080/1368350050408668200,2,Social innovation & community value
Value creation and knowledge development in tourism experience encounters,2015,191,Tourism Management,Article,10.1016/j.tourman.2014.07.009,0,Sport-tourism entrepreneurship
Tourism and poverty alleviation in Fiji: Comparing the impacts of small- and large-scale tourism enterprises,2012,187,Journal of Sustainable Tourism,Article,10.1080/09669582.2011.629049,2,Social innovation & community value
Resource-based local development and networked core-competencies for tourism excellence,2010,184,Tourism Management,Article,10.1016/j.tourman.2009.03.002,0,Sport-tourism entrepreneurship
"Community-based tourism enterprises: Challenges and prospects for community participation; Khama Rhino Sanctuary trust, Botswana",2011,181,Journal of Sustainable Tourism,Article,10.1080/09669582.2010.508527,2,Social innovation & community value
Tourism entrepreneurs in Northumberland,2011,180,Annals of Tourism Research,Article,10.1016/j.annals.2011.03.015,0,Sport-tourism entrepreneurship
"Local perspectives of ecotourism development in Tawushan Nature Reserve, Taiwan",2006,178,Tourism Management,Article,10.1016/j.tourman.2005.11.010,2,Social innovation & community value
100 Innovations That Transformed Tourism,2015,178,Journal of Travel Research,Article,10.1177/0047287513516390,0,Sport-tourism entrepreneurship
Strengthening Community-Based Tourism in a new resource-based island nation: Why and how?,2015,177,Tourism Management,Article,10.1016/j.tourman.2014.12.013,2,Social innovation & community value
"Big Data Analytics, Tourism Design and Smart Tourism",2017,170,Tourism on the Verge,Book chapter,10.1007/978-3-319-44263-1_17,5,Digital innovation in sport tourism/events
Tourism-related social capital and its relationship with other forms of capital: An exploratory study,2010,167,Journal of Travel Research,Article,10.1177/0047287509349271,6,Sport-tourism entrepreneurship
The geographies of social networks and innovation in tourism,2007,166,Tourism Geographies,Article,10.1080/14616680601092857,0,Sport-tourism entrepreneurship
"Community participation in tourism at a world heritage site: Mutianyu great wall, Beijing, China",2014,166,International Journal of Tourism Research,Article,10.1002/jtr.1909,2,Social innovation & community value
A capital assets framework for appraising and building capacity for tourism development in aboriginal protected area gateway communities,2012,161,Tourism Management,Article,10.1016/j.tourman.2011.08.009,2,Social innovation & community value
Women's empowerment and tourism development: A cross-country study,2021,161,Tourism Management Perspectives,Article,10.1016/j.tmp.2020.100782,6,Sport-tourism entrepreneurship
Innovation in tourism: Re-conceptualising and measuring the absorptive capacity of the hotel sector,2014,161,Tourism Management,Article,10.1016/j.tourman.2014.03.012,0,Sport-tourism entrepreneurship
Does green finance and renewable energy promote tourism for sustainable development: Empirical evidence from China,2023,156,Renewable Energy,Article,10.1016/j.renene.2023.03.032,7,Sustainable sport tourism development
Sustainable Tourism Innovation: Challenging Basic Assumptions,2008,148,Tourism and Hospitality Research,Article,10.1057/thr.2008.7,7,Sustainable sport tourism development
Management innovation in the hotel industry,2015,148,Tourism Management,Article,10.1016/j.tourman.2014.06.002,0,Sport-tourism entrepreneurship
Improving sustainability in the tourism industry through blockchain technology: Challenges and opportunities,2022,146,Tourism Management,Article,10.1016/j.tourman.2022.104628,5,Digital innovation in sport tourism/events
Female empowerment and tourism: a focus on businesses in a Fijian village,2017,145,Asia Pacific Journal of Tourism Research,Article,10.1080/10941665.2017.1308397,6,Sport-tourism entrepreneurship
Partnership and regional tourism in Brazil,2002,145,Annals of Tourism Research,Article,10.1016/S0160-7383(02)00033-6,0,Sport-tourism entrepreneurship
Resident perceptions of social-ecological resilience and the sustainability of community-based tourism development in the Commonwealth of Dominica,2013,142,Journal of Sustainable Tourism,Article,10.1080/09669582.2013.776059,2,Social innovation & community value
Community-based tourism development model and community participation,2018,138,"African Journal of Hospitality, Tourism and Leisure",Article,,2,Social innovation & community value
Promoting sustainable development goals through generative artificial intelligence in the digital supply chain: Insights from Chinese tourism SMEs,2025,136,Sustainable Development,Article,10.1002/sd.3152,5,Digital innovation in sport tourism/events
Pakistan tourism industry and challenges: a review,2018,133,Asia Pacific Journal of Tourism Research,Article,10.1080/10941665.2017.1410192,0,Sport-tourism entrepreneurship
How ‘eco’ is ecotourism? a comparative case study of ecotourism in costa rica,2003,131,Journal of Sustainable Tourism,Article,10.1080/09669580308667210,2,Social innovation & community value
"Ecotourism, gender and development in northern Vietnam",2014,131,Annals of Tourism Research,Article,10.1016/j.annals.2013.09.005,6,Sport-tourism entrepreneurship
"Tourism, smart specialisation, growth, and resilience",2020,130,Annals of Tourism Research,Article,10.1016/j.annals.2020.102995,0,Sport-tourism entrepreneurship
Tourism development and changing rural identity in China,2017,129,Annals of Tourism Research,Article,10.1016/j.annals.2017.07.016,3,Sport-tourism entrepreneurship
"Territorial capital, smart tourism specialization and sustainable regional development: Experiences from Europe",2017,128,Habitat International,Article,10.1016/j.habitatint.2017.04.006,5,Digital innovation in sport tourism/events
Local perceptions of the relative contributions of enclave tourism and agritourism to community well-being: The case of Mauritius,2016,128,Journal of Destination Marketing and Management,Article,10.1016/j.jdmm.2015.11.002,2,Social innovation & community value
Customer relationship management in small-medium enterprises: The case of Turkish tourism industry,2006,128,Tourism Management,Article,10.1016/j.tourman.2005.06.011,0,Sport-tourism entrepreneurship
Creative Outposts: Tourism's Place in Rural Innovation,2012,124,Tourism Planning and Development,Article,10.1080/21568316.2012.726254,2,Social innovation & community value
Sustainability in tourism as an innovation driver: An analysis of family business reality,2020,124,Sustainability (Switzerland),Article,10.3390/su12156149,7,Sustainable sport tourism development
The influence of islamic religiosity on the perceived socio-cultural impact of sustainable tourism development in pakistan: A structural equation modeling approach,2019,123,Sustainability (Switzerland),Article,10.3390/su11113039,7,Sustainable sport tourism development
Resident support for tourism development in rural midwestern (USA) communities: Perceived tourism impacts and community quality of life perspective,2018,123,Sustainability (Switzerland),Article,10.3390/su10030802,2,Social innovation & community value
Rural residents’ attitudes to tourism and the moderating effects of social capital,2015,123,Tourism Geographies,Article,10.1080/14616688.2014.959993,3,Sport-tourism entrepreneurship
Towards inclusive tourism? Stakeholder collaboration in the development of accessible tourism,2018,123,Tourism Geographies,Article,10.1080/14616688.2018.1477828,7,Sustainable sport tourism development
Community behavior and sustainable rural tourism development,2012,122,Journal of Travel Research,Article,10.1177/0047287511410350,2,Social innovation & community value
Technology assessment: Enabling Blockchain in hospitality and tourism sectors,2021,119,Technological Forecasting and Social Change,Article,10.1016/j.techfore.2021.120810,5,Digital innovation in sport tourism/events
"Mussels, Tourism and Community Development: A Case Study of Place Branding Through Food Festivals in Rural North Jutland, Denmark",2014,119,European Planning Studies,Article,10.1080/09654313.2013.784594,3,Sport-tourism entrepreneurship
Smart governance for heritage tourism destinations: Contextual factors and destination management organization perspectives,2021,118,Tourism Management Perspectives,Article,10.1016/j.tmp.2021.100862,4,Community & local development
Social Capital and Collective Action in Rural Tourism,2017,115,Journal of Travel Research,Article,10.1177/0047287515625128,2,Social innovation & community value
Viewing sports online together? Psychological consequences on social live streaming service usage,2020,115,Sport Management Review,Article,10.1016/j.smr.2019.12.007,1,Mega-events & host destinations
Tourism growth and entrepreneurship: Empirical analysis of development of rural highlands,2015,114,Tourism Management Perspectives,Article,10.1016/j.tmp.2015.02.001,2,Social innovation & community value
Transformative tourism organizations and glocalization,2019,114,Annals of Tourism Research,Article,10.1016/j.annals.2019.03.007,2,Social innovation & community value
Building social capital from sport event participation: An exploration of the social impacts of participatory sport events on the community,2018,113,Sport Management Review,Article,10.1016/j.smr.2017.11.001,1,Mega-events & host destinations
Sustainable wine tourism development: Case studies from the Greek Region of Peloponnese,2020,112,Sustainability (Switzerland),Article,10.3390/su12125223,7,Sustainable sport tourism development
Tourism governance and sustainable national development in China: A macro-level synthesis,2011,111,Journal of Sustainable Tourism,Article,10.1080/09669582.2011.571693,7,Sustainable sport tourism development
"Developing sustainable tourism through adaptive resource management: A case study of Machu Picchu, Peru",2012,110,Journal of Sustainable Tourism,Article,10.1080/09669582.2012.667217,7,Sustainable sport tourism development
How do museums foster loyalty in tech-savvy visitors? The role of social media and digital experience,2022,110,Current Issues in Tourism,Article,10.1080/13683500.2021.1896487,5,Digital innovation in sport tourism/events
Social capital and entrepreneurial mobility in early-stage tourism development: A case from rural China,2017,110,Tourism Management,Article,10.1016/j.tourman.2017.06.027,3,Sport-tourism entrepreneurship
Development for whom? Social justice and the business of ecotourism,2010,107,Journal of Sustainable Tourism,Article,10.1080/09669580903367229,6,Sport-tourism entrepreneurship
Towards a comprehensive model of community-based tourism development,2016,106,South African Geographical Journal,Article,10.1080/03736245.2014.977813,2,Social innovation & community value
A qualitative analysis of Singapore's medical tourism competitiveness,2017,105,Tourism Management Perspectives,Article,10.1016/j.tmp.2016.12.002,0,Sport-tourism entrepreneurship
An integrated approach to assess the impacts of tourism on community development and sustainable livelihoods,2009,104,Community Development Journal,Article,10.1093/cdj/bsm048,2,Social innovation & community value
Intelligent automation for sustainable tourism: a systematic review,2023,103,Journal of Sustainable Tourism,Article,10.1080/09669582.2023.2246681,7,Sustainable sport tourism development
The roles and responsibilities of a change agent in sport event development projects,2010,101,Sport Management Review,Article,10.1016/j.smr.2009.05.001,1,Mega-events & host destinations
Social entrepreneurship and tourism in Cambodia: advancing community engagement,2020,101,Journal of Sustainable Tourism,Article,10.1080/09669582.2019.1706544,2,Social innovation & community value
Community participation framework for protected area-based tourism planning,2016,101,Tourism Planning and Development,Article,10.1080/21568316.2015.1136838,2,Social innovation & community value
Tourism diversification and its implications for smart specialisation,2018,101,Sustainability (Switzerland),Article,10.3390/su10020319,5,Digital innovation in sport tourism/events
Economic and social sustainable synergies to promote innovations in rural tourism and local development,2016,100,Sustainability (Switzerland),Article,10.3390/su8070668,3,Sport-tourism entrepreneurship
Poverty or riches: who benefits from the booming tourism industry in Botswana?,2017,100,Journal of Contemporary African Studies,Article,10.1080/02589001.2016.1270424,7,Sustainable sport tourism development
Exploring the antecedents of sustainable tourism development,2019,99,International Journal of Contemporary Hospitality Management,Article,10.1108/IJCHM-05-2018-0384,7,Sustainable sport tourism development
"Environmental impact of infrastructure-led Chinese outward FDI, tourism development and technology innovation: a regional country analysis",2022,99,Journal of Environmental Planning and Management,Article,10.1080/09640568.2021.1989672,7,Sustainable sport tourism development
Empowerment model for sustainable tourism village in an emerging country,2020,98,"Journal of Asian Finance, Economics and Business",Article,10.13106/jafeb.2020.vol7.no2.261,2,Social innovation & community value
Rethinking township tourism: Towards responsible tourism development in South African townships,2010,98,Development Southern Africa,Article,10.1080/03768351003740795,4,Community & local development
"Community-based tourism and networking: Viscri, Romania",2014,97,Journal of Sustainable Tourism,Article,10.1080/09669582.2013.802327,2,Social innovation & community value
Sustainability approaches and nature tourism development,2021,97,Annals of Tourism Research,Article,10.1016/j.annals.2021.103307,7,Sustainable sport tourism development
Road block(chain): bit(coin)s for tourism sustainable development goals?,2020,95,Journal of Hospitality and Tourism Technology,Article,10.1108/JHTT-05-2019-0069,7,Sustainable sport tourism development
"Exploring the relationships between heritage tourism, sustainable community development and host communities' health and wellbeing: A systematic review",2023,94,PLoS ONE,Article,10.1371/journal.pone.0282319,4,Community & local development
"Spatial-temporal evolution and driving mechanism of rural production-living-ecological space in Pingtan islands, China",2023,94,Habitat International,Article,10.1016/j.habitatint.2023.102833,3,Sport-tourism entrepreneurship
"International winter tourism entrepreneurs in northern Sweden: understanding migration, lifestyle, and business motivations",2018,94,Scandinavian Journal of Hospitality and Tourism,Article,10.1080/15022250.2017.1339503,0,Sport-tourism entrepreneurship
Measuring the impact of functional and experiential mixed reality elements on a museum visit,2020,93,Current Issues in Tourism,Article,10.1080/13683500.2019.1703914,4,Community & local development
“Making do” in rural tourism: the resourcing behaviour of tourism micro-firms,2020,92,Journal of Sustainable Tourism,Article,10.1080/09669582.2020.1715993,3,Sport-tourism entrepreneurship
"Dynamic influence of aging, industrial innovations, and ICT on tourism development and renewable energy consumption in BRICS economies",2022,91,Renewable Energy,Article,10.1016/j.renene.2022.04.134,7,Sustainable sport tourism development
International lifestyle immigrants and their contributions to rural tourism innovation: Experiences from Sweden's far north,2018,91,Journal of Rural Studies,Article,10.1016/j.jrurstud.2017.08.004,3,Sport-tourism entrepreneurship
Hospitality entrepreneurs managing quality of life and business growth,2019,90,Current Issues in Tourism,Article,10.1080/13683500.2018.1437122,0,Sport-tourism entrepreneurship
The role of private sector ecotourism in local socio-economic development in southern Africa,2017,90,Journal of Ecotourism,Article,10.1080/14724049.2016.1226318,2,Social innovation & community value
Community-based and pro-poor tourism: Initial assessment of their relation to community development,2016,90,European Journal of Tourism Research,Review,10.54055/ejtr.v12i.218,2,Social innovation & community value
"Tourism research after the COVID-19 outbreak: Insights for more sustainable, local and smart cities",2021,89,Sustainable Cities and Society,Article,10.1016/j.scs.2021.103126,5,Digital innovation in sport tourism/events
Innovation and internationalization as development strategies for coastal tourism destinations: The role of organizational networks,2019,88,Journal of Hospitality and Tourism Management,Article,10.1016/j.jhtm.2019.10.004,0,Sport-tourism entrepreneurship
"Re-enactment Events and Tourism: Meaning, Authenticity and Identity",2008,88,Current Issues in Tourism,Article,10.1080/13683500802140380,4,Community & local development
Fijian culture and the environment: a focus on the ecological and social interconnectedness of tourism development,2018,88,Journal of Sustainable Tourism,Article,10.1080/09669582.2017.1359280,2,Social innovation & community value
Integrating Communities into Tourism Planning Through Social Innovation,2015,88,Tourism Planning and Development,Article,10.1080/21568316.2014.951125,2,Social innovation & community value
An analysis of the utilization of Facebook by local Korean governments for tourism development and the network of smart tourism ecosystem,2016,88,International Journal of Information Management,Article,10.1016/j.ijinfomgt.2016.05.027,5,Digital innovation in sport tourism/events
Entrepreneurial ecosystems in smart cities for tourism development: From stakeholder perceptions to regional tourism policy implications,2020,87,Journal of Hospitality and Tourism Management,Article,10.1016/j.jhtm.2020.06.011,5,Digital innovation in sport tourism/events
Sustainable tourism planning and climate change adaptation in the Alps: a case study of winter tourism in mountain communities in the Dolomites,2016,87,Journal of Sustainable Tourism,Article,10.1080/09669582.2015.1122013,7,Sustainable sport tourism development
From Territory to Smartphone: Smart Fruition of Cultural Heritage for Dynamic Tourism Development,2014,87,Planning Practice and Research,Article,10.1080/02697459.2014.929837,5,Digital innovation in sport tourism/events
ICT and sustainable tourism development: An innovative perspective,2014,86,Journal of Hospitality and Tourism Technology,Article,10.1108/JHTT-12-2012-0034,5,Digital innovation in sport tourism/events
The nature of ethical entrepreneurship in tourism,2017,86,Annals of Tourism Research,Article,10.1016/j.annals.2017.05.001,6,Sport-tourism entrepreneurship
"Procedural and distributive justice in a community-based managed Marine Protected Area in Zanzibar, Tanzania",2014,85,Marine Policy,Article,10.1016/j.marpol.2014.01.005,2,Social innovation & community value
Leveraging parasport events for community participation: Development of a theoretical framework,2015,85,European Sport Management Quarterly,Article,10.1080/16184742.2014.997773,1,Mega-events & host destinations
Internet of Things as a Sustainable Energy Management Solution at Tourism Destinations in India,2022,84,Energies,Article,10.3390/en15072433,7,Sustainable sport tourism development
Oil depletion: What does this mean for Scottish tourism?,2007,83,Tourism Management,Article,10.1016/j.tourman.2006.09.014,7,Sustainable sport tourism development
"Resident’s Perspective on Developing Community-Based Tourism – A Qualitative Study of Muen Ngoen Kong Community, Chiang Mai, Thailand",2020,83,Frontiers in Psychology,Article,10.3389/fpsyg.2020.01493,2,Social innovation & community value
"Power, Ownership and Tourism in Small Islands: Evidence from Indonesia",2015,83,World Development,Article,10.1016/j.worlddev.2014.12.007,2,Social innovation & community value
Enclavic tourism spaces: territorialization and bordering in tourism destination development and planning,2017,82,Tourism Geographies,Article,10.1080/14616688.2016.1258433,2,Social innovation & community value
"Community-based ecotourism in phuket and ao phangnga, Thailand: Partial victories and bittersweet remedies",2005,82,Journal of Sustainable Tourism,Article,10.1080/17501220508668470,2,Social innovation & community value
Rural tourism and Albergo Diffuso: A case study for sustainable land-use planning,2019,82,Land Use Policy,Article,10.1016/j.landusepol.2018.11.050,7,Sustainable sport tourism development
"Tourism, food, and culture: Community-based tourism, local food, and community development in mpondoland",2012,80,"Culture, Agriculture, Food and Environment",Article,10.1111/j.2153-9561.2012.01071.x,2,Social innovation & community value
Convention industry and destination clusters: Evidence from Italy,2009,80,Tourism Management,Article,10.1016/j.tourman.2008.12.004,0,Sport-tourism entrepreneurship
"Rural tourism and the development of Internet-based accommodation booking platforms: a study in the advantages, dangers and implications of innovation",2015,79,Journal of Sustainable Tourism,Article,10.1080/09669582.2014.909448,3,Sport-tourism entrepreneurship
Development of a conflict management model as a tool for improved project outcomes in community based tourism,2019,79,Tourism Management,Article,10.1016/j.tourman.2018.08.016,2,Social innovation & community value
"Innovation, sustainable tourism and environments in mountain destination development: a comparative analysis of Austria, Slovenia and Switzerland",2017,78,Journal of Sustainable Tourism,Article,10.1080/09669582.2016.1223086,0,Sport-tourism entrepreneurship
Arctic Tourism and Sustainable Adaptation: Community Perspectives to Vulnerability and Climate Change,2014,78,Scandinavian Journal of Hospitality and Tourism,Article,10.1080/15022250.2014.886097,2,Social innovation & community value
The impact of local government attention on green total factor productivity: An empirical study based on System GMM dynamic panel model,2024,78,Journal of Cleaner Production,Article,10.1016/j.jclepro.2024.142275,7,Sustainable sport tourism development
20 years of Nordic nature-based tourism research: a review and future research agenda,2021,78,Scandinavian Journal of Hospitality and Tourism,Article,10.1080/15022250.2020.1823247,0,Sport-tourism entrepreneurship
Friend or Foe? The complex relationship between indigenous people and policymakers regarding rural tourism in Indonesia,2019,78,Journal of Hospitality and Tourism Management,Article,10.1016/j.jhtm.2019.02.001,3,Sport-tourism entrepreneurship
Tourism Experience Innovation Through Design,2015,76,Scandinavian Journal of Hospitality and Tourism,Article,10.1080/15022250.2015.1062269,0,Sport-tourism entrepreneurship
Technology and innovation: Changing concept of rural tourism-A systematic review,2020,76,Open Geosciences,Review,10.1515/geo-2020-0183,3,Sport-tourism entrepreneurship
Sustainability of tourism development in Kashmir - Is paradise lost?,2015,75,Tourism Management Perspectives,Article,10.1016/j.tmp.2015.05.006,7,Sustainable sport tourism development
Innovative and Competitive: A Systematic Literature Review on New Tourism Destinations and Products for Tourism Supply,2023,75,Sustainability (Switzerland),Review,10.3390/su15021187,0,Sport-tourism entrepreneurship
The discourse of power: Deng Xiaoping and tourism development in China,2006,75,Tourism Management,Article,10.1016/j.tourman.2005.05.014,7,Sustainable sport tourism development
"Sport event innovativeness: Conceptualization, measurement, and its impact on consumer behavior",2013,75,Sport Management Review,Article,10.1016/j.smr.2012.03.003,1,Mega-events & host destinations
The potential of management networks in the innovation and competitiveness of rural tourism: A case study on the Valle del Jerte (Spain),2010,75,Current Issues in Tourism,Article,10.1080/13683500902730452,3,Sport-tourism entrepreneurship
Tourism research progress – a bibliometric analysis of tourism review publications,2021,74,Tourism Review,Article,10.1108/TR-11-2019-0449,0,Sport-tourism entrepreneurship
Exploring community tourism in China: The case of nanshan cultural tourism zone,2004,74,Journal of Sustainable Tourism,Article,10.1080/09669580408667232,2,Social innovation & community value
Rethinking the social value of sport events through an asset-based community development (ABCD) perspective,2016,74,Journal of Sport Management,Article,10.1123/jsm.2015-0203,1,Mega-events & host destinations
Creating sustainable tourism ventures in protected areas: An actor-network theory analysis,2017,74,Tourism Management,Article,10.1016/j.tourman.2017.02.006,7,Sustainable sport tourism development
Tourism in Africa’s economic development: policy implications,2003,74,Management Decision,Article,10.1108/00251740310469468,0,Sport-tourism entrepreneurship
"Sustainable mobility at the interface of transport and tourism: Introduction to the special issue on ‘Innovative approaches to the study and practice of sustainable transport, mobility and tourism’",2020,73,Journal of Sustainable Tourism,Article,10.1080/09669582.2019.1691800,7,Sustainable sport tourism development
Estimating the perceived socio-economic impacts of hosting large-scale sport tourism events,2018,72,Social Sciences,Article,10.3390/socsci7100176,1,Mega-events & host destinations
Corporate social responsibility and social entrepreneurship: drivers of sports sponsorship policy,2017,72,International Journal of Sport Policy,Article,10.1080/19406940.2017.1374297,1,Mega-events & host destinations
An examination of revisit intention based on perceived smart tourism technology experience,2021,72,Sustainability (Switzerland),Article,10.3390/su13021007,5,Digital innovation in sport tourism/events
Motives for Event Volunteering: Extending the Functional Approach,2015,72,Nonprofit and Voluntary Sector Quarterly,Article,10.1177/0899764014527797,1,Mega-events & host destinations
Tourists and community development: corporate social responsibility or tourist social responsibility?,2019,71,Journal of Sustainable Tourism,Article,10.1080/09669582.2019.1643871,2,Social innovation & community value
Jordan: Tourism and conflict with local communities,2011,71,Habitat International,Article,10.1016/j.habitatint.2010.04.002,2,Social innovation & community value
Understanding tourists: Interpretations from Indonesia,2000,71,Annals of Tourism Research,Article,10.1016/S0160-7383(99)00102-4,4,Community & local development
Tourism development as a determinant of quality of life in rural areas,2015,70,Worldwide Hospitality and Tourism Themes,Review,10.1108/WHATT-06-2015-0028,3,Sport-tourism entrepreneurship
Smart ‘Tourist Cities’ Revisited: Culture-Led Urban Sustainability and the Global Real Estate Market,2023,70,Sustainability (Switzerland),Article,10.3390/su15054313,5,Digital innovation in sport tourism/events
Volunteer tourism: Building effective relationships of understanding,2014,70,Journal of Sustainable Tourism,Article,10.1080/09669582.2013.839691,4,Community & local development
Innovations in well-being tourism in the Nordic countries,2012,70,Current Issues in Tourism,Article,10.1080/13683500.2011.629720,0,Sport-tourism entrepreneurship
Icelandic tourism: Past directions - future challenges,2010,70,Tourism Geographies,Article,10.1080/14616680903493670,0,Sport-tourism entrepreneurship
"Entry points for local tourism in developing countries: Evidence from yogyakarta, Indonesia",2003,70,"Geografiska Annaler, Series B: Human Geography",Review,10.1111/1468-0467.00133,2,Social innovation & community value
Tourist satisfaction enhancement using mobile QR code payment: An empirical investigation,2017,70,Sustainability (Switzerland),Article,10.3390/su9071186,5,Digital innovation in sport tourism/events
A survival analysis of ski lift companies,2013,70,Tourism Management,Article,10.1016/j.tourman.2012.10.005,0,Sport-tourism entrepreneurship
"Potential of ecotourism as a mechanism to buoy community livelihoods: the case of Musina Municipality, Limpopo, South Africa",2021,69,Journal of Business and Socio-economic Development,Article,10.1108/JBSED-02-2021-0020,2,Social innovation & community value
Technology transfer and multinationals: The case of Balearic hotel chains' investments in two developing economies,2007,69,Tourism Management,Article,10.1016/j.tourman.2006.08.013,0,Sport-tourism entrepreneurship
"Ethnic tourism and entrepreneurship: Xishuangbanna, Yunnan, China",2008,69,Tourism Geographies,Article,10.1080/14616680802434130,6,Sport-tourism entrepreneurship
"Contemporary issues in events, festivals and destination management",2017,68,International Journal of Contemporary Hospitality Management,Review,10.1108/IJCHM-01-2017-0031,1,Mega-events & host destinations
Green innovation efficiency of China's tourism industry from the perspective of shared inputs: Dynamic evolution and combination improvement paths,2022,68,Ecological Indicators,Article,10.1016/j.ecolind.2022.108824,7,Sustainable sport tourism development
Coping with covid-19: The resilience and transformation of community-based tourism in brunei darussalam,2021,68,Sustainability (Switzerland),Article,10.3390/su13158618,2,Social innovation & community value
Coupling coordination analysis on digital economy-tourism development-ecological environment,2024,67,Journal of Cleaner Production,Article,10.1016/j.jclepro.2024.143320,7,Sustainable sport tourism development
Innovative tools for tourism and cultural tourism impact assessment,2020,67,Sustainability (Switzerland),Article,10.3390/SU12187470,4,Community & local development
Agritourism in mountainous regions-insights from an international perspective,2019,67,Sustainability (Switzerland),Article,10.3390/su11133715,7,Sustainable sport tourism development
A review of Indigenous tourism in Latin America: reflections on an anthropological study of Guna tourism (Panama),2016,67,Journal of Sustainable Tourism,Article,10.1080/09669582.2016.1189924,2,Social innovation & community value
Sustainability dimensions in space tourism: the case of Finland,2022,67,Journal of Sustainable Tourism,Article,10.1080/09669582.2020.1783276,0,Sport-tourism entrepreneurship
"Seasonality and the Lifestyle ""Conundrum"": An Analysis of Lifestyle Entrepreneurship in Wine Tourism Regions",2011,67,Asia Pacific Journal of Tourism Research,Article,10.1080/10941665.2011.597580,0,Sport-tourism entrepreneurship
Designing for quality of life and sustainability,2020,67,Annals of Tourism Research,Article,10.1016/j.annals.2020.102963,2,Social innovation & community value
Corporate social responsibility in tourism post-2015: a Development First approach,2016,67,Tourism Geographies,Article,10.1080/14616688.2016.1208678,7,Sustainable sport tourism development
'Between theatre and sport' in a rural event: Evolving unity and community development from the inside-out,2010,66,Journal of Sport and Tourism,Article,10.1080/14775081003770892,2,Social innovation & community value
"Regional differences, dynamic evolution, and driving factors of tourism development in Chinese coastal cities",2022,65,Ocean and Coastal Management,Article,10.1016/j.ocecoaman.2022.106262,0,Sport-tourism entrepreneurship
"Tourism, development and 'destination Dubai': Cultural dilemmas and future challenges",2014,65,Current Issues in Tourism,Article,10.1080/13683500.2012.754411,4,Community & local development
"The relationships among experiential marketing, service innovation, and customer satisfaction-A case study of tourism factories in Taiwan",2019,65,Sustainability (Switzerland),Article,10.3390/su11041041,0,Sport-tourism entrepreneurship
Creative Tourism in Cape Town: An Innovation Perspective,2015,65,Urban Forum,Article,10.1007/s12132-015-9251-y,0,Sport-tourism entrepreneurship
Technology innovation and applications in sustainable destination development,2014,65,Information Technology and Tourism,Article,10.1007/s40558-014-0015-7,7,Sustainable sport tourism development
Networking towards sustainable tourism: innovations between green growth and degrowth strategies,2019,65,Regional Studies,Article,10.1080/00343404.2018.1508873,7,Sustainable sport tourism development
Tourism towards sustainability and innovation: A systematic literature review,2021,64,Sustainability (Switzerland),Article,10.3390/su132011440,7,Sustainable sport tourism development
Frozen Adventure at Risk? A 7-year Follow-up Study of Norwegian Glacier Tourism,2012,64,Scandinavian Journal of Hospitality and Tourism,Article,10.1080/15022250.2012.748507,0,Sport-tourism entrepreneurship
"The influence of the political environment and destination governance on sustainable tourism development: a study of Bled, Slovenia",2016,64,Journal of Sustainable Tourism,Article,10.1080/09669582.2015.1134557,7,Sustainable sport tourism development
Regional innovation systems: The case of angling tourism,2010,64,Tourism Geographies,Article,10.1080/14616681003725201,0,Sport-tourism entrepreneurship
Management challenges with the maintenance of tourism experience concept innovations: Toward a new research agenda,2017,64,Tourism Management,Review,10.1016/j.tourman.2017.06.029,0,Sport-tourism entrepreneurship
"Island livelihoods: Tourism and fishing at Long Islands, Shandong Province, China",2016,64,Ocean and Coastal Management,Article,10.1016/j.ocecoaman.2015.11.014,2,Social innovation & community value
The role of community involvement in sustainable tourism strategies: A social and environmental innovation perspective,2023,64,Business Strategy and Development,Article,10.1002/bsd2.227,7,Sustainable sport tourism development
Community change through tourism social entrepreneurship,2022,64,Annals of Tourism Research,Article,10.1016/j.annals.2022.103442,2,Social innovation & community value
Ecotourism for wildlife conservation and sustainable livelihood via community-based homestay: a formula to success or a quagmire?,2021,64,Current Issues in Tourism,Article,10.1080/13683500.2020.1772206,2,Social innovation & community value
Community resourcefulness and partnerships in rural tourism,2022,63,Journal of Sustainable Tourism,Article,10.1080/09669582.2020.1849233,2,Social innovation & community value
Women entrepreneurs in tourism in a time of a life event crisis,2024,63,Journal of Sustainable Tourism,Article,10.1080/09669582.2022.2091142,6,Sport-tourism entrepreneurship
"Tourism and Community Leadership in Rural Regions: Linking Mobility, Entrepreneurship, Tourism Development and Community Well-Being",2014,63,Tourism Planning and Development,Article,10.1080/21568316.2014.890129,2,Social innovation & community value
"Asymmetric nexus between renewable energy, economic progress, and ecological issues: Testing the LCC hypothesis in the context of sustainability perspective",2024,63,Gondwana Research,Article,10.1016/j.gr.2023.07.008,7,Sustainable sport tourism development
The Role of Managerial and Technological Innovations in the Tourism Industry: A Review of the Empirical Literature,2022,62,Sustainability (Switzerland),Review,10.3390/su14095182,0,Sport-tourism entrepreneurship
Use of smart phone apps in co-creative hotel service innovation: an evidence from India,2020,62,Current Issues in Tourism,Article,10.1080/13683500.2018.1513459,5,Digital innovation in sport tourism/events
Public policy for sustainability and retail resilience in Lisbon city center,2020,62,Sustainability (Switzerland),Article,10.3390/su12229433,7,Sustainable sport tourism development
Urban bicycle tourism: path dependencies and innovation in Greater Copenhagen,2019,62,Journal of Sustainable Tourism,Article,10.1080/09669582.2019.1650749,0,Sport-tourism entrepreneurship
SMEs’ Innovativeness and Technology Adoption as Downsizing Strategies during COVID-19: The Moderating Role of Financial Sustainability in the Tourism Industry Using Structural Equation Modelling,2022,62,Sustainability (Switzerland),Article,10.3390/su142316044,5,Digital innovation in sport tourism/events
"Place marketing, tourism promotion, and community-based local economic development in post-apartheid South Africa: The case of Still Bay - the ""Bay of Sleeping Beauty""",2002,62,Urban Affairs Review,Article,10.1177/107808702762484088,2,Social innovation & community value
Festival innovation: Complex and dynamic network interaction,2009,62,Scandinavian Journal of Hospitality and Tourism,Article,10.1080/15022250903175506,0,Sport-tourism entrepreneurship
Peasant-entrepreneurs. A longitudinal ethnography,2010,62,Annals of Tourism Research,Article,10.1016/j.annals.2010.03.001,6,Sport-tourism entrepreneurship
"Design, implementation and assessment of a more sustainable model to manage plastic waste at sport events",2021,61,Journal of Cleaner Production,Article,10.1016/j.jclepro.2020.125345,7,Sustainable sport tourism development
The role of open innovation and a normalizing mechanism of social capital in the tourism industry,2023,61,"Journal of Open Innovation: Technology, Market, and Complexity",Review,10.1016/j.joitmc.2023.100056,0,Sport-tourism entrepreneurship
Residents’ Perception of the Impact of Sports Tourism on Sustainable Social Development,2022,61,Sustainability (Switzerland),Article,10.3390/su14031232,1,Mega-events & host destinations
Tourism partnerships: localizing the SDG agenda in Fiji,2022,61,Journal of Sustainable Tourism,Article,10.1080/09669582.2020.1811291,2,Social innovation & community value
"The impact of eco-innovation, ecotourism policy and social media on sustainable tourism development: evidence from the tourism sector of Indonesia",2023,61,Economic Research-Ekonomska Istrazivanja ,Article,10.1080/1331677X.2022.2143847,7,Sustainable sport tourism development
"Understanding urban development through a sport events portfolio: A case study of London, Ontario",2015,61,Journal of Sport Management,Article,10.1123/JSM.2013-0259,1,Mega-events & host destinations
Tangible and intangible indicators of successful aboriginal tourism initiatives: A case study of two successful aboriginal tourism lodges in Northern Canada,2015,61,Tourism Management,Article,10.1016/j.tourman.2014.10.011,4,Community & local development
Creativity and digital strategies to support food cultural heritage in Mediterranean rural areas,2024,60,EuroMed Journal of Business,Article,10.1108/EMJB-05-2023-0152,3,Sport-tourism entrepreneurship
"Tourism development, entrepreneurship and women's empowerment – Focus on Serbian countryside",2023,60,Journal of Tourism Futures,Article,10.1108/JTF-10-2020-0167,6,Sport-tourism entrepreneurship
"Assessing the sustainability of community-based tourism: a case study in rural areas of Hoi An, Vietnam",2022,60,Cogent Social Sciences,Article,10.1080/23311886.2022.2116812,2,Social innovation & community value
The role of innovation and tourism in sustainability: why is environment-friendly tourism necessary for entrepreneurship?,2022,60,Journal of Cleaner Production,Article,10.1016/j.jclepro.2022.134799,7,Sustainable sport tourism development
"Unpacking the local: A cultural analysis of tourism entrepreneurship in Murter, Croatia; [Déballer le local: Une analyse culturelle de l'esprit d'entreprise en tourisme à Murter en Croatie]",2003,60,Tourism Geographies,Article,10.1080/1461668032000068270,4,Community & local development
"Applications, Experiences, and Challenges of Smart Tourism Development in China",2022,60,Journal of Urban Technology,Article,10.1080/10630732.2021.1879605,5,Digital innovation in sport tourism/events
Over the Caribbean Top: Community Well-Being and Over-Tourism in Small Island Tourism Economies,2023,59,International Journal of Community Well-Being,Article,10.1007/s42413-020-00094-3,2,Social innovation & community value
Integrated planning for sustainable tourism and mobility. A tourism traffic analysis in Italy's South Tyrol region,2013,59,Journal of Sustainable Tourism,Article,10.1080/09669582.2013.786083,7,Sustainable sport tourism development
Geosites and geotourism in the local development of communities of the andes mountains. A case study,2021,59,Sustainability (Switzerland),Article,10.3390/su13094624,4,Community & local development
Design thinking for social innovation: Secrets to success for tourism social entrepreneurs,2021,59,Journal of Hospitality and Tourism Management,Article,10.1016/j.jhtm.2021.10.010,6,Sport-tourism entrepreneurship
"Tourism Innovation in the Global South: Evidence from the Western Cape, South Africa",2016,59,International Journal of Tourism Research,Article,10.1002/jtr.2071,0,Sport-tourism entrepreneurship
Territorial brands for tourism development: A statistical analysis on the Marche region,2011,59,Annals of Tourism Research,Article,10.1016/j.annals.2010.10.008,0,Sport-tourism entrepreneurship
Geosites and georesources to foster geotourism in communities: Case study of the santa elena peninsula geopark project in Ecuador,2020,58,Sustainability (Switzerland),Article,10.3390/su12114484,4,Community & local development
Slow Tourism at the Caribbean's Geographical Margins,2012,58,Tourism Geographies,Article,10.1080/14616688.2011.610112,7,Sustainable sport tourism development
"Sustainable tourism, economic growth and employment—the case of the wine routes of spain",2021,58,Sustainability (Switzerland),Article,10.3390/su13137164,0,Sport-tourism entrepreneurship
Local government intervention in tourism-driven rural gentrification: Types and interpretative framework,2024,58,Tourism Management,Article,10.1016/j.tourman.2023.104828,3,Sport-tourism entrepreneurship
The Success Factors of wine tourism entrepreneurship for rural area: A thematic biographical narrative analysis in Turkey,2021,58,Journal of Rural Studies,Article,10.1016/j.jrurstud.2021.04.021,3,Sport-tourism entrepreneurship
"Measuring sustainable indigenous tourism indicators: A case of Mah Meri ethnic group in Carey Island, Malaysia",2017,57,Sustainability (Switzerland),Article,10.3390/su9071256,7,Sustainable sport tourism development
Can the Metaverse and Its Associated Digital Tools and Technologies Provide an Opportunity for Destinations to Address the Vulnerability of Overtourism?,2023,57,Tourism and Hospitality,Review,10.3390/tourhosp4020022,5,Digital innovation in sport tourism/events
"Government Roles in Stimulating Tourism Development: A Case from Guangxi, China",2011,57,Asia Pacific Journal of Tourism Research,Article,10.1080/10941665.2011.597573,4,Community & local development
Winter sports tourism to urban destinations: Identifying potential and comparing motivational differences across skier groups,2021,56,Journal of Outdoor Recreation and Tourism,Article,10.1016/j.jort.2021.100420,1,Mega-events & host destinations
How authenticity and tradition shift into sustainability and innovation: Evidence from italian agritourism,2020,56,International Journal of Environmental Research and Public Health,Article,10.3390/ijerph17155389,0,Sport-tourism entrepreneurship
A systematic quantitative literature review of empirical research on large-scale sport events’ social legacies,2020,56,Leisure Studies,Article,10.1080/02614367.2020.1800804,1,Mega-events & host destinations
"Athlete atypicity on the edge of human achievement: Performances stagnate after the last peak, in 1988",2010,56,PLoS ONE,Article,10.1371/journal.pone.0008800,1,Mega-events & host destinations
The Influence of Tourism Innovativeness on Online Consumer Behavior,2015,56,Journal of Travel Research,Article,10.1177/0047287513513159,0,Sport-tourism entrepreneurship
Second homes and local development: Issues arising from Cape Town's De Waterkant,2004,56,GeoJournal,Review,10.1023/B:GEJO.0000034733.80648.88,2,Social innovation & community value
Marine-tourism development on a small island in Indonesia: blessing or curse?,2018,56,Asia Pacific Journal of Tourism Research,Article,10.1080/10941665.2018.1515781,2,Social innovation & community value
A preliminary examination of the relationship between consumer attitude towards space travel and the development of innovative space tourism technology,2017,55,Current Issues in Tourism,Article,10.1080/13683500.2015.1005580,0,Sport-tourism entrepreneurship
The criticality of international tourism and technological innovation for carbon neutrality across regional development levels,2022,55,Technological Forecasting and Social Change,Article,10.1016/j.techfore.2022.121848,7,Sustainable sport tourism development
Shifting subjects of health-care: Placing 'medical tourism' in the context of Malaysian domestic health-care reform,2011,55,Asia Pacific Viewpoint,Article,10.1111/j.1467-8373.2011.01457.x,0,Sport-tourism entrepreneurship
"Tourism in Bario, Sarawak, Malaysia: A case study of pro-poor community-based tourism integrated into community development",2009,54,Asia Pacific Journal of Tourism Research,Article,10.1080/10941660902847179,2,Social innovation & community value
"Developing ecotourism in First World, resource-dependent areas",2006,54,Geoforum,Article,10.1016/j.geoforum.2005.02.010,2,Social innovation & community value
Can livestock farming and tourism coexist in mountain regions? A new business model for sustainability,2017,54,Sustainability (Switzerland),Article,10.3390/su9112021,7,Sustainable sport tourism development
"Ecotourism: The modern predator? implications of gorilla tourism on local livelihoods in Bwindi impenetrable national park, Uganda",2010,54,Environment and Planning D: Society and Space,Article,10.1068/d15708,2,Social innovation & community value
Artificial intelligence tools for smart tourism development,2019,54,Advances in Intelligent Systems and Computing,Conference paper,10.1007/978-3-030-19810-7_39,5,Digital innovation in sport tourism/events
"Local people, nature conservation, and tourism in northeastern Finland",2008,53,Ecology and Society,Article,10.5751/ES-02202-130108,2,Social innovation & community value
"The village in a game park: Local response to the demise of coal mining in KwaZulu-Natal, South Africa",2003,53,Economic Geography,Article,10.1111/j.1944-8287.2003.tb00201.x,2,Social innovation & community value
Sustainable tourism development strategy in wwf pan parks: Case of a swedish and romanian national park,2006,53,Scandinavian Journal of Hospitality and Tourism,Article,10.1080/15022250600658838,7,Sustainable sport tourism development
Evolution of tourism in a flagship protected area of China,2016,53,Journal of Sustainable Tourism,Article,10.1080/09669582.2015.1071380,7,Sustainable sport tourism development
Gaming can be sustainable too! Using Social Representation Theory to examine the moderating effects of tourism diversification on residents' tax paying behavior,2016,53,Tourism Management,Article,10.1016/j.tourman.2016.03.022,2,Social innovation & community value
Digital Tourism and Smart Development: State-of-the-Art Review,2024,53,Sustainability (Switzerland),Review,10.3390/su162310382,5,Digital innovation in sport tourism/events
Integrated rural tourism as a tool for community tourism development: Exploring culture and heritage projects in the North-East District of Botswana,2015,53,South African Geographical Journal,Article,10.1080/03736245.2015.1028985,3,Sport-tourism entrepreneurship
Fostering green entrepreneurship and women's empowerment through education and banks' investments in tourism: Evidence from Serbia,2019,52,Sustainability (Switzerland),Article,10.3390/su11236826,6,Sport-tourism entrepreneurship
Co-evolution in tourism: the case of Albergo Diffuso,2019,52,Current Issues in Tourism,Article,10.1080/13683500.2017.1367763,0,Sport-tourism entrepreneurship
Community networks and sustainable livelihoods in tourism: The role of entrepreneurial innovation,2011,52,Tourism Planning and Development,Article,10.1080/21568316.2011.573914,2,Social innovation & community value
From empowering women to being empowered by women: A gendered social innovation framework for tourism-led development initiatives,2024,52,Tourism Management,Article,10.1016/j.tourman.2024.104883,6,Sport-tourism entrepreneurship
Gentrification in tourist cities: Evidence from New Orleans before and after hurricane Katrina,2008,52,Housing Policy Debate,Article,10.1080/10511482.2008.9521629,0,Sport-tourism entrepreneurship
Analysis of network activities in geoparks as geotourism destinations,2014,52,International Journal of Tourism Research,Article,10.1002/jtr.1879,0,Sport-tourism entrepreneurship
Investigating visitors’ perception of smart city dimensions for city branding in Hong Kong,2019,51,International Journal of Tourism Cities,Article,10.1108/IJTC-07-2019-0101,5,Digital innovation in sport tourism/events
Metaverse and tourism development: issues and opportunities in stakeholders’ perception,2023,51,Information Technology and Tourism,Article,10.1007/s40558-023-00268-7,5,Digital innovation in sport tourism/events
Networking and learning for tourism innovation: evidence from the Western Cape,2017,51,Tourism Geographies,Article,10.1080/14616688.2016.1183142,0,Sport-tourism entrepreneurship
"Private protected areas, ecotourism development and impacts on local people's well-being: a review from case studies in Southern Chile",2017,51,Journal of Sustainable Tourism,Article,10.1080/09669582.2016.1178755,2,Social innovation & community value
Drivers of environmental innovation in Majorcan hotels,2015,51,Journal of Sustainable Tourism,Article,10.1080/09669582.2015.1062016,7,Sustainable sport tourism development
Tourism product and service innovation to avoid 'strategic drift',2009,51,International Journal of Tourism Research,Review,10.1002/jtr.690,0,Sport-tourism entrepreneurship
Customer Resistance to Tourism Innovations: Entrepreneurs’ Understanding and Management Strategies,2020,51,Journal of Travel Research,Article,10.1177/0047287519843188,0,Sport-tourism entrepreneurship
Tourism intermediaries and innovation in the hotel industry,2020,51,Current Issues in Tourism,Article,10.1080/13683500.2019.1572717,0,Sport-tourism entrepreneurship
A model for the development of innovative tourism products: From service to transformation,2020,51,Sustainability (Switzerland),Article,10.3390/su12114362,0,Sport-tourism entrepreneurship
Does interconnectivity matter? An integration model of agro-tourism development,2024,50,Asia Pacific Management Review,Article,10.1016/j.apmrv.2023.08.003,7,Sustainable sport tourism development
The developmental impacts of backpacker tourism in South Africa,2004,50,GeoJournal,Review,10.1023/B:GEJO.0000034735.26184.ae,0,Sport-tourism entrepreneurship
"A value-based analysis of the tourism use of agricultural heritage systems: Duotian Agrosystem, Jiangsu Province, China",2020,50,Journal of Sustainable Tourism,Article,10.1080/09669582.2020.1795184,4,Community & local development
Ethnicity and tourism enterpreneurship in Java and Bali,2000,50,Current Issues in Tourism,Article,10.1080/13683500008667873,6,Sport-tourism entrepreneurship
Patterns of innovation-driven tourism competitiveness: Insights from 270 Chinese cities,2025,50,Tourism Management,Article,10.1016/j.tourman.2024.105063,0,Sport-tourism entrepreneurship
Integrating tourism to rural development and planning in the developing world,2014,50,Development Southern Africa,Article,10.1080/0376835X.2014.888334,3,Sport-tourism entrepreneurship
Smart Specialization for Smart Spatial Development: Innovative Strategies for Building Competitive Advantages in Tourism in Slovakia,2017,50,Socio-Economic Planning Sciences,Article,10.1016/j.seps.2016.10.004,5,Digital innovation in sport tourism/events
The innovation journey of new-to-tourism entrepreneurs,2019,50,Current Issues in Tourism,Article,10.1080/13683500.2017.1334763,0,Sport-tourism entrepreneurship
Toward a community-driven development model of rural tourism: The Chinese experience,2014,50,International Journal of Tourism Research,Article,10.1002/jtr.1925,3,Sport-tourism entrepreneurship
The innovation model and upgrade path of digitalization driven tourism industry: Longitudinal case study of OCT,2024,49,Technological Forecasting and Social Change,Article,10.1016/j.techfore.2023.123127,5,Digital innovation in sport tourism/events
Cuba in transition: Tourism industry perceptions of entrepreneurial change,2015,49,Tourism Management,Article,10.1016/j.tourman.2015.01.033,6,Sport-tourism entrepreneurship
"A Proposed Sustainable Rural Development Index (SRDI): Lessons from Hajij village, Iran",2017,49,Tourism Management,Article,10.1016/j.tourman.2016.07.021,3,Sport-tourism entrepreneurship
The historical evolution of China's tourism development policies (1949–2013) – A quantitative research approach,2017,48,Tourism Management,Article,10.1016/j.tourman.2016.03.010,0,Sport-tourism entrepreneurship
Destination development in China: towards an effective model of explanation,2014,48,Journal of Sustainable Tourism,Article,10.1080/09669582.2013.839692,0,Sport-tourism entrepreneurship
Sustainable heritage tourism: The Inanda Heritage Route and the 2010 FIFA World Cup,2012,48,Journal of Sustainable Tourism,Article,10.1080/09669582.2011.638385,4,Community & local development
"Crete: Endowed by nature, privileged by geography, threatened by tourism?",2003,48,Journal of Sustainable Tourism,Article,10.1080/09669580308667198,7,Sustainable sport tourism development
"Beyond the renaissance of the traditional Voss sheep's-head meal: Tradition, culinary art, scariness and entrepreneurship",2010,48,Tourism Management,Article,10.1016/j.tourman.2009.04.002,0,Sport-tourism entrepreneurship
Regional Environment of Destination and the Entrepreneurship of Small Tourism Businesses: A Case Study of Dali and Lijiang of Yunnan Province,2014,48,Asia Pacific Journal of Tourism Research,Article,10.1080/10941665.2012.734524,0,Sport-tourism entrepreneurship
Creativity and entrepreneurship: Gastronomic tourism in Mexico,2020,48,Innovation and Entrepreneurial Opportunities in Community Tourism,Book chapter,10.4018/978-1-7998-4855-4.ch006,4,Community & local development
Community development through agroecotourism in Cuba: an application of the community capitals framework,2017,48,Journal of Ecotourism,Article,10.1080/14724049.2016.1218498,2,Social innovation & community value
Tourism and regional economic resilience from a policy perspective: lessons from smart specialization strategies in Europe,2017,48,European Planning Studies,Article,10.1080/09654313.2016.1273323,0,Sport-tourism entrepreneurship
Causation and effectuation behaviour of Ethiopian entrepreneurs: Implications on performance of small tourism firms,2018,47,Journal of Small Business and Enterprise Development,Article,10.1108/JSBED-02-2017-0079,0,Sport-tourism entrepreneurship
"Livelihood changes and evolution of upland ethnic communities driven by tourism: a case study in Guizhou Province, southwest China",2016,47,Journal of Mountain Science,Article,10.1007/s11629-015-3631-6,2,Social innovation & community value
Co-creation dynamics in tourism and hospitality: a horizon 2050 paper,2025,47,Tourism Review,Article,10.1108/TR-06-2024-0500,5,Digital innovation in sport tourism/events
Spatial-temporal differences and influencing factors of tourism eco-efficiency in China's three major urban agglomerations based on the super-EBM model,2020,47,Sustainability (Switzerland),Article,10.3390/su12104156,7,Sustainable sport tourism development
Pro-poor ethnic tourism in the Mekong: A study of three approaches in Northern Thailand,2009,47,Asia Pacific Journal of Tourism Research,Article,10.1080/10941660902847245,2,Social innovation & community value
Innovative Sustainable Tourism Development and Entrepreneurship through Sports Events,2022,47,Sustainability (Switzerland),Article,10.3390/su14084379,1,Mega-events & host destinations
The vulnerability of Pyrenean ski resorts to climate-induced changes in the snowpack,2015,47,Climatic Change,Article,10.1007/s10584-015-1400-8,0,Sport-tourism entrepreneurship
Participatory approaches and geographical information systems (PAGIS) in tourism planning,2005,47,Tourism Geographies,Article,10.1080/14616680500164666,2,Social innovation & community value
"Tourism and waste management: A review of implementation of ""zero waste"" at Kovalam",2007,47,Asia Pacific Journal of Tourism Research,Review,10.1080/10941660701823314,7,Sustainable sport tourism development
"Post-apartheid local sustainable development through tourism: an analysis of policy perceptions among ‘responsible’ tourism stakeholders around Pilanesberg National Park, South Africa",2020,46,Journal of Sustainable Tourism,Article,10.1080/09669582.2019.1679821,7,Sustainable sport tourism development
"Community-based tourism: A strategy for sustainable tourism development of Patong Beach, Phuket Island, Thailand",2015,46,Asian Social Science,Article,10.5539/ass.v11n27p90,2,Social innovation & community value
Community agency and entrepreneurship in ecotourism planning and development in the Great Limpopo Transfrontier Conservation Area,2015,46,Journal of Ecotourism,Article,10.1080/14724049.2015.1041967,2,Social innovation & community value
Start-up entrepreneurs’ personality traits. An exploratory analysis of the Italian tourism industry,2020,46,Current Issues in Tourism,Article,10.1080/13683500.2019.1677572,6,Sport-tourism entrepreneurship
National parks and protected areas and the role for employment in tourism and forest sectors: A swedish case,2010,46,Ecology and Society,Article,10.5751/ES-03175-150119,0,Sport-tourism entrepreneurship
Macro-economic Factors Influencing Tourism Entrepreneurship: The Case of Kazakhstan,2021,46,Journal of Entrepreneurship,Article,10.1177/0971355720981431,6,Sport-tourism entrepreneurship
Women's entrepreneurship and rural tourism in Greece: Private enterprises and cooperatives,2009,46,South European Society and Politics,Article,10.1080/13608740903037968,6,Sport-tourism entrepreneurship
Tourism and rural community development in Namibia: Policy issues review,2016,45,Fennia,Article,10.11143/46331,3,Sport-tourism entrepreneurship
"Planning Sustainable Community-Based Tourism in the Context of Thailand: Community, Development, and the Foresight Tools",2022,45,Sustainability (Switzerland),Article,10.3390/su14127413,2,Social innovation & community value
"Toward a low-carbon tourism for sustainable development: a study based on a royal project for highland community development in Chiang Rai, Thailand",2021,45,"Environment, Development and Sustainability",Article,10.1007/s10668-020-01083-4,2,Social innovation & community value
Blockchain tools for socio-economic interactions in local communities,2022,45,Policy and Society,Article,10.1093/polsoc/puac007,5,Digital innovation in sport tourism/events
Exploring Heterogeneous Tourism Development Paths: Cascade Effect or Co-evolution in Niagara?,2015,45,Scandinavian Journal of Hospitality and Tourism,Article,10.1080/15022250.2015.1014182,0,Sport-tourism entrepreneurship
The host community and its role in sports tourism—Exploring an emerging research field,2020,45,Sustainability (Switzerland),Article,10.3390/su122410488,1,Mega-events & host destinations
"Sportfisheries, conservation and sustainable livelihoods: a multidisciplinary guide to developing best practice",2016,45,Fish and Fisheries,Article,10.1111/faf.12140,7,Sustainable sport tourism development
Understanding the entrepreneurs’ behavioural intentions towards sustainable tourism: a case study from Greece,2016,45,"Environment, Development and Sustainability",Article,10.1007/s10668-015-9681-7,7,Sustainable sport tourism development
Understanding the Historical and Geographical Contexts of Food Festival Tourism Development: The Case of the Tatebayashi Noodle Grand Prix in Japan,2015,45,Tourism Planning and Development,Article,10.1080/21568316.2015.1025991,4,Community & local development
A land of cheese: from food innovation to tourism development in rural Catalonia,2021,45,Journal of Tourism and Cultural Change,Article,10.1080/14766825.2020.1797757,3,Sport-tourism entrepreneurship
How a tourism city responds to covid-19: A cee perspective (kraków case study),2021,45,Sustainability (Switzerland),Article,10.3390/su13147914,0,Sport-tourism entrepreneurship
Destination development through entrepreneurship: A comparison of two cases,2005,45,Tourism Management,Article,10.1016/j.tourman.2004.02.017,0,Sport-tourism entrepreneurship
"Ecotourism implementation in the Kakum Conservation Area, Ghana: Administrative framework and local community experiences",2015,45,Journal of Ecotourism,Article,10.1080/14724049.2015.1051536,2,Social innovation & community value
Branding on the web: Evolving domain name usage among Malaysian hotels,2007,45,Tourism Management,Article,10.1016/j.tourman.2006.09.013,0,Sport-tourism entrepreneurship
Developing dynamic capabilities for community collaboration and tourism product innovation in response to crisis: Nepal and COVID-19,2023,44,Journal of Sustainable Tourism,Article,10.1080/09669582.2021.2023164,3,Sport-tourism entrepreneurship
Agritourism and local development: A methodology for assessing the role of public contributions in the creation of competitive advantage,2018,43,Land Use Policy,Article,10.1016/j.landusepol.2018.06.021,0,Sport-tourism entrepreneurship
"Land use scenario simulation and ecosystem service management for different regional development models of the beibu gulf area, China",2021,43,Remote Sensing,Article,10.3390/rs13163161,7,Sustainable sport tourism development
"The future of farm tourism in the Philippines: challenges, strategies and insights",2024,43,Journal of Tourism Futures,Article,10.1108/JTF-06-2020-0101,0,Sport-tourism entrepreneurship
Is wildlife tourism benefiting Indian protected areas? A survey,2012,43,Current Issues in Tourism,Article,10.1080/13683500.2011.599367,2,Social innovation & community value
Platform empowerment: Facebook’s role in facilitating female micro-entrepreneurship in tourism,2024,43,Journal of Sustainable Tourism,Article,10.1080/09669582.2023.2215479,6,Sport-tourism entrepreneurship
Sustainable Entrepreneurship Tourism: An Alternative Development Approach for Remote Coastal Communities Where Awareness of Tourism is Low,2018,43,Tourism Planning and Development,Article,10.1080/21568316.2017.1312507,2,Social innovation & community value
"Innovation and Destination Governance in Denmark: Tourism, Policy Networks and Spatial Development",2014,43,European Planning Studies,Article,10.1080/09654313.2013.784609,0,Sport-tourism entrepreneurship
Tourism development and U.S energy security risks: a KRLS machine learning approach,2024,43,Current Issues in Tourism,Review,10.1080/13683500.2023.2245109,7,Sustainable sport tourism development
"Musina Municipality tourism management and strategies: a sustainable-eco-tourism inclusive business insights for the town, abbuting peri-urban and countryside existences",2022,42,Management of Environmental Quality: An International Journal,Article,10.1108/MEQ-11-2021-0257,7,Sustainable sport tourism development
Snow reliability and climate elasticity: Case of a Slovak ski resort,2015,42,Tourism Review,Article,10.1108/TR-01-2014-0003,0,Sport-tourism entrepreneurship
Contribution of the solar energy in the sustainable tourism development of the Mediterranean islands,2010,42,Renewable Energy,Article,10.1016/j.renene.2009.08.016,7,Sustainable sport tourism development
Limits of imagineering: A case study of Penang,2003,42,International Journal of Urban and Regional Research,Article,10.1111/1468-2427.00466,4,Community & local development
"Participatory management process in local tourism development: A case study on fisherman village on Samui Island, Thailand",2011,42,Asia Pacific Journal of Tourism Research,Article,10.1080/10941665.2011.539391,2,Social innovation & community value
Impact of eco-innovation and sustainable tourism growth on the environmental degradation: the case of China,2023,42,Economic Research-Ekonomska Istrazivanja ,Article,10.1080/1331677X.2022.2150258,7,Sustainable sport tourism development
Entrepreneurship in South African township tourism: the impact of interracial social capital,2018,42,Ethnic and Racial Studies,Article,10.1080/01419870.2017.1392026,6,Sport-tourism entrepreneurship
Do top management team diversity and chief sustainability officer make firms greener? Moderating role of top management team behavioral integration,2023,42,Sustainable Development,Article,10.1002/sd.2529,7,Sustainable sport tourism development
"The value of community-based tourism in Banteay Chhmar, Cambodia",2017,41,Tourism Geographies,Article,10.1080/14616688.2016.1183143,2,Social innovation & community value
Innovation in destination marketing: The use of passive mobile positioning for the segmentation of repeat visitors in Estonia,2011,41,Baltic Journal of Management,Article,10.1108/17465261111168000,0,Sport-tourism entrepreneurship
How does social entrepreneurship achieve sustainable development goals in rural tourism destinations? The role of legitimacy and social capital,2025,41,Journal of Sustainable Tourism,Article,10.1080/09669582.2024.2309546,3,Sport-tourism entrepreneurship
Targeted poverty alleviation in China: segmenting small tourism entrepreneurs and effectively supporting them,2018,41,Journal of Sustainable Tourism,Article,10.1080/09669582.2018.1526296,0,Sport-tourism entrepreneurship
Seizing community participation in sustainable development: Pueblos Mágicos of Mexico,2016,41,Journal of Cleaner Production,Article,10.1016/j.jclepro.2015.01.084,2,Social innovation & community value
"Heritage conservation and communities’ sense of deprivation in tourism: the case of the Hani community in Yunnan, China",2023,41,Tourism Geographies,Article,10.1080/14616688.2021.2016936,4,Community & local development
Innovative processes in a nature-based tourism case: The role of a tour-operator as the driver of innovation,2010,41,Scandinavian Journal of Hospitality and Tourism,Article,10.1080/15022250.2010.491255,0,Sport-tourism entrepreneurship
"Linking urban forests and urban tourism: A case of Savannah, Georgia",2010,41,Tourism Analysis,Article,10.3727/108354210X12724863327641,0,Sport-tourism entrepreneurship
"Integrated rural tourism in the English-Welsh cross-border region: An analysis of strategic, administrative and personal challenges",2011,41,Regional Studies,Article,10.1080/00343404.2010.486785,3,Sport-tourism entrepreneurship
China's outward foreign direct investment in tourism,2017,41,Tourism Management,Article,10.1016/j.tourman.2016.07.007,7,Sustainable sport tourism development
"Evaluation of Sustainable Rural Tourism Development with an Integrated Approach Using MDS and ANP Methods: Case Study in Ciamis, West Java, Indonesia",2023,40,Sustainability (Switzerland),Article,10.3390/su15031835,3,Sport-tourism entrepreneurship
Hope in the dark: geographies of volunteer and dark tourism in Cambodia,2014,40,Cultural Geographies,Article,10.1177/1474474013519577,4,Community & local development
"Niche tourism in small peripheral towns: the case of Jewish Heritage in Belmonte, Portugal",2016,40,Tourism Planning and Development,Article,10.1080/21568316.2015.1114014,4,Community & local development
The citizen within: positioning local residents for sustainable tourism,2022,40,Journal of Sustainable Tourism,Article,10.1080/09669582.2021.1903017,7,Sustainable sport tourism development
Evaluation model of competitive and innovative tourism practices based on information entropy and alternative criteria weight,2021,40,Tourism Economics,Article,10.1177/1354816619878995,0,Sport-tourism entrepreneurship
"Small-scale, nature-based tourism as a pro-poor development intervention: Two examples in Kwazulu-Natal, South Africa",2006,40,Singapore Journal of Tropical Geography,Article,10.1111/j.1467-9493.2006.00251.x,2,Social innovation & community value
"Shaping leisure/tourism places - The role of holiday home owners: A case study of Courtown, Co. Wexford, Ireland",2003,39,Leisure Studies,Article,10.1080/0261436032000061169,0,Sport-tourism entrepreneurship
Coffee tourism and community development in Guatemala,2013,39,Human Organization,Article,10.17730/humo.72.3.00l1g4xj1m83x68j,2,Social innovation & community value
"""To Get Things Done"": A Relational Approach to Entrepreneurship",2012,39,Scandinavian Journal of Hospitality and Tourism,Article,10.1080/15022250.2012.695463,6,Sport-tourism entrepreneurship
Attitudes of Local Population Towards the Impacts of Tourism Development: Evidence From Czechia,2021,39,Frontiers in Psychology,Article,10.3389/fpsyg.2021.684773,2,Social innovation & community value
Transforming rural communities through tourism development: an examination of empowerment and disempowerment processes,2024,39,Journal of Sustainable Tourism,Article,10.1080/09669582.2023.2178446,3,Sport-tourism entrepreneurship
"Intrinsic barriers to and opportunities for community empowerment in community-based tourism development in Thai Nguyen province, Vietnam",2022,39,Journal of Sustainable Tourism,Article,10.1080/09669582.2021.1884689,2,Social innovation & community value
Analysis on the impact of technological innovation on tourism development: The case of Yangtze River Delta Urban Agglomeration in China,2023,39,Tourism Economics,Article,10.1177/13548166221102590,0,Sport-tourism entrepreneurship
Russian tourism enterprises’ marketing innovations to meet the covid-19 challenges,2021,38,Sustainability (Switzerland),Article,10.3390/su13073756,0,Sport-tourism entrepreneurship
Georoutes as a Basis for Territorial Development of the Pacific Coast of South America: a Case Study,2022,38,Geoheritage,Article,10.1007/s12371-022-00711-x,4,Community & local development
"Social enterprise and inclusive tourism. Five cases in Siem Reap, Cambodia",2018,38,Tourism Geographies,Article,10.1080/14616688.2017.1417471,0,Sport-tourism entrepreneurship
Eco-innovative museums and visitors' perceptions of corporate social responsibility,2019,38,Sustainability (Switzerland),Article,10.3390/su11205744,7,Sustainable sport tourism development
Decolonising tourism and development: from orphanage tourism to community empowerment in Cambodia,2023,38,Journal of Sustainable Tourism,Article,10.1080/09669582.2022.2039678,2,Social innovation & community value
Two decades of research on halal hospitality and tourism: a review and research agenda,2023,38,International Journal of Contemporary Hospitality Management,Article,10.1108/IJCHM-12-2021-1515,5,Digital innovation in sport tourism/events
Determinants of carbon emissions cycles in the G7 countries,2024,38,Technological Forecasting and Social Change,Article,10.1016/j.techfore.2024.123261,7,Sustainable sport tourism development
Exploratory and co-exploratory innovation. The mediating role of digitalization on competitiveness in the hotel industry,2024,38,Technological Forecasting and Social Change,Article,10.1016/j.techfore.2023.123069,0,Sport-tourism entrepreneurship
"Regional tourism development: Culture, nature, life cycle and attractiveness",2013,38,Current Issues in Tourism,Article,10.1080/13683500.2012.699950,0,Sport-tourism entrepreneurship
Looking at the tourism industry through the lenses of industry 4.0: a bibliometric review of concerns and challenges,2024,37,Journal of Hospitality and Tourism Insights,Review,10.1108/JHTI-10-2022-0479,0,Sport-tourism entrepreneurship
Designing Cultural Routes as a Tool of Responsible Tourism and Sustainable Local Development in Isolated and Less Developed Islands: The Case of Symi Island in Greece,2023,37,Land,Article,10.3390/land12081590,4,Community & local development
Environmental and community stability of a mountain destination: An analysis of residents' perception,2018,37,Sustainability (Switzerland),Article,10.3390/su10010070,2,Social innovation & community value
"Tourism, public policy and regional development: A turn from neo-liberalism to the new regionalism",2008,37,Local Economy,Review,10.1080/02690940802408011,0,Sport-tourism entrepreneurship
The effects of tourism on EU regional cohesion: a comparative spatial cross-regressive assessment of economic growth and convergence by level of development,2021,37,Journal of Sustainable Tourism,Article,10.1080/09669582.2020.1835930,7,Sustainable sport tourism development
Informal sector city tourism: Cross-border shoppers in johannesburg,2018,37,Geojournal of Tourism and Geosites ,Article,10.30892/gtg.22209-296,0,Sport-tourism entrepreneurship
The role of ecotourism in developing local communities in Indonesia,2024,37,Journal of Ecotourism,Article,10.1080/14724049.2022.2117368,2,Social innovation & community value
"Modeling the dynamic linkage between tourism development, technological innovation, urbanization and environmental quality: Provincial data analysis of China",2021,37,International Journal of Environmental Research and Public Health,Article,10.3390/ijerph18168456,7,Sustainable sport tourism development
Discourse and Power Relations in Community Tourism,2018,37,Journal of Travel Research,Article,10.1177/0047287517714908,2,Social innovation & community value
Sport events and community development: resident considerations and community goals,2021,37,International Journal of Sports Marketing and Sponsorship,Review,10.1108/IJSMS-05-2020-0082,1,Mega-events & host destinations
Creating value from intangible cultural heritage—the role of innovation for sustainable tourism and regional rural development,2024,36,European Journal of Cultural Management and Policy,Article,10.3389/ejcmp.2024.12057,4,Community & local development
Resilient rural areas and tourism development paths: A comparison of case studies,2021,36,Sustainability (Switzerland),Article,10.3390/su13063022,0,Sport-tourism entrepreneurship
The imperatives of the development of the tourist services market in spatial polarization of the regional tourist system,2020,36,Geojournal of Tourism and Geosites ,Article,10.30892/gtg.29215-490,0,Sport-tourism entrepreneurship
The contribution of tourism towards a more sustainable and inclusive society: key guiding principles in times of crisis,2020,36,Worldwide Hospitality and Tourism Themes,Article,10.1108/WHATT-07-2020-0065,7,Sustainable sport tourism development
"A Comprehensive Micro, Small, and Medium Enterprise Empowerment Model for Developing Sustainable Tourism Villages in Rural Communities: A Perspective",2025,36,Sustainability (Switzerland),Article,10.3390/su17041368,3,Sport-tourism entrepreneurship
Indicators of community economic development through mural-based tourism,2005,36,Canadian Geographer,Article,10.1111/j.0008-3658.2005.00079.x,2,Social innovation & community value
Conceptual Framework and Prospective Analysis of EU Tourism Data Spaces,2024,36,Sustainability (Switzerland),Article,10.3390/su16010371,5,Digital innovation in sport tourism/events
Tourism as a catalyst for resilience: Strategies for building sustainable and adaptive communities,2025,36,Community Development,Article,10.1080/15575330.2024.2382174,2,Social innovation & community value
How can ski resorts get smart? Transdisciplinary approaches to sustainable winter tourism in the European Alps,2020,36,Sustainability (Switzerland),Article,10.3390/su12145593,7,Sustainable sport tourism development
World Heritage and Tourism Innovation: Institutional Frameworks and Local Adaptation,2014,36,European Planning Studies,Article,10.1080/09654313.2013.784605,4,Community & local development
The road to success: Tourism social entrepreneurs' quest for regenerative tourism,2024,36,Annals of Tourism Research,Article,10.1016/j.annals.2024.103818,6,Sport-tourism entrepreneurship
"The influence of rural tourism landscape perception on tourists’ revisit intentions—a case study in Nangou village, China",2024,35,Humanities and Social Sciences Communications,Article,10.1057/s41599-024-03129-8,3,Sport-tourism entrepreneurship
Rural tourism and environmental sustainability—a study on a model for assessing the developmental potential of organic agritourism,2020,35,Sustainability (Switzerland),Article,10.3390/su12229642,3,Sport-tourism entrepreneurship
"Cultural districts, a new strategy for regional development? The South-East Cultural District in Sicily",2010,35,Regional Studies,Article,10.1080/00343400903427936,4,Community & local development
Regional sports tourism networks: A conceptual framework,2010,35,Journal of Sport and Tourism,Article,10.1080/14775085.2010.513146,1,Mega-events & host destinations
Visiting friends and relatives tourism and implications for community capital,2013,35,"Journal of Policy Research in Tourism, Leisure and Events",Article,10.1080/19407963.2013.776370,7,Sustainable sport tourism development
Corporate Philanthropy Through the Lens of Ethical Subjectivity,2019,35,Journal of Business Ethics,Article,10.1007/s10551-017-3551-1,2,Social innovation & community value
Proposal for an Indicators System of Tourism Governance at Tourism Destination Level,2018,35,Social Indicators Research,Article,10.1007/s11205-017-1627-z,0,Sport-tourism entrepreneurship
"Walking along the sheeptrack … rural tourism, ecomuseums, and bio-cultural heritage",2021,35,Sustainability (Switzerland),Article,10.3390/su13168870,4,Community & local development
The Future of Volunteer Tourism in the Asia-Pacific Region: Alternative Prospects,2014,35,Journal of Travel Research,Article,10.1177/0047287514532365,0,Sport-tourism entrepreneurship
Antecedents and consequences of managerial behavior in agritourism,2017,35,Tourism Management,Article,10.1016/j.tourman.2017.03.023,0,Sport-tourism entrepreneurship
"Introduction: Rushing for land: Equitable and sustainable development in Africa, Asia and Latin America",2011,35,Development,Review,10.1057/dev.2010.97,3,Sport-tourism entrepreneurship
Integrative diversification of wellness tourism services in rural areas–an operational framework model applied to east Hokkaido (Japan),2018,35,Asia Pacific Journal of Tourism Research,Article,10.1080/10941665.2018.1488752,0,Sport-tourism entrepreneurship
Agritourism and local development: Evidence from two case studies in Greece,2018,35,International Journal of Tourism Research,Article,10.1002/jtr.2206,0,Sport-tourism entrepreneurship
Community development using a sustainable tourism strategy: A case study of the Jordan River Valley touristway,2008,35,International Journal of Tourism Research,Article,10.1002/jtr.620,7,Sustainable sport tourism development
Does innovation type influence firm performance? A dilemma of star-rated hotels in Ghana,2020,34,Sustainability (Switzerland),Article,10.3390/su12239912,0,Sport-tourism entrepreneurship
Sunscreen pollution and tourism governance: Science and innovation are necessary for biodiversity conservation and sustainable tourism,2022,34,Aquatic Conservation: Marine and Freshwater Ecosystems,Article,10.1002/aqc.3791,7,Sustainable sport tourism development
"Prospects of using tourism industry to advance community livelihoods in Musina municipality, Limpopo, South Africa",2021,34,Transactions of the Royal Society of South Africa,Article,10.1080/0035919X.2021.1912847,2,Social innovation & community value
"Community attitudes toward ecotourism development and environmental conservation in nature reserve: a case of Fujian Wuyishan National Nature Reserve, China",2017,34,Journal of Mountain Science,Article,10.1007/s11629-016-3983-6,2,Social innovation & community value
The national government as the facilitator of tourism innovation: evidence from Norway,2015,34,Current Issues in Tourism,Article,10.1080/13683500.2013.822477,0,Sport-tourism entrepreneurship
Revitalization of mountain rural tourism as a tool for sustainable local development in kabylie (Algeria). The case of yakouren municipality,2021,34,Geojournal of Tourism and Geosites ,Article,10.30892/gtg.34115-626,3,Sport-tourism entrepreneurship
"Social, cultural and spatial imaginaries in rural tourism transitions",2021,34,Journal of Rural Studies,Article,10.1016/j.jrurstud.2021.09.011,3,Sport-tourism entrepreneurship
Determinants of income inequality in U.S. nonmetropolitan tourism- and recreation-dependent communities,2008,34,Journal of Travel Research,Article,10.1177/0047287507312425,2,Social innovation & community value
Tourism development and the disempowerment of host residents: types and formative mechanisms,2014,34,Tourism Geographies,Article,10.1080/14616688.2014.957718,2,Social innovation & community value
Unpacking Directions and Spatial Patterns of VFR Travel Mobilities in the Global South: Insights from South Africa,2017,34,International Journal of Tourism Research,Article,10.1002/jtr.2101,0,Sport-tourism entrepreneurship
Digital Silk Roads: Leveraging the Metaverse for Cultural Tourism within the Belt and Road Initiative Framework,2024,33,Electronics (Switzerland),Article,10.3390/electronics13122306,4,Community & local development
How do fishery resources enhance the development of coastal fishing communities: Lessons learned from a community-based sea farming project in Taiwan,2020,33,Ocean and Coastal Management,Article,10.1016/j.ocecoaman.2019.105015,2,Social innovation & community value
"Collaborative governance in tourism: lessons from Etorkizuna Eraikiz in the Basque Country, Spain",2019,33,Tourism Review,Article,10.1108/TR-09-2018-0133,0,Sport-tourism entrepreneurship
Innovative solutions for the development of sustainable transport and improvement of the tourist accessibility of peripheral areas: The case of the białowieża forest region,2021,33,Sustainability (Switzerland),Article,10.3390/su13042381,7,Sustainable sport tourism development
The role of events in local development: An analysis of residents’ perspectives and visitor satisfaction,2021,33,Journal of Rural Studies,Article,10.1016/j.jrurstud.2021.01.018,1,Mega-events & host destinations
Participation of rural community and tourism development in Iran,2012,33,Community Development,Article,10.1080/15575330.2011.604423,3,Sport-tourism entrepreneurship
Reverse entrepreneurship and integration in poor areas of China: Case studies of tourism entrepreneurship in Ganzi Tibetan Region of Sichuan,2022,33,Journal of Rural Studies,Article,10.1016/j.jrurstud.2022.11.012,6,Sport-tourism entrepreneurship
Exploring the relationship between aboriginal tourism and community development,2010,33,Leisure/ Loisir,Review,10.1080/14927713.2010.521321,2,Social innovation & community value
Going Entrepreneurial: Agro-tourism and Rural Development in Northern Montenegro,2018,33,Business Systems Research,Article,10.2478/bsrj-2018-0009,3,Sport-tourism entrepreneurship
Cultural tourism: New opportunities for diversifying the tourism industry in Botswana,2014,33,Bulletin of Geography. Socio-economic Series,Article,10.2478/bog-2014-0041,4,Community & local development
"The importance of location and scale in rural and small town tourism product development: The case of the Canadian Fossil Discovery Centre, Manitoba, Canada",2018,33,Canadian Geographer,Article,10.1111/cag.12409,3,Sport-tourism entrepreneurship
Community leadership in rural tourism development: A tale of two ancient Chinese villages,2017,33,Sustainability (Switzerland),Article,10.3390/su9122344,3,Sport-tourism entrepreneurship
"What we know about transformational leadership in tourism and hospitality: a systematic review and future agenda; [变革型领导在旅游与酒店业的作用, 系统回顾及展望]",2024,33,Service Industries Journal,Article,10.1080/02642069.2023.2250302,0,Sport-tourism entrepreneurship
Innovation Research in Tourism and Hospitality Field: A Bibliometric and Visualization Analysis,2022,33,Sustainability (Switzerland),Article,10.3390/su14137889,0,Sport-tourism entrepreneurship
Tourism as a livelihood diversification strategy among Sámi indigenous people in northern Sweden,2019,33,Acta Borealia,Article,10.1080/08003831.2019.1603009,6,Sport-tourism entrepreneurship
"The UN millennium development goals, tourism and development: The tour operators' perspective",2011,33,Current Issues in Tourism,Article,10.1080/13683500.2011.555523,7,Sustainable sport tourism development
"The Limits of Urban Heritage Tourism in South Africa: The Case of Constitution Hill, Johannesburg",2013,33,Urban Forum,Article,10.1007/s12132-013-9197-x,4,Community & local development
Developing indigenous tourism: Challenges for the Guianas,2003,33,International Journal of Contemporary Hospitality Management,Article,10.1108/09596110310470158,2,Social innovation & community value
Tourist Innovation in Air Travel,2018,33,Journal of Travel Research,Article,10.1177/0047287516686724,0,Sport-tourism entrepreneurship
Community arts as an inclusive methodology for sustainable tourism development,2019,32,Journal of Place Management and Development,Article,10.1108/JPMD-09-2017-0094,2,Social innovation & community value
Spatiotemporal characteristics and impact mechanism of high-quality development of cultural tourism in the Yangtze River Delta urban agglomeration,2021,32,PLoS ONE,Article,10.1371/journal.pone.0252842,4,Community & local development
Contribution of supportive local communities to sustainable event tourism,2021,32,Sustainability (Switzerland),Article,10.3390/su13147853,2,Social innovation & community value
Tourism and poverty alleviation: The case for indigenous enterprise development in Kenya,2006,32,"Tourism, Culture and Communication",Article,10.3727/109830406778493579,2,Social innovation & community value
Tourism partnerships in protected areas: Exploring contributions to sustainability,2011,32,Environmental Management,Article,10.1007/s00267-011-9728-y,7,Sustainable sport tourism development
"Development of Sustainable Community-Based Tourism in Kampong Grangsil, Jambangan Village, Dampit District, Malang Regency",2021,32,International Review for Spatial Planning and Sustainable Development,Article,10.14246/IRSPSD.9.1_64,2,Social innovation & community value
Sustainable tourism and natural protected areas: Exploring local population perceptions in a post-conflict scenario,2021,32,Land,Article,10.3390/land10030331,2,Social innovation & community value
Can tourism social entrepreneurship organizations contribute to the development of ecotourism and local communities: Understanding the perception of local communities,2021,32,Sustainability (Switzerland),Article,10.3390/su131911031,2,Social innovation & community value
Geodiversity Action Plans as a Tool for Developing Sustainable Tourism and Environmental Education,2022,32,Sustainability (Switzerland),Article,10.3390/su14106043,7,Sustainable sport tourism development
Drivers of Growth and Catch-up in the Tourism Sector of Industrialized Economies,2022,32,Journal of Travel Research,Article,10.1177/00472875211019478,0,Sport-tourism entrepreneurship
"A sustainable afterlife for post-industrial sites: balancing conservation, regeneration and heritage tourism",2023,32,European Planning Studies,Article,10.1080/09654313.2022.2154141,4,Community & local development
Towards tourism innovation: A critical review of public polices at the national level,2012,32,Tourism Management Perspectives,Article,10.1016/j.tmp.2012.05.002,0,Sport-tourism entrepreneurship
"Open innovation big data analytics and its influence on sustainable tourism development: A multi-dimensional assessment of economic, policy, and behavioral factors",2024,31,"Journal of Open Innovation: Technology, Market, and Complexity",Article,10.1016/j.joitmc.2024.100254,7,Sustainable sport tourism development
"The Role of Local Government on Rural Tourism Development: Case Study of Desa Wisata Pujonkidul, Indonesia",2021,31,International Journal of Sustainable Development and Planning,Article,10.18280/ijsdp.160710,3,Sport-tourism entrepreneurship
Mapping the outcomes of social entrepreneurship and tourism on host communities: a three-dimensional approach,2022,31,Journal of Sustainable Tourism,Article,10.1080/09669582.2021.1986515,2,Social innovation & community value
Sustainable tourism entrepreneurship in protected areas. A real options assessment of alternative management options,2021,31,Entrepreneurship and Regional Development,Article,10.1080/08985626.2021.1872937,7,Sustainable sport tourism development
The DNA of Tourism Service Innovation: A Quadruple Helix Approach,2014,31,Journal of the Knowledge Economy,Article,10.1007/s13132-014-0183-x,0,Sport-tourism entrepreneurship
Developing a long-term global tourism transport model using a behavioural approach: Implications for sustainable tourism policy making,2013,31,Journal of Sustainable Tourism,Article,10.1080/09669582.2013.828732,7,Sustainable sport tourism development
"Socio-economic aspects of boat-based ecotourism during the sardine run within the pondoland marine protected area, South Africa",2010,31,African Journal of Marine Science,Article,10.2989/1814232X.2010.502642,2,Social innovation & community value
Bed and Breakfast Lodging Development in Mainland China: Who is the Potential Customer?,2011,31,Asia Pacific Journal of Tourism Research,Article,10.1080/10941665.2011.597578,0,Sport-tourism entrepreneurship
Towards a community centred approach to corporate community involvement in the sporting events agenda,2010,31,Journal of Management and Organization,Article,10.5172/jmo.2010.16.4.495,1,Mega-events & host destinations
Changing role of lifestyle in tourism entrepreneurship: Case study of Naked Retreats Enterprise,2021,31,Tourism Management,Article,10.1016/j.tourman.2020.104259,6,Sport-tourism entrepreneurship
How can social enterprises contribute to sustainable pro-poor tourism development?,2018,31,Chinese Journal of Population Resources and Environment,Article,10.1080/10042857.2018.1466955,6,Sport-tourism entrepreneurship
Leveraging sport events to maximize community benefits in low-and middle-income countries,2017,31,Event Management,Article,10.3727/152599517X14878772869766,1,Mega-events & host destinations
The tourism knowledge translation framework: bridging the canyon between theory and practice,2022,31,Current Issues in Tourism,Article,10.1080/13683500.2021.1887099,0,Sport-tourism entrepreneurship
Transformative Tourism as an Innovative Tool for Rural Development,2020,31,European Countryside,Article,10.2478/euco-2020-0016,3,Sport-tourism entrepreneurship
Agritourism and Farms Diversification in Italy: What Have We Learnt from COVID-19?,2022,30,Land,Article,10.3390/land11081215,0,Sport-tourism entrepreneurship
Measuring innovation in tourism with Community Innovation Survey: a first step towards a more valid innovation instruments.,2017,30,Scandinavian Journal of Hospitality and Tourism,Article,10.1080/15022250.2016.1247382,0,Sport-tourism entrepreneurship
"Tourism-Agriculture Nexuses: Practices, challenges and opportunities in the case of Bale Mountains National Park, Southeastern Ethiopia",2018,30,Agriculture and Food Security,Article,10.1186/s40066-018-0156-6,0,Sport-tourism entrepreneurship
The consequences of being ‘the Capital of Cool’. Creative entrepreneurs and the sustainable development of creative tourism in the urban context of Rotterdam,2020,30,Journal of Sustainable Tourism,Article,10.1080/09669582.2020.1841780,0,Sport-tourism entrepreneurship
Smart Tourist Village—An Entrepreneurial Necessity for Maramures Rural Area,2022,30,Sustainability (Switzerland),Article,10.3390/su14148914,3,Sport-tourism entrepreneurship
AI-Powered Sustainable Tourism: Unlocking Circular Economies and Overcoming Resistance to Change,2025,30,Business Strategy and the Environment,Article,10.1002/bse.4276,7,Sustainable sport tourism development
Agritourism and sustainable local development in Mexico: a systematic review,2021,30,"Environment, Development and Sustainability",Review,10.1007/s10668-021-01413-0,0,Sport-tourism entrepreneurship
Through the gender looking-glass: Brazilian tourism entrepreneurs,2016,29,International Journal of Gender and Entrepreneurship,Article,10.1108/IJGE-07-2015-0023,6,Sport-tourism entrepreneurship
Critical tourism scholars: brokers of hope,2020,29,Tourism Geographies,Article,10.1080/14616688.2020.1760925,2,Social innovation & community value
"The gospel of sustainable development? Spatiotemporal evolution and configuration pathways of the coupling coordination of the digital economy, tourism development and eco-efficiency",2025,29,Journal of Environmental Management,Article,10.1016/j.jenvman.2025.124903,7,Sustainable sport tourism development
Assessing the impact of green finance on sustainable tourism development in China,2024,29,Heliyon,Article,10.1016/j.heliyon.2024.e31099,7,Sustainable sport tourism development
"Public participation geographic information systems (PPGIS): Challenges of implementation in Churchill, Manitoba",2008,29,Canadian Geographer,Article,10.1111/j.1541-0064.2008.00217.x,2,Social innovation & community value
Consumer engagement in village eco-tourism: A case of the cleanest village in Asia–Mawlynnong; [客户参与的乡村生态旅游——以亚洲最洁净的村庄莫里农为例],2019,29,Journal of Global Scholars of Marketing Science: Bridging Asia and the World,Article,10.1080/21639159.2019.1577692,2,Social innovation & community value
Adoption of environmental technologies in the hotel industry: development of sustainable intelligence and pro-environmental behavior,2024,29,Discover Sustainability,Article,10.1007/s43621-024-00270-x,5,Digital innovation in sport tourism/events
Attractive Landscape Features as Drivers for Sustainable Mountain Tourism Experiences,2023,29,Tourism and Hospitality,Article,10.3390/tourhosp4030023,0,Sport-tourism entrepreneurship
Managing regional sports tourism networks: A network perspective,2013,29,European Sport Management Quarterly,Article,10.1080/16184742.2013.811608,1,Mega-events & host destinations
Digital financial inclusion and tourism development,2024,29,International Review of Economics and Finance,Article,10.1016/j.iref.2023.12.001,5,Digital innovation in sport tourism/events
Emerging technologies and sports events: Innovative information and communication solutions,2015,28,"Sport, Business and Management: An International Journal",Article,10.1108/SBM-06-2012-0021,1,Mega-events & host destinations
"Coupling coordination and driving mechanism of tourism industry, urbanization, and ecological environment: a case study of Shandong, China",2024,28,"Environment, Development and Sustainability",Article,10.1007/s10668-023-03815-8,7,Sustainable sport tourism development
Assessing the COVID-19 pandemic impact on tourism arrivals: The role of innovation to reshape the future work for sustainable development,2023,28,Journal of Innovation and Knowledge,Article,10.1016/j.jik.2023.100344,7,Sustainable sport tourism development
The Utility of Blockchain Technology in the Electronic Commerce of Tourism Services: An Exploratory Study on Romanian Consumers,2022,28,Sustainability (Switzerland),Article,10.3390/su14020943,5,Digital innovation in sport tourism/events
Sustainable tourism development in rural and marginal areas and opportunities for female entrepreneurship: lessons from an exploratory study,2020,28,Worldwide Hospitality and Tourism Themes,Article,10.1108/WHATT-05-2020-0023,6,Sport-tourism entrepreneurship
Sustainable tourism development for traditional Chinese drama's intangible cultural heritage,2024,28,Heliyon,Article,10.1016/j.heliyon.2024.e25483,4,Community & local development
Creative Tourism in Islands and Regional Sustainable Development: What Can We Learn from the Pilot Projects Implemented in the Azores Territory?,2023,28,Land,Article,10.3390/land12020498,7,Sustainable sport tourism development
Towards a tourism and community-development framework: An African perspective,2020,28,Sustainability (Switzerland),Article,10.3390/su12135305,2,Social innovation & community value
"Development of rural-tourism experiences through networking: An example from Gudbrandsdalen, Norway",2014,28,Norsk Geografisk Tidsskrift,Article,10.1080/00291951.2014.894561,3,Sport-tourism entrepreneurship
Destination development dilemma-Case of Manali in Himachal Himalaya,2008,28,Tourism Management,Article,10.1016/j.tourman.2008.02.018,0,Sport-tourism entrepreneurship
Spatial impacts assessment of tourism and territorial capital: A modelling study on regional development in Europe,2018,28,International Journal of Tourism Research,Article,10.1002/jtr.2234,0,Sport-tourism entrepreneurship
"Customer involvement in sustainable tourism planning at lake Balaton, Hungary-analysis of the consumer preferences of the active cycling tourists",2020,27,Sustainability (Switzerland),Article,10.3390/su12125174,7,Sustainable sport tourism development
"Entrepreneurs′ perceptions of innovation, wine tourism experience, and sustainable wine tourism development: the case of Romanian wineries",2024,27,International Entrepreneurship and Management Journal,Article,10.1007/s11365-023-00918-6,0,Sport-tourism entrepreneurship
"The impact of natural resource management, innovation, and tourism development on environmental sustainability in low-income countries",2023,27,Resources Policy,Article,10.1016/j.resourpol.2023.104088,7,Sustainable sport tourism development
Fostering rural and agricultural tourism: exploring the potential of geocaching,2017,27,Journal of Sustainable Tourism,Article,10.1080/09669582.2017.1291646,3,Sport-tourism entrepreneurship
"The social, cultural, economic and political strategies extending women’s territory by encroaching on patriarchal embeddedness in tourism in Nepal",2022,27,Journal of Sustainable Tourism,Article,10.1080/09669582.2021.1894159,6,Sport-tourism entrepreneurship
Research on the impact of tourism development on the sustainable development of reservoir headwater area using china’s tingxi reservoir as an example,2020,27,Water (Switzerland),Article,10.3390/w12123311,7,Sustainable sport tourism development
Lifestyle Entrepreneurship as a Vehicle for Leisure and Sustainable Tourism,2023,27,International Journal of Environmental Research and Public Health,Article,10.3390/ijerph20043241,7,Sustainable sport tourism development
Theoretical Model for the Analysis of Community-Based Tourism: Contribution to Sustainable Development,2022,27,Sustainability (Switzerland),Article,10.3390/su141710635,2,Social innovation & community value
Tourism partnerships: Harnessing tourist compassion to ‘do good’ through community development in Fiji,2021,27,World Development,Article,10.1016/j.worlddev.2021.105529,2,Social innovation & community value
Perception of the culture and education programme of the youth Olympic games by the participating athletes: A case study for Innsbruck 2012,2014,27,International Journal of the History of Sport,Article,10.1080/09523367.2014.909810,1,Mega-events & host destinations
Driving factors of the health and wellness tourism industry: A sharing economy perspective evidence from kpk pakistan,2021,27,Sustainability (Switzerland),Article,10.3390/su132313344,0,Sport-tourism entrepreneurship
Ten categories of entrepreneurial climate to encourage rural tourism development,2010,27,Annals of Leisure Research,Article,10.1080/11745398.2010.9686850,3,Sport-tourism entrepreneurship
Intellectual capital and organisational resilience in tourism and hotel businesses: do organisational agility and innovation matter?,2025,27,Current Issues in Tourism,Article,10.1080/13683500.2024.2378970,0,Sport-tourism entrepreneurship
"Culture, tourism and regeneration process in Istanbul",2010,27,"International Journal of Culture, Tourism and Hospitality Research",Article,10.1108/17506181011067637,4,Community & local development
Integrating tradition and innovation within a wine tourism and hospitality experience,2023,27,International Journal of Tourism Research,Article,10.1002/jtr.2561,0,Sport-tourism entrepreneurship
Spatio-temporal Evolution and Driving Factors of the High-quality Development of Provincial Tourism in China,2022,26,Chinese Geographical Science,Article,10.1007/s11769-022-1307-z,7,Sustainable sport tourism development
A cluster analysis of climate change mitigation behaviours among SMTEs,2014,26,Tourism Geographies,Article,10.1080/14616688.2013.851270,0,Sport-tourism entrepreneurship
"Evaluation of Tourism Development Efficiency and Spatial Spillover Effect Based on EBM Model: The Case of Hainan Island, China",2022,26,International Journal of Environmental Research and Public Health,Article,10.3390/ijerph19073755,0,Sport-tourism entrepreneurship
"The implied significance of integrative geographical information systems in sustainable tourism and comprehensive community development in Musina Municipality, South Africa",2022,26,Technological Sustainability,Article,10.1108/TECHS-08-2021-0001,2,Social innovation & community value
Using municipal tourism assets for leveraging local economic development in south africa,2020,26,Bulletin of Geography. Socio-economic Series,Article,10.2478/bog-2020-0013,2,Social innovation & community value
Stakeholders involvement towards sustaining ecotourism destinations: The case of social entrepreneurship at Mangalajodi ecotourism trust in India,2020,26,Geojournal of Tourism and Geosites ,Article,10.30892/gtg.29220-495,2,Social innovation & community value
Untangling Factors Influencing Women Entrepreneurs’ Involvement in Tourism and Its Impact on Sustainable Tourism Development,2022,26,Administrative Sciences,Article,10.3390/admsci12020052,6,Sport-tourism entrepreneurship
"Research on driving factors and mechanism of Minority Village tourism development in Guizhou Province, China1",2023,26,Heliyon,Article,10.1016/j.heliyon.2023.e20483,3,Sport-tourism entrepreneurship
Using a community tourism development model to explore equestrian trail tourism potential in Virginia,2015,26,Journal of Destination Marketing and Management,Article,10.1016/j.jdmm.2015.01.001,2,Social innovation & community value
Developing a model for smart tourism destinations: an interpretive structural modelling approach,2022,26,Information Technology and Tourism,Article,10.1007/s40558-022-00236-7,5,Digital innovation in sport tourism/events
"Uncovering the interconnectedness of tourism growth, green technological advancements and climate change in prominent Asian tourism destinations",2024,26,Tourism Management Perspectives,Article,10.1016/j.tmp.2024.101284,7,Sustainable sport tourism development
Exploring creative tourism based on the cultural and creative cities (C3) index and using bootstrap confidence intervals,2021,26,Sustainability (Switzerland),Article,10.3390/su13095145,4,Community & local development
Other-versus self-referenced social impacts of events: Validating a new scale,2020,26,Sustainability (Switzerland),Article,10.3390/su122410281,1,Mega-events & host destinations
"Pro-poor tourism development in Viengxay, Laos: Current state and future prospects",2009,26,Asia Pacific Journal of Tourism Research,Article,10.1080/10941660902847203,2,Social innovation & community value
Multipliers and impacts of active sport tourism in the Greek region of Messinia,2021,26,Tourism Economics,Article,10.1177/1354816620902328,1,Mega-events & host destinations
The environmental attitudes and behaviours of European golf tourists,2018,26,Sustainability (Switzerland),Article,10.3390/su10072214,0,Sport-tourism entrepreneurship
Urban community-based tourism development: A networked social capital model,2024,26,Annals of Tourism Research,Article,10.1016/j.annals.2024.103759,2,Social innovation & community value
A referential methodology for education on sustainable tourism development,2014,26,Sustainability (Switzerland),Article,10.3390/su6085029,7,Sustainable sport tourism development
Relations between infrastructure innovations and tourism spending in developed countries: A macroeconomic perspective,2021,25,Technological and Economic Development of Economy,Article,10.3846/tede.2021.15361,0,Sport-tourism entrepreneurship
A conceptualisation of alternative forms of tourism in relation to community development,2014,25,Mediterranean Journal of Social Sciences,Article,10.5901/mjss.2014.v5n27p1667,2,Social innovation & community value
Innovation activity in the hotel sector - The case of Croatia,2012,25,Ekonomska Istrazivanja,Article,10.1080/1331677x.2012.11517568,0,Sport-tourism entrepreneurship
Features and Challenges of Agritourism: Evidence from Iran and Poland,2022,25,Sustainability (Switzerland),Article,10.3390/su14084555,3,Sport-tourism entrepreneurship
Exploring the gendered tourism entrepreneurial ecosystem in Barcelona and responses required: a feminist ethic of care,2024,25,Journal of Sustainable Tourism,Article,10.1080/09669582.2023.2207780,6,Sport-tourism entrepreneurship
Community inclusion in tourism development: young people’s social innovation propositions for advancing sustainable tourism,2025,25,Tourism Recreation Research,Article,10.1080/02508281.2023.2226040,2,Social innovation & community value
University Incubator Support and Entrepreneurial Intention among Tourism Graduates: Mediating Role of Personal Attitude,2022,25,Sustainability (Switzerland),Article,10.3390/su142316045,6,Sport-tourism entrepreneurship
Historical limits: Narrowing possibilities in 'Ontario's most historic town',2010,25,Canadian Geographer,Article,10.1111/j.1541-0064.2009.00296.x,4,Community & local development
"The emergence of ""small-scale"" sport events in ""small island"" developing states: Towards creating sustainable outcomes for island communities",2016,25,Event Management,Article,10.3727/152599516X14745497664479,1,Mega-events & host destinations
Impact of Mobile Applications on Tourism Development in Uzbekistan,2024,25,Indian Journal of Information Sources and Services,Article,10.51983/ijiss-2024.14.4.27,5,Digital innovation in sport tourism/events
The implication of technological innovation and tourism development on FDI-growth-environment nexus in Association of Southeast Asian countries: a simultaneity modeling analysis,2021,25,"Energy Sources, Part B: Economics, Planning and Policy",Article,10.1080/15567249.2021.1971801,7,Sustainable sport tourism development
The potential for Appreciative Inquiry in tourism research,2008,25,Current Issues in Tourism,Article,10.2167/citMP022.0,0,Sport-tourism entrepreneurship
Rejuvenating Outback Tourism through Market Diversification: The Case of the Flinders Ranges in South Australia,2011,25,International Journal of Tourism Research,Article,10.1002/jtr.851,0,Sport-tourism entrepreneurship
Measuring Sustainable Tourism Lifestyle Entrepreneurship Orientation to Improve Tourist Experience,2023,25,Sustainability (Switzerland),Article,10.3390/su15021201,6,Sport-tourism entrepreneurship
Stakeholders’ perceptions of sustainable entrepreneurship within the context of a developing economy,2023,25,Journal of Small Business Management,Article,10.1080/00472778.2020.1796465,7,Sustainable sport tourism development
The behaviour of tourism firms in the area of innovativeness,2015,25,Economic Research-Ekonomska Istrazivanja ,Article,10.1080/1331677X.2015.1043778,0,Sport-tourism entrepreneurship
GREEN HRM AND GREEN COMPETITIVE ADVANTAGE IN HOTEL AND TOURISM INDUSTRY: A MEDIATED MODERATION MODEL USING ECO-INNOVATION AND GREEN PSYCHOLOGICAL CLIMATE,2024,25,Geojournal of Tourism and Geosites ,Article,10.30892/gtg.52130-1207,7,Sustainable sport tourism development
Integrating the carrying capacity methodology into tourism strategic plans: A sustainable approach to tourism,2020,24,International Journal of Sustainable Development and Planning,Article,10.18280/ijsdp.150317,7,Sustainable sport tourism development
"Residents' attitudes toward tourism development in Shandong, China",2010,24,"International Journal of Culture, Tourism and Hospitality Research",Article,10.1108/17506181011081505,2,Social innovation & community value
"Multi-Stakeholder Analysis in Building Tourism Resilience: Collaborative Governance Implementation in the Majapahit House Heritage Area, Indonesia",2025,24,Tourism and Hospitality,Article,10.3390/tourhosp6010005,4,Community & local development
Conceptualising innovative business models for sustainable sport tourism,2016,24,International Journal of Sustainable Development and Planning,Article,10.2495/SDP-V11-N3-469-482,1,Mega-events & host destinations
National parks and local development in Poland: A municipal perspective,2013,24,Human Geographies,Article,10.5719/hgeo.2013.71.43,2,Social innovation & community value
"Partnership between a private sector ecotourism operator and a local community in the Okavango Delta, Botswana: The case of the Okavango Community Trust and Wilderness Safaris",2014,24,Journal of Ecotourism,Article,10.1080/14724049.2014.980744,2,Social innovation & community value
Educating winery visitors and consumers: An international perspective,2014,24,Current Issues in Tourism,Article,10.1080/13683500.2012.746650,0,Sport-tourism entrepreneurship
"The role of the digital economy in tourism: mechanism, causality and geospatial spillover",2024,24,Empirical Economics,Article,10.1007/s00181-023-02526-3,5,Digital innovation in sport tourism/events
"Exploring entrepreneurship, innovation and tourism development from a sustainable perspective: Evidence from Greece",2018,24,Journal for International Business and Entrepreneurship Development,Article,10.1504/JIBED.2018.090020,7,Sustainable sport tourism development
Ecotourism in crisis: an analysis of the main obstacles for the sector's economic sustainability,2022,24,Journal of Ecotourism,Article,10.1080/14724049.2021.1942019,7,Sustainable sport tourism development
Inbound Tourism as a Driving Force for Regional Innovation: A Spatial Impact Study on China,2019,24,Journal of Travel Research,Article,10.1177/0047287518771223,0,Sport-tourism entrepreneurship
Theoretical innovation in Asia Pacific tourism research,2004,24,Asia Pacific Journal of Tourism Research,Article,10.1080/1094166042000199639,0,Sport-tourism entrepreneurship
Consensus and conflict: The socioeconomic challenge facing sustainable tourism development in southern albania?,2000,24,Journal of Sustainable Tourism,Article,10.1080/09669580008667383,7,Sustainable sport tourism development
Telecommunication and tourism development: an island perspective,2019,23,Tourism Review,Article,10.1108/TR-08-2018-0117,0,Sport-tourism entrepreneurship
Analysis of the coupled and coordinated development of sports and tourism industries and the driving factors,2023,23,Scientific Reports,Article,10.1038/s41598-023-44025-6,1,Mega-events & host destinations
Innovations in sport management: The role of motivations and value cocreation at public viewing events,2017,23,Event Management,Article,10.3727/152599516X14786350337262,1,Mega-events & host destinations
The impact of community-based afro-alpine tourism on regional development,2012,23,Mountain Research and Development,Article,10.1659/MRD-JOURNAL-D-11-00102.1,2,Social innovation & community value
Research on the influence of digital penetration on the entrepreneurial behavior tendency of rural residents in tourism,2024,23,"Environment, Development and Sustainability",Article,10.1007/s10668-023-03695-y,5,Digital innovation in sport tourism/events
The significance of networking and company size in the level of creativeness of tourism companies: Antalya case,2010,23,European Planning Studies,Article,10.1080/09654311003791283,0,Sport-tourism entrepreneurship
Sustainable practices of community tourism planning: Lessons from a remote community,2010,23,Community Development,Article,10.1080/15575330903444085,2,Social innovation & community value
Epistemological issues on sport tourism: Challenge for a new scientific field,2003,22,Journal of Sport and Tourism,Article,10.1080/14775080306241,1,Mega-events & host destinations
Leveraging strategies of recurring non-mega sporting events for host community development: a multiple-case study approach,2023,22,"Sport, Business and Management: An International Journal",Article,10.1108/SBM-06-2021-0071,1,Mega-events & host destinations
Indigenous perspectives on ecotourism development: A British Columbia case study,2012,22,Journal of Enterprising Communities,Article,10.1108/17506201211258397,4,Community & local development
Crisis Adaptation in a Thai Community-Based Tourism Setting during the COVID-19 Pandemic: A Qualitative Phenomenological Approach,2023,22,Sustainability (Switzerland),Article,10.3390/su15010340,2,Social innovation & community value
Augmented Reality and Tourism: A Bibliometric Analysis of New Technological Bets in the Post-COVID Era,2023,22,Sustainability (Switzerland),Review,10.3390/su152115358,5,Digital innovation in sport tourism/events
Open innovation in the tourism field: A systematic literature review,2024,22,"Journal of Open Innovation: Technology, Market, and Complexity",Article,10.1016/j.joitmc.2024.100359,5,Digital innovation in sport tourism/events
Optimization model: the innovation and future of e-ecotourism for sustainability,2025,22,Journal of Tourism Futures,Article,10.1108/JTF-03-2021-0067,5,Digital innovation in sport tourism/events
"An Overview of Sustainable Entrepreneurship in Tourism, Destination, and Hospitality Research Based on the Web of Science",2022,22,Sustainability (Switzerland),Article,10.3390/su142214944,7,Sustainable sport tourism development
Enhancing sustainable heritage tourism in Egypt: Challenges and framework of action,2015,22,Journal of Heritage Tourism,Article,10.1080/1743873X.2015.1029489,4,Community & local development
"Geomorphosites Assessment in Karst Terrains: Anina Karst Region (Banat Mountains, Romania)",2017,22,Geoheritage,Article,10.1007/s12371-016-0188-x,4,Community & local development
"Theorizing and contextualizing protected areas, tourism and community livelihoods linkages",2022,22,Journal of Sustainable Tourism,Article,10.1080/09669582.2021.2003371,2,Social innovation & community value
Toward sustainable tourism: Insights from green financing and renewable energy,2025,22,Energy Strategy Reviews,Article,10.1016/j.esr.2024.101618,7,Sustainable sport tourism development
Scale development for the practices involved in creating value propositions in the exhibition industry: Service-dominant logic with a mixed-methods approach,2023,22,Tourism Management,Article,10.1016/j.tourman.2023.104780,0,Sport-tourism entrepreneurship
Sustainable entrepreneurship in tourism: The interaction between tourism enterprise and community,2024,22,Journal of Hospitality and Tourism Management,Article,10.1016/j.jhtm.2024.09.001,7,Sustainable sport tourism development
"‘Be global, go local’–innovation and creativity in the development of alternative guiding services in Budapest",2017,22,Journal of Tourism and Cultural Change,Article,10.1080/14766825.2016.1189558,0,Sport-tourism entrepreneurship
Preservation of Malaysian handicraft to support tourism development,2017,22,International Journal of Entrepreneurship and Small Business,Article,10.1504/IJESB.2017.087022,3,Sport-tourism entrepreneurship
Veza: An informal network of tourism entrepreneurs,2019,22,Annals of Tourism Research,Article,10.1016/j.annals.2019.05.004,6,Sport-tourism entrepreneurship
"Government investment, level of marketization and high-quality tourism development",2024,22,International Review of Economics and Finance,Article,10.1016/j.iref.2024.103536,0,Sport-tourism entrepreneurship
Article evaluate on the decoupling of tourism economic development and ecological-environmental stress in China,2021,21,Sustainability (Switzerland),Article,10.3390/su13042149,7,Sustainable sport tourism development
Exploring applied sustainable strategies through geoheritage and geotourism: A systematic literature review,2024,21,International Journal of Geoheritage and Parks,Review,10.1016/j.ijgeop.2024.11.009,7,Sustainable sport tourism development
The development of digital tourism in China,2024,21,Cogent Social Sciences,Review,10.1080/23311886.2024.2347013,5,Digital innovation in sport tourism/events
Challenges of community participation in community-based tourism in rural areas,2020,21,WIT Transactions on Ecology and the Environment,Article,10.2495/ST200021,2,Social innovation & community value
Strengthening of Community Tourism Enterprises as a Means of Sustainable Development in Rural Areas: A Case Study of Community Tourism Development in Chimborazo,2022,21,Sustainability (Switzerland),Article,10.3390/su14074314,2,Social innovation & community value
Asset-based community development as applied to tourism in Tibet,2014,21,Tourism Geographies,Article,10.1080/14616688.2013.824502,2,Social innovation & community value
Oleotourism: A comparison of three mediterranean countries,2020,21,Sustainability (Switzerland),Article,10.3390/su12218995,0,Sport-tourism entrepreneurship
Environmental regulation and tourism industry development: evidence from China,2023,21,Environmental Science and Pollution Research,Article,10.1007/s11356-022-24917-2,7,Sustainable sport tourism development
"Leveraging Technological Innovation, Renewable Energy, and Forest Management to Overcome Barriers and Achieve Sustainable Development Goal 13 (Climate Action) in G-7 Countries",2025,21,Sustainable Development,Article,10.1002/sd.70127,7,Sustainable sport tourism development
Sustainable tourism action plan in the mediterranean coastal areas,2017,21,International Journal of Sustainable Development and Planning,Article,10.2495/SDP-V12-N6-995-1005,7,Sustainable sport tourism development
Community-Based ecotourism and bushmeat consumption dynamics: Implications for conservation and community development,2022,21,Journal of Sustainable Tourism,Article,10.1080/09669582.2020.1845708,2,Social innovation & community value
"The Future Is in Sustainable Urban Tourism: Technological Innovations, Emerging Mobility Systems and Their Role in Shaping Smart Cities",2025,21,Urban Science,Article,10.3390/urbansci9050169,5,Digital innovation in sport tourism/events
Practical implications and future research directions for international sports management,2011,21,Thunderbird International Business Review,Article,10.1002/tie.20451,1,Mega-events & host destinations
Fostering tourism and entrepreneurship in fringe communities: Unpacking stakeholder perceptions towards entrepreneurial climate,2020,21,Tourism and Hospitality Research,Article,10.1177/1467358418781443,2,Social innovation & community value
A new look to the tourism and economic growth nexus: A clustering and panel causality analysis,2023,21,World Economy,Article,10.1111/twec.13459,7,Sustainable sport tourism development
"Peripheral tourism trajectories: Evidence from the King Sabata Dalindyebo municipality, South Africa",2019,21,Geojournal of Tourism and Geosites ,Article,10.30892/gtg.26323-411,0,Sport-tourism entrepreneurship
Risk Types and Coping Mechanisms for Ethical Tourism Entrepreneurs: A New Conceptual Framework,2020,21,Journal of Travel Research,Article,10.1177/0047287519874126,6,Sport-tourism entrepreneurship
The connection between recreational fishing and the traditional fishing sector in the emerging area of marine tourism: Challenges and opportunities for diversification with the european fisheries fund (EFF),2021,21,ICES Journal of Marine Science,Article,10.1093/ICESJMS/FSZ150,0,Sport-tourism entrepreneurship
"Accelerating tourism development by community preparedness on disaster risk in Lombok, Indonesia",2020,21,Geojournal of Tourism and Geosites ,Article,10.30892/gtg.29213-488,2,Social innovation & community value
A technology-based innovation adoption and implementation analysis of european smart tourism projects: Towards a smart actionable classification model (sacm),2021,21,Sustainability (Switzerland),Article,10.3390/su131810279,5,Digital innovation in sport tourism/events
EXPLORING THE ROLE OF FEMALE EMPOWERMENT IN SUSTAINABLE RURAL TOURISM DEVELOPMENT: AN EXPLORATORY SEQUENTIAL MIXED-METHOD STUDY,2023,20,International Journal of Professional Business Review,Article,10.26668/businessreview/2023.v8i4.1651,6,Sport-tourism entrepreneurship
"Navigating digital transformation and business model innovation in the tourism sector: challenges opportunities, and leadership styles",2024,20,Measuring Business Excellence,Article,10.1108/MBE-09-2023-0137,5,Digital innovation in sport tourism/events
Sustainable Tourism and Its Environmental and Economic Impacts: Fresh Evidence from Major Tourism Hubs,2025,20,Sustainability (Switzerland),Article,10.3390/su17115058,7,Sustainable sport tourism development
Coastal Urban Planning in The ‘Green Republic’: Tourism Development and the Nature–Infrastructure Paradox in Costa Rica,2018,20,International Journal of Urban and Regional Research,Article,10.1111/1468-2427.12654,7,Sustainable sport tourism development
"Multi-level governance of low-carbon tourism in rural China: policy evolution, implementation pathways, and socio-ecological impacts",2024,20,Frontiers in Environmental Science,Article,10.3389/fenvs.2024.1482713,7,Sustainable sport tourism development
"Social innovations in tourism: Analysing processes, actors, and tipping points",2023,20,Tourism Geographies,Article,10.1080/14616688.2022.2155697,0,Sport-tourism entrepreneurship
"Market structures, strategy and innovation in tourism sector",2014,20,"International Journal of Culture, Tourism, and Hospitality Research",Article,10.1108/IJCTHR-05-2013-0031,0,Sport-tourism entrepreneurship
Economic and social resilience accounts for the recovery of Ibiza’s tourism sector,2021,20,Tourism Geographies,Article,10.1080/14616688.2020.1722214,0,Sport-tourism entrepreneurship
Purchasing protection: outdoor companies and the authentication of technology use in nature-based tourism,2021,20,Journal of Sustainable Tourism,Article,10.1080/09669582.2020.1828432,7,Sustainable sport tourism development
"Engaging stakeholders in cultural tourism Living Labs: A pathway to innovation, sustainability, and resilience",2024,20,Technology in Society,Article,10.1016/j.techsoc.2024.102742,4,Community & local development
Antecedents and consequences of community-based tourism in border district of Jammu and Kashmir,2022,20,International Journal of Tourism Cities,Article,10.1108/IJTC-05-2020-0108,2,Social innovation & community value
The role of a national park in classifying mountain tourism destinations: An exploratory study of the Italian Western Alps,2019,20,Journal of Mountain Science,Article,10.1007/s11629-018-5356-9,2,Social innovation & community value
Digital innovations in tourism: the perceptions of stakeholders,2023,20,Worldwide Hospitality and Tourism Themes,Article,10.1108/WHATT-06-2023-0080,5,Digital innovation in sport tourism/events
Leveraging sport mega events for international entrepreneurship,2019,20,International Entrepreneurship and Management Journal,Article,10.1007/s11365-019-00573-w,1,Mega-events & host destinations
The rhythms of canal tourism: Synchronizing the host-visitor interface,2020,20,Journal of Rural Studies,Article,10.1016/j.jrurstud.2020.06.010,4,Community & local development
Collaborative Innovation or Opportunistic Behavior? Evidence from the Relational Governance of Tourism Enterprises,2020,20,Journal of Travel Research,Article,10.1177/0047287519861170,0,Sport-tourism entrepreneurship
The Relationship between Form and Ritual in Cultural Sustainability,2022,20,Sustainability (Switzerland),Article,10.3390/su14159157,4,Community & local development
Casino Gaming and Crime: Comparisons among Gaming Counties and Other Tourism Places,2011,20,Journal of Travel Research,Article,10.1177/0047287510363616,3,Sport-tourism entrepreneurship
"Creative periphery syndrome? Opportunities for sustainable tourism innovation in Timor-Leste, an early stage destination",2018,20,Tourism Recreation Research,Article,10.1080/02508281.2017.1397838,7,Sustainable sport tourism development
Competitiveness and innovation: effects on prosperity,2019,20,Anatolia,Article,10.1080/13032917.2018.1519179,0,Sport-tourism entrepreneurship
Sport tourism: An opportunity for local regions in a global context. A Delphi study; [Turismo deportivo: Una oportunidad para los territorios locales en un contexto global. Un estudio Delphi],2021,20,Retos,Article,10.47197/RETOS.V42I0.86696,1,Mega-events & host destinations
Residents' perception of tourist development and the environment: A study from Morocco,2009,20,International Journal of Sustainable Development and World Ecology,Article,10.1080/13504500902993180,2,Social innovation & community value
"From local promotion towards regional tourism policies: Knowledge processes and actor networks in North Jutland, Denmark",2009,19,European Planning Studies,Article,10.1080/09654310903141631,0,Sport-tourism entrepreneurship
Political and historical determinants of the differentiation of entrepreneurial ecosystems of agritourism in poland and kazakhstan,2021,19,Sustainability (Switzerland),Article,10.3390/su131810487,0,Sport-tourism entrepreneurship
"Bird Photography Tourism, Sustainable Livelihoods, and Biodiversity Conservation: A Case Study from China",2021,19,Mountain Research and Development,Article,10.1659/MRD-JOURNAL-D-19-00054.1,2,Social innovation & community value
Wellness and equestrian tourism – new kind of adventure?,2018,19,Scandinavian Journal of Hospitality and Tourism,Article,10.1080/15022250.2018.1522718,0,Sport-tourism entrepreneurship
Rural development by stimulating agro-tourism activities,2020,19,International Journal of Management,Article,10.34218/IJM.11.4.2020.058,3,Sport-tourism entrepreneurship
Application of Big Data Technology in the Impact of Tourism E-Commerce on Tourism Planning,2021,19,Complexity,Article,10.1155/2021/9925260,5,Digital innovation in sport tourism/events
"Environmental change impacts and inclusive rural tourism development on the livelihoods of native societies: evidence from Musina Municipality, South Africa",2024,19,International Journal of Ethics and Systems,Article,10.1108/IJOES-04-2023-0089,3,Sport-tourism entrepreneurship
Macroeconomic Drivers of Sustainable Tourism Development in Bangladesh: An ARDL Bounds Testing Approach,2025,19,Sustainable Development,Article,10.1002/sd.3328,7,Sustainable sport tourism development
"Exploring sustainability oriented innovations in tourism: insights from ecological modernization, diffusion of innovations, and the triple bottom line",2025,19,Cogent Social Sciences,Article,10.1080/23311886.2024.2447396,7,Sustainable sport tourism development
Benchmarking innovations and new practices in rural tourism development: How do we develop a more sustainable and responsible rural tourism in Asia?,2015,19,Worldwide Hospitality and Tourism Themes,Review,10.1108/WHATT-06-2015-0030,3,Sport-tourism entrepreneurship
Sustainability development and competitiveness of Rome as a tourist destination,2015,19,Tourism and Hospitality Management,Article,10.20867/thm.21.2.7,0,Sport-tourism entrepreneurship
The role of geodiversity and geoheritage in tourism and local development,2023,19,Geological Society Special Publication,Article,10.1144/SP530-2022-115,4,Community & local development
Sustainable Development of the Tourism Sector of the Republic of Armenia in the Context of an Innovative Economy,2023,19,Springer Climate,Book chapter,10.1007/978-3-031-45830-9_43,7,Sustainable sport tourism development
An importance-performance analysis of destination competitiveness factors: case of Jablanica district in Serbia,2018,19,Economic Research-Ekonomska Istrazivanja ,Article,10.1080/1331677X.2018.1456351,0,Sport-tourism entrepreneurship
Mechanisms and effects of the sustainable integration of digital-driven rural cultural tourism from the perspective of symbiosis,2025,19,Sustainable Futures,Article,10.1016/j.sftr.2025.100867,4,Community & local development
An experience of tourism development: How is the strategy?,2020,19,Journal of Environmental Management and Tourism,Article,10.14505/jemt.v11.7(47).26,2,Social innovation & community value
Quality-of-life values among stakeholders in tourism destinations: A tale of converging and diverging interests and conflicts,2012,19,Handbook of Tourism and Quality-of-Life Research: Enhancing the Lives of Tourists and Residents of Host Communities,Book chapter,10.1007/978-94-007-2288-0,0,Sport-tourism entrepreneurship
Clashing worldviews: Sources of disappointment in rural hospitality and tourism development,2012,19,Hospitality and Society,Article,10.1386/hosp.2.1.25_1,3,Sport-tourism entrepreneurship
Measuring residents’ perceptions of corporate social responsibility at small-and medium-sized sports events,2020,19,International Journal of Environmental Research and Public Health,Article,10.3390/ijerph17238798,1,Mega-events & host destinations
Tourism as a key for regional revitalization?: A quantitative evaluation of tourism zone development in japan,2021,19,Sustainability (Switzerland),Article,10.3390/su13137478,0,Sport-tourism entrepreneurship
Uses of tourism resources for educational and community development: A systematic literature review and lessons,2024,19,Tourism Management Perspectives,Article,10.1016/j.tmp.2024.101278,2,Social innovation & community value
The 2012 London Olympics: innovations in ICT and social media marketing,2016,19,"Innovation: Management, Policy and Practice",Article,10.1080/14479338.2016.1237305,1,Mega-events & host destinations
Nature and Impacts of Tourism Development Facilities and Activities on the Livelihoods of Communities in Musina Municipality,2023,19,Tourism Planning and Development,Article,10.1080/21568316.2022.2115124,2,Social innovation & community value
Digital resurrection technology in destination promotion,2025,19,Annals of Tourism Research,Article,10.1016/j.annals.2024.103888,5,Digital innovation in sport tourism/events
How smart city construction affects destination tourism efficiency,2024,19,Tourism Economics,Article,10.1177/13548166231221849,5,Digital innovation in sport tourism/events
Local government and tourism development: Issues and constraints of public sector entrepreneurship,2000,19,New Zealand Geographer,Article,10.1111/j.1745-7939.2000.tb01572.x,0,Sport-tourism entrepreneurship
Hotel ICON: towards a role-model hotel pioneering sustainable solutions,2020,19,Asia Pacific Journal of Tourism Research,Article,10.1080/10941665.2020.1746367,7,Sustainable sport tourism development
Study on the evolutionary characteristics of the spatial association network of tourism eco-efficiency and its formation effect in China,2025,18,Journal of Environmental Management,Article,10.1016/j.jenvman.2025.124706,7,Sustainable sport tourism development
"Intersectoral local development in Italy: the cultural, creative and tourism industries",2017,18,"International Journal of Culture, Tourism, and Hospitality Research",Article,10.1108/IJCTHR-03-2016-0032,4,Community & local development
Rural destination development contributions by outdoor tourism actors: A Bornholm case study,2022,18,Tourism Geographies,Article,10.1080/14616688.2020.1795708,3,Sport-tourism entrepreneurship
Does the trade of aviation emission permits lead to tourism-led growth and sustainable tourism?,2021,18,Transport Policy,Article,10.1016/j.tranpol.2021.03.012,7,Sustainable sport tourism development
Influence of residents’ perception of tourism’s impact on supporting tourism development in a GIAHS site: The mediating role of perceived justice and community identity,2021,18,Land,Article,10.3390/land10100998,2,Social innovation & community value
Vulnerable Geosites of Çayırbağı-Çalköy (Düzköy-Trabzon) in the Eastern Black Sea Region of NE Turkey and Their Geotourism Potential,2019,18,Geoheritage,Article,10.1007/s12371-019-00358-1,4,Community & local development
A FRAMEWORK FOR ASSESSING WELLNESS TOURISM DESTINATION COMPETITIVENESS: A PERSPECTIVE FROM THE WELLNESS TOURISM CLUSTERS IN THAILAND,2023,18,Geojournal of Tourism and Geosites ,Article,10.30892/gtg.49313-1097,0,Sport-tourism entrepreneurship
West indies world cup cricket: Hallmark events as catalysts for community tourism development,2005,18,Journal of Sport and Tourism,Article,10.1080/14775080600806653,2,Social innovation & community value
Strategic Management of the Malaga Brand through Open Innovation: Tourists and Residents’ Perception,2022,18,"Journal of Open Innovation: Technology, Market, and Complexity",Article,10.3390/joitmc8010028,0,Sport-tourism entrepreneurship
International tourism development in the digital economy era: the role of ICT services and digital finance,2025,18,Kybernetes,Article,10.1108/K-08-2023-1574,5,Digital innovation in sport tourism/events
A GIS-based Methodology to Explore and Manage the Historical Heritage of Rabat City (Morocco),2022,18,Journal on Computing and Cultural Heritage,Article,10.1145/3517142,4,Community & local development
"Non-Uniform Distribution of Geoheritage Resources in Geoparks—Problems, Challenges and Opportunities",2024,18,Resources,Article,10.3390/resources13020023,7,Sustainable sport tourism development
Development of a cycle-tourism strategy in Greece based on the preferences of potential cycle-tourists,2020,18,Sustainability (Switzerland),Article,10.3390/su12062415,0,Sport-tourism entrepreneurship
"Tourism Development, Foreign Direct Investment, and Environmental Sustainability: How Green Technology Innovations Make a Difference",2025,18,SAGE Open,Article,10.1177/21582440251331003,7,Sustainable sport tourism development
"Globalisation, crafts, and tourism microentrepreneurship in the South Pacific: economic and sociocultural dimensions",2023,18,Journal of Heritage Tourism,Article,10.1080/1743873X.2023.2254422,0,Sport-tourism entrepreneurship
"Reflections on the participation of Muslim women in disability sport: hijab, Burkini®, modesty and changing strategies",2011,18,Sport in Society,Article,10.1080/17430437.2011.614788,6,Sport-tourism entrepreneurship
Geomorphosites as Geotouristic Resources: Assessment of Geomorphological Heritage for Local Development in the Río Lobos Natural Park,2024,18,Land,Article,10.3390/land13020128,4,Community & local development
A meta-analytic investigation of innovation predictors in tourism and hospitality organizations,2024,18,Tourism Management,Article,10.1016/j.tourman.2024.104965,0,Sport-tourism entrepreneurship
"Innovation, Tourism and Destination Development: Dolnośląskie Case Study",2014,18,European Planning Studies,Article,10.1080/09654313.2013.784597,0,Sport-tourism entrepreneurship
International tourism entrepreneurs in Swedish peripheries: Compliance and collision with public tourism strategies,2019,18,Regional Science Policy and Practice,Article,10.1111/rsp3.12148,0,Sport-tourism entrepreneurship
Mobile application features effects on the application's engagement and intention for continuing use in tourism,2023,18,Asia Pacific Journal of Tourism Research,Article,10.1080/10941665.2023.2230328,5,Digital innovation in sport tourism/events
Post-independence challenges for Caribbean tourism development: a solution-driven approach through Agenda 2030,2023,17,Tourism Review,Article,10.1108/TR-01-2022-0049,7,Sustainable sport tourism development
"Low-Carbon Transformation of Tourism in Characteristic Towns Under the Carbon Neutral Goal: A Three-Dimensional Mechanism Analysis of Tourists, Residents, and Enterprises",2025,17,Sustainability (Switzerland),Article,10.3390/su17115142,7,Sustainable sport tourism development
"Agrotourism as peripheral and ultraperipheral community livelihoods diversification strategy: Insights from the Okavango Delta, Botswana",2023,17,Journal of Arid Environments,Article,10.1016/j.jaridenv.2023.104960,3,Sport-tourism entrepreneurship
Sustainable Tourism Performance Through Green Talent Management: The Mediating Power of Green Entrepreneurship and Climate,2024,17,Sustainability (Switzerland),Article,10.3390/su16229900,7,Sustainable sport tourism development
Embracing the industrial revolution: the impact of technological advancements and government policies on tourism development in Oman,2026,17,"Journal of Policy Research in Tourism, Leisure and Events",Article,10.1080/19407963.2023.2294789,5,Digital innovation in sport tourism/events
MMKG-PAR: Multi-Modal Knowledge Graphs-Based Personalized Attraction Recommendation,2024,17,Sustainability (Switzerland) ,Article,10.3390/su16052211,7,Sustainable sport tourism development
Sustainable Development and Tourism: A Review of the Literature in WoS from 2001 to 2020,2023,17,Sustainability (Switzerland),Article,10.3390/su152416805,7,Sustainable sport tourism development
Testing the accuracy of event economic impact forecasts,2012,17,International Journal of Event and Festival Management,Article,10.1108/17582951211229726,1,Mega-events & host destinations
Envisioning the future of agri-tourism in Ukraine: from minor role to viable farm households and sustainable regional economies,2024,17,Journal of Rural Studies,Article,10.1016/j.jrurstud.2024.103283,7,Sustainable sport tourism development
"Adaptive evolution and dynamic mechanism of resort socioecological system in tourism cities: The case of Qinhuangdao, China",2024,17,Habitat International,Article,10.1016/j.habitatint.2024.103138,5,Digital innovation in sport tourism/events
"TOWARDS A DEVELOPMENT MODEL of LOCAL CULTURAL TOURISM through the INVOLVEMENT of LOCAL ACTORS (PROVINCE of CONSTANTINE, ALGERIA)",2022,17,Geojournal of Tourism and Geosites ,Article,10.30892/gtg.40101-797,4,Community & local development
"Agritourism and Rural Development: A Global Bibliometric Analysis of the State of Research, Limitations, and Future Directions",2025,17,Agriculture (Switzerland),Article,10.3390/agriculture15080866,3,Sport-tourism entrepreneurship
"Socio-ecological resilience to climate change effects in peri-urban areas: insights from the Pugu and Kazimzumbwi forest reserves of Dar es Salaam, Tanzania",2021,17,GeoJournal,Article,10.1007/s10708-019-10071-9,7,Sustainable sport tourism development
"Community-based tourism planning: An application of the APPA Approach to Ansted, West Virginia",2011,17,Tourism Analysis,Article,10.3727/108354211X13202764960780,2,Social innovation & community value
Community participation of cultural heritage tourism from innovation system perspective,2012,17,International Journal of Services Technology and Management,Article,10.1504/IJSTM.2012.052855,4,Community & local development
"From cultural building, economic revitalization to local partnership? the changing nature of community mobilization in Taiwan",2011,17,International Planning Studies,Article,10.1080/13563475.2011.561058,2,Social innovation & community value
Using Choice Modeling to estimate the effects of environmental improvements on local development: When the purpose modifies the tool,2014,17,Ecological Economics,Article,10.1016/j.ecolecon.2014.10.015,0,Sport-tourism entrepreneurship
Tourism industry and employment generation in emerging seven economies: evidence from novel panel methods,2023,17,Economic Research-Ekonomska Istrazivanja ,Article,10.1080/1331677X.2023.2206471,0,Sport-tourism entrepreneurship
"Tourism, property and the management of change in coastal resorts: Perspectives from South West England",2006,17,Current Issues in Tourism,Article,10.1080/13683500608668238,0,Sport-tourism entrepreneurship
The impact of culture on small tourism businesses’ access to finance: the moderating role of gender inequality,2024,17,Journal of Sustainable Tourism,Article,10.1080/09669582.2022.2130337,6,Sport-tourism entrepreneurship
Integrating Social Media-Driven Service Innovation and Sustainable Leadership: Advancing Sustainable Practices in Tourism and Hospitality,2025,17,Sustainability (Switzerland),Article,10.3390/su17020399,7,Sustainable sport tourism development
"Social Innovations for Resilience—Local Tourism Actor Perspectives in Kemi, Finland",2022,17,Tourism Planning and Development,Article,10.1080/21568316.2021.2001037,0,Sport-tourism entrepreneurship
Film Tourism Town and Its Local Community,2017,17,International Journal of Hospitality and Tourism Administration,Article,10.1080/15256480.2016.1276005,2,Social innovation & community value
Permaculture and downshifting-sources of sustainable tourism development in rural areas,2021,17,Sustainability (Switzerland),Article,10.3390/su13010230,3,Sport-tourism entrepreneurship
Methodological Proposal about the Role of Landscape in the Tourism Development Process in Rural Areas: The Case of Molise Region (Italy),2017,17,European Countryside,Article,10.1515/euco-2017-0015,3,Sport-tourism entrepreneurship
Unlocking sustainable tourism: Exploring the drivers and barriers of social innovation in community model destinations,2025,17,Journal of Destination Marketing and Management,Article,10.1016/j.jdmm.2025.100996,7,Sustainable sport tourism development
Engaging residents in planning for sustainable rural-nature tourism in post-communist Poland,2010,17,Community Development,Article,10.1080/15575330903359614,2,Social innovation & community value
Enhancing territorial capital for developing mountain areas: The example of trentino and its use of medicinal and aromatic plants,2013,17,Acta Geographica Slovenica,Article,10.3986/AGS53403,4,Community & local development
Do tourists notice social responsibility information?,2020,17,Current Issues in Tourism,Article,10.1080/13683500.2018.1561653,0,Sport-tourism entrepreneurship
Peer-to-peer capacity-building in tourism: Values and experiences of field-based education,2010,17,Development Southern Africa,Article,10.1080/0376835X.2010.522835,7,Sustainable sport tourism development
Assessment of the natural-cultural resources in Çanakkale for nature-based tourism,2008,17,"Environment, Development and Sustainability",Article,10.1007/s10668-007-9089-0,4,Community & local development
The evolution of Chinese border tourism policies: an intergovernmental perspective on border tourism in Xishuangbanna,2022,17,Asia Pacific Journal of Tourism Research,Article,10.1080/10941665.2021.2020313,7,Sustainable sport tourism development
"Social determinants of the alternative tourism viability in Atlautla, a rural community of the Center of Mexico; [Determinantes sociales de la viabilidad del turismo alternativo en Atlautla, una comunidad rural del Centro de México]",2016,16,Investigaciones Geograficas,Article,10.14350/rig.48297,2,Social innovation & community value
Digital technologies for sustainable agritourism and human development,2024,16,Agritourism for Sustainable Development: Reflections from Emerging African Economies,Book chapter,10.1079/9781800623705.0014,5,Digital innovation in sport tourism/events
"Spatial Spillover and Threshold Effects of High-Quality Tourism Development on Carbon Emission Efficiency of Tourism under the “Double Carbon” Target: Case Study of Jiangxi, China",2023,16,Sustainability (Switzerland),Article,10.3390/SU15064797,7,Sustainable sport tourism development
Tourism development and adaptation to climate change through legal constraint,2018,16,Worldwide Hospitality and Tourism Themes,Article,10.1108/WHATT-12-2017-0074,0,Sport-tourism entrepreneurship
Ecological Civilization and High-Quality Development: Do Tourism Industry and Technological Progress Affect Ecological Economy Development?,2023,16,International Journal of Environmental Research and Public Health,Article,10.3390/ijerph20010783,7,Sustainable sport tourism development
Is the digital economy empowering high-quality tourism development? A theoretical and empirical research from China,2024,16,PLoS ONE,Article,10.1371/journal.pone.0303087,5,Digital innovation in sport tourism/events
Economic valuation of a medium-sized sporting event: Impact of the Spanish swimming championship,2018,16,Journal of Physical Education and Sport,Article,10.7752/jpes.2018.s3200,1,Mega-events & host destinations
Evaluating the tourism green productivity and its driving factors in the context of climate change,2024,16,Tourism Economics,Article,10.1177/13548166231174769,7,Sustainable sport tourism development
Designing Innovative Assistive Technology Devices for Tourism,2022,16,International Journal of Environmental Research and Public Health,Review,10.3390/ijerph192114186,5,Digital innovation in sport tourism/events
"Country performance analysis of swiss tourism, leisure and hospitality management research",2021,16,Sustainability (Switzerland),Article,10.3390/su13042378,7,Sustainable sport tourism development
"Economic contribution of active sport tourism: The case of four sport activities in Messinia, Greece",2014,16,Journal of Sport and Tourism,Article,10.1080/14775085.2015.1070740,1,Mega-events & host destinations
Responsible Leadership and Innovation during COVID-19: Evidence from the Australian Tourism and Hospitality Sector,2023,16,Sustainability (Switzerland) ,Article,10.3390/su15064922,7,Sustainable sport tourism development
Realizing common prosperity: The action logic of social entrepreneurship community mobilization in rural tourism,2022,16,Elementa,Article,10.1525/elementa.2022.00006,3,Sport-tourism entrepreneurship
A Systematic Review of Iranian Research in the Field of Geotourism Studies,2020,16,Geoheritage,Review,10.1007/s12371-020-00519-7,4,Community & local development
"Capacity-, system- and mission-oriented innovation policies in tourism–characteristics, measurement and prospects",2020,16,"Journal of Policy Research in Tourism, Leisure and Events",Article,10.1080/19407963.2019.1605609,0,Sport-tourism entrepreneurship
"Entrepreneurship, sport, sustainability and integration: A business model in the low‐season tourism sector",2021,16,Social Sciences,Article,10.3390/socsci10040117,6,Sport-tourism entrepreneurship
"Role of Innovation, Policy, Social Media, and Environmental Munificence for Sustainable Ecotourism Development in Punjab, India",2024,16,Sustainability (Switzerland),Article,10.3390/su16219359,7,Sustainable sport tourism development
From mass tourism to sustainable tourism: A comparative case study of the Island of BraČ; [Vom massen-zum nachhaltigen tourismus: Eine vergleichende fallstudie der insel brač]; [Od masovnog prema održivom turizmu: Komparativna studija slučaja otoka brača],2016,16,Socijalna Ekologija,Article,10.17234/SocEkol.24.2.1,2,Social innovation & community value
A bibliometric and visualization analysis of Artisan entrepreneurship,2025,16,Technology Analysis and Strategic Management,Article,10.1080/09537325.2023.2290152,6,Sport-tourism entrepreneurship
A study of digital marketing tools usage habits among Hungarian tourists,2020,16,Geojournal of Tourism and Geosites ,Article,10.30892/GTG.32414-570,5,Digital innovation in sport tourism/events
Rural tourism and evolving identities of Chinese communities in forested areas,2024,16,Journal of Sustainable Tourism,Article,10.1080/09669582.2022.2155829,3,Sport-tourism entrepreneurship
Low-carbon strategy and tourism development,2024,16,Current Issues in Tourism,Article,10.1080/13683500.2023.2266100,7,Sustainable sport tourism development
Pajala as a literary place: In the readings and footsteps of mikael niemi,2011,16,Journal of Tourism and Cultural Change,Article,10.1080/14766825.2011.562979,0,Sport-tourism entrepreneurship
When hosts meet guests: Local residents' identity construction amidst rural tourism gentrification,2025,16,Annals of Tourism Research,Article,10.1016/j.annals.2025.103951,2,Social innovation & community value
"The role of actors’ cooperation, local anchoring and innovation in creating culinary tourism experiences in the rural slovenian mediterranean; [Pomen sodelovanja akterjev, vpetost v lokalno okolje in inovativnost pri ustvarjanju kulinaričnih turističnih izkušenj na ruralnem slovenskem sredozemlju]",2019,16,Geografski Vestnik,Article,10.3986/GV91201,3,Sport-tourism entrepreneurship
"Profiling entrepreneurial behaviour based on demographic variables: Tourism-related entrepreneurs in mtubatuba local municipality, South Africa",2020,16,Geojournal of Tourism and Geosites ,Article,10.30892/gtg.31302-525,6,Sport-tourism entrepreneurship
Revisiting tourism regional economic impact: Accounting for secondary household employment,2007,16,Review of Regional Studies,Article,10.52324/001c.8294,2,Social innovation & community value
Sport tourism and local economic development: The importance of an initial diagnosis of supplier’s geographical concentration: A case study of France,2003,15,Journal of Sport and Tourism,Article,10.1080/1477508032000161546,1,Mega-events & host destinations
Sustainable tourism development in Thailand: The role of agricultural tourism and government support for SMEs,2025,15,Sustainable Futures,Article,10.1016/j.sftr.2025.100782,7,Sustainable sport tourism development
Home stay accommodation for tourism development in east coast economic region,2012,15,American Journal of Applied Sciences,Article,10.3844/ajassp.2012.1085.1090,0,Sport-tourism entrepreneurship
"Exploring Tourism Efficiency and Its Drivers to Understand the Backwardness of the Tourism Industry in Gansu, China",2022,15,International Journal of Environmental Research and Public Health,Article,10.3390/ijerph191811574,7,Sustainable sport tourism development
The Challenge of Tourism in Terraced Landscapes,2019,15,Environmental History (Netherlands),Book chapter,10.1007/978-3-319-96815-5_18,4,Community & local development
"A global perspective of the role of domestic economic, financial and political risks in inbound tourism",2023,15,International Journal of Emerging Markets,Article,10.1108/IJOEM-11-2020-1370,7,Sustainable sport tourism development
The Green and Low-Carbon Development Effect of Comprehensive Sports Events: A Quasi-Natural Experiment From China,2022,15,Frontiers in Environmental Science,Article,10.3389/fenvs.2022.946993,1,Mega-events & host destinations
Construction of nautical tourism ports as an incentive to local development,2016,15,Environmental Engineering and Management Journal,Article,10.30638/eemj.2016.041,0,Sport-tourism entrepreneurship
Tourism in Trinidad and Tobago: Carving a niche in a petroleum-based economy,2008,15,International Journal of Tourism Research,Article,10.1002/jtr.654,0,Sport-tourism entrepreneurship
"Increasing livestock grazing, the unintended consequence of community development funding on giant panda habitat",2021,15,Biological Conservation,Article,10.1016/j.biocon.2021.109074,2,Social innovation & community value
Politicians’ perspective on the community-related impacts of major sports events–a case study for Innsbruck-Tyrol,2017,15,Sport in Society,Article,10.1080/17430437.2016.1274552,1,Mega-events & host destinations
Heritage tourism and inherited institutional structures: The case of Falun Great Copper Mountain,2011,15,Scandinavian Journal of Hospitality and Tourism,Article,10.1080/15022250.2011.540795,4,Community & local development
Cloning animals for tourism in the year 2070,2018,15,Futures,Article,10.1016/j.futures.2017.10.002,0,Sport-tourism entrepreneurship
Stakeholders’ Collaboration in the Development of an Authentic Gastronomic Offering in Rural Areas: Example of the Ravni Kotari Region in Croatia,2023,15,Sustainability (Switzerland),Article,10.3390/su15054649,3,Sport-tourism entrepreneurship
The Planning of Tourism on Rural Areas: The Stakeholders' Perceptions of the Boticas Municipality (Northeastern Portugal),2017,15,European Countryside,Article,10.1515/euco-2017-0030,3,Sport-tourism entrepreneurship
Usability analysis of andalusian spas’ websites,2021,15,Sustainability (Switzerland),Article,10.3390/su13042307,5,Digital innovation in sport tourism/events
The Impact of Socio-Economic Factors on the Development of Rural Tourism: Italian Case Based on a Regional Analysis,2025,15,Tourism and Hospitality,Article,10.3390/tourhosp6010003,3,Sport-tourism entrepreneurship
Use of advanced measurement and reality technologies in cultural heritage sites from the perspective of technology and tourism,2025,15,Current Issues in Tourism,Review,10.1080/13683500.2024.2322693,5,Digital innovation in sport tourism/events
Community-based tourism and entrepreneurship: towards a model for poverty alleviation and sustainable development,2022,15,Journal of Tourism and Development,Article,10.34624/rtd.v39i0.30360,2,Social innovation & community value
Forest and tourism: Economic evaluation and management features under sustainable multifunctionality,2009,15,IForest,Article,10.3832/ifor0514-002,7,Sustainable sport tourism development
Heritage resources and the development of tourist areas in the High Atlas and southern regions of Morocco; [Ressources patrimoniales et développement des territoires touristiques dans le Haut Atlas et les régions sud du Maroc],2014,15,Revue de Geographie Alpine,Article,10.4000/rga.2259,4,Community & local development
"Golden geese or white elephants? The paradoxes of world heritage sites and community-based tourism development in Agra, India",2011,15,Community Development,Article,10.1080/15575330.2010.519042,2,Social innovation & community value
Limiting factors in the field of business activities in rural tourism,2007,15,Agricultural Economics,Article,10.17221/628-agricecon,3,Sport-tourism entrepreneurship
The Influence of Social Entrepreneurship in Tourism on an Arab Village in Israel,2017,15,Tourism on the Verge,Book chapter,10.1007/978-3-319-46518-0_17,6,Sport-tourism entrepreneurship
Analysis of sport management subjects in university Sports Sciences degrees in Spain,2023,15,International Journal of Management Education,Article,10.1016/j.ijme.2023.100771,1,Mega-events & host destinations
The big catch: Negotiating the transition from commercial fisher to tourism entrepreneur in Island environments,2010,15,Asia Pacific Journal of Tourism Research,Article,10.1080/10941665.2010.503616,0,Sport-tourism entrepreneurship
The Practical Application of Sustainable Tourism Development Principles: A Case Study of Creating Innovative Place-Making Tourism Strategies,2008,15,Tourism and Hospitality Research,Article,10.1057/thr.2008.4,7,Sustainable sport tourism development
Green Innovation Behavior Toward Sustainable Tourism Development: A Dual Mediation Model,2022,15,Frontiers in Psychology,Article,10.3389/fpsyg.2022.930973,7,Sustainable sport tourism development
Tourism sustainable practices in rural territories: The case of caretos de podence; [Práticas de Sustentabilidade em Turismo nos Territórios Rurais: Caretos de Podence],2021,15,Journal of Tourism and Development,Article,10.34624/rtd.v1i36.23736,2,Social innovation & community value
"Women’s Role in Africa’s Tourism Industry: Overcoming Gender Disparities, Empowerment, and Entrepreneurship Challenges at a UNESCO World Heritage Site",2024,15,Tourism Planning and Development,Article,10.1080/21568316.2023.2230454,6,Sport-tourism entrepreneurship
Enablers and Barriers of Tourism as a Driver of Economic and Social-cultural Growth in Remote Queensland,2019,15,Economic Papers,Article,10.1111/1759-3441.12246,2,Social innovation & community value
Aspects to justify public tourism promotion: An economic perspective,2006,15,Tourism Review,Review,10.1108/eb058474,0,Sport-tourism entrepreneurship
Value co-creation in tourism living labs,2024,15,Journal of Business Research,Article,10.1016/j.jbusres.2024.114820,0,Sport-tourism entrepreneurship
Assets in the age of tourism: the development of heritage planning in Ghanaian policy,2016,15,Journal of Contemporary African Studies,Article,10.1080/02589001.2017.1285011,4,Community & local development
The rise of popular tourism in the Holy Land: Thomas Cook and John Mason Cook's enterprise skills that shaped the travel industry,2019,15,Tourism Management,Article,10.1016/j.tourman.2019.05.003,0,Sport-tourism entrepreneurship
The legacy of war for community-based tourism development: Learnings from Cambodia,2014,15,Community Development Journal,Article,10.1093/cdj/bst015,2,Social innovation & community value
"Community-based tourism: A panacea for community development in nqileni village, eastern cape, south africa",2021,15,Geojournal of Tourism and Geosites ,Article,10.30892/gtg.34104-615,2,Social innovation & community value
Applying Q-methodology to investigate the perception of the social and economic role of the national park by local stakeholders. Cases of national parks in the Carpathians,2023,14,Journal for Nature Conservation,Article,10.1016/j.jnc.2023.126459,2,Social innovation & community value
"Towards Smart Trends for Tourism Development and its Role in the Place Sustainability-Karbala Region, a Case Study",2022,14,International Journal of Sustainable Development and Planning,Article,10.18280/ijsdp.170323,5,Digital innovation in sport tourism/events
Assessment of changes in environmental factors in a tourism-oriented Island,2023,14,Frontiers in Public Health,Article,10.3389/fpubh.2022.1090497,7,Sustainable sport tourism development
"Evaluating Local Attractiveness for Tourism and Recreation—A Case Study of the Communes in Brzeski County, Poland",2022,14,Land,Article,10.3390/land11010039,0,Sport-tourism entrepreneurship
The complex governance of protected areas: Insights from geoheritage and geopark management in China,2024,14,Environmental Policy and Governance,Article,10.1002/eet.2118,7,Sustainable sport tourism development
Institutional barriers to coffee tourism development: insights from Ethiopia – the birthplace of coffee,2021,14,"International Journal of Culture, Tourism, and Hospitality Research",Article,10.1108/IJCTHR-11-2020-0273,0,Sport-tourism entrepreneurship
Policy and planning of tourism product development in Thailand: A proposed model,2006,14,Asia Pacific Journal of Tourism Research,Article,10.1080/10941660500500576,0,Sport-tourism entrepreneurship
Assessing the user resistance to recommender systems in exhibition,2017,14,Sustainability (Switzerland),Article,10.3390/su9112041,5,Digital innovation in sport tourism/events
Bibliometric mapping of research on magic towns of Mexico,2021,14,Land,Article,10.3390/land10080852,4,Community & local development
Community participation as a driver of sustainable tourism. The case of an Italian village: Marettimo Island,2021,14,Sinergie,Article,10.7433/s114.2021.06,2,Social innovation & community value
Sports event portfolios: an innovative tool and a new management paradigm,2022,14,International Journal of Sports Marketing and Sponsorship,Article,10.1108/IJSMS-02-2021-0024,1,Mega-events & host destinations
"The influence of tourism revenue sharing constraints on sustainable tourism development: a study of Aksu-Jabagly nature reserve, Kazakhstan",2022,14,Asian Geographer,Article,10.1080/10225706.2021.1894462,7,Sustainable sport tourism development
Toward a co-Creation framework for developing a green sports event brand: the case of the 2018 Zürich E Prix,2021,14,Journal of Sport and Tourism,Article,10.1080/14775085.2021.1895872,1,Mega-events & host destinations
Local community entrepreneurship: A case study of the Lenggong Valley,2014,14,Asian Social Science,Article,10.5539/ass.v10n10p226,2,Social innovation & community value
THE STATE OF TOURISM AND COMMUNITY DEVELOPMENT RESEARCH AND FUTURE DIRECTIONS,2021,14,Tourism Review International,Article,10.3727/154427221X16098837279994,2,Social innovation & community value
Factors constraining international growth in nautical tourism firms,2019,14,Sustainability (Switzerland),Article,10.3390/su11236846,0,Sport-tourism entrepreneurship
Can the diffusion modes of green technology affect the enterprise’s technology diffusion network towards sustainable development of hospitality and tourism industry in china?,2021,14,Sustainability (Switzerland),Article,10.3390/su13169266,5,Digital innovation in sport tourism/events
"Tourism, mobile livelihoods and ‘disorderly’ development in the Colca Valley, Peru",2019,14,Tourism Geographies,Article,10.1080/14616688.2018.1522544,3,Sport-tourism entrepreneurship
The role of social ties for culture-led development in inner areas. The case of the 2016–2017 Central Italy earthquake,2021,14,European Planning Studies,Article,10.1080/09654313.2020.1759512,4,Community & local development
Tourism and sustainable development: Lessons from recent World Bank experience,2005,14,The Economics of Tourism and Sustainable Development,Book chapter,10.4337/9781845426781.00012,7,Sustainable sport tourism development
Financing social entrepreneurship in tourism in a volatile environment,2024,14,Current Issues in Tourism,Article,10.1080/13683500.2023.2188583,6,Sport-tourism entrepreneurship
"The Resilience of Rural Tourism and Adjustment Measures for Surviving The COVID-19 Pandemic: Evidence from Bromo Tengger Semeru National Park, Indonesia",2022,14,Forest and Society,Article,10.24259/fs.v6i1.18054,3,Sport-tourism entrepreneurship
"The Effects of Tourism on Local Development in Protected Nature Areas: The Case of Three Nature Parks of the Sierra Morena (Andalusia, Spain)",2023,14,Land,Article,10.3390/land12040898,4,Community & local development
Developing Forest Coffe Cultural Tourism and Historical Heritage Megalitic Sites in Social Innovation Governance: How Does it Work in a Sustainable Way?,2022,14,Journal of Environmental Management and Tourism,Article,10.14505/jemt.v13.4(60).10,4,Community & local development
Entrepreneurs in craft beer and tourism: Perspectives from South Africa,2019,14,Geojournal of Tourism and Geosites ,Article,10.30892/gtg.27404-423,0,Sport-tourism entrepreneurship
"Life after tsunami: The transformation of a post-tsunami and post-conflict tourist destination; the case of halal tourism, Aceh, Indonesia",2019,14,International Development Planning Review,Article,10.3828/idpr.2019.15,0,Sport-tourism entrepreneurship
Urbanization and tourism economic development,2025,14,Finance Research Letters,Article,10.1016/j.frl.2024.106632,0,Sport-tourism entrepreneurship
"Quality of life assessments and social sustainability: Ski tourism development in invermere, British Columbia",2011,14,Journal of Environmental Assessment Policy and Management,Conference paper,10.1142/S1464333211003845,2,Social innovation & community value
Marginal places and tourism: the role of Buddhist centers in Italy,2017,14,Journal of Tourism and Cultural Change,Article,10.1080/14766825.2016.1170840,2,Social innovation & community value
Rural-based tourism and local economic development: Evidence from Indonesia,2020,14,Geojournal of Tourism and Geosites ,Article,10.30892/GTG.31330-553,3,Sport-tourism entrepreneurship
Local Arts Agencies as Destination Management Organizations,2012,14,Journal of Travel Research,Article,10.1177/0047287511426338,4,Community & local development
Conceptualizing peer-to-peer accommodations as disruptions in the urban tourism system,2023,14,Journal of Sustainable Tourism,Article,10.1080/09669582.2020.1864387,0,Sport-tourism entrepreneurship
IoT Innovations for Transforming the Future of Tourism Industry: Towards Smart Tourism Systems,2025,14,Journal of Intelligent Systems and Internet of Things,Article,10.54216/JISIoT.140213,5,Digital innovation in sport tourism/events
Sustainable Cultural Tourism and Development: Community the Perspectives of Residents' and the Application of Social Exchange Theory,2022,14,Journal of Urban Culture Research,Article,10.14456/jucr.2022.1,2,Social innovation & community value
Creating authentic indigenous tourism experiences,2025,14,Annals of Tourism Research,Article,10.1016/j.annals.2024.103882,6,Sport-tourism entrepreneurship
Assessing the income multiplier of trail-related tourism in a coastal area of Portugal,2022,14,International Journal of Tourism Research,Article,10.1002/jtr.2487,2,Social innovation & community value
"Constraints facing tourism entrepreneurs in South Africa: A study in the Gauteng and Mpumalanga provinces, South Africa",2008,14,Development Southern Africa,Article,10.1080/03768350802212063,0,Sport-tourism entrepreneurship
Evaluation of the determinant factors of innovation in colombia's tourist product,2015,14,Tourism Analysis,Article,10.3727/108354215X14205687167789,0,Sport-tourism entrepreneurship
"Exploring the Coordination and Spatial–Temporal Characteristics of the Tourism–Economy–Environment Development in the Pearl River Delta Urban Agglomeration, China",2023,13,International Journal of Environmental Research and Public Health,Article,10.3390/ijerph20031981,7,Sustainable sport tourism development
Economic Geography of Tourism,2025,13,Advances in Spatial Science,Book chapter,10.1007/978-3-031-88626-3,7,Sustainable sport tourism development
The residents' participation in tourism based social entrepreneurship organization: Evidence from residents’ perception on ecosphere social enterprise,2023,13,Journal of Outdoor Recreation and Tourism,Article,10.1016/j.jort.2023.100687,2,Social innovation & community value
Integrating halal tourism with sustainable development goals through Islamic values environmental responsibility and technological innovation,2025,13,Discover Sustainability,Review,10.1007/s43621-025-01503-3,7,Sustainable sport tourism development
Tourist Preferences for Revitalizing Wellness Products and Reversing Depopulation in Rural Destinations,2023,13,Sustainability (Switzerland),Article,10.3390/su152416736,0,Sport-tourism entrepreneurship
An empirical assessment of owner-manager motives in the B&B and vacation home sector,2008,13,Tourism Review,Article,10.1108/16605370810912191,0,Sport-tourism entrepreneurship
Post-COVID-19 Tourism: Transformations of Travelling Experience,2023,13,"COVID-19, Tourist Destinations and Prospects for Recovery: Volume One: A Global Perspective",Book chapter,10.1007/978-3-031-22257-3_15,0,Sport-tourism entrepreneurship
"Exploring the interplay of tourism impacts, quality of life, and community engagement in developing sustainable nature-based tourism in Pakistan",2024,13,GeoJournal,Article,10.1007/s10708-024-11025-6,7,Sustainable sport tourism development
The systems approach to the improvement of innovation in Slovenian tourism,2014,13,Kybernetes,Article,10.1108/K-07-2013-0154,0,Sport-tourism entrepreneurship
Urban–Rural Integration Empowers High-Quality Development of Tourism Economy: Mechanism and Empirical Evidence,2023,13,Sustainability (Switzerland),Article,10.3390/su152215893,3,Sport-tourism entrepreneurship
Handicrafts as cultural creative clusters: a spatial-cultural planning approach for the regeneration of the urban historical fabrics,2024,13,International Journal of Tourism Cities,Article,10.1108/IJTC-02-2024-0042,4,Community & local development
Key issues for tourism development – the AM-UNWTO contribution,2016,13,Worldwide Hospitality and Tourism Themes,Review,10.1108/WHATT-09-2016-0050,7,Sustainable sport tourism development
Evidence-Based Exploration as the Ground for Heritage-Led Pathways in Insular Territories: Case Study Greek Islands,2022,13,Heritage,Article,10.3390/heritage5030143,4,Community & local development
Innovativeness of tourism enterprises: Example of Poland,2021,13,Sustainability (Switzerland),Article,10.3390/su13031024,0,Sport-tourism entrepreneurship
Developing China's hainan into an international tourism destination: How far can this go?,2011,13,East Asia,Article,10.1007/s12140-011-9143-2,0,Sport-tourism entrepreneurship
"The Tourism Potential of Post-mining Heritage Sites: The Cyprus Mining Cooperation in Lefka, Cyprus",2022,13,Geoheritage,Article,10.1007/s12371-022-00697-6,4,Community & local development
Re-Imagining Heritage Tourism in Post-COVID Sub-Saharan Africa: Local Stakeholders’ Perspectives and Future Directions,2023,13,Sustainability (Switzerland),Article,10.3390/su15054339,4,Community & local development
Conservation of Culture Heritage Tourism: A Case Study in Langkawi Kubang Badak Remnant Charcoal Kilns,2023,13,Sustainability (Switzerland),Article,10.3390/su15086554,4,Community & local development
Determinants of CSR application in the hotel industry of the Colombian Caribbean,2019,13,Sustainability (Switzerland),Article,10.3390/su11185045,7,Sustainable sport tourism development
Does tourism sector matter in regional economic development,2021,13,Geojournal of Tourism and Geosites ,Article,10.30892/GTG.37313-715,0,Sport-tourism entrepreneurship
"Tourism development dilemmas in Musina Municipality: evidence from the Big Tree Nature Reserve and neighboring entities, Vhembe district, South Africa",2023,13,Journal of Economic and Administrative Sciences,Article,10.1108/JEAS-02-2021-0034,2,Social innovation & community value
"Towards Innovation Performance of the Hospitality and Tourism Industry: Interplay among Business Ethics Diffusion, Service Innovation, and Knowledge-Sharing",2023,13,Sustainability (Switzerland),Article,10.3390/su15010886,0,Sport-tourism entrepreneurship
"Nicknaming tourism as development: commercialization of culture and nature in CHT, Bangladesh",2022,13,Journal of Tourism and Cultural Change,Article,10.1080/14766825.2021.1966022,2,Social innovation & community value
Second homes and local socio-economic development: the case of Croatia,2018,13,Journal of Housing and the Built Environment,Article,10.1007/s10901-017-9562-5,2,Social innovation & community value
The impact of financial innovation and infrastructure on inbound tourism in Central Asia,2024,13,"Journal of Open Innovation: Technology, Market, and Complexity",Article,10.1016/j.joitmc.2023.100175,0,Sport-tourism entrepreneurship
Participatory modeling as a tool for community development planning: Tourism in the Northern Forest,2010,13,Community Development,Article,10.1080/15575330903477283,2,Social innovation & community value
PLANNING SUSTAINABLE TOURISM IN UNESCO WINE REGIONS: THE CASE OF THE LANGHE-ROERO AND MONFERRATO AREA,2022,13,European Spatial Research and Policy,Article,10.18778/1231-1952.29.2.06,7,Sustainable sport tourism development
Social Innovation Project and Tourism Lifestyle Entrepreneurship to Revitalize the Marginal Areas. The Case of the via Francigena Cultural Route,2023,13,Tourism Planning and Development,Article,10.1080/21568316.2022.2161616,4,Community & local development
From reeds to tourism: The transformation of territorial conflicts in the Titicaca National Reserve,2006,13,Current Issues in Tourism,Article,10.1080/13683500608668240,2,Social innovation & community value
Evaluating 'best practice' in integrated rural tourism: Case examples from the England - Wales border region,2009,13,Environment and Planning A,Article,10.1068/a41294,3,Sport-tourism entrepreneurship
A critical comparison of tourism policies of Hong Kong and Singapore - An avenue to mutual learning,2008,13,International Journal of Tourism Research,Article,10.1002/jtr.656,0,Sport-tourism entrepreneurship
Innovation in tourism: A diverging line of research in need of a synthesis,2018,13,Tourism Economics,Article,10.1177/1354816618773189,0,Sport-tourism entrepreneurship
LEADERSHIP AND ENTREPRENEURSHIP FOR CREATIVITY AND SURVIVAL OF TOURISM VILLAGES IN THE COVID-19 TIMES: THE MODERATING ROLE OF EXTERNAL SUPPORT,2022,12,International Journal of Professional Business Review,Review,10.26668/businessreview/2022.v7i5.e940,3,Sport-tourism entrepreneurship
Teoretical approach concerning the development of sustainable tourism as tourist destination in kosovo,2018,12,Geojournal of Tourism and Geosites ,Article,10.30892/gtg.22218-305,0,Sport-tourism entrepreneurship
Residents’ perceptions of tourism development in the context of a new governance framework for Portuguese protected areas: The case of a small peripheral natural park,2024,12,Journal of Rural Studies,Article,10.1016/j.jrurstud.2024.103451,2,Social innovation & community value
"Comprehensive Analysis of Rural Tourism Development: Historical Evolution, Current Trends, and Future Prospects",2025,12,Sustainability (Switzerland),Article,10.3390/su17031045,3,Sport-tourism entrepreneurship
Conditions for development of the entrepreneurial ecosystem in tourism in the border area of the european union: The example of the tri-border area of poland–belarus–ukraine,2021,12,Sustainability (Switzerland),Article,10.3390/su132413595,0,Sport-tourism entrepreneurship
Tourism and Third Sector Organisations-Strangers or Partners?,2011,12,Tourism Planning and Development,Article,10.1080/21568316.2011.554741,0,Sport-tourism entrepreneurship
Role of public participation in heritage tourism development in Egypt: A case study of fuwah city,2020,12,WIT Transactions on Ecology and the Environment,Article,10.2495/SDP200031,4,Community & local development
Differing perceptions and tensions among tourists and locals concerning a national park region in Norway,2022,12,Journal of Rural Studies,Article,10.1016/j.jrurstud.2022.07.017,2,Social innovation & community value
"Wine Tourism Development: Life Cycles of Wine Routes, Wine Resorts and Lifestyles in the Cape Winelands",2020,12,Geographies of Tourism and Global Change,Book chapter,10.1007/978-3-030-29377-2_12,0,Sport-tourism entrepreneurship
Conservation and Sustainable Development of Human-inhabited World Heritage Site: Case of World Heritage Lijiang Old Town,2017,12,Built Heritage,Article,10.1186/BF03545663,4,Community & local development
ESG Performance and Enterprise Value in Chinese Tourism Companies: The Chained Mediating Roles of Media Attention and Green Innovation,2024,12,Sustainability (Switzerland),Article,10.3390/su162310372,7,Sustainable sport tourism development
Social Enterprise Evaluation: Implications for Tourism Development,2017,12,Tourism on the Verge,Book chapter,10.1007/978-3-319-46518-0_10,2,Social innovation & community value
Online destination marketing: Maximising the tourism potential of a sports event,2010,12,International Journal of Sport Management and Marketing,Article,10.1504/IJSMM.2010.029712,1,Mega-events & host destinations
"Indigenous communities engaging in tourism development in Arizona, USA",2022,12,Journal of Heritage Tourism,Article,10.1080/1743873X.2021.1999458,2,Social innovation & community value
Tourism and third sector organisations: Synergies for responsible tourism development?; [Turismo e terceiro sector: Sinergias para o desenvolvimento turístico responsável?],2022,12,Tourism and Management Studies,Article,10.18089/tms.2022.180101,0,Sport-tourism entrepreneurship
Understanding the Global-Local Nexus in the Context of the Olympic Games: Implications for Managing Community Development Through Sport Megaevents,2022,12,Journal of Sport Management,Article,10.1123/jsm.2020-0380,1,Mega-events & host destinations
"One stone, two birds: harnessing interfaith tourism for peacebuilding and socio-economic development",2022,12,Journal of Sustainable Tourism,Article,10.1080/09669582.2021.1901907,7,Sustainable sport tourism development
Measuring environmental and landscape-related potential for tourism development in rural areas and assessment of its co-occurrence with tourist movement: The case of Poland,2021,12,Moravian Geographical Reports,Article,10.2478/mgr-2021-0009,3,Sport-tourism entrepreneurship
Examining roles of tour dure producers for social capital and innovativeness in community-based tourism,2019,12,Sustainability (Switzerland),Article,10.3390/su11195337,2,Social innovation & community value
Tourism development: national policies and tourism priorities in Ghana,2020,12,International Journal of Tourism Policy,Article,10.1504/IJTP.2020.112644,0,Sport-tourism entrepreneurship
Tourism development through heritage enhancement and hospitality innovation,2013,12,International Journal of Globalisation and Small Business,Article,10.1504/IJGSB.2013.050486,4,Community & local development
"SENSING, SEIZING, AND RECONFIGURING: UNDERSTANDING WINE TOURISM DEVELOPMENT IN EMERGING ECONOMIES THROUGH THE DYNAMIC CAPABILITIES APPROACH",2021,12,Tourism Analysis,Article,10.3727/108354220X15971736680039,0,Sport-tourism entrepreneurship
The making of the Tour de France cycling race as a tourist attraction,2020,12,World Leisure Journal,Article,10.1080/16078055.2020.1798054,1,Mega-events & host destinations
Cultural Tourism Routes as Incubators for Innovation and Economic Diversification: A Potential Analysis in the Framework of the New Silk Road Initiative in Azerbaijan,2020,12,Zeitschrift fur Wirtschaftsgeographie,Article,10.1515/zfw-2019-0021,4,Community & local development
Who controls tourism innovation policy? The case of rural tourism,2014,12,Tourism Analysis,Article,10.3727/108354214X14090817030955,3,Sport-tourism entrepreneurship
Global innovations in tourism,2016,12,Innovative Marketing,Article,10.21511/im.12(3).2016.04,0,Sport-tourism entrepreneurship
On the move: Emerging fields of transport research in urban tourism,2016,12,Tourism in the City: Towards an Integrative Agenda on Urban Tourism,Book chapter,10.1007/978-3-319-26877-4_5,0,Sport-tourism entrepreneurship
"Semi-Acquaintance Society in Rural Community-Based Tourism: Case Study of Moon Village, China",2023,12,Sustainability (Switzerland) ,Article,10.3390/su15065000,3,Sport-tourism entrepreneurship
Impact of image and satisfaction on marketing innovation,2016,12,Journal of Technology Management and Innovation,Article,10.4067/S0718-27242016000200007,0,Sport-tourism entrepreneurship
"Local museums as catalysts for development: Mamoiada, Sardinia, Italy",2011,12,Journal of Heritage Tourism,Article,10.1080/1743873X.2010.515311,4,Community & local development
BIBLIOMETRIC AND CONTENT ANALYSIS OF GLOBAL TRENDS IN DIGITAL TRANSFORMATION AND RURAL TOURISM,2025,11,Geojournal of Tourism and Geosites,Article,10.30892/gtg.58114-1399,3,Sport-tourism entrepreneurship
The innovative potential of inbound tourism in Japan for destination development–a case study of Hida Takayama,2012,11,Contemporary Japan,Article,10.1515/cj-2012-0007,0,Sport-tourism entrepreneurship
Initiating a sustainable community-based agritourism model of herbal garden in a rural area of Indonesia: perspectives from community members,2024,11,Cogent Social Sciences,Article,10.1080/23311886.2024.2347049,2,Social innovation & community value
"Collaborative Synergies for Elevated Destination Experiences: A Model of Cooperation between Hotel Companies, DMOs, and Local Stakeholders",2024,11,Organizacija,Article,10.2478/orga-2024-0002,0,Sport-tourism entrepreneurship
The development of youth and woman entrepreneurship program in village tourism through partnership,2021,11,Geojournal of Tourism and Geosites ,Article,10.30892/gtg.334spl14-605,6,Sport-tourism entrepreneurship
Rural and traditional cafes and restaurants: a new emerging trend in domestic tourism,2023,11,Worldwide Hospitality and Tourism Themes,Article,10.1108/WHATT-08-2022-0098,3,Sport-tourism entrepreneurship
REVOLUTIONIZING TRAVEL: THE ROLE OF SMART TOURISM TECHNOLOGIES IN ENHANCING TOURIST SATISFACTION AND SHAPING SUSTAINABLE DESTINATION IMAGES: INSIGHTS FROM ISTANBUL,2025,11,Geojournal of Tourism and Geosites,Article,10.30892/gtg.58141-1426,5,Digital innovation in sport tourism/events
Social network dynamics and innovation in small tourism companies,2014,11,Knowledge Networks and Tourism,Book chapter,10.4324/9780203768754-10,0,Sport-tourism entrepreneurship
Tourism-planning network knowledge dynamics,2014,11,Knowledge Networks and Tourism,Book chapter,10.4324/9780203768754-9,0,Sport-tourism entrepreneurship
"(Un)related variety, urban milieu and tourism-company differentiation",2016,11,Tourism Geographies,Article,10.1080/14616688.2016.1200129,0,Sport-tourism entrepreneurship
Coffee and gastronomy: a potential ‘marriage’? The case of Vietnam,2023,11,International Journal of Contemporary Hospitality Management,Article,10.1108/IJCHM-04-2022-0440,0,Sport-tourism entrepreneurship
Supporting the development of homestay tourism in the Yangtze River Delta: A study based on tourists’ perceived value,2020,11,Journal of Resources and Ecology,Article,10.5814/j.issn.1674-764x.2020.06.010,4,Community & local development
Temporal changes in a small-scale artisanal reef fishery in Brazil: Coastal development and its impacts,2024,11,Marine Policy,Article,10.1016/j.marpol.2024.106186,7,Sustainable sport tourism development
"Positive Outcomes of Cross-Border Tourism Development Cooperation: A Case of Kazakhstan, Kyrgyzstan and Uzbekistan",2024,11,Region,Article,10.18335/region.v11i2.494,0,Sport-tourism entrepreneurship
"Initiation and establishment of ecotourism development: Pandin Lake of San Pablo City and Tayak Hill of Rizal, Laguna, Philippines",2021,11,GeoJournal,Article,10.1007/s10708-020-10216-1,2,Social innovation & community value
"Tourism-a viable alternative for the development of rural mountainous communities. case study: Eftimie murgu, cara?-severin county, Romania",2018,11,Geojournal of Tourism and Geosites ,Article,10.30892/gtg.22212-299,4,Community & local development
"Tourism and Local Economic Development in King Sabata Dalindyebo Local Municipality, South Africa: Stakeholder Perspectives",2021,11,"African Journal of Hospitality, Tourism and Leisure",Article,10.46222/AJHTL.19770720-92,2,Social innovation & community value
Leveraging sport events for the promotion of human rights in host communities: diffusion of anti-trafficking campaigns at Super Bowl LIV,2023,11,Sport Management Review,Article,10.1080/14413523.2022.2120010,1,Mega-events & host destinations
Developing an identities-based approach to support more robust resilience and recovery in heritage planning and management,2023,11,Built Heritage,Article,10.1186/s43238-023-00082-4,4,Community & local development
The Potential of Disruptive Transport Infrastructure for Tourism Development in Emerging Island Destinations: Research Project in the Faroe Islands,2024,11,Island Studies Journal,Article,10.24043/isj.387,0,Sport-tourism entrepreneurship
"Factors Affecting Human Capital and Innovative Entrepreneurial Capabilities of Tour Operators: Evidence from Andaman Coast, Thailand*",2020,11,"Journal of Asian Finance, Economics and Business",Article,10.13106/jafeb.2020.vol7.no10.359,0,Sport-tourism entrepreneurship
"Mimisbrunnr Climate Park – A network for heritage learning, tourism development, and climate consciousness",2016,11,Journal of Heritage Tourism,Article,10.1080/1743873X.2015.1082570,4,Community & local development
Navigating cross-cultural port tourism: Unleashing the psychological safety valve for risk management,2023,11,Ocean and Coastal Management,Article,10.1016/j.ocecoaman.2023.106888,4,Community & local development
Exploring the role of women entrepreneurs in revitalizing historic Nazareth,2024,11,Journal of Sustainable Tourism,Article,10.1080/09669582.2022.2145291,6,Sport-tourism entrepreneurship
The most marginalized people in Uganda? Alternative realities of Batwa at Bwindi Impenetrable National Park,2020,11,World Development Perspectives,Article,10.1016/j.wdp.2020.100267,2,Social innovation & community value
Green Economy: Increasing Economic Growth to Support Sustainable Tourism in Super Priority Destinations,2024,11,International Journal of Sustainable Development and Planning,Article,10.18280/ijsdp.191031,7,Sustainable sport tourism development
Improving the local development: the stakeholders’ point of view on Italian railway tourism,2024,11,Leisure Studies,Article,10.1080/02614367.2023.2230535,4,Community & local development
"Participatory governance of intangible heritage to develop sustainable rural tourism: the timber-raftsmen of La Pobla de Segur, Spain",2023,11,Journal of Heritage Tourism,Article,10.1080/1743873X.2023.2235440,4,Community & local development
Indigenous Forestry Tourism Dimensions: A Systematic Review,2022,11,Forests,Review,10.3390/f13020298,2,Social innovation & community value
"Developing a Community-Based Tourism Model for Sustainable Tourism in the Mandeh Area, West Sumatra Province, Indonesia",2023,11,International Journal of Sustainable Development and Planning,Article,10.18280/ijsdp.181114,2,Social innovation & community value
Placetelling® as a strategic tool for promoting niche tourism to islands: The case of Cape Verde,2020,11,Sustainability (Switzerland),Article,10.3390/su12104333,4,Community & local development
Testing Convergence of Tourism Development and Exploring Its Influencing Factors: Empirical Evidence from the Greater Bay Area in China,2022,11,Sustainability (Switzerland),Article,10.3390/su14116616,0,Sport-tourism entrepreneurship
Digital Economy: Information Technology and Trends in Tourism,2020,11,E3S Web of Conferences,Conference paper,10.1051/e3sconf/202015904029,5,Digital innovation in sport tourism/events
Scale development for measuring displacement in rural tourism gentrification: a resident perception perspective,2023,11,Asia Pacific Journal of Tourism Research,Article,10.1080/10941665.2023.2283007,3,Sport-tourism entrepreneurship
The landscape as a tourist resource and its impact in mountain areas in the south of castilla-la mancha (Spain),2016,11,International Journal of Sustainable Development and Planning,Article,10.2495/SDP-V11-N3-345-354,3,Sport-tourism entrepreneurship
Tourism development techniques in the urban master plan,2022,11,Cogent Business and Management,Article,10.1080/23311975.2022.2042977,0,Sport-tourism entrepreneurship
Understanding local entrepreneurship and small enterprises in the tourism–development nexus: The case of western Uganda,2017,11,Development Southern Africa,Article,10.1080/0376835X.2016.1259991,0,Sport-tourism entrepreneurship
Empowering the community or escape daily routine—a voluntourism perspective,2021,11,Sustainability (Switzerland),Article,10.3390/su132112032,2,Social innovation & community value
The potential of local KIBS companies as a determinant of tourism development in Krakow,2014,11,Tourism Economics,Article,10.5367/te.2013.0351,0,Sport-tourism entrepreneurship
OPPORTUNITIES FOR THE DEVELOPMENT OF INNOVATION AMONG HOTELS IN NORTHERN HUNGARY,2022,11,Geojournal of Tourism and Geosites ,Article,10.30892/gtg.40132-828,0,Sport-tourism entrepreneurship
Motivation and high performance sports events: An exploratory investigation of the motives underlying repeated participation,2019,11,International Journal of Sport Management and Marketing,Article,10.1504/IJSMM.2019.097001,1,Mega-events & host destinations
Collaborative capacity building as a resilience strategy for tourism development in indigenous Mexico,2017,11,"Tourism, Resilience and Sustainability: Adapting to Social, Political and Economic Change",Book chapter,10.4324/9781315464053-11,3,Sport-tourism entrepreneurship
Government intervention in tourism development: Case studies from Japan and South Australia,2006,11,Current Issues in Tourism,Article,10.1080/13683500608668239,2,Social innovation & community value
Exploring digital economy influence towards tourism innovation: An empirical research based on Chinese tourism industry,2024,11,International Journal of Tourism Research,Article,10.1002/jtr.2715,5,Digital innovation in sport tourism/events
Indigenous tourism and the challenge of sustainability,2013,10,The Routledge Handbook of Cultural Tourism,Book chapter,10.4324/9780203120958,2,Social innovation & community value
"Ensuring the development of tourism in the regions of the Russian Federation, with account of the tourism infrastructure factors",2016,10,Indian Journal of Science and Technology,Article,10.17485/ijst/2016/v9i5/87599,0,Sport-tourism entrepreneurship
EXPLORING MARINE TOURISM ON SUSTAINABLE DEVELOPMENT SEGMENT IN INDONESIA: SPAR-4-SLR,2025,10,Geojournal of Tourism and Geosites,Article,10.30892/gtg.58121-1406,7,Sustainable sport tourism development
Tourism and poverty alleviation in the Global South: Emerging corporate social responsibility in the Namibian nature-based tourism industry,2019,10,"Natural Resources, Tourism and Community Livelihoods in Southern Africa: Challenges of Sustainable Development",Book chapter,10.4324/9780429289422-10,7,Sustainable sport tourism development
The Fromelles Interment 2010: dominant narrative and reflexive thanatourism,2016,10,Current Issues in Tourism,Article,10.1080/13683500.2013.823918,4,Community & local development
Diversification into agritourism by cocoa farmers in Ghana as an alternative source of income,2022,10,Agricultural Finance Review,Article,10.1108/AFR-10-2021-0136,3,Sport-tourism entrepreneurship
Citizen cocreation in tourist and cultural events,2018,10,Event Management,Article,10.3727/152599518X15300559277001,1,Mega-events & host destinations
City branding as innovation for tourism development: systematic review of literature from 2011 to 2023,2025,10,Management Review Quarterly,Article,10.1007/s11301-024-00431-2,0,Sport-tourism entrepreneurship
Assessing sustainability in rural tourism: insights from accommodation managers and residents in Navarre,2025,10,Journal of Rural Studies,Article,10.1016/j.jrurstud.2025.103866,3,Sport-tourism entrepreneurship
The importance of social innovations in rural areas,2019,10,DETUROPE,Article,10.32725/det.2019.031,3,Sport-tourism entrepreneurship
“Foresight (prevision) of development of the tourist system in Ukraine”,2023,10,Problems and Perspectives in Management,Article,10.21511/ppm.21(4).2023.52,0,Sport-tourism entrepreneurship
Rural area and agricultural region revitalisation modelling,2023,10,Land Degradation and Development,Article,10.1002/ldr.4442,3,Sport-tourism entrepreneurship
Total Quality Management in Sport Tourism and the Hospitality Industry: The Case of Greek Luxury Resorts with Sport and Recreation Facilities and Services,2024,10,Sustainability (Switzerland) ,Article,10.3390/su16051894,1,Mega-events & host destinations
Towards just production of tourism space via dialogical everyday politics in destination communities,2020,10,Environment and Planning C: Politics and Space,Article,10.1177/2399654419887964,2,Social innovation & community value
Managing herder-community-based tourism: An institutional framework for an integrated social–ecological system,2021,10,Sustainability (Switzerland),Article,10.3390/su13074001,2,Social innovation & community value
Impacts on and Responses of Tourism SMEs and MEs on the COVID-19 Pandemic - The Case of Norway,2021,10,Virus Outbreaks and Tourism Mobility: Strategies to Counter Global Health Hazards,Book chapter,10.1108/978-1-80071-334-520211016,0,Sport-tourism entrepreneurship
"Urban heritage tourism in Chandernagore, India: revival of shared Indo-French Legacy",2022,10,GeoJournal,Article,10.1007/s10708-020-10328-8,4,Community & local development
A Local Transboundary Approach to the Governance of Mediterranean Coastal Borderlands,2018,10,Coastal Management,Article,10.1080/08920753.2018.1498713,0,Sport-tourism entrepreneurship
Empirical Research into the Development Mechanism of Industry Innovation of Health and Wellness Tourism in the Context of the Sharing Economy,2022,10,International Journal of Environmental Research and Public Health,Article,10.3390/ijerph191912479,0,Sport-tourism entrepreneurship
Integrating Locals’ Importance–Performance Perception of Community Resilience into Sustainable Indigenous Tourism Management,2024,10,Sustainability (Switzerland) ,Article,10.3390/su16125070,2,Social innovation & community value
A regenerative approach to tourism: Learnings from community enterprises,2025,10,Journal of Outdoor Recreation and Tourism,Article,10.1016/j.jort.2025.100900,2,Social innovation & community value
Ecolabels as a Tool of Sustainable Development in Tourist Destinations,2022,10,Sustainability (Switzerland),Article,10.3390/su14106313,0,Sport-tourism entrepreneurship
Mapping Innovation and Sustainability in Rural Tourism: A Bibliometric Approach,2025,10,Sustainability (Switzerland),Article,10.3390/su17062574,3,Sport-tourism entrepreneurship
Indigenous women’s approaches to tourism planning: lessons from Ecuador,2024,10,Journal of Sustainable Tourism,Article,10.1080/09669582.2023.2247580,6,Sport-tourism entrepreneurship
Innovation Strategy of Traditional Village Tourism Development in Liaoning Province under the Background of Smart Village Construction,2018,10,"Proceedings - 3rd International Conference on Intelligent Transportation, Big Data and Smart City, ICITBS 2018",Conference paper,10.1109/ICITBS.2018.00030,5,Digital innovation in sport tourism/events
"""A future in the past""? Tourism development, outport archaeology, and the politics of deindustrialization in Newfoundland and Labrador in the 1990s",2007,10,Urban History Review,Article,10.7202/1015922ar,2,Social innovation & community value
"Analysis of the Geotouristic Activity in the Geologic Park of Aliaga, Spain: Progress, Threats and Challenges for the Future",2015,10,Geoheritage,Article,10.1007/s12371-014-0137-5,7,Sustainable sport tourism development
Approach to Regional Tourism Potential Assessment in View of Cross-Sectoral Ecosystem Development,2022,10,Sustainability (Switzerland),Article,10.3390/su142215476,0,Sport-tourism entrepreneurship
Innovations and networking fostering tourist destination development in Slovakia,2017,10,Quaestiones Geographicae,Article,10.1515/quageo-2017-0039,0,Sport-tourism entrepreneurship
"Participation of the Bidayuh community in tourism developmental initiatives in Bau, Malaysia",2015,10,Life Science Journal,Article,10.7537/marslsj120215.06,2,Social innovation & community value
"A social practice approach to nature-based tours: the case of the Marble Caves in Northern Patagonia, Chile",2022,10,Journal of Ecotourism,Article,10.1080/14724049.2021.1913176,0,Sport-tourism entrepreneurship
Research on Smart Tourism Oriented Sensor Network Construction and Information Service Mode,2022,10,Sensors,Article,10.3390/s222410008,5,Digital innovation in sport tourism/events
Community views on the role of tourism in local development: A South African study,2019,10,Geojournal of Tourism and Geosites ,Article,10.30892/GTG.25228-386,2,Social innovation & community value
"Towards Sustainable Tourism Development in a Small Protected Area: Mapping Stakeholders’ Perceptions in the Alvão Natural Park, Portugal",2024,10,Tourism Planning and Development,Article,10.1080/21568316.2023.2274581,7,Sustainable sport tourism development
Perspectives of sustainable development of tourism in the North-East Region of Romania,2017,10,Sustainability (Switzerland),Article,10.3390/su9010056,7,Sustainable sport tourism development
Social entrepreneurship in tourism: A framework-based scoping review and research agenda,2025,10,Tourism Management Perspectives,Review,10.1016/j.tmp.2025.101351,6,Sport-tourism entrepreneurship
Rural Tourism and the Development of Characteristic Towns in China and Its Influence on Rural Areas,2025,10,International Journal of Agricultural and Environmental Information Systems,Article,10.4018/IJAEIS.370560,3,Sport-tourism entrepreneurship
Paths and strategies to drive MICE into tourism based on gravity model and Wilson model: a case study of Jiangxi Province in China,2020,10,Arabian Journal of Geosciences,Article,10.1007/s12517-020-06215-8,0,Sport-tourism entrepreneurship
Regional Tourism Development in Southeast Asia,2013,10,Transnational Corporations Review,Article,10.1080/19186444.2013.11668679,0,Sport-tourism entrepreneurship
Integrating Internet-of-Things technologies in luxury industries: the roles of consumers’ openness to technological innovations and status consumption,2024,10,Technology Analysis and Strategic Management,Article,10.1080/09537325.2023.2216792,5,Digital innovation in sport tourism/events
Nation-state influence on tourism path creation in Southern Africa,2025,10,Regional Studies,Article,10.1080/00343404.2024.2393685,0,Sport-tourism entrepreneurship
"Festivals, community development and sustainable tourism in the Karpaz region of Northern Cyprus",2013,10,"Journal of Policy Research in Tourism, Leisure and Events",Article,10.1080/19407963.2013.774201,7,Sustainable sport tourism development
Ethnocultural heritage of the North-Eastern Caucasus as a factor of eco-tourism development,2024,9,Journal of Mountain Science,Article,10.1007/s11629-024-8638-4,4,Community & local development
The enduring political viability of governance models in tourist destinations and their implications for people and planet,2023,9,Worldwide Hospitality and Tourism Themes,Article,10.1108/WHATT-09-2023-0115,0,Sport-tourism entrepreneurship
"Historic Water Mills as regenerative ecosystems: Integrating technologies, community engagement and sustainable landscape management",2025,9,Cities,Article,10.1016/j.cities.2025.105982,4,Community & local development
Food tourism initiatives: Resistance on the ground,2010,9,WIT Transactions on Ecology and the Environment,Article,10.2495/SW100671,3,Sport-tourism entrepreneurship
Encouraging innovative and responsible tourism through digital advancement,2025,9,"Digital Disruption in Hospitality, Sustainable Hospitality: A Global Perspective on People, Planet, and Profit",Book chapter,10.1108/978-1-83662-360-120251007,5,Digital innovation in sport tourism/events
Service innovation by Dubai International Airport: the battle to remain competitive,2015,9,Emerald Emerging Markets Case Studies,Article,10.1108/EEMCS-06-2013-0111,0,Sport-tourism entrepreneurship
Revitalizing Urban Heritage for Tourism Development: A Case Study of Baghdad's Old City Center,2023,9,International Journal of Sustainable Development and Planning,Article,10.18280/ijsdp.180913,4,Community & local development
Keeping it free: Sport television and public policy in Australia,2023,9,Journal of Digital Media and Policy,Article,10.1386/jdmp_00098_1,1,Mega-events & host destinations
"Roles of policies, regulations and institutions in sustainability of ocean tourism",2021,9,"Journal of Infrastructure, Policy and Development",Article,10.24294/JIPD.V5I2.1295,7,Sustainable sport tourism development
The embeddedness and hidden political economy of the world heritage site inscription boom in China,2023,9,Growth and Change,Article,10.1111/grow.12665,4,Community & local development
"Geotourism concept development in the basis of environment sustainability, socioculture, and natural science wealth: A case study in Indonesia",2020,9,Journal of Environmental Management and Tourism,Article,10.14505/jemt.11.1(41).17,4,Community & local development
Spatial Differentiation and Convergence Trend of High-quality Development Level of China’s Tourism Economy,2024,9,Chinese Geographical Science,Article,10.1007/s11769-024-1413-1,0,Sport-tourism entrepreneurship
A sustainable urban tourism indicator in Malaysia,2014,9,WIT Transactions on Ecology and the Environment,Article,10.2495/ST140111,7,Sustainable sport tourism development
The integration of a Swedish minority in the hotel business culture: The case of Riva del Sole,2012,9,Tourism Review,Article,10.1108/16605371211216378,0,Sport-tourism entrepreneurship
Regional Tourism Ecosystem as a Tool for Sustainable Development during the Economic Crisis,2024,9,Sustainability (Switzerland),Article,10.3390/su16020884,7,Sustainable sport tourism development
Digital economy and high-quality tourism development: Roles of environmental regulations and foreign direct investments,2026,9,Finance Research Letters,Article,10.1016/j.frl.2025.109361,5,Digital innovation in sport tourism/events
Tourism destinations and tourist behavior based on community interaction models of film-enabled tourism destinations,2023,9,Frontiers in Psychology,Article,10.3389/fpsyg.2022.1108812,4,Community & local development
Problematizing tourism for conservation: An eco-cultural critique on sustainability,2022,9,European Journal of Cultural Management and Policy,Article,10.3389/ejcmp.2022.11094,7,Sustainable sport tourism development
Sustainable Tourism Strategies: Examining Green Service Innovation as a Mediator Between the Marketing Mix and Business Performance in Bali’s Tour and Travel SMEs,2025,9,Tourism and Hospitality,Article,10.3390/tourhosp6030129,7,Sustainable sport tourism development
Exploring the Factors Influencing Tourists’ Satisfaction and Continuance Intention of Digital Nightscape Tour: Integrating the Design Dimensions and the UTAUT2,2024,9,Sustainability (Switzerland),Article,10.3390/su16229932,5,Digital innovation in sport tourism/events
The transition of governance approaches to rural tourism in southern Morocco,2019,9,European Journal of Tourism Research,Article,10.54055/ejtr.v23i.388,3,Sport-tourism entrepreneurship
"Tourism and counterurbanization in a low-amenity peripheral island: A longitudinal study at yakushima island in Kagoshima, Japan",2021,9,Sustainability (Switzerland),Article,10.3390/su13168822,0,Sport-tourism entrepreneurship
The Conception of Application of Computer Virtual Reality Technology in Sports Training,2021,9,Journal of Physics: Conference Series,Conference paper,10.1088/1742-6596/1861/1/012110,5,Digital innovation in sport tourism/events
Cycle tourism as a driver for a sustainable local development. The case of a natural tourist destination in a north-western area of italy,2021,9,Transport and Sustainability,Book chapter,10.1108/S2044-994120210000013013,0,Sport-tourism entrepreneurship
Trans-Himalayan connectivity and sustainable tourism development in Nepal: a study of community perceptions of tourism impacts along the Nepal–China Friendship Highway,2023,9,Asian Geographer,Article,10.1080/10225706.2021.1943470,7,Sustainable sport tourism development
"The short and long of collaborative planning in the mountain resort destination of Canmore, Canada",2011,9,Current Issues in Tourism,Article,10.1080/13683500903545040,2,Social innovation & community value
"THE RISE OF CRAFT BREWING INDUSTRY IN QUÉBEC’S PERIPHERAL REGIONS (CANADA): LOCATION, NEO-LOCALISM, AND COMMUNITY BUILDING",2024,9,Geographical Review,Article,10.1080/00167428.2023.2169883,0,Sport-tourism entrepreneurship
Unlocking Environmental Innovation Through Board Diversity and Governance: A Machine Learning Approach,2026,9,Business Strategy and the Environment,Article,10.1002/bse.70316,7,Sustainable sport tourism development
"MANGROVE BIODIVERSITY AND CONSERVATIONS: FOUNDATION TOWARD ECOTOURISM IMPLEMENTATION IN BINTAN ISLAND, INDONESIA",2023,9,International Journal of Conservation Science,Article,10.36868/IJCS.2023.03.23,7,Sustainable sport tourism development
Exploring how entrepreneurial actors shape tourism development: the case of mountain bike tourism at Rotorua,2019,9,Tourism Recreation Research,Article,10.1080/02508281.2019.1615769,6,Sport-tourism entrepreneurship
"Learning from Dabang, Taiwan: Sustainability and resilience in action in indigenous tourism development",2017,9,"Tourism, Resilience and Sustainability: Adapting to Social, Political and Economic Change",Book chapter,10.4324/9781315464053-13,2,Social innovation & community value
Providing hope: influences of volunteer tourism on program youth,2021,9,Journal of Sustainable Tourism,Article,10.1080/09669582.2020.1855438,2,Social innovation & community value
The Asymmetric Relationship Between Tourism and Economic Growth: A Panel Quantile ARDL Analysis,2025,9,Economies,Article,10.3390/economies13040097,7,Sustainable sport tourism development
"Sport events, urban regimes, and community development: a case study of Nanjing, China",2017,9,Managing Sport and Leisure,Article,10.1080/23750472.2018.1470901,1,Mega-events & host destinations
“A Labour of Love”: Active Lifestyle Entrepreneurship (Occupational Devotion) During a Time of COVID-19,2021,9,Frontiers in Sports and Active Living,Article,10.3389/fspor.2021.624457,6,Sport-tourism entrepreneurship
TOURISM AS AN OPPORTUNITY TO EFFECTIVELY COUNTERACT MARGINALISATION: THE CASE OF THE ITALIAN NATIONAL STRATEGY FOR INNER AREAS,2022,9,European Spatial Research and Policy,Article,10.18778/1231-1952.29.2.04,3,Sport-tourism entrepreneurship
The effects of tourism on economic growth targets achievement,2025,9,Current Issues in Tourism,Article,10.1080/13683500.2024.2345820,7,Sustainable sport tourism development
"Placemaking, local community and tourism; [Koncept preoblikovanja mjesta, lokalna zajednica i turizam]",2021,9,Hrvatski Geografski Glasnik,Article,10.21861/HGG.2021.83.01.04,2,Social innovation & community value
Decline or Rejuvenation? Efficiency Development of China’s National Scenic Areas,2022,9,Forests,Article,10.3390/f13070995,0,Sport-tourism entrepreneurship
  Fruiturisme: The Boost of Fruit Tourism in Catalan Rural Areas,2023,9,Tourism Planning and Development,Article,10.1080/21568316.2022.2122072,3,Sport-tourism entrepreneurship
Consumer Adoption of Mobile Payment Systems: A Lens Into Smartphone-Enabled Tourism,2024,9,International Journal of Tourism Research,Article,10.1002/jtr.2786,5,Digital innovation in sport tourism/events
Tourism clusters and innovation security: Dialectics in the western border regions of Russia,2020,9,Geojournal of Tourism and Geosites ,Article,10.30892/gtg.28110-457,0,Sport-tourism entrepreneurship
The stunning birth of tourism on the islands of Ibiza and Formentera,2021,9,Island Studies Journal,Article,10.24043/isj.149,0,Sport-tourism entrepreneurship
A road map for two decades of sustainable tourism development framework,2023,9,Resilient and Sustainable Destinations After Disaster: Challenges and Strategies,Book chapter,10.1108/978-1-80382-021-720231002,7,Sustainable sport tourism development
Traveling virtually amid the pandemic: antecedents and moderating effects of past visitation experience,2023,9,Asia Pacific Journal of Tourism Research,Article,10.1080/10941665.2023.2264970,5,Digital innovation in sport tourism/events
Entrepreneurship development and tourism in rural African communities,2003,9,Journal of African Business,Article,10.1300/J156v04n01_05,6,Sport-tourism entrepreneurship
Investment-led entrepreneurship and small enterprise development in tourism: Lessons for SDIs from the international experience,2001,9,South African Geographical Journal,Article,10.1080/03736245.2001.9713726,0,Sport-tourism entrepreneurship
Airbnb on the Costa Blanca. Diagnosis and proposal of social and tourist integration,2018,9,International Journal of Sustainable Development and Planning,Article,10.2495/SDP-V13-N7-1008-1019,0,Sport-tourism entrepreneurship
"The Impact of Sporting and Cultural Events in a Heterogeneous Hotel Market: Evidence from Austin, TX",2022,9,Eastern Economic Journal,Article,10.1057/s41302-022-00220-3,1,Mega-events & host destinations
Protection status of a world cultural heritage site under tourism development: Case study of Shuhe Ancient Town,2020,8,IOP Conference Series: Materials Science and Engineering,Conference paper,10.1088/1757-899X/960/3/032101,4,Community & local development
Are knowledge management and green entrepreneurial knowledge the rescuer of sustainable tourism post COVID-19 pandemic?,2023,8,Entrepreneurship and Green Finance Practices: Avenues for Sustainable Business Start-ups in Asia,Book chapter,10.1108/978-1-80455-678-820231011,7,Sustainable sport tourism development
"OUTDOOR TOURISM, KAYAKING, TOURISM POTENTIAL AND TOURISM OPERATIONS IN CENTRAL-EASTERN EUROPE: THE CASE OF POLAND",2021,8,Geojournal of Tourism and Geosites ,Article,10.30892/GTG.40128-824,0,Sport-tourism entrepreneurship
Continued innovation beyond COVID-19 crisis: toward mitigating the challenges in the tourism and hospitality industry,2024,8,Journal of Tourism Futures,Article,10.1108/JTF-10-2023-0221,0,Sport-tourism entrepreneurship
"Development of agrotourism business model as an effort to increase the potency of tourism village(case study: Punten Village, Batu City)",2018,8,MATEC Web of Conferences,Conference paper,10.1051/matecconf/201820403006,0,Sport-tourism entrepreneurship
"Restoring relationships: Water heritage, sense of place, and community engagement",2022,8,Journal of Great Lakes Research,Article,10.1016/j.jglr.2022.08.018,2,Social innovation & community value
"Fostering Urban Destination Prosperity through Post COVID-19 Sustainable Tourism in Craiova, Romania",2023,8,Sustainability (Switzerland),Article,10.3390/su151713106,7,Sustainable sport tourism development
Types of innovation in tourism businesses: The case of New Zealand wine tourism,2014,8,Handbook of Research on Innovation in Tourism Industries,Book chapter,10.4337/9781782548416.00019,0,Sport-tourism entrepreneurship
Digitalization of the Alternative Tourism Marketspace: Evidence from an EU Peripheral Economy,2024,8,Tourism and Hospitality,Article,10.3390/tourhosp5040064,5,Digital innovation in sport tourism/events
Digital Technology and Pentahelix Role Model for Sport Tourism Event of IVCA 2018 in Bali,2018,8,"Proceedings - 2018 International Conference on Applied Science and Technology, iCAST 2018",Conference paper,10.1109/iCAST1.2018.8751618,1,Mega-events & host destinations
Dynamic evolution characteristics and driving factors of tourism ecosystem health in China,2023,8,Frontiers in Public Health,Article,10.3389/fpubh.2023.1127980,7,Sustainable sport tourism development
Motivation-based visitor segmentation in the context of a new governance model for a protected area,2026,8,"Journal of Policy Research in Tourism, Leisure and Events",Article,10.1080/19407963.2024.2390437,7,Sustainable sport tourism development
Sport event innovation: a preliminary conceptualization and directions for future research,2022,8,"Sport, Business and Management: An International Journal",Conference paper,10.1108/SBM-07-2021-0083,1,Mega-events & host destinations
Carbon Emissions Dynamics and Environmental Sustainability in China’s Tourism Sector: A 22-Year Comprehensive Regional Study,2024,8,Sustainability (Switzerland),Article,10.3390/su16167091,7,Sustainable sport tourism development
Sports events and community development: Analysis of the AFCON 2022 host cities in Cameroon,2023,8,Cogent Social Sciences,Article,10.1080/23311886.2023.2195079,1,Mega-events & host destinations
"Transitioning from a Local Railway Hub to a Regional Tourism System: The Story of Peterborough, South Australia",2019,8,Geographies of Tourism and Global Change,Book chapter,10.1007/978-3-030-11950-8_10,0,Sport-tourism entrepreneurship
Technology Innovation as a Destination Branding Tool for Festivals and Events Tourism,2022,8,"Technology Application in Tourism Fairs, Festivals and Events in Asia",Book chapter,10.1007/978-981-16-8070-0_8,5,Digital innovation in sport tourism/events
Impacts of the world heritage list inscription: A case study of kaiping diaolou and villages in China,2019,8,International Journal of Strategic Property Management,Article,10.3846/ijspm.2019.10854,4,Community & local development
Mapping the impact of extreme weather on global events and mass gatherings: Trends and adaptive strategies,2025,8,International Journal of Disaster Risk Reduction,Article,10.1016/j.ijdrr.2025.105628,1,Mega-events & host destinations
"Shepherding at Mǎrginimea Sibiului (Romania); Past, Present and Future",2023,8,European Review,Article,10.1017/S1062798722000230,3,Sport-tourism entrepreneurship
Co-creating communities of place in second home tourism,2024,8,Scandinavian Journal of Hospitality and Tourism,Article,10.1080/15022250.2023.2298454,2,Social innovation & community value
Examining sport tourism role in fostering social sustainability: Qatar youth perceptions,2024,8,Frontiers in Sports and Active Living,Article,10.3389/fspor.2024.1388123,1,Mega-events & host destinations
African cultures as tourism innovative capability in south african tourism sector: A gauteng province perspective,2020,8,Geojournal of Tourism and Geosites ,Review,10.30892/gtg.302spl19-523,0,Sport-tourism entrepreneurship
The role of the MICE sector in Singapore's tourism policy. A historical perspective,2024,8,"Journal of Policy Research in Tourism, Leisure and Events",Article,10.1080/19407963.2022.2043880,0,Sport-tourism entrepreneurship
The interdependence between tourism and innovation activity in the western borderlands of Russia,2021,8,Geojournal of Tourism and Geosites ,Article,10.30892/gtg.34119-630,0,Sport-tourism entrepreneurship
The spatio-temporal evolution and influencing factors of the coupling coordination degree between tourism supply and demand in the Yangtze river economic belt,2024,8,Computational Urban Science,Article,10.1007/s43762-024-00150-0,7,Sustainable sport tourism development
"The Role of Residents and Their Perceptions of the Tourism Industry in Low-Density Areas: The Case of Boticas, in the Northeast of Portugal",2021,8,"Tourism, Hospitality and Event Management",Book chapter,10.1007/978-3-030-65524-2_9,2,Social innovation & community value
"Development of slow tourism challenge and operation architecture: A case study on green island, Taiwan",2015,8,Acta Oeconomica,Conference paper,10.1556/032.65.2015.S2.26,7,Sustainable sport tourism development
"Local people’s perception regarding tourism development: The case of Yogyakarta, Indonesia",2016,8,Journal of Environmental Management and Tourism,Article,10.14505/jemt.v7.3(15).17,2,Social innovation & community value
"Sustainability, the Athens Marathon and Greece’s sport event sector: lessons of resilience, social innovation and the urban commons",2025,8,Sport in Society,Article,10.1080/17430437.2024.2341063,1,Mega-events & host destinations
Challenging the giants: Factors contributing to local homestay competitiveness in Ubud Bali,2019,8,Journal of Social Sciences Research,Article,10.32861/jssr.53.796.802,0,Sport-tourism entrepreneurship
Space Tourism: A Historical and Existential Perspective,2024,8,Sustainability (Switzerland),Article,10.3390/su16010079,0,Sport-tourism entrepreneurship
"ICT as a Support for Value Chain Management in Tourism Destinations: The Case of the City of Cuenca, Ecuador",2023,8,Sustainability (Switzerland),Article,10.3390/su151310181,5,Digital innovation in sport tourism/events
Research on Guangdong Tourism Resources Development and Integration Development under the Background of Rural Revitalization Strategy,2020,8,IOP Conference Series: Earth and Environmental Science,Conference paper,10.1088/1755-1315/546/3/032013,3,Sport-tourism entrepreneurship
"Bread and Circuses, Olive Oil and Money: Commercialised Sport in Ancient Greece and Rome",2022,8,International Journal of the History of Sport,Article,10.1080/09523367.2022.2099383,1,Mega-events & host destinations
Research on tourism development of cultural and creative industry park based on the network text analysis : AA case study of dafen oil painting village in Shenzhen,2017,8,"2017 3rd International Conference on Information Management, ICIM 2017",Conference paper,10.1109/INFOMAN.2017.7950343,4,Community & local development
Attractiveness of South-West Poland municipalities for independent hotel investors,2017,8,Tourism Economics,Article,10.5367/te.2016.0539,0,Sport-tourism entrepreneurship
ABILITY TO DO FOR SELF. A RURAL COMMUNITY’S VIEW OF THE IMPORTANCE OF CAPACITY BUILDING IN SUSTAINABLE TOURISM DEVELOPMENT,2022,8,Geojournal of Tourism and Geosites ,Article,10.30892/gtg.41232-866,2,Social innovation & community value
Post-Soviet single-industry cities in northern Russia: Movement towards sustainable development; [Les villes mono-industrielles post-soviétiques du nord de la Russie: vers un développement durable (étude de cas à Kirosvk)],2018,7,BELGEO,Review,10.4000/BELGEO.27427,7,Sustainable sport tourism development
SUSTAINABLE TOURISM IN THE CURRENT EUROPEAN CONTEXT,2022,7,Contemporary Studies in Economic and Financial Analysis,Book chapter,10.1108/S1569-37592022000108B031,7,Sustainable sport tourism development
"Exploring Spatial–Temporal Coupling and Its Driving Factors of Cultural and Tourism Industry in the Beijing–Tianjin–Hebei Urban Agglomeration, China",2025,7,Sustainability (Switzerland),Article,10.3390/su17030890,4,Community & local development
The economic development of tourism in the United Arab Emirates,2020,7,Spear's Surgery of the Breast: Principles and Art,Book chapter,10.1108/978-1-80071-517-220221008,6,Sport-tourism entrepreneurship
Women Entrepreneurs’ Role in Tourism Co-Creation and Policy: Examining the Case of Cyprus,2025,7,Tourism and Hospitality,Article,10.3390/tourhosp6010033,6,Sport-tourism entrepreneurship
Rethinking sustainable tourism through innovation and knowledge: A conceptual framework for policy and practice,2025,7,Equilibrium. Quarterly Journal of Economics and Economic Policy,Review,10.24136/eq.4010,7,Sustainable sport tourism development
Driving modal shift on low-traffic railway lines through technological innovation: a case study in Piedmont (Italy) including hydrogen fuel-cells as an alternative,2023,7,Transportation Research Procedia,Conference paper,10.1016/j.trpro.2023.02.150,7,Sustainable sport tourism development
Social media power catalyzing urban tourism innovation: applying spatial-institutional-affective framework in placemaking,2025,7,Tourism Geographies,Article,10.1080/14616688.2025.2564275,5,Digital innovation in sport tourism/events
"Not Just Survive, But Thrive: Examining Livelihood Capital, Poverty Reduction, and Sustainable Development in Ethnic Tourism Destinations",2025,7,Cornell Hospitality Quarterly,Article,10.1177/19389655241254979,7,Sustainable sport tourism development
Wise use of wetlands trough community based sustainable tourism development,2024,7,Wetlands Ecology and Management,Article,10.1007/s11273-024-09978-z,7,Sustainable sport tourism development
The Siyakhula living lab: A holistic approach to rural development through ICT in rural South Africa,2010,7,ICTs for Global Development and Sustainability: Practice and Applications,Book chapter,10.4018/978-1-61520-997-2.ch003,2,Social innovation & community value
Spatial Pattern and Influencing Factors of Tourism Resources in Northwestern Ethnic Areas in China—A Case Study of Longde County,2022,7,International Journal of Environmental Research and Public Health,Article,10.3390/ijerph192416684,7,Sustainable sport tourism development
Smart tourism in the Baltic states: current developments and trends,2023,7,Worldwide Hospitality and Tourism Themes,Article,10.1108/WHATT-06-2023-0073,5,Digital innovation in sport tourism/events
"Analysis of Sustainable Development Goals (2016–2030) and Their Integration into Tourism Activities in Lago Agrio Canton, Sucumbíos Province: SDG 9 (Industry, Innovation, and Infrastructure) and SDG 15 (Life on Land)",2025,7,Sustainability (Switzerland),Article,10.3390/su17136023,7,Sustainable sport tourism development
"Caribbean Tourism Development, Sustainability, and Impacts",2022,7,Contemporary Issues Within Caribbean Economies,Book chapter,10.1007/978-3-030-98865-4_10,7,Sustainable sport tourism development
"The research project ⇜earthen architecture in the iberian peninsula: Study of natural, social and anthropic risks and strategies to improve resilience (risk-terra)⇝. Objectives and first methodology",2020,7,"International Archives of the Photogrammetry, Remote Sensing and Spatial Information Sciences - ISPRS Archives",Conference paper,10.5194/isprs-archives-XLIV-M-1-2020-871-2020,4,Community & local development
Barriers influencing the sustainable development of community-based tourism (CBT): evidence from Ciaotou heritage village in Taiwan,2024,7,International Journal of Event and Festival Management,Article,10.1108/IJEFM-03-2024-0029,2,Social innovation & community value
Social innovation and sustainable economic development: Participatory tourism destination management,2019,7,EAI/Springer Innovations in Communication and Computing,Book chapter,10.1007/978-3-319-93575-1_10,7,Sustainable sport tourism development
“Fishing” for Winemaking Perfection in Cloudy Waters…Underwater Wineries: Innovation Genius or Another Marketing Trick? Implications on Wine and Food Tourism,2023,7,Technology Advances and Innovation in Wine Tourism: New Managerial Approaches and Cases,Book chapter,10.1007/978-981-19-8277-4_14,0,Sport-tourism entrepreneurship
Residents’ Perceptions of Tourism: A Decisive Variable in Stimulating Entrepreneurial Intentions and Activities in Tourism in the Mountainous Rural Area of the North-East Region of Romania,2022,7,Sustainability (Switzerland),Article,10.3390/su141610282,3,Sport-tourism entrepreneurship
WHAT DRIVES THE TOURISM INDUSTRY IN SAMARINDA? AN EMPIRICAL EVIDENCE,2022,7,Geojournal of Tourism and Geosites ,Article,10.30892/gtg.43317-911,5,Digital innovation in sport tourism/events
Unfinished indigenous geographies: The endurances and becomings of a Sámi tourism venture,2022,7,Polar Record,Article,10.1017/S003224742200016X,6,Sport-tourism entrepreneurship
Phygital as a Lever for Value Propositions in Italian Cultural Tourism Startups,2024,7,Sustainability (Switzerland) ,Article,10.3390/su16062550,4,Community & local development
Ethnic Soups from Rupea Area (Romania) as Resources for Sustainable Local Development,2023,7,Sustainability (Switzerland),Article,10.3390/su15020943,4,Community & local development
Sustainability evaluation of sports tourism using a linguistic neutrosophic multi-criteria decision-making method,2024,7,PLoS ONE,Article,10.1371/journal.pone.0300341,1,Mega-events & host destinations
Stakeholder Perceptions of Crime and Security in Township Tourism Development,2022,7,"African Journal of Hospitality, Tourism and Leisure",Article,10.46222/ajhtl.19770720.280,2,Social innovation & community value
Technological Innovations in Event Sport Tourism: Case Study of the 2021 Sabre World Cup in Budapest in Hungary,2022,7,Digital Transformation and Innovation in Tourism Events,Book chapter,10.4324/9781003271147-16,1,Mega-events & host destinations
"Three-Dimensional Digital Geospatial Documentation for Cultural Heritage Preservation and Sustainable Management of Tourism Through a Web Platform: The Case Study of the Archaeological Park of Dion, Greece",2025,7,Land,Article,10.3390/land14051062,4,Community & local development
Exploring Generation Z Motivations to Use Metaverse for Travel Planning,2025,7,International Journal of Tourism Research,Article,10.1002/jtr.70074,5,Digital innovation in sport tourism/events
Adoption of Entrepreneurial Behaviours in Sports Tourism in Developing Countries,2022,7,Highlights of Sustainability,Article,10.54175/hsustain1020004,1,Mega-events & host destinations
"The 'SHIP' approach and its value as a community-based research method in Bali, Indonesia",2008,7,Current Issues in Tourism,Article,10.2167/citMP011.0,2,Social innovation & community value
Social Entrepreneurship and Tourism Development in Mexico: A Case Study of North American Social Entrepreneurs in a Mexican Town,2017,7,Tourism on the Verge,Book chapter,10.1007/978-3-319-46518-0_11,6,Sport-tourism entrepreneurship
"Geodiversity, Geoconservation and Sustainable Development in Qian’an National Geopark (Hebei, China)",2024,7,Geoheritage,Article,10.1007/s12371-024-00984-4,7,Sustainable sport tourism development
Profitability in rural restaurants and owners' motivation to agritourism: A case from Nepal,2024,7,International Journal of Tourism Research,Article,10.1002/jtr.2651,3,Sport-tourism entrepreneurship
Tourism value co-creation: the more we contribute – the more we value,2026,7,Tourism Management,Article,10.1016/j.tourman.2025.105292,0,Sport-tourism entrepreneurship
Exploring the Potential of Social Farmers’ Networking as a Leverage for Inclusive Tourism,2023,7,Sustainability (Switzerland),Article,10.3390/su15075856,6,Sport-tourism entrepreneurship
Semantic Comparison of Online Texts for Historical and Newly Constructed Replica Ancient Towns from a Tourist Perception Perspective: A Case Study of Tongguan Kiln Ancient Town and Jinggang Ancient Town,2024,7,Land,Article,10.3390/land13122197,4,Community & local development
The impact of water resources and environmental improvement on the development of sustainable ecotourism,2021,7,Desalination and Water Treatment,Article,10.5004/dwt.2021.26840,7,Sustainable sport tourism development
Sustainable energy in the greater bay area of China: Lessons from the cruise industry,2020,7,Sustainable Energy and Green Finance for a Low-carbon Economy: Perspectives from the Greater Bay Area of China,Book chapter,10.1007/978-3-030-35411-4_14,7,Sustainable sport tourism development
Reinvigorating rural tourism market potential through entrepreneurial self-efficacy and heritage education,2024,7,"Journal of Tourism, Heritage and Services Marketing",Article,10.5281/zenodo.14534671,3,Sport-tourism entrepreneurship
EXPLORING THE INTERSECTIONS OF TOURISM WITH URBAN AND REGIONAL PLANNING: STRATEGIES FOR SUSTAINABLE DEVELOPMENT AND COMMUNITY INTEGRATION,2025,7,"Acta Scientiarum Polonorum, Administratio Locorum",Article,10.31648/aspal.10205,7,Sustainable sport tourism development
Enablers and Barriers to Public-Private Partnerships for Inclusive Tourism Development in South Africa,2024,7,"African Journal of Hospitality, Tourism and Leisure",Article,10.46222/ajhtl.19770720.503,0,Sport-tourism entrepreneurship
BIBLIOMETRIC ANALYSIS OF COMMUNITY-BASED TOURISM AND ITS THEORETICAL IMPLICATIONS,2023,7,Geojournal of Tourism and Geosites ,Article,10.30892/gtg.514spl01-1172,2,Social innovation & community value
Building from scratch? An “inner connectivity” framework for soft urban tourism development,2016,7,International Journal of Tourism Cities,Article,10.1108/IJTC-05-2016-0010,0,Sport-tourism entrepreneurship
"Innovation to Improve the Village Economy Through the Development of Local Wisdom-Based Agro-Tourism, in North Kalimantan, Indonesia",2023,7,Agris On-line Papers in Economics and Informatics,Article,10.7160/aol.2023.150210,2,Social innovation & community value
Paving the way for Philippine tourism via interagency collaboration on road networks,2014,7,Transport Policy,Article,10.1016/j.tranpol.2014.10.002,0,Sport-tourism entrepreneurship
Redesigning rural space through smart ecotourism villages: A model proposal based on TOE theory,2026,7,Cities,Article,10.1016/j.cities.2025.106465,5,Digital innovation in sport tourism/events
Sustainable tourism and community-based tourism in small islands: A policy analysis; [Turismul durabil și turismul comunitar în insulele mici: O analiză a politicilor],2021,7,Forum Geografic,Article,10.5775/FG.2021.057.I,2,Social innovation & community value
Tourism Planning and Tourism Development in the Italian Inner Areas: Assessing Coherence in Policy-Making Strategies,2021,7,Advances in Spatial Science,Book chapter,10.1007/978-3-030-61274-0_22,0,Sport-tourism entrepreneurship
"The Making of a ‘Big 5’ Game Reserve as an Urban Tourism Destination: Dinokeng, South Africa",2020,7,"African Journal of Hospitality, Tourism and Leisure",Article,10.46222/ajhtl.19770720-58,0,Sport-tourism entrepreneurship
"Application of PCA with georeferenced data in the tourism industry: A case study in the province of Córdoba, Argentina",2022,7,Tourism Economics,Article,10.1177/1354816620987681,0,Sport-tourism entrepreneurship
"Developing woodlands for tourism: Concepts, connections and challenges",2008,7,Journal of Sustainable Tourism,Article,10.2167/jost666.0,2,Social innovation & community value
The perspectives of ecotourism development in small islands of the South Dodecanese,2001,7,Anatolia,Article,10.1080/13032917.2001.9687000,7,Sustainable sport tourism development
Application and Reflection of Virtual Reality in Digital Tourism Development,2024,7,Applied Mathematics and Nonlinear Sciences,Article,10.2478/amns-2024-0841,5,Digital innovation in sport tourism/events
The fundamental right to property and the protection of investment: How difficult is it to repeal new intellectual property rights?,2020,7,Research Handbook on Intellectual Property and Investment Law,Book chapter,10.4337/9781788977821.00030,1,Mega-events & host destinations
The Quadruple Helix as a Tool for Innovation in Tourism: A Study in the City of Rio de Janeiro in the Post-Olympic Period,2023,7,Tourism Planning and Development,Article,10.1080/21568316.2021.1984287,0,Sport-tourism entrepreneurship
"Discovering the Sustainable Innovation Service Process of Organizational Environment, Information Sharing and Satisfaction: The Moderating Roles of Pressure",2023,7,Sustainability (Switzerland),Article,10.3390/su151411445,7,Sustainable sport tourism development
Tourism planning and regional instability: The consequences of rapid expansion of the tourism sector in Jordan,2006,7,International Development Planning Review,Article,10.3828/idpr.28.3.2,7,Sustainable sport tourism development
"RESIDENTS’ ATTITUDE TOWARDS ETHNO-TOURISM IN ULYTAU, KAZAKHSTAN",2024,7,Geojournal of Tourism and Geosites ,Article,10.30892/gtg.52103-1184,4,Community & local development
Proposal to measure tourism development within a destination and segment its different territories,2023,7,Heliyon,Article,10.1016/j.heliyon.2023.e20496,0,Sport-tourism entrepreneurship
"Conceptualization, measurement and theorization of green innovation in hospitality and tourism: looking back to move forward; [酒店和旅游业绿色创新的概念化、测量和理论化：回顾与前瞻]",2025,7,Service Industries Journal,Article,10.1080/02642069.2024.2378332,7,Sustainable sport tourism development
Tourism-based regional development: boosting and inhibiting factors,2022,7,Anatolia,Article,10.1080/13032917.2021.1924211,0,Sport-tourism entrepreneurship
The tourism sector and U.S. regional macroeconomic stability: A network approach,2020,7,Sustainability (Switzerland),Article,10.3390/su12187543,0,Sport-tourism entrepreneurship
"Surfing the Innovation Waves: Surf Tourism in Portugal: Exploring the Nexus of Sport, Tourism, and Innovation",2021,7,"Tourism, Hospitality and Event Management",Book chapter,10.1007/978-3-030-80733-7_9,1,Mega-events & host destinations
FORECASTING TECHNOLOGY ACCEPTANCE IN TOURISM AND HOSPITALITY: LESSONS FROM AKMOLA REGION IN KAZAKHSTAN,2025,6,Geojournal of Tourism and Geosites,Article,10.30892/gtg.61311-1521,5,Digital innovation in sport tourism/events
Development of E-Tourism to Achieve Excellence and Sustainable Development in Tourism: Ha’il Region Case Study,2024,6,Sustainability (Switzerland),Article,10.3390/su16208872,7,Sustainable sport tourism development
Identifying motives for engagement in major sport events: The case of the 2017 Barents Summer Games,2018,6,International Journal of Event and Festival Management,Article,10.1108/IJEFM-09-2017-0052,1,Mega-events & host destinations
Sports Equipment Manufacturing in India: A Firm-level Inquiry into Growth and Employment Dynamism,2021,6,Industrialisation for Employment and Growth in India: Lessons from Small Firm Clusters and Beyond,Book chapter,10.1017/9781108935920.007,1,Mega-events & host destinations
Event Management Evolution Through Non-Fungible Tokens,2023,6,"2023 IEEE International Workshop on Sport, Technology and Research, STAR 2023 - Proceedings",Conference paper,10.1109/STAR58331.2023.10302446,1,Mega-events & host destinations
Social media research trends in tourism city context,2022,6,International Journal of Tourism Cities,Review,10.1108/IJTC-07-2021-0151,0,Sport-tourism entrepreneurship
Linking commercial success of tour operators and agencies to conservation and community benefits in Costa Rica,2012,6,Environmental Conservation,Article,10.1017/S0376892911000415,2,Social innovation & community value
Public liability insurance: Its impact on Australian rural festivals,2005,6,Journal of Convention and Event Tourism,Article,10.1300/J452v06n03_07,2,Social innovation & community value
Pursuing Sustainable Tourism Development Through Wildlife Tourism: Local Residents’ Perceptions,2024,6,Geographies of Tourism and Global Change ,Book chapter,10.1007/978-3-031-57252-4_9,2,Social innovation & community value
ENTREPRENEURIAL RESILIENCE DURING COVID-19: THE SURVIVAL OF SMALL BUSINESSES USING DYNAMIC CAPABILITIES THEORY AND EFFECTUATION THEORY; [RESILIÊNCIA EMPREENDEDORA DURANTE A COVID-19: A SOBREVIVÊNCIA DAS PEQUENAS EMPRESAS UTILIZANDO A TEORIA DAS CAPACIDADES DINÂMICAS E A TEORIA DA EFETUAÇÃO]; [RESILIENCIA EMPRESARIAL DURANTE COVID-19: LA SUPERVIVENCIA DE LAS PEQUEÑAS EMPRESAS UTILIZANDO LA TEORÍA DE LAS CAPACIDADES DINÁMICAS Y LA TEORÍA DE LA EFECTUACIÓN],2024,6,Revista de Gestao Social e Ambiental ,Article,10.24857/rgsa.v18n7-134,1,Mega-events & host destinations
Digital Empowerment and Sustainable Tourism: Spatiotemporal Coupling Coordination Analysis of Digital Technology and High-Quality Development in China’s A-Level Scenic Spots,2025,6,Sustainability (Switzerland),Article,10.3390/su172210293,5,Digital innovation in sport tourism/events
"A typology of challenges facing township micro-tour operators in Soweto, South Africa",2022,6,"African Journal of Science, Technology, Innovation and Development",Article,10.1080/20421338.2021.1986892,0,Sport-tourism entrepreneurship
Metaverse and overtourism: positive and negative impacts of tourism development on local residents,2025,6,Journal of Management Development,Article,10.1108/JMD-12-2024-0416,5,Digital innovation in sport tourism/events
An empirical research based on spatial–temporal evolution of high-quality tourism development in Fujian Province of China,2024,6,PLoS ONE,Article,10.1371/journal.pone.0315221,7,Sustainable sport tourism development
Geomedia Perspectives for Multiple Futures in Tourism Development,2024,6,Media and Communication,Article,10.17645/mac.8157,5,Digital innovation in sport tourism/events
Contributions to the design of regional tourism innovation policies: Evaluation of determinants in Latin America,2024,6,Journal of Innovation and Knowledge,Article,10.1016/j.jik.2024.100575,0,Sport-tourism entrepreneurship
The role of legitimation and delegitimation in new path development in tourism,2023,6,Tourism Geographies,Article,10.1080/14616688.2022.2109207,0,Sport-tourism entrepreneurship
Environmental reviews and case studies: Contextualization of national parks in the nature conservation scheme in China: A case study of pudacuo national Park in Yunnan Province,2013,6,Environmental Practice,Review,10.1017/S1466046613000203,7,Sustainable sport tourism development
Non-mega sport events as sociopolitical projects: a case study of the Canada Games,2020,6,International Journal of Sport Policy and Politics,Article,10.1080/19406940.2020.1817125,1,Mega-events & host destinations
Cultural ecosystem services in China's national parks and their impact on public online engagement − Analysis of Douyin short videos data based on BERTopic modeling,2025,6,Journal for Nature Conservation,Article,10.1016/j.jnc.2025.126969,4,Community & local development
"Innovation drivers, barriers, and strategies of organizing committees for the Olympic games: an embedded single-case study approach",2024,6,European Sport Management Quarterly,Article,10.1080/16184742.2023.2195871,1,Mega-events & host destinations
Self-gentrification as a pro-active response to tourism development: Cases of Indigenous entrepreneurship in mainland China and Taiwan,2020,6,Indigenous Wellbeing and Enterprise: Self-Determination and Sustainable Economic Development,Book chapter,10.4324/9780429329029-8,4,Community & local development
The Prospects of Sustainable Development of Destroyed Tourism Areas Using Virtual Technologies,2025,6,Sustainability (Switzerland),Article,10.3390/su17073016,4,Community & local development
Modeling the Institutional Factors Affecting the Exploitation of Entrepreneurial Opportunities in the Sports Tourism Industry Using an Interpretive-Structural Approach,2022,6,Iranian journal of Management Studies,Article,10.22059/IJMS.2021.312725.674275,1,Mega-events & host destinations
Potentials of community-based tourism in transformations towards green economies after the 2008 Wenchuan earthquake in West China,2016,6,Journal of Mountain Science,Article,10.1007/s11629-015-3510-1,7,Sustainable sport tourism development
Blockchain-a new tehnology for the smart village,2021,6,"Proceedings of the 13th International Conference on Electronics, Computers and Artificial Intelligence, ECAI 2021",Conference paper,10.1109/ECAI52376.2021.9515017,5,Digital innovation in sport tourism/events
Evaluation and Spatiotemporal Differentiation of Cultural Tourism Development Potential: The Case of the Middle and Lower Reaches of the Yellow River,2023,6,ISPRS International Journal of Geo-Information,Article,10.3390/ijgi12110461,4,Community & local development
SERVICE LEARNING AS COMMUNITY DEVELOPMENT? LOCAL RESIDENT PERSPECTIVES OF COMMUNITY-ENGAGED EDUCATIONAL TRAVEL,2021,6,Tourism Review International,Article,10.3727/154427220X16059054538764,2,Social innovation & community value
"Understanding Sustainable Tourism Trajectories in Developing Countries, Case Study: ASEAN",2024,6,Journal of Sustainability Research,Review,10.20900/jsr.20240060,7,Sustainable sport tourism development
Can mentors of erasmus student mobility influence the development of future tourism?,2013,6,Tourism and Hospitality Management,Review,10.20867/thm.19.1.6,0,Sport-tourism entrepreneurship
Sustainable Tourism and Regional Development Through Innovation in the Post-COVID-19 Era: The Case of Hersonissos and Chios,2025,6,Tourism and Hospitality,Article,10.3390/tourhosp6030134,7,Sustainable sport tourism development
Cultural Heritage Tourism Export and Local Development. Performance Indicators and Policy Challenges for Romania,2019,6,Springer Proceedings in Business and Economics,Conference paper,10.1007/978-3-319-89468-3_24,4,Community & local development
Tourist flows and protection of cultural heritage in Andalusia (Spain): An econometric analysis with panel data,2025,6,Tourism Economics,Article,10.1177/13548166241255975,4,Community & local development
TOWARDS THE DEVELOPMENT OF ECOTOURISM IN THE OULED-NAIL MOUNTAINS: A CASE STUDY OF THE DJELFA MUNICIPALITY IN ALGERIA,2023,6,Geojournal of Tourism and Geosites ,Article,10.30892/gtg.50422-1140,4,Community & local development
Strategic environmental leverage of a sport tourism event: Approaching the global challenge locally,2024,6,European Journal of Tourism Research,Article,10.54055/ejtr.v37i.3528,1,Mega-events & host destinations
Tourism and livelihood sovereignty: A theoretical introduction and research agenda for arctic contexts,2021,6,Societies,Article,10.3390/SOC11030105,7,Sustainable sport tourism development
Tourism as a poverty reduction tool: The case of Mukuni Village in the Southern Province of Zambia,2014,6,Acta Universitatis Agriculturae et Silviculturae Mendelianae Brunensis,Article,10.11118/actaun201462061287,2,Social innovation & community value
CAN TOURISM BE A WAY TO DIVERSIFY REGIONAL ECONOMIES: THE CASE OF THE ULYTAU REGION OF KAZAKHSTAN,2024,6,Tourism and Hospitality Management,Article,10.20867/thm.30.3.4,0,Sport-tourism entrepreneurship
"Simple online and realtime tracking people with new ""soft-iou"" metric",2019,6,Proceedings of SPIE - The International Society for Optical Engineering,Conference paper,10.1117/12.2547922,1,Mega-events & host destinations
"THERMAL TOURISM AS A DRIVER OF LOCAL DEVELOPMENT, AN ILLUSTRATION OF OPPORTUNITIES AND CONSTRAINTS. CASE STUDY OF HAMMAM-GUERGOUR IN THE PROVINCE OF SÉTIF, ALGERIA",2022,6,Geojournal of Tourism and Geosites ,Article,10.30892/GTG.40116-812,0,Sport-tourism entrepreneurship
Mapping the current and future issues of tourism entrepreneurship research: a systematic review of key themes and research gaps,2025,6,Current Issues in Tourism,Article,10.1080/13683500.2025.2507108,6,Sport-tourism entrepreneurship
"Geoheritage Values of Ambaji Region, Gujarat: Western India",2024,6,Geoheritage,Article,10.1007/s12371-024-00985-3,7,Sustainable sport tourism development
Asymmetric impacts of technology innovation and environmental quality on tourism development in emerging economies,2022,6,Economic Research-Ekonomska Istrazivanja ,Article,10.1080/1331677X.2021.2023027,7,Sustainable sport tourism development
Tourism Development and Sustainable Green Growth: Evidence From the Top 10 International Tourist-Receiving Economies,2025,6,Sustainable Development,Article,10.1002/sd.70078,7,Sustainable sport tourism development
Research on Copyright Protection of Sports Events Based on Blockchain Technology,2021,6,"Proceedings - 2021 International Conference on Information Technology and Contemporary Sports, TCS 2021",Conference paper,10.1109/TCS52929.2021.00097,1,Mega-events & host destinations
Spatiotemporal Changes in China’s Tourism Industry Development,2024,6,Sustainability (Switzerland) ,Article,10.3390/su16083244,0,Sport-tourism entrepreneurship
Managing cruise volume at Nordic cruise destinations,2025,6,Scandinavian Journal of Hospitality and Tourism,Article,10.1080/15022250.2025.2499269,2,Social innovation & community value
The Potential of Wine Tourism in the Innovation Processes of Tourism Experiences in the Canary Islands—An Approach to the Case of the Canary Brand,2024,6,Sustainability (Switzerland),Article,10.3390/su16156314,0,Sport-tourism entrepreneurship
Bridging the troubled waters of tourism studies: from social capital and rural community development to livelihood sovereignty,2021,6,International Journal of Tourism Anthropology,Article,10.1504/IJTA.2021.123199,2,Social innovation & community value
"Balancing people-park conflict, conservation and tourism in Hainan Tropical Rainforest National Park",2026,6,"Journal of Policy Research in Tourism, Leisure and Events",Article,10.1080/19407963.2024.2356550,2,Social innovation & community value
"Innovation, infocommunication and digital transformation in sport policing and certain aspects of sports",2024,6,"Journal of Infrastructure, Policy and Development",Article,10.24294/jipd.v8i3.2617,1,Mega-events & host destinations
Examining the Efficacy of a Government-Led Sport for Development and Peace Event,2022,6,Journal of Sport Management,Article,10.1123/jsm.2020-0117,1,Mega-events & host destinations
"Rural change and tourism in remote regions: Developments and Indigenous endeavour in Westland, Te Tai o Poutini, Aotearoa New Zealand",2019,6,New Zealand Geographer,Article,10.1111/nzg.12236,2,Social innovation & community value
Leadership networks: Shaping AI innovations through responsible practices in Vietnamese tourism and hospitality firms,2026,6,Tourism Management,Article,10.1016/j.tourman.2025.105317,0,Sport-tourism entrepreneurship
Social involvement and adaptation to the 1960s tourist boom on Ibiza,2023,6,Journal of Tourism and Cultural Change,Article,10.1080/14766825.2023.2178313,0,Sport-tourism entrepreneurship
Suppliers as Key Collaborators for Sustainable Tourism Development,2018,6,Collaboration for Sustainable Tourism Development,Book chapter,10.23912/9781911635000-3927,7,Sustainable sport tourism development
Determinants of improving small tourism business performance and entrepreneurs’ quality of life: evidence from a three-year longitudinal study,2023,6,Asia Pacific Journal of Tourism Research,Article,10.1080/10941665.2023.2207691,0,Sport-tourism entrepreneurship
Innovationto speed up the Developmentof Rose Picking Agro-Tourism in Gunung Sari,2020,6,IOP Conference Series: Earth and Environmental Science,Conference paper,10.1088/1755-1315/466/1/012035,3,Sport-tourism entrepreneurship
Smart Tourism Development in Small and Medium Cities: The Case of Macao,2021,6,Journal of Smart Tourism,Article,10.52255/smarttourism.2021.1.2.5,5,Digital innovation in sport tourism/events
Tourism Through the Gaze of Stakeholders: the Case of Óbidos Lagoon in Portugal,2015,6,Tourism Planning and Development,Article,10.1080/21568316.2015.1037928,2,Social innovation & community value
Analysis of factors determining Colombia's tourist enterprises organizational innovations,2018,6,Tourism and Hospitality Research,Article,10.1177/1467358416642008,0,Sport-tourism entrepreneurship
Analysis of Hainan Marine Folk Sports Culture and Tourism Development Approach Based on Computer,2021,6,Journal of Physics: Conference Series,Conference paper,10.1088/1742-6596/1744/3/032135,1,Mega-events & host destinations
Modelling the development of world records in running,2007,5,Statistical Thinking in Sports,Book chapter,10.1201/9781584888697.ch2,1,Mega-events & host destinations
"Tourism Destination Development, a Situation Analysis of a Greek Region",2021,5,Springer Proceedings in Business and Economics,Conference paper,10.1007/978-3-030-57953-1_4,0,Sport-tourism entrepreneurship
THE IMPACT OF TOURISM DEVELOPMENT ON POVERTY ALLEVIATION: EVIDENCE FROM THE LEBANESE MARKET,2025,5,Geojournal of Tourism and Geosites,Article,10.30892/gtg.59227-1459,2,Social innovation & community value
"Natural resources, sustainable tourism development and community livelihoods relationships: A comparison between Botswana and the USA",2019,5,"Natural Resources, Tourism and Community Livelihoods in Southern Africa: Challenges of Sustainable Development",Book chapter,10.4324/9780429289422-16,2,Social innovation & community value
Digital Governance Driving Tourism Development: The Mediating Role of Tourism Resources and the Moderating Effect of Provincial Economic Comprehensive Competitiveness,2025,5,Sustainability (Switzerland),Article,10.3390/su17093831,5,Digital innovation in sport tourism/events
"Interaction between the tourism industry and ecological environment based on the Complicated Adaptation System (CAS) theory: A case study on Henan Province, China",2020,5,Nature Environment and Pollution Technology,Article,10.46488/NEPT.2020.v19i03.014,7,Sustainable sport tourism development
Correlation Degree Analysis of Tourism and Economic Growth Based on Computable General Equilibrium Model,2022,5,Journal of Mathematics,Article,10.1155/2022/4275698,0,Sport-tourism entrepreneurship
Content analysis of research articles in sport tourism of Iran,2020,5,Annals of Applied Sport Science,Article,10.29252/AASSJOURNAL.677,1,Mega-events & host destinations
GOVERNMENT FUNCTIONS ACCELERATION IN TOURIST VILLAGE DEVELOPMENT: A CASE STUDY OF DERMAJI VILLAGE; [O GOVERNO ACELERA AS FUNÇÕES NO DESENVOLVIMENTO TURÍSTICO DA ALDEIA: UM ESTUDO DE CASO DO VILAREJO DERMAJI]; [ACELERACIÓN DE LAS FUNCIONES GUBERNAMENTALES EN EL DESARROLLO DE ALDEAS TURÍSTICAS: UN ESTUDIO DE CASO DEL PUEBLO DE DERMAJI],2023,5,International Journal of Professional Business Review,Article,10.26668/businessreview/2023.v8i3.1296,2,Social innovation & community value
"Entrepreneurs Motivation for Selecting Homestay Businesses: Special Reference to Ella, Sri Lanka",2021,5,"Smart Innovation, Systems and Technologies",Conference paper,10.1007/978-981-16-0119-4_55,6,Sport-tourism entrepreneurship
Adapting the Smart Village Index as a Technological Tool for Rural Digitalization and Tourism Development in Emerging Economies,2025,5,Technologies,Article,10.3390/technologies13110513,5,Digital innovation in sport tourism/events
From project to venture: facilitating engagement and entrepreneurship in rural tourism,2025,5,Tourism Geographies,Article,10.1080/14616688.2025.2519331,3,Sport-tourism entrepreneurship
Measuring the Ecoefficiency of Tourism in Typical Tourist Cities and Analyzing the Influencing Factors—Anhui Huangshan City as an Example,2024,5,Sustainability (Switzerland),Article,10.3390/su162310706,7,Sustainable sport tourism development
Ecological Theory and Practice in Tourism Research in the New Era; [新时期旅游研究中生态学理论与实践],2022,5,Journal of Resources and Ecology,Article,10.5814/j.issn.1674-764x.2022.01.016,7,Sustainable sport tourism development
"Inclusive Tourism, a Cultural Paradigm Shift in Approaching Tourism Development",2022,5,Contributions to Management Science,Book chapter,10.1007/978-3-031-14121-8_15,4,Community & local development
How Modest Tourism Development Becomes Successful: The Complementarity of Tourism in Malå Municipality,2019,5,Geographies of Tourism and Global Change,Book chapter,10.1007/978-3-030-11950-8_12,0,Sport-tourism entrepreneurship
An analysis of actors’ perceptions of Maio island's (Cape Verde) marine governance,2019,5,Marine Policy,Article,10.1016/j.marpol.2019.02.047,2,Social innovation & community value
Tourism and Community Development: A Holistic Perspective from the Local Community in Bodhgaya,2025,5,Journal of Environmental and Earth Sciences,Article,10.30564/jees.v7i3.8045,4,Community & local development
Strategic marketing for sustainable sports travel experiences,2024,5,Journal of Strategic Marketing,Article,10.1080/0965254X.2024.2443418,1,Mega-events & host destinations
The Possibilities and Limitations of Tourism Development in Greenland Impacting Self-efficiency and Socio-economic Wellbeing of Coastal Communities,2020,5,Springer Polar Sciences,Book chapter,10.1007/978-3-030-28404-6_16,2,Social innovation & community value
High-Quality Development of Tourism Industry Under the Trend of Cultural and Tourism Integration Based on Big Data Analysis,2020,5,Advances in Intelligent Systems and Computing,Conference paper,10.1007/978-3-030-43306-2_68,4,Community & local development
NON - TRADITIONAL FORMS of TOURISM in SLOVAKIA AS A CONCEPT of COMPETITIVENESS,2020,5,Geojournal of Tourism and Geosites ,Article,10.30892/gtg.302spl04-508,0,Sport-tourism entrepreneurship
System dynamics model for sports entrepreneurship ecosystem (case study: Iran),2023,5,Kybernetes,Article,10.1108/K-03-2022-0453,1,Mega-events & host destinations
Innovativeness of railway transport in the context of the development of tourism in Poland,2020,5,Quality and Quantity,Article,10.1007/s11135-019-00928-z,0,Sport-tourism entrepreneurship
Impact of tourism development on latent entrepreneurship in BRICS,2022,5,Entrepreneurial Business and Economics Review,Article,10.15678/EBER.2022.100409,6,Sport-tourism entrepreneurship
"EXPLORING RESEARCH STREAMS IN SPORT TOURISM MANAGEMENT: A DESCRIPTIVE META-ANALYSIS OF DESTINATION IMAGE, EVENT QUALITY, TOURIST SATISFACTION, AND FUTURE INTENTIONS",2025,5,ABAC Journal,Article,10.59865/abacj.2024.69,1,Mega-events & host destinations
Rethinking resilient futures for Nordic tourism,2024,5,Scandinavian Journal of Hospitality and Tourism,Article,10.1080/15022250.2025.2513318,0,Sport-tourism entrepreneurship
Advantages of Marketing Communication in the Development of a Tourism Brand,2022,5,Journal of Educational and Social Research,Article,10.36941/jesr-2022-0162,4,Community & local development
Community-based tourism resilience in response to COVID-19 in Brazil’s Kalunga Territory,2024,5,Tourism Geographies,Article,10.1080/14616688.2024.2360034,2,Social innovation & community value
Entrepreneurship in an indigenous community: Sustainable tourism and economic development in a newly inscribed UNESCO World Heritage Site,2016,5,Indigenous People and Economic Development: An International Perspective,Book chapter,10.4324/9781315588346,2,Social innovation & community value
"Tourism, social networks, and community development: a case study of a coastal Vietnamese village",2024,5,Community Development Journal,Article,10.1093/cdj/bsad011,2,Social innovation & community value
Research on the Development of Coastal Rural Tourism in China from the Perspective of Industrial Integration,2020,5,Journal of Coastal Research,Article,10.2112/JCR-SI115-086.1,3,Sport-tourism entrepreneurship
Do We Want to Be Involved? Tourism Promotion and the Industrial Heritage of Germans in Vojvodina; [Želimo li biti uključeni? Promicanje turizma i industrijske baštine Nijemaca u Vojvodini],2023,5,Sociologija i Prostor,Article,10.5673/sip.61.1.4,4,Community & local development
"‘Made in Airbnb’: Sense of Localness in Neolocalism: Tourism Dynamics on Heimaey, Iceland",2023,5,Island Studies Journal,Article,10.24043/001c.88998,2,Social innovation & community value
"The race against carbon footprint: how China’s green technological innovation, tourism development and financial policies shape its ecological future",2025,5,Carbon Balance and Management,Article,10.1186/s13021-025-00341-0,7,Sustainable sport tourism development
Assessing the impact of green tourism on sustainable development: A case study of the United Arab Emirates,2025,5,Research Journal in Advanced Humanities,Article,10.58256/0m0wvr07,7,Sustainable sport tourism development
Destination and place: social sustainability and social innovation in second-home tourism,2024,5,Scandinavian Journal of Hospitality and Tourism,Article,10.1080/15022250.2023.2299235,7,Sustainable sport tourism development
The influence path of residents’ participation in collective tourism social entrepreneurship: a qualitative comparative analysis,2026,5,Journal of Sustainable Tourism,Article,10.1080/09669582.2025.2492829,2,Social innovation & community value
"Community-based tourism management in Santen Beach, Banyuwangi",2019,5,IOP Conference Series: Earth and Environmental Science,Conference paper,10.1088/1755-1315/243/1/012059,2,Social innovation & community value
"Socio-economic Impacts of Community-Based Ecotourism on Rural Livelihoods: A Case Study of Khawa Village in the Kalahari Region, Botswana",2022,5,Geographies of Tourism and Global Change,Book chapter,10.1007/978-3-030-99435-8_8,2,Social innovation & community value
"Driving Forces of Tourism Carbon Decoupling: A Case Study of the Yangtze River Economic Belt, China",2022,5,Sustainability (Switzerland),Article,10.3390/su14148674,7,Sustainable sport tourism development
Bridging Digital Marketing and Tourism Development: The Role of Social Media Marketing in Enhancing Business Performance,2025,5,"African Journal of Hospitality, Tourism and Leisure",Article,10.46222/ajhtl.19770720.616,5,Digital innovation in sport tourism/events
The development of pioneer national policy on adventure recreation in Brazil and Aotearoa/New Zealand’s first review,2023,5,Leisure Studies,Article,10.1080/02614367.2022.2125555,0,Sport-tourism entrepreneurship
Mountain Outdoor Tourism and Tibetan Mountain Guides’ Place Identity: The Case of Mt. Siguniang Town,2022,5,Sustainability (Switzerland),Article,10.3390/su142214926,0,Sport-tourism entrepreneurship
Friction in the forest: a confluence of structural and discursive political ecologies of tourism in the Ecuadorian Amazon,2019,5,Journal of Sustainable Tourism,Article,10.1080/09669582.2018.1560450,2,Social innovation & community value
How Religious Destinations Innovate Tourism Models in Religious Personalization: An Evidence from Contemporary Art-Temple Collaboration,2022,5,Sustainability (Switzerland),Article,10.3390/su14052889,0,Sport-tourism entrepreneurship
The development of marine sports tourism based on experience economy,2020,5,Journal of Coastal Research,Article,10.2112/JCR-SI112-031.1,1,Mega-events & host destinations
"Entrepreneurship, Local Fashion, Tourism Development, and the Hippie Movement: The Case of Adlib Fashion (Ibiza, Spain)",2022,5,Sustainability (Switzerland),Article,10.3390/su14073890,0,Sport-tourism entrepreneurship
"Effects of ecological innovation, governance structure, and social development on the adoption of sustainable reporting in the global tourism industry",2023,5,Economic Research-Ekonomska Istrazivanja ,Article,10.1080/1331677X.2023.2179092,7,Sustainable sport tourism development
"‘Stuck in structure’: How young leaders experienced the institutional frames at the Youth Olympic Games in Innsbruck, 2012",2016,5,International Review for the Sociology of Sport,Article,10.1177/1012690214563198,1,Mega-events & host destinations
Research on AIGC Empowering Traditional Intangible Cultural Heritage Yue Embroidery to Modern Tourism Souvenir Design and Application,2025,5,Lecture Notes in Computer Science,Conference paper,10.1007/978-3-031-93733-0_3,4,Community & local development
Towards a Spontaneous Community Participation Model in Community-Based Tourism,2021,5,"African Journal of Hospitality, Tourism and Leisure",Article,10.46222/AJHTL.19770720-97,2,Social innovation & community value
The sharing economy in tourism and property markets: a comment on the darker side of conceptual stretching,2022,5,Current Issues in Tourism,Article,10.1080/13683500.2021.1997944,0,Sport-tourism entrepreneurship
CAN ENTREPRENEURIAL ECOSYSTEMS OPTIMIZE THE IMPACT OF MEGA-SPORT EVENTS? EVIDENCE FROM THE 2014 FIFA WORLD CUP AND 2016 SUMMER OLYMPIC GAMES IN BRAZIL,2022,5,Event Management,Article,10.3727/152599522X16419948390817,1,Mega-events & host destinations
A Literature Review on Networks and Sustainable Development in Sea Tourism Entrepreneurship,2023,5,Sustainability (Switzerland),Article,10.3390/su15032135,0,Sport-tourism entrepreneurship
The ‘McDonaldized Consumer Society’ and tourism industry governance by local development zones in China: an empirical study,2022,5,Current Issues in Tourism,Article,10.1080/13683500.2021.1907321,0,Sport-tourism entrepreneurship
Fostering sustainable tourism through digital innovation and green tourism initiatives in Bangladesh,2025,5,Sustainable Futures,Article,10.1016/j.sftr.2025.100841,7,Sustainable sport tourism development
Innovative local response to cyclone damaged reef leads to rapid tourism recovery,2023,5,Journal of Ecotourism,Article,10.1080/14724049.2022.2027952,7,Sustainable sport tourism development
"Ecological restoration of the West Lake in Hangzhou, China: An introduction to the 2001 ecological conceptual planning and a review of its implementation",2019,5,International Review for Spatial Planning and Sustainable Development,Article,10.14246/IRSPSD.7.1_31,7,Sustainable sport tourism development
"Planners in the face of mining cultural heritage: Tourism development at L'Argentiera, Italy",2008,5,International Journal of Services Technology and Management,Article,10.1504/IJSTM.2008.020352,4,Community & local development
Co-creating sustainability innovations in a tourism destination: a participatory research design from Barcelona,2026,5,Journal of Sustainable Tourism,Article,10.1080/09669582.2025.2587264,0,Sport-tourism entrepreneurship
Half-century qualitative research in tourism and hospitality: a bibliometric analysis,2024,5,Journal of Qualitative Research in Tourism,Article,10.4337/jqrt.2024.02.01,5,Digital innovation in sport tourism/events
Navigating the nexus of innovation and insight: an umbrella review and thematic clustering of smart tourism evolution,2026,5,Current Issues in Tourism,Review,10.1080/13683500.2025.2462973,5,Digital innovation in sport tourism/events
Application of Geospatial Analysis to Tourist Flows in the Insular Destinations,2024,5,Lecture Notes in Computer Science (including subseries Lecture Notes in Artificial Intelligence and Lecture Notes in Bioinformatics),Conference paper,10.1007/978-3-031-65308-7_17,0,Sport-tourism entrepreneurship
Comprehensive vitality evaluation and spatio-temporal characteristics of nighttime tourism in Shenzhen: an empirical analysis based on multi-source data integration,2026,5,Current Issues in Tourism,Article,10.1080/13683500.2024.2431521,0,Sport-tourism entrepreneurship
"Hmong Christianisation, the will to improve and the question of neoliberalism in Vietnam’s highlands",2021,5,European Journal of East Asian Studies,Review,10.1163/15700615-20211005,2,Social innovation & community value
Does Trust Affect Antecedents of Inter-Organizational Governance Mechanisms and Elicit Successful Collaboration via Innovation? An Empirical Study from a Market-Oriented Economy in Vietnam,2023,5,Sustainability (Switzerland),Article,10.3390/su15129547,0,Sport-tourism entrepreneurship
"Evolution of spatial collaborative network in the Long March Cultural Tourism Belt: Characteristics, pattern, and mechanisms",2024,5,International Journal of Tourism Research,Article,10.1002/jtr.2719,4,Community & local development
Beyond social innovation to sustainable livelihoods in tourism,2025,5,Tourism Geographies,Article,10.1080/14616688.2025.2462242,0,Sport-tourism entrepreneurship
Enhancing Sustainable Tourism Through Virtual Reality: The Role of Collectable Experiences in Well-Being and Meaning in Life,2025,5,Sustainability (Switzerland),Article,10.3390/su17135809,5,Digital innovation in sport tourism/events
Tourism and the “villagers without history”: the case of Yubeng,2014,5,Tourism Geographies,Article,10.1080/14616688.2014.948043,2,Social innovation & community value
Challenges in digital marketing: views of small travel entrepreneurs,2023,5,International Journal of Tourism Policy,Article,10.1504/IJTP.2023.130804,5,Digital innovation in sport tourism/events
COMMUNITY PERCEPTIONS OF LOCAL ECONOMIC DEVELOPMENT THROUGH TOURISM IN PORT ST JOHNS – SOUTH AFRICA,2022,5,Geojournal of Tourism and Geosites ,Article,10.30892/gtg.40134-830,2,Social innovation & community value
Adventure Alternative and Moving Mountains Trust: A Hybrid Business Model for Social Entrepreneurship in Tourism,2017,5,Tourism on the Verge,Book chapter,10.1007/978-3-319-46518-0_16,6,Sport-tourism entrepreneurship
What is next for travel innovation? Generative Artificial Intelligence (GAI) in tourism product development from multi-perspectives,2026,5,Asia Pacific Journal of Tourism Research,Article,10.1080/10941665.2025.2568617,5,Digital innovation in sport tourism/events
Corporate social responsibility: Theory and applications,2017,5,Strategic Human Capital Development and Management in Emerging Economies,Book chapter,10.4018/978-1-5225-1974-4.ch009,7,Sustainable sport tourism development
Accommodation employment growth and volatility: Welcome aboard for a rocky ride,2021,5,Tourism Economics,Article,10.1177/1354816620930143,2,Social innovation & community value
Sports tourist's perceptions toward the 2009 Taipei deaflympics: A structural equation modeling approach,2011,5,APBITM 2011 - Proceedings2011 IEEE International Summer Conference of Asia Pacific Business Innovation and Technology Management,Conference paper,10.1109/APBITM.2011.5996314,1,Mega-events & host destinations
Resident’s quality of life through community-based tourism,2024,5,Anatolia,Article,10.1080/13032917.2023.2196671,2,Social innovation & community value
An Empirical Study on the Development of Marine Sports Tourism in Northern China,2020,5,Journal of Coastal Research,Article,10.2112/SI106-027.1,1,Mega-events & host destinations
BRIDGING EMPOWERMENT AND ENTREPRENEURSHIP: HOW NGOS FOSTER WOMEN'S SUCCESS IN EGYPT'S TOURISM INDUSTRY,2024,5,Geojournal of Tourism and Geosites,Article,10.30892/gtg.574spl13-1366,6,Sport-tourism entrepreneurship
The Long Economic Thread: Two Millennia of Commercialism and Sport,2023,5,International Journal of the History of Sport,Article,10.1080/09523367.2023.2207472,1,Mega-events & host destinations
Tourism as economic self-development in rural Nebraska: A case study,2004,5,Tourism Analysis,Article,10.3727/1083542042781221,3,Sport-tourism entrepreneurship
"Geoheritage: Geology of the Community, for the Community, by the Community",2021,5,GSA Today,Article,10.1130/GSATG111GH.1,2,Social innovation & community value
Entrepreneurial learning and communities of practice: The case of the cross-border cultural tourism development Bulgaria– Romania,2016,4,"Economic Development and Entrepreneurship in Transition Economies: Issues, Obstacles and Perspectives",Book chapter,10.1007/978-3-319-28856-7_15,4,Community & local development
"THE IMPACT OF COMMUNITY ENGAGEMENT, SOCIAL MEDIA, ECOTOURISM POLICIES, AND INNOVATION ON SUSTAINABLE TOURISM DEVELOPMENT IN THE MERATUS TAHURA SULTAN ADAM MANDIANGIN GEOPARK, SOUTH KALIMANTAN; [O IMPACTO DO ENGAJAMENTO COMUNITÁRIO, MÍDIA SOCIAL, POLÍTICAS DE ECOTURISMO E INOVAÇÃO NO DESENVOLVIMENTO DO TURISMO SUSTENTÁVEL NO GEOPARQUE MERATUS TAHURA SULTAN ADAM MANDIANGIN, KALIMANTAN DO SUL]; [EL IMPACTO DE LA PARTICIPACIÓN COMUNITARIA, LAS REDES SOCIALES, LAS POLÍTICAS DE ECOTURISMO Y LA INNOVACIÓN EN EL DESARROLLO DEL TURISMO SOSTENIBLE EN EL GEOPARQUE MERATUS TAHURA SULTAN ADAM MANDIANGIN, KALIMANTAN DEL SUR]",2024,4,Revista de Gestao Social e Ambiental,Article,10.24857/rgsa.v18n8-102,7,Sustainable sport tourism development
"THE ISSUE OF MOBILITY AND THE ROAD NETWORK WITHIN CITIES AND THEIR SURROUNDING AREAS: CASE STUDY OF THE CITY OF SOUR EL GHOZLANE, BOUIRA PROVINCE, ALGERIA",2025,4,Geojournal of Tourism and Geosites,Article,10.30892/gtg.59218-1450,0,Sport-tourism entrepreneurship
Mine surveying science and technology for contemporary and future mining industries,2026,4,International Journal of Mining Science and Technology,Review,10.1016/j.ijmst.2025.12.010,5,Digital innovation in sport tourism/events
Tourism focused analysis of narrow-gauge railways in Hungary,2019,4,DETUROPE,Article,10.32725/det.2019.027,0,Sport-tourism entrepreneurship
The Spatiotemporal Characteristics and Driving Factors of Regional Ecological Efficiency in the Tourism Sector,2024,4,Sustainability (Switzerland),Article,10.3390/su16030982,7,Sustainable sport tourism development
Research on the Development Potential of China’s Pro-Poor Tourism Industry Based on Geographical Nature Evaluation,2022,4,Sustainability (Switzerland),Article,10.3390/su142215069,0,Sport-tourism entrepreneurship
Developing an evaluation model for urban tourism competitiveness: combining community construction and community service to foster sustainable development of cities,2024,4,Frontiers in Public Health,Article,10.3389/fpubh.2024.1435291,7,Sustainable sport tourism development
"Generative Artificial Intelligence Technology Driving High-quality Development of Ice and Snow Tourism Industry: Factor Linkage, System Construction and Digital Governance",2024,4,Journal of Resources and Ecology,Article,10.5814/j.issn.1674-764x.2024.06.025,5,Digital innovation in sport tourism/events
International Economic Relations and Sustainable Tourism: The Case of Greece,2025,4,Proceedings of the International Conference on Tourism Research,Conference paper,10.34190/ictr.8.1.3472,7,Sustainable sport tourism development
Development Path of Macao Tourism Symbiosis Integration from the Configuration Perspective,2024,4,Sustainability (Switzerland),Article,10.3390/su16198505,5,Digital innovation in sport tourism/events
Strategic approaches to tourism development: Crafting competitive strategies for business growth in the tourism sector,2024,4,Multidisciplinary Reviews,Review,10.31893/multirev.2024spe004,0,Sport-tourism entrepreneurship
GEOSPATIAL PATTERNS IN WOMEN’S TOURISM MANAGEMENT: ANALYSIS OF MANAGERIAL TRENDS AND GENDER IMPACT IN HUNGARIAN TOURISM SECTORS,2025,4,Geojournal of Tourism and Geosites,Article,10.30892/gtg.59209-1441,6,Sport-tourism entrepreneurship
Sustainable development amidst technological innovation and tourism activities in sub-Saharan Africa,2022,4,International Social Science Journal,Article,10.1111/issj.12316,7,Sustainable sport tourism development
Regional Creative Capacity and Creative Tourism Development. The Case of Cultural Associations in Peripheral Areas,2023,4,Highlights of Sustainability,Article,10.54175/hsustain2040017,4,Community & local development
Fostering community revitalization through sport (Based on an example from poland),2020,4,Journal of Physical Education and Sport,Article,10.7752/jpes.2020.s2155,1,Mega-events & host destinations
Reshaping smart tourism through artificial intelligence: insights from a systematic review and bibliometric analysis,2026,4,Journal of Hospitality and Tourism Insights,Article,10.1108/JHTI-07-2025-0883,5,Digital innovation in sport tourism/events
Supporting the “sustainability” of inland (rural) areas in Basilicata. Tools and place-based strategies for implementing local development processes in the Lagonegrese-Pollino subregion; [Soutenir la “durabilité” des zones internes (rurales) de la Basilicate: outils et stratégies locales pour le lancement de processus de développement local à Lagonegrese-Pollino],2022,4,BELGEO,Article,10.4000/belgeo.57141,3,Sport-tourism entrepreneurship
Innovation of Human Body Positioning System and Basketball Training System,2022,4,Computational Intelligence and Neuroscience,Article,10.1155/2022/2369925,1,Mega-events & host destinations
FOREST–LIVELIHOOD EQUILIBRIUM IN THE EASTERN HIMALAYAS: CHALLENGES AND PATHWAYS TO SUSTAINABILITY,2025,4,Geojournal of Tourism and Geosites,Article,10.30892/gtg.62416-1582,7,Sustainable sport tourism development
Technological Innovations Application in the Tourism Industry of Bangladesh,2021,4,Technology Application in the Tourism and Hospitality Industry of Bangladesh,Book chapter,10.1007/978-981-16-2434-6_6,5,Digital innovation in sport tourism/events
"Sustainable Arctic Marine Tourism Development: Scale and Scope for Community Investment, Coordination, and Action",2022,4,Springer Polar Sciences,Book chapter,10.1007/978-3-031-12459-4_9,2,Social innovation & community value
Cultural heritage and sports tourism: a systematic literature review of sustainable destination management practices,2025,4,Frontiers in Sports and Active Living,Review,10.3389/fspor.2025.1680229,4,Community & local development
Revisiting Tourism Development and Economic Growth: A Framework for Configurational Analysis in Chinese Cities,2023,4,Sustainability (Switzerland),Article,10.3390/su151310000,7,Sustainable sport tourism development
Sustainable Tourism Development in Glawan Village: Balancing Infrastructure Growth and Environment through Local Governance,2025,4,IOP Conference Series: Earth and Environmental Science,Conference paper,10.1088/1755-1315/1537/1/012001,7,Sustainable sport tourism development
Economic Impact Analysis of Mega Events for Sustainable Tourism: Insights from the Giro d’Italia and Tour de France,2025,4,Administrative Sciences,Article,10.3390/admsci15020035,7,Sustainable sport tourism development
International sustainability agreements: Are they politically influential for tourism governance innovations?,2013,4,Tourism Analysis,Article,10.3727/108354213X13824558188668,7,Sustainable sport tourism development
Unlocking the sustainable tourism development in the USA: what are the effects of carbon emission?,2024,4,Management of Environmental Quality,Article,10.1108/MEQ-03-2024-0128,7,Sustainable sport tourism development
Cultural Heritage as a Driver of Sustainable Rural Tourism Development: A Case Study of Šibenik-Knin County,2026,4,Sustainability (Switzerland),Article,10.3390/su18031416,4,Community & local development
A sustainable tourism approach to the protection of the Amazon rainforest: The case of Peru,2010,4,Worldwide Hospitality and Tourism Themes,Article,10.1108/17554211011037877,7,Sustainable sport tourism development
Wilderness tourism - alleviating poverty through empowering local people: A case of Bangor Ridge,2014,4,Worldwide Hospitality and Tourism Themes,Article,10.1108/WHATT-03-2014-0016,2,Social innovation & community value
Conclusion: what is the transformative relationship between tourism and technology?,2025,4,Worldwide Hospitality and Tourism Themes,Article,10.1108/WHATT-12-2024-0314,5,Digital innovation in sport tourism/events
Digital Entrepreneurship and Agile Methods—A Hackathon Case Study,2021,4,Future of Business and Finance,Book chapter,10.1007/978-3-030-53914-6_3,0,Sport-tourism entrepreneurship
Tourism sustainable competitiveness indicator for ASEAN bloc: A random forest approach,2023,4,"International Journal of Applied Economics, Finance and Accounting",Article,10.33094/ijaefa.v16i1.882,7,Sustainable sport tourism development
Application of geographic information system in ecotourism: a global bibliometric analysis,2025,4,Cogent Social Sciences,Review,10.1080/23311886.2025.2460711,7,Sustainable sport tourism development
International Tour de Banyuwangi Ijen impacts to local community development in Ijen Crater–Banyuwangi,2021,4,Journal of Convention and Event Tourism,Article,10.1080/15470148.2020.1856264,2,Social innovation & community value
"Youth engagement in ecotourism and community-based development: experiences and lessons from Pahawang Island, Indonesia",2026,4,Journal of Ecotourism,Article,10.1080/14724049.2025.2507876,2,Social innovation & community value
Cultural Events: Local Sustainable Tourism Development and Entrepreneurship,2022,4,E3S Web of Conferences,Conference paper,10.1051/e3sconf/202236103017,7,Sustainable sport tourism development
Constructing the Transitions and Co-Existence of Rural Development Models,2022,4,Sustainability (Switzerland),Article,10.3390/su14084625,3,Sport-tourism entrepreneurship
Behind the Kitchen Doors: Unveiling Post-COVID Challenges and Sustainable Solutions for Chefs in the Hospitality Sector,2024,4,Sustainability (Switzerland),Article,10.3390/su16177702,0,Sport-tourism entrepreneurship
THE ROLE OF ENTREPRENEURSHIP’S ECONOMIC ADAPTATION TO THE INTERNATIONAL ENVIRONMENT TOWARDS TOURISM AND SUSTAINABLE DEVELOPMENT OF DISADVANTAGED RURAL AREAS,2025,4,Corporate Governance and Sustainability Review,Article,10.22495/cgsrv9i2p4,3,Sport-tourism entrepreneurship
Design of Virtual Tourism Interactive Products Based on Deep Features,2024,4,Computer-Aided Design and Applications,Article,10.14733/cadaps.2024.S7.104-118,5,Digital innovation in sport tourism/events
Nostalgic Geotourism as a New Form of Landscape Presentation: An Application to the Carphatian Mountains,2024,4,Land,Article,10.3390/land13081258,4,Community & local development
Tourism Impacts of the UNESCO Creative Cities Classification and Destination Recovery: Residents’ Perceptions,2022,4,The Emerald Handbook of Destination Recovery in Tourism and Hospitality,Book chapter,10.1108/978-1-80262-073-320221021,2,Social innovation & community value
Investigating innovative tourism and hospitality sustainability modeling the moderating roles of mobile information technology and green human resource management,2025,4,Discover Sustainability,Article,10.1007/s43621-025-01811-8,7,Sustainable sport tourism development
Coupling Coordination and Spatial Evolution of Sustainable Tourism-Innovation-Environment System: Evidence in China,2023,4,SAGE Open,Article,10.1177/21582440231196353,7,Sustainable sport tourism development
"Perception and Participation of Local Residents in the Tourism Development Program for the Sampaloc Lake in San Pablo City, Laguna",2022,4,Perspectives on Asian Tourism,Book chapter,10.1007/978-981-19-4497-0_3,2,Social innovation & community value
"Domesticity, Mass Media and Moving-Image Aesthetics: The Visual Identity of the Eurovision Song Contest as a Hospitable Platform",2022,4,The Eurovision Song Contest as a Cultural Phenomenon: From Concert Halls to the Halls of Academia,Book chapter,10.4324/9781003188933-18,4,Community & local development
How Mining is Threatening the Sustainability of the South African Nature Tourism Sector and Civil Society Response,2020,4,Geographies of Tourism and Global Change,Book chapter,10.1007/978-3-030-29377-2_18,7,Sustainable sport tourism development
"Balancing Ecology, Economy, and Community: An Analytic Network Process (ANP) Framework for Sustainable Ecotourism Development",2025,4,International Journal of Sustainable Development and Planning,Article,10.18280/ijsdp.200435,7,Sustainable sport tourism development
Forest environment supports for community-based tourism development,2018,4,Journal of Environmental Management and Tourism,Article,10.14505/jemt.v9.8(32).01,2,Social innovation & community value
Insights into the attributes of Pacific Island destinations that appeal to avitourists,2015,4,Pacific Conservation Biology,Article,10.1071/PC14914,0,Sport-tourism entrepreneurship
"Health Promotion at the Ballpark: Peanuts, Popcorn, and Mighty Molar",2017,4,Health Promotion Practice,Article,10.1177/1524839916663684,1,Mega-events & host destinations
Tourism competitiveness in Cape Verde: the case of Tarrafal/Santiago,2023,4,Journal of Tourism and Development,Article,10.34624/rtd.v42i0.29971,0,Sport-tourism entrepreneurship
Multi-level evolutionary model for smart tourism transition: A pilot test in the Andalusian region (Spain),2025,4,European Journal of Tourism Research,Article,10.54055/ejtr.v41i.4126,5,Digital innovation in sport tourism/events
"Tourist destinations with asymmetrical local development: The 'integrally planned tourist centres' of Los Cabos and Loreto, Baja California Sur (Mexico)",2019,4,International Journal of Sustainable Development and Planning,Article,10.2495/SDP-V14-N1-44-61,0,Sport-tourism entrepreneurship
"Tourism, industry, and community development: Whitefish, Montana, 1903-2003",2004,4,Environmental Practice,Review,10.1017/S1466046604000134,2,Social innovation & community value
Gamification and Innovation Acceptance Among Finnish DMOs - Case King’s Road,2023,4,Springer Proceedings in Business and Economics,Conference paper,10.1007/978-3-031-25752-0_30,0,Sport-tourism entrepreneurship
CAN ORGANIC FARMING CONTRIBUTE ON SUSTAINABLE WOMEN ENTREPRENEURSHIP IN RURAL TOURISM? AN NACIONAL PARK EVIDENCE,2024,4,Geojournal of Tourism and Geosites,Article,10.30892/gtg.574spl28-1381,6,Sport-tourism entrepreneurship
The Evolution of the Spatial–Temporal Pattern of Tourism Development and Its Influencing Factors: Evidence from China (2010–2022),2024,4,Sustainability (Switzerland),Article,10.3390/su162310758,7,Sustainable sport tourism development
OSTRICHES AND GEOTOURISM: THE EVOLUTIONARY PATHWAY OF A SMALL TOWN TOURISM DESTINATION IN SOUTH AFRICA,2024,4,Geojournal of Tourism and Geosites,Article,10.30892/gtg.55334-1306,0,Sport-tourism entrepreneurship
An Enabling Approach to Sustainability Transformations in Tourism,2025,4,Leisure Sciences,Article,10.1080/01490400.2025.2464576,7,Sustainable sport tourism development
Teaching Innovation and Teaching–Learning Methods for Sustainable Tourism Development Education in the Bachelor of Tourism Degree,2024,4,Sustainability (Switzerland),Article,10.3390/su16188115,7,Sustainable sport tourism development
Extreme seasons and extreme visitation: The case of changbai mountain biosphere reserve,2009,4,Asia Pacific Journal of Tourism Research,Article,10.1080/10941660902727959,2,Social innovation & community value
Does tourism participation affect residents' educational expectations for the next generation?,2024,4,International Journal of Tourism Research,Article,10.1002/jtr.2709,2,Social innovation & community value
Comparative Analysis of Historic Landscapes: Revitalizing Heritage Gardens for Modern Tourism,2024,4,Integrating Architecture and Design Into Sustainable Tourism Development,Book chapter,10.4018/979-8-3693-7388-0.ch005,4,Community & local development
Unlocking Potential: Macro Insights Into the Evolution of a Multi-Destination Tourism Innovation Network,2025,4,Journal of Travel Research,Article,10.1177/00472875231209981,0,Sport-tourism entrepreneurship
Rural Communities’ Perspectives on the Influence of Tourism on Poverty and Development,2023,4,"African Journal of Hospitality, Tourism and Leisure",Article,10.46222/ajhtl.19770720.413,2,Social innovation & community value
Networking among rural tourism entrepreneurs,2010,4,WIT Transactions on Ecology and the Environment,Article,10.2495/SW100641,3,Sport-tourism entrepreneurship
Environmental regulation and tourism development: the case of Chinese water ecological civilization city pilot policy,2024,4,"Environment, Development and Sustainability",Article,10.1007/s10668-024-05804-x,7,Sustainable sport tourism development
Tourism as a tool of sustainable regional development and the importance of clusters in Latvia: The example of Sigulda and Ventspils,2009,4,WIT Transactions on Ecology and the Environment,Article,10.2495/SDP090772,0,Sport-tourism entrepreneurship
Exploring the Intersection Between Geographical Indications and Sustainable Wine Tourism: The Case of Le Colline del Prosecco di Conegliano e Valdobbiadene,2024,4,"Wine Tourism and Sustainability: The Economic, Social and Environmental Contribution of the Wine Industry",Book chapter,10.1007/978-3-031-48937-2_8,4,Community & local development
Action anthropology: Methodological innovations in tourism research,2005,4,Tourism Recreation Research,Article,10.1080/02508281.2005.11081474,2,Social innovation & community value
Towards an integrated framework for sustainable sport tourism development in Central Africa,2024,4,Development Southern Africa,Article,10.1080/0376835X.2024.2320119,1,Mega-events & host destinations
Research on innovative strategy of sporting event logistics management in coastal cities,2020,4,Journal of Coastal Research,Article,10.2112/JCR-SI111-055.1,1,Mega-events & host destinations
The life cycle and competitive position of tourism destinations: a global empirical approach,2024,4,Current Issues in Tourism,Article,10.1080/13683500.2023.2280161,0,Sport-tourism entrepreneurship
An initial investigation of the effect of advertisement and word-of-month on first-time visitors to Hong Kong,2008,4,Journal of Air Transport Management,Article,10.1016/j.jairtraman.2008.02.005,0,Sport-tourism entrepreneurship
Challenges for sustainable tourism governance in The Netherlands,2008,4,International Journal of Tourism Policy,Article,10.1504/IJTP.2008.019275,7,Sustainable sport tourism development
Pursuing the Agenda 2030? A critical discourse analysis of decent work and economic growth in Ecuador's tourism policy,2023,4,International Journal of Tourism Policy,Article,10.1504/IJTP.2023.132227,7,Sustainable sport tourism development
"Design of an indicators system for the evaluation of technological innovation in the tourism destination of Puerto Lopez, Ecuador",2018,4,Geojournal of Tourism and Geosites ,Article,10.30892/gtg.25224-385,0,Sport-tourism entrepreneurship
Local Development Policies for Heritage Tourism,2023,4,Review of Economics and Finance,Article,10.55365/1923.x2023.21.32,4,Community & local development
Innovation of management model of sport event based on knowledge management,2011,4,"Proceedings of 2011 International Conference on Product Innovation Management, ICPIM 2011",Conference paper,10.1109/ICPIM.2011.5983745,1,Mega-events & host destinations
The spatial and experiential dimensions of coastal zone tourism in Denmark,2015,3,Spatial Dynamics in the Experience Economy,Book chapter,10.4324/9781315885063-21,0,Sport-tourism entrepreneurship
The Globalization Path of the Deep Inland Cities Dominated by the International Festivals Based on the Power in Western China: The Comparison between Xining Sports Festival and Yinchuan Cultural Festival,2022,3,Sustainability (Switzerland),Article,10.3390/su142215010,1,Mega-events & host destinations
A multidimensional approach to digital applications in architectural heritage in Brunei Darussalam,2025,3,Digital Applications in Archaeology and Cultural Heritage,Article,10.1016/j.daach.2025.e00465,4,Community & local development
Barriers and enablers: Review research on women entrepre-neurship and its impact on sustainable tourism development,2025,3,Entrepreneurial Business and Economics Review,Article,10.15678/EBER.2025.130410,6,Sport-tourism entrepreneurship
"CULTURAL HERITAGE AND EXPERIENTIAL TOURISM: OPPORTUNITIES AND CHALLENGES IN GREECE-ALBANIA CROSS-BORDER AREA (BERAT, GJIROKASTRA AND IOANNINA)",2025,3,Geojournal of Tourism and Geosites,Article,10.30892/gtg.61324-1534,4,Community & local development
Introduction: The interplay between tourism resilience and sustainability in the new normal,2024,3,Tourist Behaviour and the New Normal,Book chapter,10.1007/978-3-031-45866-8_1,0,Sport-tourism entrepreneurship
Locating a large theme park addressed to the tourist market: The case of Benidorm,2000,3,Planning Practice and Research,Article,10.1080/713691909,0,Sport-tourism entrepreneurship
The Spatiotemporal Pattern Evolution Characteristics and Affecting Factors for Collaborative Agglomeration of the Yellow River Basin’s Tourism and Cultural Industries,2025,3,Sustainability (Switzerland),Article,10.3390/su17167193,4,Community & local development
Revitalizing Inner Areas Through Thematic Cultural Routes and Multifaceted Tourism Experiences,2025,3,Sustainability (Switzerland),Article,10.3390/su17104701,4,Community & local development
Sports in life of students with disabilities: Individual trajectories of physical abilities development,2021,3,Journal of Human Sport and Exercise,Article,10.14198/jhse.2021.16.Proc4.45,1,Mega-events & host destinations
Tourism Impacts of International Arts Festivals in Greece. The Cases of the Kalamata Dance Festival and Drama Short Film Festival,2018,3,Springer Proceedings in Business and Economics,Conference paper,10.1007/978-3-319-67603-6_7,0,Sport-tourism entrepreneurship
"Integrated Delphi-entropy framework for sustainable rural tourism: evidence from Shaanxi Province, China (2018–2023)",2025,3,Frontiers in Sustainable Tourism,Article,10.3389/frsut.2025.1733705,3,Sport-tourism entrepreneurship
‘Seeds’ for growth? Policy and support for micro rural food enterprises in a peripheral region,2014,3,Contemporary Issues in Entrepreneurship Research,Article,10.1108/S2040-724620140000004011,3,Sport-tourism entrepreneurship
"Environmental Degradation, Renewable Energy, Technological Innovation, and Foreign Direct Investment as Determinants of Tourism Development in Tunisia: An Autoregressive Distributed Lag–Fully Modified Ordinary Least Squares Analysis",2025,3,Economies,Article,10.3390/economies13110327,7,Sustainable sport tourism development
Intangible Heritage as a Cultural Asset for African Tourism,2023,3,Cultural Heritage and Tourism in Africa,Book chapter,10.4324/9781003153955-2,4,Community & local development
Transformation of economy towards tourism: Case of Kazakhstan,2018,3,Journal of Security and Sustainability Issues,Article,10.9770/jssi.2018.7.3(19),0,Sport-tourism entrepreneurship
The Economic Governance Capability of the Government and High-Quality Development of China’s Tourism Industry,2024,3,Sustainability (Switzerland),Article,10.3390/su16177370,7,Sustainable sport tourism development
Industry and Innovation Accomplishment Through the Relationship Between Destination Branding and Sustainability: SDG 9 in the Tourism Sector,2024,3,"Tourism, Hospitality and Event Management",Book chapter,10.1007/978-3-031-59535-6_26,7,Sustainable sport tourism development
"Coupling coordination of the digital economy, tourism development and low-carbon economy efficiency: the case of China",2025,3,"Environment, Development and Sustainability",Article,10.1007/s10668-025-06831-y,7,Sustainable sport tourism development
Digital Transformation in Tourism Based on Android Applications for Guides and Recommendations for Tourist Destinations,2025,3,"International Journal on Advanced Science, Engineering and Information Technology",Article,10.18517/ijaseit.15.2.20288,5,Digital innovation in sport tourism/events
Spatial evaluation supporting sustainable tourism development in riverine global south,2020,3,Springer Geography,Book chapter,10.1007/978-3-030-25879-5_12,7,Sustainable sport tourism development
The Role of Liberal Arts Courses on Students’ Multicultural Attitude And Entrepreneurial Motivation In The Tourism Sector,2025,3,Journal of Intercultural Communication,Article,10.36923/jicc.v25i3.1207,4,Community & local development
Geographies of tourism entrepreneurship and innovation: an evolving research agenda,2019,3,A Research Agenda for Tourism Geographies,Book chapter,10.4337/9781786439314.00016,6,Sport-tourism entrepreneurship
Human innovation and regenerative futures in tourism: A bibliometric mapping towards 2050,2025,3,"Journal of Open Innovation: Technology, Market, and Complexity",Review,10.1016/j.joitmc.2025.100663,5,Digital innovation in sport tourism/events
"Navigating Sustainable Features: A Comparative Analysis of Sustainable Tourism in Santorini, Mykonos, and Paros",2025,3,Tourism and Hospitality,Article,10.3390/tourhosp6040183,7,Sustainable sport tourism development
Demystifying Symbiotic Rationality in Tourism SMEs: Conceptualization and Scale Development,2026,3,Journal of Travel Research,Article,10.1177/00472875241307567,7,Sustainable sport tourism development
Recent Technological Developments in the Tourism Industry: A Bibliometric Analysis,2024,3,Lecture Notes in Networks and Systems,Conference paper,10.1007/978-981-97-0210-7_23,5,Digital innovation in sport tourism/events
The promotion path of high-quality development of rural tourism based on intelligent cloud platform system,2024,3,Applied Mathematics and Nonlinear Sciences,Article,10.2478/amns.2023.2.00131,3,Sport-tourism entrepreneurship
Shaping sustainable perceptions: The role of metaphors in Olympic news discourse,2025,3,PLoS ONE,Article,10.1371/journal.pone.0317380,7,Sustainable sport tourism development
"Local Culture Festivals and Sustainable Tourism Development in Mountain Areas. The Region of Epirus, Greece",2022,3,Springer Proceedings in Business and Economics,Conference paper,10.1007/978-3-030-92491-1_30,2,Social innovation & community value
Actual Design Technologies as a Method for Solving Problems of the First Stage of Landscaping (By Example of a Project of Implementing the State Policy Concerning the Far East Territory Development),2018,3,IOP Conference Series: Materials Science and Engineering,Conference paper,10.1088/1757-899X/463/3/032007,0,Sport-tourism entrepreneurship
Digital Entrepreneurship in Tourism and Hospitality Sector: Lessons from the Global South,2024,3,COVID-19 Impact on Tourism Performance in Africa,Book chapter,10.1007/978-981-97-1931-0_7,5,Digital innovation in sport tourism/events
A spatial agent-based model to explore scenarios of adaptation to climate change in an alpine tourism destination,2010,3,"Modelling for Environment's Sake: Proceedings of the 5th Biennial Conference of the International Environmental Modelling and Software Society, iEMSs 2010",Conference paper,10.2139/ssrn.1566861,0,Sport-tourism entrepreneurship
Strategic entrepreneurship and digital transformation to enhance the tourism performance management,2024,3,Strategic Tourism Planning for Communities: Restructuring and Rebranding,Book chapter,10.1108/978-1-83549-015-020241005,5,Digital innovation in sport tourism/events
Tourism and strategic planning: Learning from the Chinese province of Hainan to improve the Syrian coastal region,2018,3,WIT Transactions on Ecology and the Environment,Article,10.2495/SDP180471,7,Sustainable sport tourism development
"Turning the tide on emissions through circular economy practices, tourism development and innovation-driven climate mitigation",2026,3,Humanities and Social Sciences Communications,Article,10.1057/s41599-026-07027-z,7,Sustainable sport tourism development
Development of the Sports Industry: New Opportunities and Challenges,2020,3,Contemporary Social Sciences,Article,10.19873/j.cnki.2096-0212.2020.04.002,1,Mega-events & host destinations
Research on Path Configuration and Mechanism of Digital Economy-Driven Resilience Enhancement in Tourism Industry,2025,3,Sustainability (Switzerland),Article,10.3390/su17073172,5,Digital innovation in sport tourism/events
A sustainable integration of mining activity in a tourist mountain territory: The case of Germanasca Valley,2024,3,Resources Policy,Article,10.1016/j.resourpol.2024.105312,7,Sustainable sport tourism development
A Non-Compensatory Index of Community Participation in Cross-Border Tourism Development Processes,2024,3,Land,Article,10.3390/land13091519,7,Sustainable sport tourism development
"PERCEPTION OF LOCAL DEVELOPMENT AND TOURISM IN THE VISION OF STAKEHOLDERS IN THE WESTERN SIERRA MORENA (ANDALUSIA, SPAIN)",2024,3,Romanian Journal of Geography,Article,10.59277/RRG.2024.1.03,2,Social innovation & community value
Transboundary Conservation Areas and Tourism,2024,3,Geographies of Tourism and Global Change ,Book chapter,10.1007/978-3-031-57252-4_15,2,Social innovation & community value
The Reconfiguration of International Residential Mobility Flows in Post-crisis Spain: The Case of Costa Blanca-Alicante,2021,3,Geographies of Tourism and Global Change,Book chapter,10.1007/978-3-030-77466-0_4,0,Sport-tourism entrepreneurship
"“Hulun Hyang” Farmer Group Asset Mapping Using Asset-Based Community Development Methode as an Ex-situ Edelweiss Flower Conservation in the Bromo Tengger Semeru National Park Area (Case Study: Edelweiss Park, Wonokitri Village)",2023,3,IOP Conference Series: Earth and Environmental Science,Conference paper,10.1088/1755-1315/1131/1/012013,2,Social innovation & community value
A Multi-Criteria Assessment of Green Tourism Potential in Rural Regions: The Role of Green Skills and Institutional Readiness,2025,3,Economies,Article,10.3390/economies13110332,7,Sustainable sport tourism development
"The Potential of Nautical Tourism as a Strategic Product for Regional Tourism Development: The Case of Alto Minho and Esposende, Northwest Portugal",2021,3,"Smart Innovation, Systems and Technologies",Conference paper,10.1007/978-981-33-4256-9_21,0,Sport-tourism entrepreneurship
Leather Craft Industry and Tourism: A Symbiotic Relationship? (A Case Study of Magetan East Java Indonesia),2019,3,Harmonia: Journal of Arts Research and Education,Article,10.15294/harmonia.v19i2.21124,0,Sport-tourism entrepreneurship
Hierarchical Seniority vs. Innovation in Hospitality and Tourism Sustainability Education: A Social Exchange Theory Perspective,2025,3,Sustainability (Switzerland),Article,10.3390/su17188100,7,Sustainable sport tourism development
"Public data openness as an economic policy lever for sustainable tourism: Evidence on mechanisms, spillovers and heterogeneity from Chinese cities",2026,3,Economic Analysis and Policy,Article,10.1016/j.eap.2025.12.029,7,Sustainable sport tourism development
Societal opposition to tourism-related development in the hautes-pyrénées: A missed opportunity for territorial innovation?,2016,3,Revue de Geographie Alpine,Article,10.4000/rga.3258,0,Sport-tourism entrepreneurship
Decoding leadership in tourism and hospitality: A bibliometric insight from 2010 to 2024,2025,3,Multidisciplinary Reviews,Article,10.31893/multirev.2025076,0,Sport-tourism entrepreneurship
Reflections on the outcomes: What should Indian tourism and hospitality managers focus on to stay competitive in the coming decade?,2019,3,Worldwide Hospitality and Tourism Themes,Article,10.1108/WHATT-05-2019-0032,0,Sport-tourism entrepreneurship
Research on Influencing Factors of Tourism Support Behavior of Residents in Health and Wellness Tourism Destination: The Moderating Role of Active Health,2025,3,Sustainability (Switzerland),Article,10.3390/su17104507,0,Sport-tourism entrepreneurship
An introduction to creative tourism development: Articulating local culture and travel,2021,3,Creative Tourism: Activating Cultural Resources and Engaging Creative Travellers,Book chapter,10.1079/9781789243536.0001,4,Community & local development
Opportunities of Development of Eco-Tourism in the Karelian Arctic in the Conditions of the Existing Environmental and Social Challenges,2022,3,Journal of Risk and Financial Management,Article,10.3390/jrfm15100484,7,Sustainable sport tourism development
Climate futures and development pathways: A journey from terrorism to tourism in the Khyber-Pakhtunkhwa Province of Pakistan,2024,3,Futures,Article,10.1016/j.futures.2024.103344,2,Social innovation & community value
From Shores to Systems: The Evolution of Coastal and Island Tourism Research,2025,3,Water (Switzerland),Article,10.3390/w17223199,7,Sustainable sport tourism development
From a Smart City to a Smart Destination: A Case Study,2020,3,Springer Proceedings in Business and Economics,Conference paper,10.1007/978-3-030-36126-6_2,5,Digital innovation in sport tourism/events
Environmental and Community Regeneration: Exploring Design Approach for Inclusive Tourism Based on Visualization Methods,2023,3,Sustainability (Switzerland),Article,10.3390/su15054540,3,Sport-tourism entrepreneurship
"Between innovation and tradition: The difficult construction of a ""common world"" in a natural area of middle-altitude mountain; [Entre innovation et tradition: La difficile construction d'un « monde commun » dans un espace naturel de moyenne montagne]",2015,3,Loisir et Societe,Review,10.1080/07053436.2015.1083763,1,Mega-events & host destinations
Blockchain revolutionizes entrepreneurial and marketing capabilities in health tourism,2024,3,Anatolia,Article,10.1080/13032917.2023.2295326,5,Digital innovation in sport tourism/events
HUMAN AGENCY AND TOURISM DEVELOPMENT IN NATURAL NATIONAL PARKS IN THE CONTEXT OF THE COLOMBIAN ARMED CONFLICT,2021,3,Tourism Review International,Article,10.3727/154427220X16094546258751,2,Social innovation & community value
Focusing on knowledge exchange: The role of trust in tourism networks,2018,3,The Future of Tourism: Innovation and Sustainability,Book chapter,10.1007/978-3-319-89941-1_16,0,Sport-tourism entrepreneurship
Images of territory in the power relations from territorial brand: An intercultural discussion,2024,3,GeoJournal,Article,10.1007/s10708-024-11024-7,4,Community & local development
A neo-institutionalist analysis of sport event leveraging strategies and tactics,2017,3,International Journal of Sport Management and Marketing,Article,10.1504/IJSMM.2017.10008119,1,Mega-events & host destinations
"The effects of motivation, background, attraction and loyalty in the 2010 international thousands swimming cross to Sun Moon Lake",2011,3,APBITM 2011 - Proceedings2011 IEEE International Summer Conference of Asia Pacific Business Innovation and Technology Management,Conference paper,10.1109/APBITM.2011.5996283,1,Mega-events & host destinations
Traditions and Innovations in the North Caucasus Nature Management,2021,3,World Sustainability Series,Book chapter,10.1007/978-3-030-78825-4_20,7,Sustainable sport tourism development
"The impact of the construction of large reservoirs on the cultural landscape: A case study of the shimen reservoir, taiwan",2021,3,Land,Article,10.3390/land10111161,2,Social innovation & community value
Tourism as an innovation and the relevant-innovation-witnesses,2024,3,Current Issues in Tourism,Article,10.1080/13683500.2023.2236275,0,Sport-tourism entrepreneurship
Development analysis of local productive arrangements (LPA): A study case of Paraty (RJ); [Análise do desenvolvimento de arranjos produtivos locais (APLS): Um estudo de caso do município de paraty (RJ)],2011,3,Revista de Administracao Publica,Article,10.1590/S0034-76122011000200010,0,Sport-tourism entrepreneurship
From industrial heartland to urban tourism destination: Balancing growth and community well-being in Amsterdam Noord,2026,3,Cities,Article,10.1016/j.cities.2025.106680,7,Sustainable sport tourism development
Experiential learning in sport tourism curriculum: A case study at the university of the Algarve,2024,3,"Journal of Hospitality, Leisure, Sport and Tourism Education",Article,10.1016/j.jhlste.2024.100510,1,Mega-events & host destinations
Green revitalization of historical settlements for responsible tourism in mediterranean areas: The multiscale approach of VIVIMED project and the experience of Albergo Diffuso,2020,3,IOP Conference Series: Earth and Environmental Science,Conference paper,10.1088/1755-1315/452/1/012121,7,Sustainable sport tourism development
Community Support and Socioeconomic Impacts of Cultural Tourism Development in Western Kenya,2024,3,Tourism and Hospitality,Article,10.3390/tourhosp5040084,2,Social innovation & community value
The role of sports marketing in the global marketplace,2014,3,Strategies in Sports Marketing: Technologies and Emerging Trends,Book chapter,10.4018/978-1-4666-5994-0.ch017,1,Mega-events & host destinations
"Tourism, development and the consumption of tourism",2019,3,A Research Agenda for Tourism and Development,Book chapter,10.4337/9781788112413.00014,0,Sport-tourism entrepreneurship
"FACTORS AFFECTING REGIONAL LINKAGES IN TOURISM DEVELOPMENT, CASE STUDY OF AN GIANG PROVINCE AND ITS SURROUNDING AREA IN MEKONG DELTA REGION, VIETNAM",2024,3,Journal of Sustainability Science and Management,Article,10.46754/jssm.2024.02.011,0,Sport-tourism entrepreneurship
"Place, tourism and cultural entrepreneurship: A critical engagement with cultural political economy",2026,3,Cities,Article,10.1016/j.cities.2025.106518,4,Community & local development
"Innovation, Competitiveness, and Sustainability in Tourism Clusters: An Empirical Model of Caribbean Destinations",2021,3,Advances in Spatial Science,Book chapter,10.1007/978-3-030-61274-0_19,0,Sport-tourism entrepreneurship
"Sustainable Tourism: Theories, Practices, and Challenges in the Pursuit of Balanced Development; [Versando o Turismo Sustentável: Teorias, Práticas e Desafios na Busca por um Desenvolvimento Equilibrado]",2025,3,Fronteiras,Article,10.21664/2238-8869.2025v14i3.7651,7,Sustainable sport tourism development
EXPLORING SOCIAL ENTREPRENEURIAL ACTIVITIES AT A COMMUNITY SPORT EVENT IN THE CONTEXT OF THE COVID-19 PANDEMIC,2023,3,Event Management,Article,10.3727/152599523X16847420514737,1,Mega-events & host destinations
Unraveling the dynamics of bed and breakfast clusters development: A multiscale analysis,2024,3,Applied Geography,Article,10.1016/j.apgeog.2024.103320,0,Sport-tourism entrepreneurship
Determinants of Micro-entrepreneurship in Urban Tourist Centres of Sierra Leone and Morocco,2021,3,"Tourism, Hospitality and Event Management",Book chapter,10.1007/978-3-030-70171-0_10,0,Sport-tourism entrepreneurship
"Research on the measurement of high-quality development of tourism: a case study of Heilongjiang Province, China",2024,3,"Environment, Development and Sustainability",Article,10.1007/s10668-023-03668-1,7,Sustainable sport tourism development
Importance-performance analysis towards sustainable indigenous tourism (a lesson learned from Indonesia),2022,3,International Journal of Innovation and Learning,Article,10.1504/IJIL.2022.119638,7,Sustainable sport tourism development
Navigating Fan Reactions: The Role of Innovation Resistance and Acceptance in Smart Stadium Technology Use,2025,3,Proceedings of the Annual Hawaii International Conference on System Sciences,Conference paper,10.24251/hicss.2025.516,5,Digital innovation in sport tourism/events
The system of indicators for assessing the effectiveness of the regions in the field of tourist services in Russia: Key problems and solutions,2020,3,Journal of Environmental Management and Tourism,Article,10.14505/jemt.v11.6(46).05,0,Sport-tourism entrepreneurship
Unveiling the Power Play: Harnessing Branding Opportunities for GlobalizingSport Events – Insights From India's Sporting Landscape,2024,3,Internationalization of Sport Events Through Branding Opportunities,Book chapter,10.4018/979-8-3693-4038-7.ch009,1,Mega-events & host destinations
Informal Institution and Tourism Development: Insights From Confucian Culture,2024,3,International Journal of Tourism Research,Article,10.1002/jtr.2793,0,Sport-tourism entrepreneurship
The Influence of the Design and Manufacture of Sports Equipment on Sports,2020,3,Journal of Physics: Conference Series,Conference paper,10.1088/1742-6596/1549/3/032039,1,Mega-events & host destinations
Reflecting on the Effects of Disruptive Innovation in South Africa's Accommodation Subsector: A Focus on Emerging Black-Owned Businesses,2021,3,"African Journal of Hospitality, Tourism and Leisure",Article,10.46222/ajhtl.19770720.203,0,Sport-tourism entrepreneurship
Piloting a digital maturity model for smart destinations,2022,3,International Journal of Technology Marketing,Article,10.1504/ijtmkt.2022.126271,5,Digital innovation in sport tourism/events
The development of smart tourism destinationsthrough the integration of ICT Innovations in SMEs of the Commercial Sector:Practical Experience From Central Italy,2019,3,Handbook of Research on Smart Territories and Entrepreneurial Ecosystems for Social Innovation and Sustainable Growth,Book chapter,10.4018/978-1-7998-2097-0.ch008,5,Digital innovation in sport tourism/events
Integration of design thinking in the green hotel business,2025,3,Sustainable Approaches in Spatial Design,Book chapter,10.4018/979-8-3373-0174-7.ch012,7,Sustainable sport tourism development
Entrepreneurship and controversies of tourism development,2016,3,Tourism Encounters and Controversies: Ontological Politics of Tourism Development,Book chapter,10.4324/9781315550732,0,Sport-tourism entrepreneurship
Innovation Process in Mountain Destinations: Does Sustainability Matter? The High Tatras Case Study,2018,3,Springer Proceedings in Business and Economics,Conference paper,10.1007/978-3-319-67101-7_13,0,Sport-tourism entrepreneurship
Sustainable Tourism in the Digital Era,2025,3,Empowering Sustainable Performance and Competitive Advantage in Tourism,Book chapter,10.4018/979-8-3373-4546-8.ch009,5,Digital innovation in sport tourism/events
The effects of support on coastal tourism planning towards well-being of the community,2022,3,Journal of Tourism and Development,Article,10.34624/rtd.v38i0.27382,2,Social innovation & community value
Addressing tourism in county-level planning documents: A pilot application of the community capitals framework,2019,3,International Journal of Tourism Policy,Article,10.1504/IJTP.2019.105493,2,Social innovation & community value
Women's empowerment and tourism development: An Indian perspective,2023,3,Women's Empowerment Within the Tourism Industry,Book chapter,10.4018/978-1-6684-8417-3.ch002,6,Sport-tourism entrepreneurship
Research on Tourism Management Decision Support System Based on IOT Technology,2021,3,"2021 IEEE Conference on Telecommunications, Optics and Computer Science, TOCS 2021",Conference paper,10.1109/TOCS53301.2021.9688897,5,Digital innovation in sport tourism/events
Research on intellectual property strategy to promote the development of tourism branding in China,2021,3,E3S Web of Conferences,Conference paper,10.1051/e3sconf/202125102008,7,Sustainable sport tourism development
Collective actions for sustainable tourism innovation,2026,3,Annals of Tourism Research,Article,10.1016/j.annals.2025.104090,7,Sustainable sport tourism development
Study on the development of low carbon tourism in the era of low carbon economy,2014,3,Advanced Materials Research,Conference paper,10.4028/www.scientific.net/AMR.962-965.2343,7,Sustainable sport tourism development
Territorial Tourism 2.0: Towards a Collaborative and Innovative Approach,2024,3,Sustainable and Intelligent Territorial Marketing and Entrepreneurship,Book chapter,10.4018/979-8-3693-9775-6.ch013,5,Digital innovation in sport tourism/events
Antecendent and consequence destination innovation,2020,3,Geojournal of Tourism and Geosites ,Article,10.30892/gtg.28101-448,0,Sport-tourism entrepreneurship
Sponsorship of Sports Events: A Tool to Develop Social Entrepreneurship and the Corporate Social Responsibility,2017,3,International Studies in Entrepreneurship,Book chapter,10.1007/978-3-319-50850-4_9,1,Mega-events & host destinations
The Youth Olympic Games as an opportunity for sports entrepreneurship,2017,3,International Journal of Sport Management and Marketing,Article,10.1504/IJSMM.2017.10008115,1,Mega-events & host destinations
Supply management for major sport events: The case of the 2010 Vancouver Olympic Games,2017,3,Canadian Journal of Administrative Sciences,Article,10.1002/cjas.1374,1,Mega-events & host destinations
Digital Innovation and Sustainability Practices in Tourism: An Overview,2023,3,Springer Proceedings in Business and Economics,Conference paper,10.1007/978-3-031-26829-8_7,5,Digital innovation in sport tourism/events
Improving senior tourism in the Mar Menor: an entrepreneurial viewpoint,2021,3,Anatolia,Article,10.1080/13032917.2021.1999760,0,Sport-tourism entrepreneurship
Leveraging digital platforms for responsible sports tourism: Budapest's role in the 2020 European football championship,2024,3,Promoting Responsible Tourism With Digital Platforms,Book chapter,10.4018/979-8-3693-3286-3.ch009,1,Mega-events & host destinations
Journey to Discover the Footprint of Tourism from the Perspective of Ecological Modernization; [Ekolojik Modernleşme Perspektifinden Turizmin Ayak İzini Keşfetme Yolculuğu],2024,3,Sosyoekonomi,Article,10.17233/sosyoekonomi.2024.02.06,7,Sustainable sport tourism development
"Innovation of Natural Orchid Cultivation Technology for Tourism Development in Banyunganti Hamlet, Jatimulyo Village, Girimulyo Sub-District, Kulon Progo District, Yogyakarta",2020,3,Journal of Tropical Biodiversity and Biotechnology,Article,10.22146/jtbb.46283,6,Sport-tourism entrepreneurship
Regional tourism development: Competitiveness and sustainability,2012,3,Bridging Tourism Theory and Practice,Article,10.1108/S2042-1443(2012)0000004006,0,Sport-tourism entrepreneurship
Ecological integration of new ideas for urban tourism space resources - Nanning Watertown tourism space resources integration,2012,3,Advanced Materials Research,Conference paper,10.4028/www.scientific.net/AMR.368-373.1889,0,Sport-tourism entrepreneurship
A Multi-stakeholder Approach to Tourism Development,2017,3,Tourism and Entrepreneurship: International Perspectives,Book chapter,10.4324/9780080942728-18,3,Sport-tourism entrepreneurship
Benchmarking the egyptian tourism higher education scheme,2010,3,Anatolia,Article,10.1080/13032917.2010.9687109,0,Sport-tourism entrepreneurship
"From a neapolitan perspective, reaching out beyond prevailing cultural models",2021,2,"Global Urbanism: Knowledge, Power and the City",Book chapter,10.4324/9780429259593-40,4,Community & local development
"City Brand: Key Components, Integrated Marketing Communication Strategies, and Strategic Initiatives for Enhancing Suzhou's Unique City",2025,2,"Human Behavior, Development and Society",Article,10.62370/hbds.v26i1.277249,4,Community & local development
Denbigh Showground: a potential “agri-cultural” attraction concept for tourism in Jamaica,2012,2,Emerald Emerging Markets Case Studies,Article,10.1108/20450621211317654,2,Social innovation & community value
"Harnessing Geographic Information System (GIS) by Implementing Building Information Modelling (BIM) to Improve AEC Performance Towards Sustainable Strategic Planning in Setiu, Terengganu, Malaysia",2024,2,"Studies in Systems, Decision and Control",Book chapter,10.1007/978-3-031-35828-9_23,5,Digital innovation in sport tourism/events
Cultural Symbols in the Context of Communication—Identity Label and Link of Social Cohesion,2019,2,Springer Proceedings in Business and Economics,Conference paper,10.1007/978-3-319-89468-3_36,4,Community & local development
UNDERSTANDING THE CONTRIBUTION OF TURKIC PETROGLYPHS TO CULTURAL TOURISM DEVELOPMENT IN CENTRAL ASIA: A SYSTEMATIC AND META-ANALYTIC PERSPECTIVE,2025,2,Geojournal of Tourism and Geosites,Article,10.30892/gtg.62406-1572,4,Community & local development
THE IMPACT OF ECOTOURISM EFFICIENCY ON PROMOTING SUSTAINABLE TOURISM DEVELOPMENT IN THE NORTH CENTRAL REGION,2025,2,Geojournal of Tourism and Geosites,Article,10.30892/gtg.602spl17-1493,7,Sustainable sport tourism development
Sustainable culinary tourism in urban settings: A case study of Bogor city and an integrated policy network,2026,2,Multidisciplinary Science Journal,Article,10.31893/multiscience.2026076,7,Sustainable sport tourism development
"The Development Process, Evolutionary Patterns, and Emerging Trends of Ice and Snow Tourism in China; [中国冰雪旅游发展历程、演进规律与新趋向]",2026,2,Journal of Resources and Ecology,Article,10.5814/j.issn.1674-764x.2026.02.001,5,Digital innovation in sport tourism/events
Smart Technologies in Tourism: To Understanding of the Sphere and Actual Tasks of Effective Use,2021,2,Lecture Notes in Networks and Systems,Book chapter,10.1007/978-3-030-59126-7_83,5,Digital innovation in sport tourism/events
With a little help from my Region: Coopetition in regional development and the creation of tourism social value in low-density territories,2025,2,Tourism and Hospitality Research,Article,10.1177/14673584251395265,0,Sport-tourism entrepreneurship
How is table tennis used to boost the development of Shanghai? Interviewing the executive director of Shanghai Table Tennis Association,2021,2,International Journal of Sports Marketing and Sponsorship,Article,10.1108/IJSMS-04-2020-0049,1,Mega-events & host destinations
Smart Tourism Landmark Recognition: A Multi-Threshold Enhancement and Selective Ensemble Approach Using YOLO11,2025,2,Sustainability (Switzerland),Article,10.3390/su17178081,5,Digital innovation in sport tourism/events
Survival Probability of Tourist Accommodation Establishments in Romania in Relation to the Action of Some Relevant Factors,2024,2,Sustainability (Switzerland),Article,10.3390/su16156344,0,Sport-tourism entrepreneurship
The impact of a sustainable muslim model on community development with special reference to religious tourism,2021,2,International Journal of Religious Tourism and Pilgrimage,Review,10.21427/w3hs-n108,2,Social innovation & community value
Tourism Development in North Greece,2021,2,Contributions to Economics,Book chapter,10.1007/978-3-030-74632-2_1,0,Sport-tourism entrepreneurship
Identifying Opportunities for Developing Nature-Based Sport Tourism to Improve Health in Papua: A Bibliometric Analysis of Research Over Ten Years,2024,2,Physical Education Theory and Methodology,Review,10.17309/tmfv.2024.5.16,1,Mega-events & host destinations
Digital nomadism and tourism development: Stakeholders' perceptions of an inner area,2024,2,Sinergie,Article,10.7433/s124.2024.05,5,Digital innovation in sport tourism/events
The new Gold Coast Chinatown: stakeholders’ development preferences,2015,2,International Journal of Tourism Cities,Article,10.1108/IJTC-11-2014-0020,4,Community & local development
"Impact of Chinese Heritage, Cultural Protection, and Green Innovation on Tourism Development",2025,2,Sustainability (Switzerland),Article,10.3390/su17094107,4,Community & local development
Tourism enterprise cooperation specifics: Comparative study of Riga and Novosibirsk travel agencies,2017,2,European Research Studies Journal,Article,10.35808/ersj/758,0,Sport-tourism entrepreneurship
Investigating the spatial basis clustering of smart tourism potential using fuzzy c-means,2024,2,Decision Science Letters,Article,10.5267/j.dsl.2024.6.001,5,Digital innovation in sport tourism/events
Linking organizational intangibles to sustainable performance: A mediated-moderated model from the hospitality industry,2025,2,Edelweiss Applied Science and Technology,Article,10.55214/25768484.v9i5.7005,7,Sustainable sport tourism development
"SPORT EDUCATION, CULTURAL STUDIES AND TOURISM: INTERDISCIPLINARY PERSPECTIVES ON IDENTITY, HERITAGE, AND SOCIAL DEVELOPMENT",2026,2,Geojournal of Tourism and Geosites,Article,10.30892/gtg.65241-1746,4,Community & local development
Optimization of ecological sports innovation teaching path based on multiple intelligence evaluation model,2024,2,Applied Mathematics and Nonlinear Sciences,Article,10.2478/amns.2023.1.00470,1,Mega-events & host destinations
TOWARDS A FRAMEWORK FOR RESILIENCE BUILDING IN SPORT EVENT TOURISM IN THE DEVELOPING CONTEXT,2025,2,Geojournal of Tourism and Geosites,Article,10.30892/gtg.61354-1564,1,Mega-events & host destinations
"Spatiotemporal Differences in Regional Tourism Efficiency: An Empirical Study From Guangdong Province, China",2024,2,Complexity,Article,10.1155/2024/5781877,7,Sustainable sport tourism development
Tourism as a Catalyst for Supporting Sustainable SMME Development,2024,2,Proceedings of the International Conference on Tourism Research,Conference paper,10.34190/ictr.7.1.2167,0,Sport-tourism entrepreneurship
"CARRYING CAPACITY INDICATORS IN RELATION TO A TOURIST DESTINATION: THE CASE OF THE ISLAND OF PAROS, GREECE",2022,2,WIT Transactions on Ecology and the Environment,Conference paper,10.2495/SDP220291,7,Sustainable sport tourism development
Integrated tourism development? When places of the ordinary are transformed to destinations,2016,2,Tourism Destination Development: Turns and Tactics,Book chapter,10.4324/9781315550756-16,0,Sport-tourism entrepreneurship
Sustainable Regenerative Strategies for the Inner Areas: An Example of “Civic Design” in Marradi (Tuscany),2022,2,"Advances in Science, Technology and Innovation",Conference paper,10.1007/978-3-030-97046-8_15,7,Sustainable sport tourism development
Tackling Climate Change Effects and Sustainable Tourism Products and Services Development Through Innovation in Bangladesh,2021,2,Technology Application in the Tourism and Hospitality Industry of Bangladesh,Book chapter,10.1007/978-981-16-2434-6_18,7,Sustainable sport tourism development
Supporting Sustainable Island Tourism Through Infrastructuring Co-Design: A Case Study From Mayu Island,2026,2,Island Studies Journal,Article,10.24043/001c.142953,2,Social innovation & community value
Policy of Disaster Mitigation and Post-Disaster Sustainable Tourism in Indonesia: Case Study of Tanjung Lesung Marine Tourism Banten,2025,2,International Journal of Sustainable Development and Planning,Article,10.18280/ijsdp.200316,7,Sustainable sport tourism development
Environmental communication model through community-based tourism development in overcoming mangrove damage,2021,2,IOP Conference Series: Earth and Environmental Science,Conference paper,10.1088/1755-1315/886/1/012022,2,Social innovation & community value
ASSESSING THE RESILIENCE OF RURAL TOURISM IN INDONESIA DURING AND AFTER THE COVID-19 PANDEMIC USING THE MULTIMOORA METHOD,2024,2,Amfiteatru Economic,Article,10.24818/EA/2024/S18/1329,3,Sport-tourism entrepreneurship
Digital financial transformation and legal environment for sustainable tourism development in East Africa,2023,2,Transformation for Sustainable Business and Management Practices: Exploring the Spectrum of Industry 5.0,Book chapter,10.1108/978-1-80262-277-520231013,5,Digital innovation in sport tourism/events
"Homestay accommodation for tourism development in Kelantan, Malaysia",2015,2,Theory and Practice in Hospitality and Tourism Research - Proceedings of the 2nd International Hospitality and Tourism Conference 2014,Conference paper,10.1201/b17390-47,2,Social innovation & community value
The Impact of the Economic Crisis and the Pandemic on the Portuguese Tourism Industry: An Econometric Approach,2025,2,Sustainability (Switzerland),Article,10.3390/su17198896,7,Sustainable sport tourism development
Importance of tourism in community development,2013,2,Mediterranean Journal of Social Sciences,Article,10.5901/mjss.2013.v4n9p205,0,Sport-tourism entrepreneurship
Critical perspectives on Aboriginal and Torres Strait Islander tourism Towards Indigenous-led approaches,2017,2,Inclusive Place Branding: Critical Perspectives in Theory and Practice,Book chapter,10.4324/9781315620350,2,Social innovation & community value
Exploring the Metaverse: Opportunities for Tourism and Territorial Development,2024,2,Lecture Notes in Computer Science (including subseries Lecture Notes in Artificial Intelligence and Lecture Notes in Bioinformatics),Conference paper,10.1007/978-3-031-65343-8_9,5,Digital innovation in sport tourism/events
Education for sustainability in UNESCO Global Geoparks: Findings from a systematic literature review,2026,2,International Journal of Geoheritage and Parks,Review,10.1016/j.ijgeop.2026.100283,7,Sustainable sport tourism development
Vulnerability and Sustainability of Tourism Development on Croatian Islands,2025,2,Sustainability (Switzerland),Article,10.3390/su17209078,2,Social innovation & community value
Service-learning Pedagogy: A Pathway to Empowering Students as A Catalyst for Sustainable Tourism Development through Civic Engagement and Community Development,2024,2,Media Konservasi,Article,10.29244/medkon.29.3.373,7,Sustainable sport tourism development
Research on the development path of integration of rural sports culture and sports tourism in the context of big data,2023,2,Applied Mathematics and Nonlinear Sciences,Article,10.2478/amns.2023.1.00150,1,Mega-events & host destinations
SWOT analysis for development strategy for Silamci natural tourism object facilities in Garut,2024,2,ARTEKS : Jurnal Teknik Arsitektur,Article,10.30822/arteks.v9i1.3276,0,Sport-tourism entrepreneurship
"INTEGRATING LOCAL WISDOM INTO ENTREPRENEURSHIP EDUCATION FOR SUSTAINABLE TOURISM IN PULO ACEH, INDONESIA",2025,2,Jurnal Ilmiah Peuradeun,Article,10.26811/peuradeun.v13i3.1909,7,Sustainable sport tourism development
Managing sport tourism in communities: Case study in China,2024,2,International Perspectives in Sport Tourism Management,Book chapter,10.4324/9781003476658-11,1,Mega-events & host destinations
Wildlife and tourism in East Java southern coastal area: challenges for ecologically sustainable tourism,2022,2,Journal of Marine and Island Cultures,Review,10.21463/jmic.2022.11.1.07,7,Sustainable sport tourism development
Sustainable Tourism Development Using Multi-Criteria Decision Making in China Tourism Destination,2026,2,Sustainable Development,Article,10.1002/sd.70517,7,Sustainable sport tourism development
Now everyone can sail: On the need to understand mass tourism,2019,2,A Research Agenda for Tourism and Development,Book chapter,10.4337/9781788112413.00015,0,Sport-tourism entrepreneurship
Building community through socially responsible tourism: A collaborative success in the Dominican Republic,2008,2,WIT Transactions on Ecology and the Environment,Article,10.2495/ST080121,2,Social innovation & community value
Developing 'Unused Resources' for Tourism: Cases of Drift Ice in Hokkaido and ICEHOTEL in Lapland,2022,2,Academica Turistica,Article,10.26493/2335-4194.15.335-348,0,Sport-tourism entrepreneurship
Networks of historic houses as a strategic option for sustainable tourism development: The venetian villas case,2018,2,WIT Transactions on Ecology and the Environment,Review,10.2495/ST180191,0,Sport-tourism entrepreneurship
Empowering Indigenous Women Through Community-Based Tourism,2025,2,Greener Future: Building Sustainable Tourism Communities,Book chapter,10.1108/978-1-83608-988-920251009,6,Sport-tourism entrepreneurship
Aviation big data-driven tourism carbon efficiency evaluation: evidence from China,2026,2,Journal of Sustainable Tourism,Article,10.1080/09669582.2025.2501056,7,Sustainable sport tourism development
An overview of encouraging sustainable tourism in the coastal tourism of Karang Jahe beach: Issues and challenges,2018,2,E3S Web of Conferences,Conference paper,10.1051/e3sconf/20187302015,7,Sustainable sport tourism development
Tourism in a transforming world economy - the impacts of the brave new world: How might Jamaica achieve long-term sustainable development?,2014,2,Worldwide Hospitality and Tourism Themes,Review,10.1108/WHATT-01-2014-0007,7,Sustainable sport tourism development
Transformative blockchain technological approaches to sports events,2025,2,Frontiers in Sports and Active Living,Article,10.3389/fspor.2025.1547137,1,Mega-events & host destinations
Demographic influences on digital service perceptions and satisfaction at World Heritage Sites in Chinese coastal cities: An empirical analysis,2024,2,"Journal of Infrastructure, Policy and Development",Article,10.24294/jipd.v8i11.8604,5,Digital innovation in sport tourism/events
The evaluation of tourism industry efficiency in Hubei province based on three-stage DEA,2020,2,ACM International Conference Proceeding Series,Conference paper,10.1145/3436286.3436398,5,Digital innovation in sport tourism/events
How sport management can address sustainability: Creating and testing a scale,2025,2,Sustainable Futures,Article,10.1016/j.sftr.2025.101102,1,Mega-events & host destinations
"Towards a new local sustainable development model for a consolidated tourist destination: The case of Los Cabos, Mexico",2016,2,International Journal of Sustainable Development and Planning,Article,10.2495/SDP-V11-N2-138-146,7,Sustainable sport tourism development
Do tourism and CO2emission predict technological innovation in developing countries: Examining Porter and innovative Claudia curve hypothesis,2025,2,Energy and Environment,Article,10.1177/0958305X231222164,7,Sustainable sport tourism development
Responsible Tourism,2014,2,"CSR, Sustainability, Ethics and Governance",Book chapter,10.1007/978-3-319-06308-9_2,2,Social innovation & community value
Opportunities for intensive growth of the well-being of students based on interviews in Western Kazakhstan,2025,2,Educational Process: International Journal,Article,10.22521/edupij.2025.14.35,5,Digital innovation in sport tourism/events
Exploring visitor perspectives on critical success factors for wine tourism: a qualitative approach,2025,2,Tourism Recreation Research,Article,10.1080/02508281.2025.2533211,0,Sport-tourism entrepreneurship
Rural Tourism Creative Innovations in Italy and Kazakhstan as a Response to the COVID-19 Pandemic: Revisiting Rural Leisure and Travel,2023,2,"COVID-19, Tourist Destinations and Prospects for Recovery: Volume One: A Global Perspective",Book chapter,10.1007/978-3-031-22257-3_7,3,Sport-tourism entrepreneurship
Enhancing Community-School-University Partnership for Rural Landscape Conservation: a Case Study in Taiwan,2020,2,Geoheritage,Article,10.1007/s12371-020-00443-w,2,Social innovation & community value
Study on the Development of Marine Cultural Industry in Gokarna: A Coastal Rural Area of India,2020,2,Journal of Coastal Research,Article,10.2112/JCR-SI108-060.1,3,Sport-tourism entrepreneurship
"Community perceptions on tourism development in South Africa: The case of developing a tourism route in the City of Mbombela Local Municipality, Mpumalanga Province, South Africa",2022,2,Local Economy,Article,10.1177/02690942231161827,2,Social innovation & community value
Innovative Business Models in Developing Meat Ecotourism in Toba Samosir,2019,2,Journal of Physics: Conference Series,Conference paper,10.1088/1742-6596/1175/1/012197,0,Sport-tourism entrepreneurship
Research on the Characteristics and Colours of Chinese Islamic Architecture: A Case Study of Fenghuang Temple in Hangzhou,2025,2,Religions,Article,10.3390/rel16121484,4,Community & local development
A historical perspective and empirical analysis on development of theme parks in Japan,2010,2,Worldwide Hospitality and Tourism Themes,Article,10.1108/17554211011052186,0,Sport-tourism entrepreneurship
The Relationship between Sports Clubs and Regional Development: Destination Management in Barcelos (Portugal),2025,2,IBIMA Business Review,Article,10.5171/2025.440467,1,Mega-events & host destinations
Innovation of Form and Function of Banyumulek Pottery Craftsmanship in Lombok as Heritage of Traditional Culture,2024,2,Harmonia: Journal of Arts Research and Education,Article,10.15294/harmonia.v24i1.44787,4,Community & local development
"Exploring the Significance of Cooperative Entrepreneurship in Tourism Development of the Azilal Region, Morocco",2025,2,International Journal of Rural Management,Article,10.1177/09730052241283924,3,Sport-tourism entrepreneurship
Overcoming cross-cultural differences in post-war Sri Lanka: the case of Jetwing in Jaffna,2019,2,Worldwide Hospitality and Tourism Themes,Article,10.1108/WHATT-12-2018-0082,4,Community & local development
Cultural Organisations as Drivers for Change in Tourism,2022,2,Contributions to Management Science,Book chapter,10.1007/978-3-031-14121-8_1,4,Community & local development
The potential of ecotourism development through community involvement to enhance tourism destination performance in Tana Toraja (An implementation of ecotourism concepts on Banua Tongkonan),2019,2,IOP Conference Series: Earth and Environmental Science,Conference paper,10.1088/1755-1315/235/1/012031,0,Sport-tourism entrepreneurship
"The framework of the Päijät-Häme Sport, Experiences, and Well-being Road Map 2030",2021,2,"Regional Studies, Regional Science",Article,10.1080/21681376.2021.1989325,1,Mega-events & host destinations
"Reimagining mural heritage: tourism-driven space reconfiguration through genuine, replica, and digital regeneration",2025,2,Journal of Tourism and Cultural Change,Article,10.1080/14766825.2025.2552473,4,Community & local development
Sustainable Ecotourism Development Through Open Innovation and Infrastructure Facilities: Systems Modeling Approach,2024,2,IEEE International Conference on Industrial Engineering and Engineering Management,Conference paper,10.1109/IEEM62345.2024.10857216,7,Sustainable sport tourism development
Tourism attraction and CBT of agro tourism in Cafe Sawah Pujon Kidul,2021,2,E3S Web of Conferences,Conference paper,10.1051/e3sconf/202131604001,2,Social innovation & community value
Negotiating authenticity in Uzbekistan’s community-based tourism: a thematic analysis of cultural performance and adaptation,2026,2,Asia Pacific Journal of Tourism Research,Article,10.1080/10941665.2026.2633110,4,Community & local development
Factors Affecting the Adventure Tourism Development Index: A Worldwide Analysis,2022,2,"Smart Innovation, Systems and Technologies",Conference paper,10.1007/978-981-19-1040-1_32,0,Sport-tourism entrepreneurship
"A Multi-Layered, Progressive Model of Self-Driving Tourists’ Environmental Responsibility Behavior: Enriched Tourism Destination 6A Framework",2025,2,Sustainability (Switzerland),Article,10.3390/su17198786,7,Sustainable sport tourism development
Small-scale mountain tourism in Bulgaria: Development patterns and sustainability implications,2016,2,Sustainable Mountain Regions: Challenges and Perspectives in Southeastern Europe,Book chapter,10.1007/978-3-319-27905-3_8,0,Sport-tourism entrepreneurship
The Azorean Rural Tourism Entrepreneurs Perception of This Activity Development Potential: A Preliminary Research,2022,2,"Smart Innovation, Systems and Technologies",Conference paper,10.1007/978-981-19-1040-1_23,3,Sport-tourism entrepreneurship
Dark Tourism Along the Silk Route: The Case of Thessaloniki,2023,2,"Advances in Science, Technology and Innovation",Conference paper,10.1007/978-3-031-31027-0_29,4,Community & local development
Sustainability in Tourism Through the Use of Local Resources in Smart Destinations: A European Perspective,2025,2,WSEAS Transactions on Business and Economics,Article,10.37394/23207.2025.22.163,5,Digital innovation in sport tourism/events
Community-based tourism: Planning processes and outcomes in the developing world,2019,2,"Community-Based Tourism in the Developing World: Community Learning, Development & Enterprise",Book chapter,10.4324/9781351026383-8,2,Social innovation & community value
Analysis of Tourism Development Linked to Protected Areas in Chilean Patagonia,2023,2,Integrated Science,Book chapter,10.1007/978-3-031-39408-9_18,7,Sustainable sport tourism development
"Food Tourism Experiences in Summer Markets: The Case of La Santa Market (Catalonia, Spain)",2025,2,Springer Proceedings in Business and Economics,Conference paper,10.1007/978-3-031-87019-4_2,2,Social innovation & community value
Digital Transformation: The Global Sport Industry,2025,2,International Encyclopedia of Business Management,Book chapter,10.1016/B978-0-443-13701-3.00209-7,1,Mega-events & host destinations
Research on the Innovation of Eco-Cultural Tourism Products of Royal Prime Minister's Palace in Shanxi Province from the Perspective of Experiencing Consumption,2019,2,IOP Conference Series: Earth and Environmental Science,Conference paper,10.1088/1755-1315/267/5/052035,4,Community & local development
"The Lack of Policy, Planning, and Governance: The Mismanagement of Visitor Pressure in Cumalıkızık, Bursa-A World Heritage Site",2021,2,Mediterranean Protected Areas in the Era of Overtourism: Challenges and Solutions,Book chapter,10.1007/978-3-030-69193-6_12,4,Community & local development
Digital Transformation and Ambidextrous Innovation for Sustainable Growth: Evidence from Listed Tourism Firms in China,2025,2,Sustainability (Switzerland),Article,10.3390/su17135923,5,Digital innovation in sport tourism/events
Promotion strategy of Dieng Culture Festival (DCF) as sustainable tourism based on local community,2021,2,E3S Web of Conferences,Conference paper,10.1051/e3sconf/202131604012,2,Social innovation & community value
A Resource Market and Product Analysis for Marine Tourism Development,2020,2,Journal of Coastal Research,Article,10.2112/JCR-SI107-024.1,0,Sport-tourism entrepreneurship
Understanding community capacity through canal heritage development: Sink or swim,2012,2,International Journal of Tourism Policy,Article,10.1504/IJTP.2012.052566,2,Social innovation & community value
Open innovation in tourism micro-firms: evidence from the Italian Alps,2024,2,Current Issues in Tourism,Article,10.1080/13683500.2023.2277908,0,Sport-tourism entrepreneurship
Emerging Opportunities and Challenges of MSMEs in Birdwatching: An Approach Based on Artificial Intelligence and Strategic Foresight,2026,2,"Opportunities and Challenges of AI in Micro, Small, and Medium-Sized Enterprises",Book chapter,10.4018/979-8-3373-2817-1.ch009,3,Sport-tourism entrepreneurship
Developing a typology for residents and local development: A case study in Northern Greece,2020,2,International Journal of Sustainable Agricultural Management and Informatics,Article,10.1504/IJSAMI.2020.108364,2,Social innovation & community value
From data to dollar: Using the wisdom of an online tipster community to improve sports betting returns,2021,2,European Journal of International Management,Article,10.1504/EJIM.2021.113263,1,Mega-events & host destinations
Whitewater sports: An innovation conducive to regional development? The case of the Ubaye Valley,2015,2,Loisir et Societe,Review,10.1080/07053436.2015.1083762,1,Mega-events & host destinations
Antecedents of Social Commerce Adoption in the Tourism Industry: Evidence from a Developing Country,2023,2,"Proceedings - 2023 IEEE International Conference on e-Business Engineering, ICEBE 2023",Conference paper,10.1109/ICEBE59045.2023.00030,5,Digital innovation in sport tourism/events
UNVEILING THE GENDER LENS IN TOURISM,2024,2,"ROUTLEDGE HANDBOOK ON GENDER IN TOURISM: Views on Teaching, Research and Praxis",Book chapter,10.4324/9781003286721-2,6,Sport-tourism entrepreneurship
Gastronomy does not recognise political borders,2016,2,"Food Tourism and Regional Development: Networks, products and trajectories",Book chapter,10.4324/9781315691695-15,0,Sport-tourism entrepreneurship
"Gastronomic delights for community growth: unravelling the impact of sustainable tourism in Sikkim, India",2024,2,International Journal of Tourism Policy,Article,10.1504/IJTP.2024.139729,2,Social innovation & community value
Human Resource Management and Sustainable Tourism Development: A Conceptual Analysis from an Academic Perspective,2016,2,"Project Management: Concepts, Methodologies, Tools, and Applications",Book chapter,10.4018/978-1-5225-0196-1.ch020,7,Sustainable sport tourism development
"Tourism Suitability, and Carrying Capacity: Prospect Ecotourism (Case Study in Marina Beach Semarang",2020,2,E3S Web of Conferences,Conference paper,10.1051/e3sconf/202020203010,1,Mega-events & host destinations
Ecological development strategy of coastal sport projects of jiangsu province,2020,2,Journal of Coastal Research,Article,10.2112/JCR-SI109-025.1,1,Mega-events & host destinations
"Exploring the nexus of women's entrepreneurship, entrepreneurial efficacy, and passion in tourism development: A concept proposition",2024,2,Examining Barriers and Building Resiliency for Rural Women Entrepreneurs,Book chapter,10.4018/979-8-3693-9178-5.ch011,6,Sport-tourism entrepreneurship
"Innovation in tourism development in Rote Ndao District, East Nusa Tenggara Indonesia",2024,2,Kasetsart Journal of Social Sciences,Article,10.34044/j.kjss.2024.45.3.30,0,Sport-tourism entrepreneurship
"Initiate, adopt, implement, and transfer: exploring the innovation process undergone by mega-sport event organizing committees",2025,2,Sport Management Review,Article,10.1080/14413523.2025.2466923,1,Mega-events & host destinations
Constructing an integrated model of tourism livestreaming acceptance: scale development and validation,2026,2,Current Issues in Tourism,Article,10.1080/13683500.2024.2420859,5,Digital innovation in sport tourism/events
"Feasibility study and strategy analysis of low-carbon operation of large-scale sports events under the green development model: An example of building a ""racing city"" in Wuhan",2021,2,E3S Web of Conferences,Conference paper,10.1051/e3sconf/202127502011,1,Mega-events & host destinations
Inclusive social innovation for hospitality employment,2026,2,Annals of Tourism Research,Article,10.1016/j.annals.2025.104068,6,Sport-tourism entrepreneurship
Research on Integration and Innovation of Anhui Food Eco-tourism Industry under the Concept of Green Development,2021,2,IOP Conference Series: Earth and Environmental Science,Conference paper,10.1088/1755-1315/769/2/022005,0,Sport-tourism entrepreneurship
How does the entrepreneurship ecosystem foster tourism competitiveness?,2026,2,Tourism Economics,Article,10.1177/13548166251341021,7,Sustainable sport tourism development
Local development planning and the tourism sector: Prospects for reducing volatility in tourism impacts in Kenya,2012,2,International Development Planning Review,Review,10.3828/idpr.2012.11,2,Social innovation & community value
A Pathway to Sustainable Agritourism: An Integration of Entrepreneurial Self-Efficacy and Resource Dependence Theories,2025,2,Sustainability (Switzerland),Article,10.3390/su17114911,0,Sport-tourism entrepreneurship
Culture as an instrument of local development,2024,2,Managing Natural and Cultural Heritage for a Durable Tourism,Book chapter,10.1007/978-3-031-52041-9_4,4,Community & local development
Loulé Criativo: Our creative tourism development story,2021,2,Creative Tourism: Activating Cultural Resources and Engaging Creative Travellers,Book chapter,10.1079/9781789243536.0021,4,Community & local development
Does land property structure affect local development patterns? Evidence from a Greek tourist area,2008,2,Urban Studies,Article,10.1177/0042098007088469,0,Sport-tourism entrepreneurship
On development and innovation of tourism resources of historical and cultural city in Jingdezhen,2014,2,Applied Mechanics and Materials,Conference paper,10.4028/www.scientific.net/AMM.675-677.1275,4,Community & local development
Tourism and Local Development Strategies; The Mexican Case,2010,2,GeoJournal Library,Book chapter,10.1007/978-90-481-3739-8_12,0,Sport-tourism entrepreneurship
Tourism Entrepreneurship and Regional Development,2017,2,Tourism and Entrepreneurship: International Perspectives,Book chapter,10.4324/9780080942728-12,0,Sport-tourism entrepreneurship
Case study of Beijing Olympic games: Network technology application and system control in sports events in China,2011,2,"2011 International Conference on Electronics, Communications and Control, ICECC 2011 - Proceedings",Conference paper,10.1109/ICECC.2011.6066317,1,Mega-events & host destinations
AUTHENTICITY AND INNOVATION: The Future of Tourism in Iran,2019,2,Bridging Tourism Theory and Practice,Book chapter,10.1108/S2042-144320190000010013,4,Community & local development
Exploration of Profit Model of Beach Sports Based on Data Drive,2023,2,Proceedings of SPIE - The International Society for Optical Engineering,Conference paper,10.1117/12.2667560,1,Mega-events & host destinations
Tourism Entrepreneurship – Concepts and Issues,2017,2,Tourism and Entrepreneurship: International Perspectives,Book chapter,10.4324/9780080942728-3,6,Sport-tourism entrepreneurship
"Protection, development, and utilization of the cultural heritage of post roads in Northeast China",2018,2,International Journal of Interdisciplinary Cultural Studies,Article,10.18848/2327-008X/CGP/v13i04/25-35,4,Community & local development
Research on tourism development strategy and patterns of vacation islands in China: Case study of Weizhou Island,2011,2,"2011 2nd International Conference on Artificial Intelligence, Management Science and Electronic Commerce, AIMSEC 2011 - Proceedings",Conference paper,10.1109/AIMSEC.2011.6011290,0,Sport-tourism entrepreneurship
The Identification of Cultural Tourism Geographies: Results from a Systematic Literature Review,2023,2,Geographica Pannonica,Review,10.5937/GP27-46772,4,Community & local development
3D-live - Live interactions through 3D visual environments,2012,2,ACM International Conference Proceeding Series,Conference paper,10.1145/2331714.2331741,5,Digital innovation in sport tourism/events
The management innovation of tourism enterprises under the eco-tourism model,2021,2,E3S Web of Conferences,Conference paper,10.1051/e3sconf/202125103041,7,Sustainable sport tourism development
Study on influences of large-scale sports events on regional economy,2011,2,Asian Social Science,Article,10.5539/ass.v7n10p277,1,Mega-events & host destinations
"Social innovations for inclusive development in tourism – insights from Kemi, Finland",2024,1,Nordia Geographical Publications,Article,10.30671/nordia.147795,2,Social innovation & community value
Transforming Voices: reimagining organizational vulnerabilities of Mexican women in tourism through experimental audio-visual research,2026,1,Consumer Behavior in Tourism and Hospitality,Article,10.1108/CBTH-04-2024-0114,6,Sport-tourism entrepreneurship
"Rural Reconstruction Enterprises Involving Rural Tourism Gentrification: A Case Study of Longshang Village, Nanjing, China; [乡建企业介入的乡村旅游绅士化形成机制——以南京市龙尚村为例]",2025,1,Tropical Geography,Article,10.13284/j.cnki.rddl.20240718,3,Sport-tourism entrepreneurship
FORESIGHT OF THE DEVELOPMENT OF RURAL TOURISM IN UKRAINE IN THE POST-WAR PERIOD,2024,1,Agricultural and Resource Economics,Article,10.51599/ARE.2024.10.02.01,3,Sport-tourism entrepreneurship
New Path Innovation of Rural Tourism Development Based on Mobile Communication,2022,1,Mobile Information Systems,Article,10.1155/2022/5772204,3,Sport-tourism entrepreneurship
Low-Carbon Pathways for Ski Tourism: Integrated Carbon Accounting and Driving Factors in a City Hosting the Winter Olympics,2025,1,Sustainability (Switzerland),Article,10.3390/su172411379,7,Sustainable sport tourism development
Strategic implications for the evolution of tourism in Asia: a comprehensive analysis,2025,1,Worldwide Hospitality and Tourism Themes,Review,10.1108/WHATT-01-2025-0044,5,Digital innovation in sport tourism/events
Innovative technologies absorption process: The case of the sts timing company operating on the mass sports events market,2020,1,Journal of Physical Education and Sport,Article,10.7752/jpes.2020.s2163,1,Mega-events & host destinations
Computer-Aided Internet of Things System Structure for Urban Tourist Attractions,2023,1,Computer-Aided Design and Applications,Article,10.14733/cadaps.2023.S2.131-142,5,Digital innovation in sport tourism/events
Accelerating Entrepreneurship for Sustainable Tourism in Africa Through Co-Created Youth-Centered Innovation Ecosystem,2024,1,Developing University Entrepreneurial Ecosystems in Sub-Saharan Africa,Book chapter,10.1142/9789819800520_0004,6,Sport-tourism entrepreneurship
AI-Driven Information Systems for Sustainable Tourism: A Review of IoT and Big Data Applications,2026,1,"Journal of Human, Earth, and Future",Review,10.28991/HEF-2026-07-01-015,5,Digital innovation in sport tourism/events
"Evaluation of AI, communication, and social behavior in ancient Chinese villages: A systematic review of tourism's role in resident adaptation",2025,1,Environment and Social Psychology,Article,10.59429/esp.v10i9.3573,4,Community & local development
Analysis of network interaction in the context of physical education and sports activities of universities,2020,1,E3S Web of Conferences,Conference paper,10.1051/e3sconf/202020809013,1,Mega-events & host destinations
"Telehealth as a catalyst for smart rural development and sustainable tourism: a feasibility case study from Agrafa, Greece",2026,1,Frontiers in Digital Health,Article,10.3389/fdgth.2025.1739417,3,Sport-tourism entrepreneurship
Indigenous Communities and Wildlife Tourism: Issues of Sustainability in Botswana’s Tourism Industry,2024,1,Geographies of Tourism and Global Change ,Book chapter,10.1007/978-3-031-57252-4_13,2,Social innovation & community value
Local businesses as boundary actors shaping sustainable tourism futures in Biosphere Reserves,2025,1,Tourism Geographies,Article,10.1080/14616688.2025.2515090,7,Sustainable sport tourism development
Business models for nature-based tourism companies: The adoption of sustainable requirements,2026,1,Journal of Rural Studies,Article,10.1016/j.jrurstud.2026.104102,7,Sustainable sport tourism development
"The Financial Impact of Tourism in Albania: Innovation, Digital Transformation, and Economic Growth",2025,1,Interdisciplinary Journal of Research and Development,Article,10.56345/ijrdv12n3s128,5,Digital innovation in sport tourism/events
The Role of Community Based Tourism in Avoiding Overtourism,2022,1,"Overtourism, Technology Solutions and Decimated Destinations",Book chapter,10.1007/978-981-16-2474-2_8,2,Social innovation & community value
Local Participation for a Higher Commitment to Destination Development,2024,1,De Gruyter Studies in Tourism,Book chapter,10.1515/9783110794090-009,0,Sport-tourism entrepreneurship
Research on stakeholders' perception and evaluation on the commercialization of tourist ancient towns and its impact: A case study of Lijiang Ancient Town; [利益相关者对旅游古镇商业化的感知评价和 影响研究 ——以丽江古城为例],2025,1,World Regional Studies,Article,10.3969/j.issn.1004-9479.2025.11.20240240,4,Community & local development
NOvation and Indigenous struggle for land: Club Med’s failure in New Caledonia,2025,1,Tourism Geographies,Article,10.1080/14616688.2024.2446356,2,Social innovation & community value
"Transcultural dissemination of Traditional Chinese Medicine through tourism: Pathways, challenges, and innovations",2025,1,New Techno Humanities,Article,10.1016/j.techum.2025.10.006,4,Community & local development
Protected Area-Based Tourism as a Catalyst for Achieving Sustainable Development Goals,2025,1,"African Journal of Hospitality, Tourism and Leisure",Article,10.46222/ajhtl.19770720.697,7,Sustainable sport tourism development
Research on Offline Classification and Counting Algorithm of Long Fitness Video,2022,1,"2022 7th International Conference on Image, Vision and Computing, ICIVC 2022",Conference paper,10.1109/ICIVC55077.2022.9886502,1,Mega-events & host destinations
OUTDOOR TOURISM DEVELOPMENT CONCEPT AS A GENERATOR OF DESTINATION COMPETITIVENESS,2023,1,Tourism and Hospitality Management,Article,10.20867/thm.29.2.15,0,Sport-tourism entrepreneurship
"Community-based tourism and the development of local small businesses in rural Baja California, Mexico",2010,1,WIT Transactions on Ecology and the Environment,Article,10.2495/SW100591,3,Sport-tourism entrepreneurship
Application of Knowledge Map Information Technology in Regional Tourism Innovation and Development,2022,1,Wireless Communications and Mobile Computing,Article,10.1155/2022/7190415,0,Sport-tourism entrepreneurship
Farmers' land use adaptation under tourism on the Qinghai-Tibet plateau: based on the 'motivation-behaviour' framework,2026,1,"Environment, Development and Sustainability",Article,10.1007/s10668-024-05664-5,7,Sustainable sport tourism development
"From Tourism Growth to Sustainable Development: A Causality Analysis of Tourism, Exchange Rates, and Economic Growth in Asia",2026,1,Sustainable Development,Article,10.1002/sd.70814,7,Sustainable sport tourism development
Strategy for the development of tourism as a tool for planning at a local level: The example of karlino commune (west pomeranian voivodeship),2020,1,Turyzm/Tourism,Article,10.18778/0867-5856.30.1.20,0,Sport-tourism entrepreneurship
HUMAN RESOURCE COMPETENCE IN PROMOTING TOURISM INNOVATION AND TOURIST LOYALTY IN ACEH'S HALAL DESTINATIONS,2025,1,Geojournal of Tourism and Geosites,Article,10.30892/gtg.62403-1569,0,Sport-tourism entrepreneurship
Laser-Carved Legacy: Exploring the Scientific Construction and Cultural Significance of the World’s Largest Golden Buddha in Thailand Through a Tourist Perspective,2025,1,Tourism and Hospitality,Article,10.3390/tourhosp6040201,4,Community & local development
Provision of value innovation when creating tourism clusters based on the concept of sustainable construction,2019,1,E3S Web of Conferences,Conference paper,10.1051/e3sconf/201913504018,7,Sustainable sport tourism development
Contribution of women’s activity to development of agritourism on the island of Lesvos,2025,1,"Rethinking Gender, Tourism and Hospitality: The Sustainable Strategy Dimension",Book chapter,10.4337/9781035350711.00009,6,Sport-tourism entrepreneurship
Determining priority strategies in realizing sustainable tourism on the island of Kalimantan: insights from a textual analysis,2026,1,Management and Sustainability,Article,10.1108/MSAR-05-2025-0168,7,Sustainable sport tourism development
The Hexa Helix Model for Sustainable Tourism Development: A Case Study of Belibis Island,2025,1,International Journal of Sustainable Development and Planning,Article,10.18280/ijsdp.200228,7,Sustainable sport tourism development
Workforce Planning for the Future of Sports Tourism,2024,1,International Journal of Sport Studies for Health,Article,10.61838/kman.intjssh.7.4.4,1,Mega-events & host destinations
"Ecotourism development strategies for Chua Chan Mountain, Vietnam: A SWOT–QSPM framework",2025,1,Asian Journal of Forestry,Article,10.13057/asianjfor/r090217,7,Sustainable sport tourism development
ASSESSING THE ECONOMIC BENEFITS OF SUSTAINABLE TOURISM IN NORTH CHINA: FOCUS ON DESTINATION TRUST AND COMMUNITY DEVELOPMENT,2024,1,International Journal of Economics and Finance Studies,Article,10.34109/ijefs.202416404,2,Social innovation & community value
Institutional innovation in tourism: a systematic review approach,2025,1,Journal of Enterprising Communities,Article,10.1108/JEC-07-2024-0129,0,Sport-tourism entrepreneurship
"Sport in smart cities: definition, review and future research agenda",2026,1,"Sport, Business and Management: An International Journal",Review,10.1108/SBM-09-2025-0246,1,Mega-events & host destinations
The context and future of tourism in Africa’s national parks: Could privatization within protected areas be the panacea?,2019,1,"Natural Resources, Tourism and Community Livelihoods in Southern Africa: Challenges of Sustainable Development",Book chapter,10.4324/9780429289422-4,7,Sustainable sport tourism development
Exploring the Dynamics of Digital Applications in Icelandic Tourism: Insights from Stakeholders,2024,1,Sustainable Development Goals Series,Book chapter,10.1007/978-3-031-61249-7_10,5,Digital innovation in sport tourism/events
Do intellectual property rights affect sports activities?,2024,1,Research Handbook on Intellectual Property Rights and Inclusivity,Book chapter,10.4337/9781803927268.00016,1,Mega-events & host destinations
Technology Application in the Iranian Tourism Industry,2022,1,"Technology Application in Tourism in Asia: Innovations, Theories and Practices",Book chapter,10.1007/978-981-16-5461-9_11,5,Digital innovation in sport tourism/events
Exploring the Mediating Role of Women’s Participation in the Relationship Between Rural Tourism and the Commercialisation and Preservation of Rural Culture and Natural Beauty,2026,1,International Research Journal of Multidisciplinary Scope,Article,10.47857/irjms.2026.v07i01.08828,6,Sport-tourism entrepreneurship
EMPOWERING WOMEN IN RURAL MONTENEGRO: A PATHWAY TO SUSTAINABLE RURAL TOURISM DEVELOPMENT,2025,1,Geojournal of Tourism and Geosites,Article,10.30892/gtg.59236-1468,3,Sport-tourism entrepreneurship
Evaluating the strategies and solutions to improve cultural and national tourism services,2023,1,Iranian journal of Management Studies,Article,10.22059/ijms.2023.344264.675158,0,Sport-tourism entrepreneurship
Research on the Innovation Strategy of Beijing Night Culture Tourist Area Based on Tourist Survey,2021,1,E3S Web of Conferences,Conference paper,10.1051/e3sconf/202125301014,4,Community & local development
Comparative analysis of digital marketing strategies for live streaming of sporting events,2020,1,Annals of Tropical Medicine and Public Health,Article,10.36295/ASRO.2020.231725,1,Mega-events & host destinations
Decoding aesthetic perception in traditional canal settlements: An AI-driven analysis of built environment influence mechanisms based on streetscape images,2025,1,Frontiers of Architectural Research,Article,10.1016/j.foar.2025.10.005,4,Community & local development
Profiling the typologies of nature sports organizations in Portugal,2017,1,Sports Management as an Emerging Economic Activity: Trends and Best Practices,Book chapter,10.1007/978-3-319-63907-9_15,1,Mega-events & host destinations
Towards Tourism Management Platform for Culinary Tourism Management and Merchandise E- Catalogs,2022,1,"2022 7th International Conference on Informatics and Computing, ICIC 2022",Conference paper,10.1109/ICIC56845.2022.10006931,5,Digital innovation in sport tourism/events
Strategic ownership configurations to foster intangible cultural heritage in Japanese football events,2025,1,Frontiers in Sports and Active Living,Article,10.3389/fspor.2025.1638764,1,Mega-events & host destinations
"Archelogy, architecture, City. Luxor between past and future",2018,1,Research for Development,Book chapter,10.1007/978-3-319-65274-0_4,4,Community & local development
Camino de Santiago's tourism impacts: Are resident perceptions shaped by rural-urban dynamics and personal pilgrimage experience?,2026,1,Journal of Rural Studies,Article,10.1016/j.jrurstud.2025.103867,3,Sport-tourism entrepreneurship
Artificial intelligence in sustainable tourism development a critical review of governance and managerial implications,2026,1,Discover Sustainability,Review,10.1007/s43621-026-03251-4,7,Sustainable sport tourism development
Analysis of the Tourism Revenue Sharing Status at the Aksu-Zhabagly Nature Reserve of Kazakhstan,2024,1,Economy: strategy and practice,Article,10.51176/1997-9967-2024-3-73-85,2,Social innovation & community value
Creative Principles of Cultural Tourism Development in Ukraine,2022,1,WSEAS Transactions on Environment and Development,Article,10.37394/232015.2022.18.103,4,Community & local development
Cultural and Creative Industries in the Brussels Region: Challenges and Opportunities of the Ecosystem,2022,1,Contributions to Management Science,Book chapter,10.1007/978-3-031-14121-8_5,4,Community & local development
Bridging Digital Geographies and Socially Smart Villages: Participatory Action Research in Rural Place Design,2026,1,Media and Communication,Article,10.17645/mac.10952,5,Digital innovation in sport tourism/events
Analysis and Prospect of Traditional Tibetan Settlement Landscape Knowledge Mapping Based on the Citespace Method,2021,1,"2021 IEEE International Conference on Artificial Intelligence and Computer Applications, ICAICA 2021",Conference paper,10.1109/ICAICA52286.2021.9497948,0,Sport-tourism entrepreneurship
Digital transformation and rural tourism: Rural smtes' dynamics in Cyprus,2025,1,"Niche Tourism and Sustainability: Perspectives, Practices and Prospects",Book chapter,10.1079/9781800626669.0009,3,Sport-tourism entrepreneurship
"Geotourism and Local Development in Rural Areas: Geomorphosites as Geotouristic Resources in Sierras de la Paramera y Serrota, Spain",2025,1,Land,Article,10.3390/land14050982,4,Community & local development
"From mining consideration to mindful tourism in Melmoth, KwaZulu-Natal, South Africa: reimagining sustainable futures",2026,1,Local Environment,Article,10.1080/13549839.2025.2560358,3,Sport-tourism entrepreneurship
A Model of Enhancing Innovation and Technology and Competition Systems in the Fuzhou Dragon Boat: An Event Management and Service Quality Perspective,2025,1,"Journal of Logistics, Informatics and Service Science",Article,10.33168/JLISS.2025.0501,1,Mega-events & host destinations
Time–Money Segment Differences in Ideation and Collaboration Readiness in Sustainable Tourism Education,2026,1,Sustainability (Switzerland),Article,10.3390/su18094490,7,Sustainable sport tourism development
Enhancing sustainable development in the tourism sharing economy: value co-creation in the service ecosystem,2026,1,Consumer Behavior in Tourism and Hospitality,Article,10.1108/CBTH-02-2025-0056,7,Sustainable sport tourism development
Maritime Disaster Risk Reduction Management in Local Development Planning: A Case Study of the 2023 Mindoro Oil Spill,2026,1,IOP Conference Series: Earth and Environmental Science,Conference paper,10.1088/1755-1315/1607/1/012033,7,Sustainable sport tourism development
Innovating the Social Pillar for Engaging Local Inhabitants in Urban and Mountain Destinations,2024,1,Springer Proceedings in Business and Economics,Conference paper,10.1007/978-3-031-54338-8_47,0,Sport-tourism entrepreneurship
Mobile GIS for Smart Urban Tourism: Multi-Stop Route Optimization in Abu Dhabi,2026,1,"ISPRS Annals of the Photogrammetry, Remote Sensing and Spatial Information Sciences",Conference paper,10.5194/isprs-annals-X-4-W8-2025-827-2026,5,Digital innovation in sport tourism/events
"Research on the High-quality Development Mode and Path of Rural “Culture and Tourism +” Integration Based on Data Analysis-Taking Bengbu City, Anhui Province as an Example",2024,1,Applied Mathematics and Nonlinear Sciences,Article,10.2478/amns-2024-0677,4,Community & local development
From shadows to spotlight: NGO pollution disclosure and the dual transformation of environmental and tourism landscapes,2025,1,Environmental Science and Policy,Article,10.1016/j.envsci.2025.104219,7,Sustainable sport tourism development
"Sustainable Cultural Heritage Experiences Through Spatial Augmented Reality: The Effects of Scene Interactivity on Presence, Mental Simulation, and Tourist Word-of-Mouth",2026,1,Sustainability (Switzerland),Article,10.3390/su18094441,4,Community & local development
Agrotourism Business Innovation: By Modelling and Ranking Success Factors Using ISM-MICMAC Analysis,2025,1,Journal of Scientific and Industrial Research,Article,10.56042/jsir.v84i9.6352,0,Sport-tourism entrepreneurship
Balancing Interests in Rural Tourism: An Evolutionary Game Analysis of Stakeholder Under Dynamic Punishment Mechanism; [乡村旅游利益平衡:动态惩罚机制下利益相关者演化博弈分析],2026,1,Journal of China Tourism Research,Article,10.1080/19388160.2025.2531171,3,Sport-tourism entrepreneurship
EXPLORING THE NEXUS BETWEEN TOURISM DEVELOPMENT AND HANDICRAFT ENTREPRENEURSHIP: THE MEDIATING ROLE OF GOVERNMENT INITIATIVES IN KASHMIR VALLEY,2026,1,Geojournal of Tourism and Geosites,Article,10.30892/gtg.64118-1669,6,Sport-tourism entrepreneurship
Has Promotion of Community-based Tourism been A Successful Rural Development Strategy in Northeast Thailand?,2025,1,Forest and Society,Article,10.24259/fs.v9i1.34796,2,Social innovation & community value
Smart Tourism Technology Evolution a Bibliometric Analysis of Trends and Future Research Directions,2025,1,"Proceeding - 2025 4th International Conference on Creative Communication and Innovative Technology: Empowering Transformative MATURE LEADERSHIP: Harnessing Technological Advancement for Global Sustainability, ICCIT 2025",Conference paper,10.1109/ICCIT65724.2025.11167137,5,Digital innovation in sport tourism/events
"Entrepreneurial intentions, career expectations, and life satisfaction of hospitality and tourism students",2026,1,Current Issues in Tourism,Article,10.1080/13683500.2025.2475086,6,Sport-tourism entrepreneurship
Redefining Tourism in Rural and Protected Areas: A Practical and Policy Perspective,2025,1,Sustainable Development Goals Series,Book chapter,10.1007/978-3-031-87333-1_10,3,Sport-tourism entrepreneurship
Sports Tourism,2025,1,International Encyclopedia of Business Management,Book chapter,10.1016/B978-0-443-13701-3.00354-6,1,Mega-events & host destinations
Sports as a Competitive Factor for Tourism Destinations: The Case of Porto,2021,1,"Smart Innovation, Systems and Technologies",Conference paper,10.1007/978-981-33-4260-6_45,1,Mega-events & host destinations
"INNOVATIVE AND SUSTAINABLE PATHWAYS IN HOSPITALITY AND TOURISM BUSINESSES: HOW AI, DIGITAL INNOVATION, AND ORGANIZATIONAL AGILITY ENHANCE MARKETING PERFORMANCE",2026,1,Geojournal of Tourism and Geosites,Article,10.30892/gtg.65225-1730,5,Digital innovation in sport tourism/events
Breaking boundaries: empowering women for sustainable tourism in Bačko Podunavlje biosphere reserve,2025,1,"Environment, Development and Sustainability",Article,10.1007/s10668-025-06067-w,6,Sport-tourism entrepreneurship
Overtourism in Goa: Analyzing the resident's perception using social Exchange theory,2024,1,IOP Conference Series: Earth and Environmental Science,Conference paper,10.1088/1755-1315/1366/1/012041,2,Social innovation & community value
Artificial Intelligence-Based Architectural Design (AIAD): An Influence Mechanism Analysis for the New Technology Using the Hybrid Multi-Criteria Decision-Making Framework,2025,1,Buildings,Article,10.3390/buildings15213898,5,Digital innovation in sport tourism/events
"Exploring the Protection of Ancient Buildings Using BIM Technology—Taking the Han Family Compound in Shangli Ancient Town, Sichuan Province, as an Example †",2023,1,Engineering Proceedings,Article,10.3390/IOCBD2023-15199,5,Digital innovation in sport tourism/events
What are the key innovative strategies needed for future tourism in Guyana?,2018,1,Worldwide Hospitality and Tourism Themes,Review,10.1108/WHATT-05-2018-0037,2,Social innovation & community value
The Dilem Wilis Agro Tourism Community's Development Using the Sociopreneurship Model to Achieve Sustainable Tourism Development,2023,1,IOP Conference Series: Earth and Environmental Science,Conference paper,10.1088/1755-1315/1248/1/012026,7,Sustainable sport tourism development
ANALYSIS OF INNOVATIVE MARKETING IN SPORTS TOURISM AND IDENTIFICATION OF OBSTACLES TO ITS IMPROVEMENT (CASE STUDY: IRAN); [Analiza innowacyjnego marketingu w turystyce sportowej oraz określenie przeszkód uniemożliwiających jego doskonalenie (na przykładzie Iranu)],2024,1,Sport i Turystyka,Article,10.16926/SIT.2024.03.08,1,Mega-events & host destinations
Reproductive agencies in regional economic resilience: insights from Covid-19 in Tyrol,2025,1,European Planning Studies,Article,10.1080/09654313.2025.2503884,0,Sport-tourism entrepreneurship
THE PERCEPTION OF MAYORS OF THE DOURO DEMARCATED REGION ABOUT TOURISM DEVELOPMENT; [POSTRZEGANIE ROZWOJU TURYSTYKI PRZEZ BURMISTRZÓW REGIONU DOURO],2024,1,Czasopismo Geograficzne,Article,10.12657/czageo-95-19,7,Sustainable sport tourism development
Rural Tourism Development Under Weak Governance in Lebanon: Challenges and Opportunities,2026,1,Tourism and Hospitality,Article,10.3390/tourhosp7020056,3,Sport-tourism entrepreneurship
Feasibility data of traditional sports industrialization development and informatization development based on big data,2021,1,E3S Web of Conferences,Conference paper,10.1051/e3sconf/202129203037,1,Mega-events & host destinations
Rooted in Strength: Female Empowerment in Agrotourism. Local Perspective from the Polish Carpathians,2024,1,Advances in Geographical and Environmental Sciences,Book chapter,10.1007/978-3-031-72130-4_12,6,Sport-tourism entrepreneurship
"Research on Cultural Tourism Product Development of ""impression Liu Sanjie"" Based on the Law of Diminishing Marginal Utility",2021,1,E3S Web of Conferences,Conference paper,10.1051/e3sconf/202125103046,4,Community & local development
Exploring the Application of a Co-Creation Model in Archaeological Tourism: Two Case Studies Developed Under TURARQ’s Project Within the Frame of Link Me Up - 1000 Ideas Project; [Explorando a Aplicação de um Modelo de Cocriação no Turismo Arqueológico: Dois Estudos de Caso Desenvolvidos no Âmbito do Projeto TURARQ Sob a Égide do Projeto Link Me Up - 1000 Ideias],2025,1,Revista Portuguesa de Estudos Regionais,Article,10.59072/rper.vi70.638,4,Community & local development
From contemplation to co-action: turning disused heritage lines into slow-mobility tourism ecosystems,2026,1,Journal of Heritage Tourism,Article,10.1080/1743873X.2026.2641545,4,Community & local development
Designing Thematic Tourist Trails for Local Development: A Framework Based on Territorial Heritage,2025,1,Land,Article,10.3390/land14101943,4,Community & local development
Action to promote research and development (R and D) activities in tourism within Spain and the EU,2002,1,Anatolia,Article,10.1080/13032917.2002.9687017,0,Sport-tourism entrepreneurship
A systematic bibliometric review on tourism prosperity: is it worthwhile?,2024,1,Cogent Social Sciences,Review,10.1080/23311886.2024.2423852,2,Social innovation & community value
Digitalization is a driving factor of developing tourism industry,2025,1,ACM International Conference Proceeding Series,Conference paper,10.1145/3726122.3726206,5,Digital innovation in sport tourism/events
Sustaining Coastal Cultural Tourism Through Community-Based Approaches: The Role of Heritage and Cultural Value,2025,1,International Journal of Sustainable Development and Planning,Article,10.18280/ijsdp.201209,4,Community & local development
Mechanism innovation and evaluation model of wisdom tourism under the new situation based on survey of Wuxi,2016,1,"Proceedings - 14th International Symposium on Distributed Computing and Applications for Business, Engineering and Science, DCABES 2015",Conference paper,10.1109/DCABES.2015.39,0,Sport-tourism entrepreneurship
"The interplay and parallel between urban landscape usage, smart city concepts and tourism development in modern cities",2024,1,E3S Web of Conferences,Conference paper,10.1051/e3sconf/202458501009,5,Digital innovation in sport tourism/events
First Time in the European Rally Championship: What’s Next for Residents’ Perceptions of Urban Sustainability?,2025,1,Urban Science,Article,10.3390/urbansci9110441,1,Mega-events & host destinations
Ireland and the Marshall Plan: E.C.A.'s Manoeuvring to Promote Dollar Tourism,2022,1,Irish Economic and Social History,Article,10.1177/03324893221080610,0,Sport-tourism entrepreneurship
Female Entrepreneurship in the Tourism Industry: A Ghanaian Outlook,2023,1,The Future of Entrepreneurship in Africa: Cross-Sectoral Perspectives Post COVID-19,Book chapter,10.4324/9781003302339-7,6,Sport-tourism entrepreneurship
Multidimensional Value Creation Through Cultural Programmes? Challenges for Veszprém-Balaton ECoC 2023,2022,1,Contributions to Management Science,Book chapter,10.1007/978-3-031-14121-8_11,4,Community & local development
EXPLORING THE INTEGRATION OF ARTIFICIAL INTELLIGENCE IN THE SPORTS TOURISM INDUSTRY,2024,1,Revista Internacional de Medicina y Ciencias de la Actividad Fisica y del Deporte,Article,10.15366/rimcafd2024.95.014,1,Mega-events & host destinations
"LEVERAGING HERITAGE, TOURISM AND PARTNERSHIPS IN DEVELOPMENT",2022,1,Critical Approaches to Heritage for Development,Book chapter,10.4324/9781003107361-4,4,Community & local development
Marine policies’ Efficacy on Tourism Economy High-Quality Development: Empirical Evidence from China’s Coastal Region,2025,1,Journal of Quality Assurance in Hospitality and Tourism,Article,10.1080/1528008X.2025.2478592,7,Sustainable sport tourism development
"Tourism Workers and Entrepreneurs during the 1950s and 1960s in Sant Antoni de Portmany (Ibiza, Spain)",2022,1,Social Sciences,Article,10.3390/socsci11020056,0,Sport-tourism entrepreneurship
Tourism Development and Local Community Welfare: A Case Study of the Mandalika Special Economic Zone,2023,1,Journal of Environmental Management and Tourism,Article,10.14505/jemt.v14.4(68).21,2,Social innovation & community value
Golf Club Management Challenges towards Sustainability: Opportunities and Innovations during and after the COVID-19 Pandemic: A Qualitative Perspective,2023,1,Sustainability (Switzerland),Article,10.3390/su151813657,1,Mega-events & host destinations
Can low-carbon city pilot policy boost tourism development? Empirical evidence from China,2024,1,Environmental Science and Pollution Research,Article,10.1007/s11356-024-34786-6,7,Sustainable sport tourism development
"Development of ""tari Pencak Silat Nusantara"" for Developing and Conserving Pencak Silat as a Nation Cultural Asset towards Globalization",2017,1,IOP Conference Series: Materials Science and Engineering,Conference paper,10.1088/1757-899X/180/1/012179,1,Mega-events & host destinations
Navigating Tourism Innovations in the Post-COVID-19 Era: A Case Study of Lithuania,2024,1,Quaestiones Geographicae,Article,10.14746/quageo-2024-0018,0,Sport-tourism entrepreneurship
The mechanism of municipal public-private partnership as a driver of ethnic tourism development in the Krasnodar territory,2024,1,BIO Web of Conferences,Conference paper,10.1051/bioconf/20248206016,0,Sport-tourism entrepreneurship
Research on financing patterns of China's public sports venues,2012,1,Advanced Materials Research,Conference paper,10.4028/www.scientific.net/AMR.368-373.3217,1,Mega-events & host destinations
INNOVATIVE CHANGES IN HISTORICAL TOURISM OBJECTS IN THE CONTEXT OF THE NEED FOR THE IMPLEMENTATION OF DIGITAL TOOLS,2024,1,Geojournal of Tourism and Geosites,Article,10.30892/gtg.574spl11-1364,5,Digital innovation in sport tourism/events
SUSTAINABILITY AND GEOGRAPHIES OF TOURISM,2024,1,"The Routledge Handbook of Tourism Geographies, 2nd Edition",Book chapter,10.4324/9781003286301-22,7,Sustainable sport tourism development
Reindustrializing the Hidden Gems: A Systematic Review of Creative Efforts in Second-Tier Cities,2025,1,Urban Science,Review,10.3390/urbansci9120493,4,Community & local development
Research on the development situation and countermeasures of Intelligent Equestrian Sport in China,2021,1,"Proceedings - 2021 International Conference on Information Technology and Contemporary Sports, TCS 2021",Conference paper,10.1109/TCS52929.2021.00126,1,Mega-events & host destinations
The Impact of Digital Entrepreneurship on Strategic Vigilance at Five-Star Hotels Operating in the Hashemite Kingdom of Jordan,2025,1,Technological Horizons: Technological Skills and Knowledge for Practitioners within Business Environment,Book chapter,10.1108/978-1-83662-364-920251002,5,Digital innovation in sport tourism/events
Airbnb a Decade on: A Literature Review of Airbnb in South Africa,2025,1,"African Journal of Hospitality, Tourism and Leisure",Article,10.46222/ajhtl.19770720.631,0,Sport-tourism entrepreneurship
"Using an ethical management framework for regenerative tourism: A case study of resident and visitor perceptions in Húnaþing vestra, Iceland",2025,1,The Routledge Handbook of Regenerative Tourism,Book chapter,10.4324/9781003469810-8,2,Social innovation & community value
"Sustainable development frictions: lifestyle migration on the coast of Jalisco, Mexico",2020,1,Journal of Political Ecology,Article,10.2458/V27I1.23215,7,Sustainable sport tourism development
The Analysis of the Artistic Innovation of LED Lighting in Gymnasiums Based on Intelligent Lighting Control Systems,2023,1,International Journal of Information Technologies and Systems Approach,Article,10.4018/IJITSA.326050,1,Mega-events & host destinations
Exploring Tourism Potential in Muş: Embracing Unique Experiences in an Undeveloped Region,2024,1,"Smart Innovation, Systems and Technologies",Conference paper,10.1007/978-981-99-9765-7_36,5,Digital innovation in sport tourism/events
"Battle lines in the Hot Lakes District, New Zealand, c.1900: Tourism development and the contested nature of place",2015,1,Journal of Tourism History,Review,10.1080/1755182X.2015.1111940,0,Sport-tourism entrepreneurship
Towards the Construction of Territorial Intelligence Tourism Concept in Latin America,2024,1,International Journal of Sustainable Development and Planning,Article,10.18280/ijsdp.190422,7,Sustainable sport tourism development
Research on Sports and Health Education for College Students in the Internet Era-Taking Media Integration as an Example,2021,1,"Proceedings - 2021 International Conference on Internet, Education and Information Technology, IEIT 2021",Conference paper,10.1109/IEIT53597.2021.00138,1,Mega-events & host destinations
Sport Events and Tourism for the Sustainable Local Development Post COVID,2021,1,Tourism Destination Management in a Post-Pandemic Context: Global Issues and Destination Management Solutions,Book chapter,10.1108/978-1-80071-511-020211015,1,Mega-events & host destinations
Reconceptualizing nostalgia-driven tourist experiences: A systematic review and future research,2026,1,Acta Psychologica,Article,10.1016/j.actpsy.2026.106333,5,Digital innovation in sport tourism/events
A benchmarked step by step community-based tourism (CBT) toolkit for developing countries,2019,1,"Community-Based Tourism in the Developing World: Community Learning, Development & Enterprise",Book chapter,10.4324/9781351026383-2,2,Social innovation & community value
Foodies' movement fostering stakeholders' networks: A regional case study,2020,1,Economia Agro-Alimentare,Article,10.3280/ecag3-2020oa11044,0,Sport-tourism entrepreneurship
"Tourism development, educational attainment, and the achievement of Sustainable Development Goals in the West Coast of Tasmania",2024,1,The Elgar Companion to Tourism and the Sustainable Development Goals,Book chapter,10.4337/9781802203219.00028,2,Social innovation & community value
The challenge of sustainability in territorial development: The impact of Blue Flag on tourism – the Italian context,2023,1,"Blue Flag Beaches: Economic Growth, Tourism and Sustainable Management",Book chapter,10.4324/9781003323570-12,7,Sustainable sport tourism development
Financial feasibility of the sunda strait bridge conceptual design using the value engineering method,2014,1,Proceedings of International Structural Engineering and Construction,Conference paper,10.14455/ISEC.res.2014.133,0,Sport-tourism entrepreneurship
Corporate Social Responsibility and Social Entrepreneurship in the Small States of Europe,2025,1,International Encyclopedia of Business Management,Book chapter,10.1016/B978-0-443-13701-3.00277-2,1,Mega-events & host destinations
Users’ perception as a tool for an integrated coastal management and beach quality assessment,2018,1,Pomorstvo,Review,10.31217/p.32.2.14,7,Sustainable sport tourism development
A Study on the Coupling and Coordination Between Urban Economic Resilience and High-Quality Development of Tourism in the Yangtze River Economic Belt,2025,1,Sustainability (Switzerland),Article,10.3390/su17219657,7,Sustainable sport tourism development
Sustainable Tourism as Potential Development in the Region of Peja,2024,1,International Journal of Sustainable Development and Planning,Article,10.18280/ijsdp.191015,7,Sustainable sport tourism development
Teachers’ Digital Skills in Tourism Sector to Tackle the Challenges of Tourism Enterprises,2023,1,Lecture Notes in Networks and Systems,Conference paper,10.1007/978-3-031-22375-4_33,6,Sport-tourism entrepreneurship
"Tourism Development Forms: A sociological approach to the management of nature-based destinations. The case of Aysén, Chilean Patagonia",2023,1,Loisir et Societe,Article,10.1080/07053436.2023.2184020,0,Sport-tourism entrepreneurship
Building ingenuity in tourism organizations during crises,2025,1,Tourism Management,Article,10.1016/j.tourman.2025.105165,0,Sport-tourism entrepreneurship
An agenda for tourism: priorities for action,2023,1,Worldwide Hospitality and Tourism Themes,Article,10.1108/WHATT-09-2023-0119,0,Sport-tourism entrepreneurship
A Sustainable Analysis Regarding the Impact of Tourism on Food Preferences in European Capitals,2023,1,Sustainability (Switzerland),Article,10.3390/su152014899,7,Sustainable sport tourism development
"Navigating touristification through social entrepreneurship: Community-based tourism in the Yucatan Peninsula, Mexico",2026,1,Tourist Studies,Article,10.1177/14687976261430379,2,Social innovation & community value
The territorial economy of enrichment (TEE) in mountain areas,2019,1,Revue de Geographie Alpine,Article,10.4000/RGA.5722,0,Sport-tourism entrepreneurship
Development Trend of Blockchain Technology in Large-Scale Sports Events in the Information Age,2021,1,Advances in Intelligent Systems and Computing,Conference paper,10.1007/978-3-030-69999-4_27,1,Mega-events & host destinations
"MEASURING THE RELATIONSHIP BETWEEN KNOWLEDGE MANAGEMENT, ORGANIZATIONAL LEARNING, AND INNOVATION: A STUDY OF JAMMU & KASHMIR TOURISM DEVELOPMENT CORPORATION, INDIA",2022,1,Enlightening Tourism,Article,10.33776/et.v12i2.5483,0,Sport-tourism entrepreneurship
Deep Learning Algorithm in the Investigation of Low-Altitude Tourism Development Status and Innovation Path Exploration,2024,1,"2024 Asian Conference on Intelligent Technologies, ACOIT 2024",Conference paper,10.1109/ACOIT62457.2024.10939562,0,Sport-tourism entrepreneurship
Exploring the Shared Vulnerabilities of Tourist Ski Resorts and Small Islands Destinations—Applying Actor Network and Resource Dependence Theory,2026,1,Sustainability (Switzerland),Article,10.3390/su18094582,0,Sport-tourism entrepreneurship
Brain-computer interfaces in accessible tourism,2026,1,Tourism Management,Article,10.1016/j.tourman.2025.105277,5,Digital innovation in sport tourism/events
Constructing a Sustainable Entrepreneurial Opportunity in Rural Tourism: A Case Study From China,2026,1,Sustainable Development,Article,10.1002/sd.70427,3,Sport-tourism entrepreneurship
Hegemony and identity: The evolution of American women’s participation in active sport tourism,2016,1,The Routledge History of American Sport,Book chapter,10.4324/9781315767123-36,1,Mega-events & host destinations
Beyond Reality: The Role of Innovation in Virtual Sport Events,2025,1,Engineering Economics,Article,10.5755/j01.ee.36.2.36667,1,Mega-events & host destinations
Activating Culture for Innovation: A Resource-Based Framework for Cultural Tourism Development in Indonesia,2025,1,International Review of Management and Marketing ,Article,10.32479/irmm.19696,4,Community & local development
Geo-Marine Tourism Development for Luxury Yacht Tourist Markets: Indonesia’s Post-COVID Recovery Strategy,2021,1,"Luxury Yachting: Perspectives on Tourism, Practice and Context",Book chapter,10.1007/978-3-030-86406-4_9,0,Sport-tourism entrepreneurship
Women's Knowledge Empowerment and Elimination of Implicit Gender Discrimination in Chinese Rural Tourism Entrepreneurship,2026,1,International Journal of Tourism Research,Article,10.1002/jtr.70224,6,Sport-tourism entrepreneurship
"Tourism, coworking spaces, and knowledge services: urban-rural co-agglomeration as local innovation proxy",2026,1,Tourism Geographies,Article,10.1080/14616688.2025.2595563,0,Sport-tourism entrepreneurship
Exploring accommodation cluster and tourism development based on GPS positioning and GIS analysis,2020,1,Destination Management and Marketing: Breakthroughs in Research and Practice,Book chapter,10.4018/978-1-7998-2469-5.ch001,0,Sport-tourism entrepreneurship
"The role of nature sports guides to sustainable local development: A case study in the Coimbra Region, Portugal",2020,1,Handbook of Research on Human Capital and People Management in the Tourism Industry,Book chapter,10.4018/978-1-7998-4318-4.ch018,1,Mega-events & host destinations
Cultural Context Analysis of Case Study Research,2017,1,"Tourism, Hospitality and Event Management",Book chapter,10.1007/978-3-319-51337-9_6,4,Community & local development
Medical Evidence of Alpine Natural Resources as a Base for Health Tourism,2023,1,SpringerBriefs in Applied Sciences and Technology,Book chapter,10.1007/978-3-031-15457-7_1,7,Sustainable sport tourism development
Models of cultural tourism development in peripheral territories. Insights from the In Luce funding program; [Promoting the cultural and tourist development of peripheral territories: insights from the “In Luce” funding program],2024,1,Capitale Culturale,Article,10.13138/2039-2362/3524,4,Community & local development
Big data policy and urban tourism development: a catalyst or a hindrance?,2026,1,Current Issues in Tourism,Article,10.1080/13683500.2024.2416019,5,Digital innovation in sport tourism/events
"Developing Nature-Based Tourist Villages in Boyolali, Indonesia",2024,1,International Journal of Sustainable Development and Planning,Article,10.18280/ijsdp.190226,2,Social innovation & community value
"Fostering Collaborative Cross-Border Regions Relationships With Tourists, Residents, and Stakeholders Concerning SDG 17",2025,1,Cross-Border Regions Cooperation and Implications for Organizations,Book chapter,10.4018/979-8-3373-1912-4.ch005,7,Sustainable sport tourism development
A Novel Framework for Reimagining Agricultural Heritage Tourism: Ancient Irrigation Systems in South Asia,2026,1,Land,Article,10.3390/land15040678,4,Community & local development
"AI, Precision Agriculture and Tourism for Sustainable Regional Development: The Case of the Aegean Islands and Crete, Greece",2026,1,Sustainability (Switzerland),Article,10.3390/su18010249,7,Sustainable sport tourism development
Association of tourism sector with sustainable development and its drivers,2025,1,Open Innovation and Technology in Tourism and Hospitality,Book chapter,10.4018/979-8-3693-8633-0.ch003,7,Sustainable sport tourism development
Process innovations in tourist companies,2018,1,International Journal for Quality Research,Article,10.18421/IJQR12.03-08,0,Sport-tourism entrepreneurship
Open Innovation in Tourism,2025,1,International Encyclopedia of Business Management,Book chapter,10.1016/B978-0-443-13701-3.00251-6,0,Sport-tourism entrepreneurship
"Exploring the lord's propitiatory food mahaprasad: A catalyst for gastronomy tourism development in jagannath temple region Puri, Odisha, India",2024,1,Global Sustainable Practices in Gastronomic Tourism,Book chapter,10.4018/979-8-3693-7096-4.ch019,4,Community & local development
"Conclusion: Tourism, Digitalisation, and Sustainable Development",2025,1,Tourism and Hospitality for Sustainable Development: Volume One: Technological Innovations and Development Realities,Book chapter,10.1007/978-3-031-63069-9_13,7,Sustainable sport tourism development
Tourism Innovation: Theoretical and Empirical Review,2017,1,Springer Proceedings in Business and Economics,Conference paper,10.1007/978-3-319-33865-1_17,0,Sport-tourism entrepreneurship
Rural tourism and supply chain: Features and components and the contribution towards sustainable development goals in the indian context,2023,1,Implementing Sustainable Development Goals in the Service Sector,Book chapter,10.4018/979-8-3693-2065-5.ch008,3,Sport-tourism entrepreneurship
Mega sport events as drivers of entrepreneurship: bridging the gap between economics and psychology,2023,1,International Journal of Entrepreneurship and Small Business,Article,10.1504/IJESB.2023.129293,1,Mega-events & host destinations
Religious Tourism and Local Development: Case Study of Samos Island,2025,1,"Tourism, Hospitality and Event Management",Book chapter,10.1007/978-3-031-79074-4_11,2,Social innovation & community value
Frameworks for tourism as a development strategy,2015,1,Reframing Sustainable Tourism,Book chapter,10.1007/978-94-017-7209-9_4,2,Social innovation & community value
SUSTAINABLE TOURISM DEVELOPMENT IN INDUSTRIAL AREAS,2024,1,"Advances in the Study of Entrepreneurship, Innovation, and Economic Growth",Book chapter,10.1108/S1048-473620240000030009,7,Sustainable sport tourism development
"One of the first rock art sites discovered and now protected in Morocco: The case of Azrou Iklane (Assa Region, Morocco)",2019,1,UNESCO Global Geoparks: Tension Between Territorial Development and Heritage Enhancement,Book chapter,10.1002/9781119681489.ch9,4,Community & local development
Unveiling the Social Sustainability of Sport Tourism: Qatar’s Journey as Host of the 2022 FIFA World Cup,2025,1,Gulf Studies,Book chapter,10.1007/978-981-97-8414-1_22,1,Mega-events & host destinations
Sustainable Tourism Development through Knowledge Transfer,2016,1,"Tourism Management, Marketing, and Development: Performance, Strategies, and Sustainability",Book chapter,10.1057/9781137401854_11,0,Sport-tourism entrepreneurship
Digital twin,2024,1,"Encyclopedia of Sport Management, Second Edition",Book chapter,10.4337/9781035317189.ch158,1,Mega-events & host destinations
Tourism as a women's empowerment tool: The interrelated factors and issues,2023,1,Women's Empowerment Within the Tourism Industry,Book chapter,10.4018/978-1-6684-8417-3.ch013,6,Sport-tourism entrepreneurship
Agrotourism and well-being sustainability: A communication approach to 'what matters and better life',2017,1,Rivista di Studi sulla Sostenibilita,Review,10.3280/RISS2017-001009,7,Sustainable sport tourism development
Destination management organisations as the outcome of institutional innovations in the tourism sector,2018,1,Forum Scientiae Oeconomia,Article,10.23762/FSO_VOL6NO2_18_5,0,Sport-tourism entrepreneurship
A Review of the Role of Digital Innovation in Sport Management,2024,1,Frontiers in Artificial Intelligence and Applications,Conference paper,10.3233/FAIA240262,1,Mega-events & host destinations
Research on Transformation and Upgrading of Sports Industry in Wuhan Economic and Technological Development Zone under Low Carbon Concept,2021,1,E3S Web of Conferences,Conference paper,10.1051/e3sconf/202129202060,1,Mega-events & host destinations
Educating of Entrepreneurship Competence in Pre-university Education System: An Effective Way for Tourism Development and Innovation,2019,1,Springer Proceedings in Business and Economics,Conference paper,10.1007/978-3-030-03910-3_3,6,Sport-tourism entrepreneurship
Degrowing the Commoditization Process in Community-based Tourism and Local Entrepreneurship,2021,1,Issues and Cases of Degrowth in Tourism,Book chapter,10.1079/9781789245073.0004,2,Social innovation & community value
"Partnerships in archaeotourism: The future of Cueva Borbón, Dominican Republic",2012,1,Chungara,Article,10.4067/S0717-73562012000300014,2,Social innovation & community value
Creative tourism development and innovation in Kenya: An entrepreneurship perspective,2021,1,Creative Tourism: Activating Cultural Resources and Engaging Creative Travellers,Book chapter,10.1079/9781789243536.0023,0,Sport-tourism entrepreneurship
Development of tourism in a coastal gmina in terms of objective data and the inhabitants’ opinions: The example of the gmina of krokowa,2014,1,Turyzm/Tourism,Article,10.2478/tour-2014-0009,0,Sport-tourism entrepreneurship
The Relationship Between Motivation and Destination Characteristics as Drivers of Tourism Entrepreneurship: Insights from the Central Region of Portugal,2024,1,International Studies in Entrepreneurship,Book chapter,10.1007/978-3-031-54435-4_6,0,Sport-tourism entrepreneurship
GUESTHOUSES AS CATALYSTS FOR RESPONSIBLE TOURIST BEHAVIOR AND DESTINATION SUSTAINABILITY,2025,0,Geojournal of Tourism and Geosites,Article,10.30892/gtg.62422-1588,7,Sustainable sport tourism development
ENGLISH LANGUAGE AND SOCIAL LIFE INNOVATIONS (2010-2021),2023,0,Visnyk Universitetu Imeni Alfreda Nobelya. Seriya: Filologichni Nauki,Article,10.32342/2523-4463-2023-1-25-13,0,Sport-tourism entrepreneurship
Digitally constructed gastronomy routes: a stakeholder-based qualitative exploration across Türkiye,2026,0,Worldwide Hospitality and Tourism Themes,Article,10.1108/WHATT-01-2026-0036,5,Digital innovation in sport tourism/events
"Green innovation strategies in ecotourism: the role of knowledge sharing, digital adoption, and government policies on sustainable financial performance",2026,0,VINE Journal of Information and Knowledge Management Systems,Article,10.1108/VJIKMS-04-2025-0168,7,Sustainable sport tourism development
Spatial Spillover Effects of Village Planning on Rural Tourism Resource Development: Evidence from Hainan Province; [村庄规划对乡村旅游资源开发的空间溢出效应 ——以海南省为例],2026,0,Tropical Geography,Article,10.13284/j.cnki.rddl.20250464,3,Sport-tourism entrepreneurship
Sustainable Development Using Deep Learning and Big Data Analysis: Innovative Development of Music Events and Cultural Tourism,2025,0,Journal of Information Science and Engineering,Article,10.6688/JISE.202507_41(4).0001,4,Community & local development
Sustaining mangrove-based silvofishery to support coastal landscape resilience and explore ecotourism potential,2026,0,Global Journal of Environmental Science and Management,Article,10.22034/gjesm.2026.04.17,7,Sustainable sport tourism development
Indigenous Entrepreneurship and Communityfocused Rural Tourism: A Case Evident from Tadom Hill Resorts' Development with the Orang Asli Community,2026,0,Entrepreneurship for Rural Tourism Growth: New Perspectives and Future Directions,Book chapter,10.2174/9798898814359126010004,2,Social innovation & community value
Potential for Tourism Based on Sustainable Livelihood in the Ngarai Sianok Geopark Area,2025,0,"Studies in Systems, Decision and Control",Book chapter,10.1007/978-3-031-86708-8_37,7,Sustainable sport tourism development
Harnessing Big Data Analytics for Sustainable Innovation in Green Guesthouses,2026,0,Springer Proceedings in Business and Economics,Conference paper,10.1007/978-3-032-13388-5_13,7,Sustainable sport tourism development
Empowering Community Entrepreneurs in Rural Tourism through Digital Marketing in Bangladesh,2026,0,Responsible Rural Tourism: Multidimensional Aspects of Tourism-Based Growth and Development in Rural Areas,Book chapter,10.2174/9798898813185126010016,3,Sport-tourism entrepreneurship
Marina Business in Relation to Development,2022,0,Pomorstvo,Article,10.31217/p.36.2.20,0,Sport-tourism entrepreneurship
PROBLEMS AND PROSPECTS FOR INNOVATION-DRIVEN DEVELOPMENT OF THE TOURISM INDUSTRY IN UKRAINE; [ПРОБЛЕМИ ТА ПЕРСПЕКТИВИ ІННОВАЦІЙНОГО РОЗВИТКУ ТУРИСТИЧНОЇ ГАЛУЗІ В УКРАЇНІ],2022,0,Science and Innovation,Article,10.15407/scine18.05.026,0,Sport-tourism entrepreneurship
Thermodynamic Modeling and Energy Efficiency Optimization of Energy Systems in Tourist Attractions,2025,0,International Journal of Heat and Technology,Article,10.18280/ijht.430512,7,Sustainable sport tourism development
Territorial Edge Computing Enabling Green Tourism and Green Development of CIPP Model Analytics,2023,0,EAI Endorsed Transactions on Energy Web,Article,10.4108/EW.3947,7,Sustainable sport tourism development
Conclusion,2016,0,Palgrave Studies in the History of the Media,Book chapter,10.1057/978-1-137-45501-7_16,1,Mega-events & host destinations
Football tourism legacies of mega-events: a systematic literature review on sustainable development goals,2026,0,Journal of Sport and Tourism,Review,10.1080/14775085.2026.2707125,7,Sustainable sport tourism development
FACTORS INFLUENCING THE USE OF MODERN MANAGEMENT METHODS IN TOURISM ORGANIZATIONS,2025,0,Geojournal of Tourism and Geosites,Article,10.30892/gtg.58137-1422,0,Sport-tourism entrepreneurship
Rethinking Agritourism Marketing in Africa: A Look Through the Lens of Artificial Intelligence,2025,0,Agritourism Marketing in Africa: Exploring Digital and Social Media Strategy,Book chapter,10.1007/978-3-031-78682-2_3,7,Sustainable sport tourism development
Ensuring the Competitiveness of Coastal Regions Through the Development of the Tourism Business,2026,0,Lecture Notes on Data Engineering and Communications Technologies,Book chapter,10.1007/978-3-032-06608-4_16,0,Sport-tourism entrepreneurship
"Leveraging gastronomy tourism in selected districts of Masvingo Province, Zimbabwe",2026,0,SN Social Sciences,Article,10.1007/s43545-026-01326-7,4,Community & local development
RESIDENT COMMUNITIES AND PERCEPTION OF TOURISM SUSTAINABILITY IN SUN AND BEACH DESTINATIONS: AN EMPIRICAL ANALYSIS IN THE PROVINCE OF MANABÍ (ECUADOR); [COMUNIDADES RESIDENTES E PERCEÇÃO DA SUSTENTABILIDADE DO TURISMO EM DESTINOS DE SOL E PRAIA: UMA ANÁLISE EMPÍRICA NA PROVÍNCIA DE MANABÍ (EQUADOR)]; [COMUNIDADES RESIDENTES Y PERCEPCIÓN DE LA SOSTENIBILIDAD DEL TURISMO EN DESTINOS DE SOL Y PLAYA: UN ANÁLISIS EMPÍRICO EN LA PROVINCIA DE MANABÍ (ECUADOR)],2024,0,Revista de Gestao Social e Ambiental,Article,10.24857/rgsa.v18n4-162,7,Sustainable sport tourism development
Tourism start-ups and youth innovations: the new wave of entrepreneurs in Kazakhstan,2026,0,Worldwide Hospitality and Tourism Themes,Article,10.1108/WHATT-04-2026-0110,5,Digital innovation in sport tourism/events
Effects of perceived tourism benefits on residents’ ecological conservation behaviors in national parks: A case study of Shennongjia National Park; [旅游利益感知对国家公园社区居民生态保护行为的影响——以神农架国家公园为例],2026,0,Resources Science,Article,10.18402/resci.2026.02.14,2,Social innovation & community value
Drivers and dynamic mechanisms of sports tourism integration in cross-border regions: Evidence from the Guangdong-Hong Kong-Macao Greater Bay Area,2026,0,PLOS ONE,Article,10.1371/journal.pone.0344124,1,Mega-events & host destinations
"Toward a sustainable future: Exploring the interplay between social capital, entrepreneurial orientation, and sustainable rural tourism entrepreneurship",2026,0,Intangible Capital,Article,10.3926/ic.3162,3,Sport-tourism entrepreneurship
Towards sustainable agricultural systems: a TOE-based configurational analysis of sports-tourism-agriculture integration,2026,0,Frontiers in Sustainable Food Systems,Article,10.3389/fsufs.2026.1830476,5,Digital innovation in sport tourism/events
Economic Aspects of Sustainable Tourism in Ukraine and Worldwide: Problems and Opportunities,2025,0,Lecture Notes in Networks and Systems,Conference paper,10.1007/978-3-032-00444-4_48,7,Sustainable sport tourism development
Operationalising sustainable tourism at UNESCO World Heritage Sites: the Sustainability Prism 4.0 in Oman and Uzbekistan,2026,0,Journal of Cultural Heritage Management and Sustainable Development,Article,10.1108/JCHMSD-12-2025-0491,4,Community & local development
DIGITAL NOMADISM ASPECTS AT THE CURRENT TOURISM MARKET OF SLOVAKIA,2025,0,Geojournal of Tourism and Geosites,Article,10.30892/gtg.61340-1550,5,Digital innovation in sport tourism/events
From Digitization of Services to Formation of a Tourism Ecosystem in Russia,2025,0,Lecture Notes in Networks and Systems,Book chapter,10.1007/978-3-031-85608-2_17,5,Digital innovation in sport tourism/events
Destination Play: A Phigital Model for Sustainable Tourism Development in Peripheral Areas,2026,0,Proceedings of the International Conference on Tourism Research,Conference paper,10.34190/ictr.9.1.4594,4,Community & local development
International Experience in the Development of Digital Tourism and Its Influence on Kazakhstan,2026,0,Montenegrin Journal of Economics,Article,10.14254/1800-5845/2026.22-2.14,5,Digital innovation in sport tourism/events
Mapping the transformative impact of technology on experiential tourism: a systematic literature review,2025,0,Journal of Tourism Futures,Review,10.1108/JTF-10-2024-0222,5,Digital innovation in sport tourism/events
The Missing Link in Guesthouse Sustainability: Institutional Factors Beyond the Triple Bottom Line,2026,0,Journal of Intelligent Decision Making and Information Science,Article,10.59543/jidmis.v3.1354,7,Sustainable sport tourism development
THEORETICAL AND PRACTICAL MODELING INNOVATION AND TRENDS DEVELOPEMENT IN THE COMPETITIVENESS OF THE MARKET OF TOURIST SERVICES: REGIONAL ASPECT,2020,0,Technology Audit and Production Reserves,Article,10.15587/2706-5448.2020.221141,0,Sport-tourism entrepreneurship
"Solar-Powered IoT Water-Supply Robot for Sustainable Tourism Villages and Integrated Aquaculture in Wonosalam, Indonesia",2025,0,International Journal of Operations and Quantitative Management,Article,10.46970/2025.31.1.16,3,Sport-tourism entrepreneurship
Logistics Service Centers as Drivers of Innovation and Competitiveness in Nautical Tourism Ports – Case Study of ACI Marina Šimuni,2025,0,Transactions on Maritime Science,Article,10.7225/toms.v14.n03.w04,7,Sustainable sport tourism development
Smart Tourism Revolution: Harnessing AI-Driven Information Systems for Sustainable Cultural Heritage and Destination Innovation,2026,0,Springer Proceedings in Business and Economics,Conference paper,10.1007/978-3-032-17545-8_15,4,Community & local development
"TOURIST DESTINATIONS WITH ASYMMETRICAL LOCAL DEVELOPMENT: THE ‘INTEGRALLY PLANNED TOURIST CENTRES’ OF LOS CABOS AND LORETO, BAJA CALIFORNIA SUR (MEXICO); [DESTINOS TURÍSTICOS COM DESENVOLVIMENTO LOCAL ASSIMÉTRICO: OS “CENTROS TURÍSTICOS PLANEJADOS INTEGRALMENTE” DE LOS CABOS E LORETO, BAJA CALIFORNIA SUR (MÉXICO)]; [DESTINOS TURÍSTICOS CON DESARROLLO LOCAL ASIMÉTRICO: LOS ‘CENTROS TURÍSTICOS INTEGRALMENTE PLANIFICADOS’ DE LOS CABOS Y LORETO, BAJA CALIFORNIA SUR (MÉXICO)]",2024,0,Revista de Gestao Social e Ambiental,Article,10.24857/rgsa.v18n1-200,0,Sport-tourism entrepreneurship
Geographical information systems as a modern tool for tourism development,2020,0,"International Multidisciplinary Scientific GeoConference Surveying Geology and Mining Ecology Management, SGEM",Conference paper,10.5593/sgem2020/2.2/s11.041,0,Sport-tourism entrepreneurship
"YOUTH, ENTREPRENEURSHIP, AND TOURISM IN PERIPHERAL AREAS",2025,0,Piccola Impresa,Article,10.14596/pisb.4957,2,Social innovation & community value
"Synergy of Artificial Intelligence and SDG 16: Peace, Justice and Strong Institutions for Sustainable Event Tourism",2025,0,Technological Innovation and AI for Sustainable Development in Events and Festivals,Book chapter,10.1079/9781836990185.0007,5,Digital innovation in sport tourism/events
A survey on big data and machine learning in tourism and economic development,2026,0,Multidisciplinary Science Journal,Article,10.31893/multiscience.2026520,5,Digital innovation in sport tourism/events
Rural Tourism and Ecosystem Recovery in the Yangtze River Delta: Spatial Coupling and Influencing Factors,2026,0,Sustainability (Switzerland),Article,10.3390/su18094532,3,Sport-tourism entrepreneurship
From Tin Mining to Green Tourism—Sungai Lembing's Inspiring Ecological Transformation,2025,0,Corporate Social Responsibility and Environmental Management,Article,10.1002/csr.70164,7,Sustainable sport tourism development
"Examination of the Connotations, Model Construction, and Pathways for Spatial Production for Winter Tourism in Ethnic Villages; [民族村寨冰雪旅游空间生产内涵、模式构建及路径研究]",2026,0,Journal of Resources and Ecology,Article,10.5814/j.issn.1674-764x.2026.04.025,4,Community & local development
How Data Trading Platforms Empower New Forms of Digital Tourism in China: A Causal Inference Based on Double/Debiased Machine Learning,2026,0,Sustainability (Switzerland),Article,10.3390/su18115234,5,Digital innovation in sport tourism/events
Potential for Innovation in Polish Regions in the Context of Smart Tourism,2026,0,Springer Proceedings in Business and Economics,Conference paper,10.1007/978-3-032-17545-8_21,0,Sport-tourism entrepreneurship
Assessment of the Impact of Green Sports Policies on Waste Management Performance in Sports Events: A Case Study of China,2026,0,Journal of Solid Waste Technology and Management,Article,10.5276/jswtm/iswmaw/521/2026.110,1,Mega-events & host destinations
Knowledge evolution and future directions of sustainable tourism research: Evidence from R-based bibliometric analysis,2026,0,Multidisciplinary Reviews,Article,10.31893/multirev.2026567,7,Sustainable sport tourism development
Assessment of Sustainable Management Actions for Underwater Cultural and Natural Heritage Sites,2024,0,"Advances in Science, Technology and Innovation",Conference paper,10.1007/978-3-031-51904-8_197,4,Community & local development
"Wildflowers valorise sustainable agriculture, local cultural identity, and territorial development",2023,0,Acta Horticulturae,Conference paper,10.17660/ActaHortic.2023.1383.35,3,Sport-tourism entrepreneurship
Analysis of tourism behaviors: A study of hotel units in Portugal,2024,0,Examining Tourist Behaviors and Community Involvement in Destination Rejuvenation,Book chapter,10.4018/979-8-3693-6819-0.ch002,0,Sport-tourism entrepreneurship
From Fire to Light: Technological Innovation and Sustainability in Christmas Celebrations of Domestic Regenerative Tourism; [Do Fogo à Luz: Inovação Tecnológica e Sustentabilidade nas Celebrações Natalinas do Turismo Regenerativo Doméstico],2026,0,Revista Portuguesa de Estudos Regionais,Article,10.59072/rper.vi75.861,7,Sustainable sport tourism development
"Sustainable Water Management in the ITDC Nusa Dua Area, Bali: Strategies, Impacts, and Hotel Awareness Levels",2025,0,IOP Conference Series: Earth and Environmental Science,Conference paper,10.1088/1755-1315/1503/1/012008,7,Sustainable sport tourism development
Spatial Heterogeneity in Carbon Footprint from Belt and Road Investments Assessed Through a Cross-Sectional Autoregressive Distributed Lag Model,2025,0,Journal of Visualized Experiments,Article,10.3791/69602,7,Sustainable sport tourism development
Evaluating Social Impact in Thailand’s Responsible Tourism Community,2025,0,IOP Conference Series: Earth and Environmental Science,Conference paper,10.1088/1755-1315/1570/1/012006,2,Social innovation & community value
The role of sports tourism in promoting talent cultivation in the tourism industry with research on the construction of evaluation models based on deep learning,2026,0,Journal of Big Data,Article,10.1186/s40537-026-01458-w,1,Mega-events & host destinations
THE IMPACT OF TOURISM ON ECONOMIC STABILITY: ADAPTIVE BUSINESS APPROACHES IN AN UNSTABLE ENVIRONMENT,2026,0,Geojournal of Tourism and Geosites,Article,10.30892/gtg.662spl34-1795,0,Sport-tourism entrepreneurship
Cultural Vitality and Community-Based Tourism Development: Evidence from Peripheral Areas in Greece,2025,0,"Advances in Science, Technology and Innovation",Conference paper,10.1007/978-3-031-59325-3_3,2,Social innovation & community value
The orchestrator and its role in the birth and development of a niche-tourism ecosystem,2024,0,Sinergie,Article,10.7433/s124.2024.07,0,Sport-tourism entrepreneurship
Optimization of Tourism Destination Road Network Layout Based on MCR and Circuit Theory Model,2026,0,"Journal of Engineering, Project, and Production Management",Article,10.32738/JEPPM-2025-188,7,Sustainable sport tourism development
The impact of smart city construction on urban tourism ecological resilience: A quasi-natural experiment from China's smart city pilot policy,2026,0,Sustainable Cities and Society,Article,10.1016/j.scs.2026.107830,5,Digital innovation in sport tourism/events
THE ROLE OF ENTREPRENEURSHIP AND INNOVATION IN SUSTAINABLE TOURISM DEVELOPMENT,2026,0,Geojournal of Tourism and Geosites,Article,10.30892/gtg.662spl47-1808,7,Sustainable sport tourism development
Smart tourism and Hospitality 4.0 in Kazakhstan: a systematic review and Smart–Creative Integration Framework,2026,0,Worldwide Hospitality and Tourism Themes,Review,10.1108/WHATT-05-2026-0180,5,Digital innovation in sport tourism/events
Exploring the Knowledge Domain of Halal Tourism: A Bibliometric Analysis of Scopus-indexed Publications,2026,0,International Research Journal of Multidisciplinary Scope,Article,10.47857/irjms.2026.v07i02.09219,0,Sport-tourism entrepreneurship
"Innovation, digitalization, and sustainability as drivers of performance in tourism MSMEs: A multigroup evidence from the Pacific Alliance",2025,0,"Journal of Entrepreneurship, Management and Innovation",Article,10.7341/20252141,0,Sport-tourism entrepreneurship
"A Sustainable Local-Culture-Based Design Innovation Model for Tourism Facilities in Volcanic Landscapes: Evidence from Kintamani, Bali",2026,0,Civil Engineering and Architecture,Article,10.13189/cea.2026.141308,7,Sustainable sport tourism development
Township Tourism Marketing in South Africa: Challenges and Opportunities,2026,0,Proceedings of the International Conference on Tourism Research,Conference paper,10.34190/ictr.9.1.4421,0,Sport-tourism entrepreneurship
Sustainable Development of the Tourism Business in Rural Areas of Kyrgyzstan: Trends and Priorities in the Use of Climate-“Smart” Technologies,2026,0,Climate Change Management,Book chapter,10.1007/978-3-032-20106-5_19,3,Sport-tourism entrepreneurship
Understanding the influence of wine tourism on digital green technology orientation and the role of internal organizational mechanisms,2026,0,Discover Sustainability,Article,10.1007/s43621-026-02953-z,5,Digital innovation in sport tourism/events
Generative Design and Evaluation of Industrial Heritage for Tourism Development Based on Kansei Engineering-KANO Model-TOPSIS Method: The Case of Shanghai Libo Brewery,2026,0,Information (Switzerland),Article,10.3390/info17040381,4,Community & local development
"Apennines in Transitions: Between Tourism Monoculture, Depopulation and Emerging Community-Based Practices",2026,0,Revue de Geographie Alpine,Article,10.4000/165gp,2,Social innovation & community value
Disruption and symbiosis: Bidirectional interactions and spatiotemporal evolution in the synergistic integration of digital economy and tourism,2026,0,Journal of Destination Marketing and Management,Article,10.1016/j.jdmm.2026.101146,5,Digital innovation in sport tourism/events
Exploring Bangladesh Through the Metaverse: Revolutionizing Sustainable Tourism With Immersive Virtual Experiences,2026,0,Human Behavior and Emerging Technologies,Article,10.1155/hbe2/1359541,5,Digital innovation in sport tourism/events
Scientific Mapping of Gender in Sustainable Tourism Research: A Bibliometric Approach,2025,0,Navigating Gender Identity in India: Social and Cultural Perspectives on Gender Sustainability,Book chapter,10.1108/978-1-83708-194-320251011,7,Sustainable sport tourism development
"How is a regional wine destination constructed? Exploring storytelling through stakeholder narratives in Yoichi-Niki, Japan",2026,0,Tourism Management Perspectives,Article,10.1016/j.tmp.2026.101455,0,Sport-tourism entrepreneurship
Spatiotemporal dynamics of geotourism resilience: Machine learning methodologies and key insights,2026,0,International Journal of Geoheritage and Parks,Article,10.1016/j.ijgeop.2026.02.004,3,Sport-tourism entrepreneurship
Cultural Entrepreneurship in the “Shadow” of Vesuvius: A Comprehensive Analysis Within the National Park,2025,0,"International Journal of Politics, Culture and Society",Article,10.1007/s10767-025-09535-3,4,Community & local development
Sustainable tourism development in the digital era: Assessing the impact of competitive strategies and community participation,2026,0,European Journal of Sustainable Development Research,Article,10.29333/ejosdr/17841,5,Digital innovation in sport tourism/events
Innovations in the Integration of Sport Events into the Organism of a Paris Metropolis,2024,0,Inzynieria Mineralna,Article,10.29227/IM-2024-02-48,1,Mega-events & host destinations
Sustainable Tourism Practices in Jordan’s Protected Areas: Carrying Capacity Strategies and Perspectives of Protected Area Managers,2025,0,"Advances in Science, Technology and Innovation",Conference paper,10.1007/978-3-031-86745-3_3,7,Sustainable sport tourism development
Strategies used by international sports federations in the field of technology,2026,0,Frontiers in Sports and Active Living,Article,10.3389/fspor.2026.1726682,1,Mega-events & host destinations
The Liberty Network in Varese Province: Strategies for Its Knowledge and Enhancement,2019,0,Lecture Notes in Civil Engineering,Book chapter,10.1007/978-3-030-11422-0_6,4,Community & local development
Tourism and coastal fisheries interaction: impacts and mechanism on social-ecological coastal ecosystems,2026,0,Frontiers in Marine Science,Review,10.3389/fmars.2026.1841039,7,Sustainable sport tourism development
"Nature-Based Wellness Micro-Interventions as Experience-Based Service Innovation in Coastal Resorts: A Modified SERVPERF Study of Quality, Satisfaction, Added Value and Recommendation Intention",2026,0,Tourism and Hospitality,Article,10.3390/tourhosp7070211,0,Sport-tourism entrepreneurship
"Understanding and advancing sustainable tourism: a case study of tourism stakeholders in western province, Sri Lanka",2026,0,Applied Research in Business and Education,Book chapter,10.4324/9781003739920-34,7,Sustainable sport tourism development
Conceptual Framework for Implementation of Green Tourism for Infrastructure Development in India,2025,0,Lecture Notes in Civil Engineering,Conference paper,10.1007/978-981-95-1946-0_7,7,Sustainable sport tourism development
The interplay between tourism and the quality of life in host communities,2026,0,Humanities and Social Sciences Communications,Article,10.1057/s41599-026-07569-2,2,Social innovation & community value
Is tourism regulation catalyst for Abuja FCT Nigeria hotels business performance innovation?,2023,0,Contextualising African Studies: Challenges and the Way Forward,Book chapter,10.1108/978-1-80455-338-120231009,0,Sport-tourism entrepreneurship
"A Review of Studies of Small-Scale Sport Tourism in Rural Communities and Regions, with Focus on Leverage, and the Role the Organization of Small-Scale Sport Tourism Events Play in Business and Community Development in the Host Communities",2022,0,International Perspectives on Sport for Sustainable Development,Book chapter,10.1007/978-3-031-06936-9_4,1,Mega-events & host destinations
Tourism Social Transformation: Improving Living Standards and Economic Development Through Stokvels in Rural Areas,2025,0,Sustainable Development Goals Series,Book chapter,10.1007/978-3-031-87337-9_7,3,Sport-tourism entrepreneurship
The Synergistic Development and Influencing Factors of High-quality Development of Tourism and Common Prosperity; [旅游业高质量发展与共同富裕协同发展及影响因素研究],2025,0,Journal of Resources and Ecology,Article,10.5814/j.issn.1674-764x.2025.06.024,0,Sport-tourism entrepreneurship
Research on the Revitalization of Cultural Tourism Spaces and AI Interactive Strategies in Traditional Settlements of Lingnan Water Towns Based on the Theory of Symbiosis,2026,0,Lecture Notes in Computer Science,Conference paper,10.1007/978-3-032-29839-3_26,4,Community & local development
"Tourism Sector Sustainable Development: Evidence from Kuakata, Bangladesh",2024,0,Green Management: A New Paradigm in the World of Business,Book chapter,10.1108/978-1-83797-442-920241013,2,Social innovation & community value
Assessing the impact of inbound tourism on carbon emissions: Evidence from the Belt and Road Initiative countries,2025,0,Global Nest Journal,Article,10.30955/gnj.07383,7,Sustainable sport tourism development
Houseboat Tourism and Sustainable Development Goals: Integrating Local Community of Kumarakom,2023,0,Lecture Notes in Networks and Systems,Conference paper,10.1007/978-3-031-08954-1_36,7,Sustainable sport tourism development
"Heritage Assets, Cultural Significance, and Sustainable Community-Based Coastal Tourism: The Role of Authentic Experience",2026,0,International Journal of Sustainable Development and Planning,Article,10.18280/ijsdp.210311,4,Community & local development
Tourism education in Europe and the road to Net-Zero: Are universities doing enough?,2025,0,Journal of Cleaner Production,Article,10.1016/j.jclepro.2025.147039,7,Sustainable sport tourism development
TRIZ-based Study on Service Innovation of Certified Environmetal Education Facility; [以TRIZ 為基礎探討環境教育認證場所之服務創新],2022,0,International Journal of Systematic Innovation,Article,10.6977/IJoSI.202212_7(4).0004,7,Sustainable sport tourism development
Fintech-driven sport event sponsorship: how commercial banks’ innovative marketing strategies shape destination branding and inclusive tourism,2026,0,Frontiers in Sports and Active Living,Review,10.3389/fspor.2026.1823565,1,Mega-events & host destinations
Sports Tourism and Community Development: Exploring the Links and Sentiments,2024,0,Springer International Handbooks of Education,Book chapter,10.1007/978-981-97-4318-6_76,1,Mega-events & host destinations
Evaluating transport service quality metrics in tourism: a technological innovation-driven approach,2026,0,Frontiers in Future Transportation,Article,10.3389/ffutr.2026.1797151,5,Digital innovation in sport tourism/events
Regenerating Khedival Cairo: tourism gentrification in the nexus of state-led regeneration and real estate entrepreneurship,2025,0,"Handbook on Tourism Gentrification: Concepts, Spaces, Features",Book chapter,10.4337/9781035327355.00021,4,Community & local development
Digital Technology for High-Quality Cultural-Tourism Development: Insights From Wuhan Residents’ Satisfaction With the Zhiyin Cultural-Tourism Area,2026,0,SAGE Open,Article,10.1177/21582440261463293,5,Digital innovation in sport tourism/events
"Sustainable Tourism Development through a Comprehensive Approach: Evidence from Natural Attractions of Sunamganj, Bangladesh",2026,0,Responsible Rural Tourism: Multidimensional Aspects of Tourism-Based Growth and Development in Rural Areas,Book chapter,10.2174/9798898813185126010015,7,Sustainable sport tourism development
Media-Driven Tourism: Nigeria’s National Female Football League as a Catalyst,2025,0,Nsukka Journal of the Humanities,Article,10.62250/nsuk.2025.33.3.36-52,6,Sport-tourism entrepreneurship
"Same well-being, different meanings? A generational analysis of psychological, physical, and relational well-being",2026,0,Cogent Psychology,Article,10.1080/23311908.2026.2684081,7,Sustainable sport tourism development
Evaluation of the Tourism Consumption Environment for Generation Z in China’s Major Tourist Cities,2026,0,Chinese Geographical Science,Article,10.1007/s11769-026-1627-5,5,Digital innovation in sport tourism/events
INSTITUTIONAL CHALLENGES AND OPPORTUNITIES FOR TOURISM DEVELOPMENT: ARMENIA’S CASE,2026,0,Geojournal of Tourism and Geosites,Article,10.30892/gtg.65247-1752,7,Sustainable sport tourism development
Unveiling the digital pathways: exploring the key drivers behind travelers’ decision-making in smart tourism – a systematic literature review,2025,0,Journal of Hospitality and Tourism Insights,Review,10.1108/JHTI-02-2025-0241,5,Digital innovation in sport tourism/events
Metaverse of Tourism and Problems of Digitalization in the Context of Sustainable Development of Regions,2025,0,Lecture Notes in Networks and Systems,Book chapter,10.1007/978-3-031-85608-2_18,5,Digital innovation in sport tourism/events
The evolution of the entertainment sector in the metaverse: the case of sports event management,2026,0,Journal of Intellectual Capital,Article,10.1108/JIC-10-2024-0313,1,Mega-events & host destinations
The Impact of Websites on the Survival and Growth of the Tourism Industry in Pakistan,2026,0,"Studies in Systems, Decision and Control",Book chapter,10.1007/978-3-032-10016-0_63,0,Sport-tourism entrepreneurship
The role of gastronomic identity in the development of sustainable gastronomy tourism: A PLS-SEM approach,2026,0,International Journal of Gastronomy and Food Science,Article,10.1016/j.ijgfs.2026.101590,7,Sustainable sport tourism development
The Mediating Role of External Factors and Managerial Innovation Level on the Relationship of Emotional Intelligence and Human Capital Performance,2025,0,International Journal of Innovation and Technology Management,Article,10.1142/S0219877025500014,0,Sport-tourism entrepreneurship
"Empirical Analysis of Co-Production Results of Tourism Development Components in the Innovation of Independent Tourism Village, Pulesari, Sleman, Yogyakarta.",2025,0,IOP Conference Series: Earth and Environmental Science,Conference paper,10.1088/1755-1315/1482/1/012060,0,Sport-tourism entrepreneurship
Microbreweries as Entities Stimulating the Development of the Tourist Offer in the Visegrad Group Countries,2025,0,Cultural Management: Science and Education,Article,10.30819/cmse.9-2.04,0,Sport-tourism entrepreneurship
"Exploration of the Application of Society 5.0 Development Concept in Tamansari Tourism Village, Banyuwangi to Support Sustainable Tourism in Ijen Geopark",2025,0,IOP Conference Series: Earth and Environmental Science,Conference paper,10.1088/1755-1315/1524/1/012002,7,Sustainable sport tourism development
How e-WOM shapes young tourists’ perceptions of heritage destinations: An extended UTAUT-3 approach,2026,0,"Journal of Open Innovation: Technology, Market, and Complexity",Article,10.1016/j.joitmc.2026.100846,4,Community & local development
"The role of digital technologies in the development of cultural heritage tourism, Sheikh Safi al-Din Khanegah and shrine ensemble – registered by UNESCO",2026,0,Journal of Hospitality and Tourism Technology,Article,10.1108/JHTT-09-2024-0620,4,Community & local development
Scholar-institutional entrepreneurs in rural tourism path innovation: the case of Azheke plan in China,2026,0,Journal of Rural Studies,Article,10.1016/j.jrurstud.2026.104011,3,Sport-tourism entrepreneurship
The Contribution of Rural Tourism to Rural Revitalization: A Sustainable Approach to Community Development,2026,0,Sustainable Development,Article,10.1002/sd.70759,3,Sport-tourism entrepreneurship
"DEVELOPING CREATIVE TOURISM ROUTES TO PROMOTE AGRICULTURAL TOURISM IN SAKHU SUBDISTRICT, THALANG DISTRICT, PHUKET PROVINCE, THAILAND",2025,0,Geojournal of Tourism and Geosites,Article,10.30892/gtg.634spl09-1624,4,Community & local development
"Sport Tourism, Event Tourism, and Accessible Tourism Making Students Be Ready to Grab New Courses",2024,0,Springer International Handbooks of Education,Book chapter,10.1007/978-981-97-4318-6_38,1,Mega-events & host destinations
Agritourism: A Bibliometric Insight into Sustainability and Rural Development,2025,0,International Journal of Sustainable Development and Planning,Article,10.18280/ijsdp.200618,3,Sport-tourism entrepreneurship
Research on Data-Driven Public Service Innovation Practice of Rural Tourism Culture,2024,0,Applied Mathematics and Nonlinear Sciences,Article,10.2478/amns-2024-2836,3,Sport-tourism entrepreneurship
Understanding the relationship between bicycle tourism and sustainable mobility at the destination level,2026,0,Sustainable Futures,Article,10.1016/j.sftr.2026.102079,7,Sustainable sport tourism development
Developing craft communities in tourism villages: A systematic review of challenges and opportunities,2026,0,"African Journal of Hospitality, Tourism and Leisure",Article,10.46222/ajhtl.19770720.717,2,Social innovation & community value
Local perspectives on preferable tourism futures: insights from Finland and Japan,2025,0,Journal of Tourism Futures,Article,10.1108/JTF-12-2024-0274,2,Social innovation & community value
Culture-Led Regeneration Model for Built Heritage in Touristic Landscape,2024,0,Lecture Notes in Networks and Systems,Conference paper,10.1007/978-3-031-74608-6_1,4,Community & local development
Entrepreneurial Ecosystem in Crisis: Icelandic Tourism in Times of COVID-19,2024,0,Sustainable Development Goals Series,Book chapter,10.1007/978-3-031-61249-7_8,0,Sport-tourism entrepreneurship
Space Accommodation Operations: Maximizing Efficiency in Orbital Facilities,2025,0,Pioneering the New Space Economy through AI and Immersive Technologies: Economic Development and Tourism Opportunities in Space,Book chapter,10.1007/978-981-96-5977-7_8,5,Digital innovation in sport tourism/events
Development of Entrepreneurship in the Tourism and Recreation Sphere: Marketing Research,2024,0,"Studies in Systems, Decision and Control",Book chapter,10.1007/978-3-031-35828-9_33,0,Sport-tourism entrepreneurship
Investment and entrepreneurship opportunities in the Omani sports industry,2026,0,"Sport, Business and Management: An International Journal",Article,10.1108/SBM-04-2025-0082,1,Mega-events & host destinations
"Collaborative tourism entrepreneurship as a community resilience strategy: A case study of castara, tobago",2021,0,Managing Crises in Tourism: Resilience Strategies from the Caribbean,Book chapter,10.1007/978-3-030-80238-7_12,2,Social innovation & community value
CONCEPTUALISING SUSTAINABLE TOURISM: The interplay of digital technologies and emotional dynamics,2026,0,"Services, Experiences, and Sustainability",Book chapter,10.4324/9781003477839-8,5,Digital innovation in sport tourism/events
A study of Factor Analysis Approach of Consumer Awareness and Perception of Online Services Offered by Haryana Tourism Corporation Towards Achieving Sustainable Development Goals,2026,0,International Journal of Computer Information Systems and Industrial Management Applications,Article,10.70917/ijcisim-2026-2445,5,Digital innovation in sport tourism/events
"Exploring the Coordinated Linkage of Climatic Environment Comfort, Urban Sprawl, and Quality of Innovation: Cases from 283 Cities in China",2026,0,Journal of Urban Planning and Development,Article,10.1061/JUPDDM.UPENG-5830,7,Sustainable sport tourism development
KNOWLEDGE MAPPING OF CULTURAL IDENTITY PRESERVATION IN AGRITOURISM,2026,0,Scientific Culture,Article,10.5281/zenodo.11425203,4,Community & local development
"MEASUREMENT, TEMPORAL AND SPATIAL EVOLUTION OF TOURISM ECO-EFFICIENCY IN CHINA BASED ON DATA MINING",2025,0,Applied Ecology and Environmental Research,Article,10.15666/aeer/2305_88958912,7,Sustainable sport tourism development
Digital technologies as enablers of open innovation in sports tourism: mapping competing innovation narratives in Iran through Q methodology,2026,0,Tourism Recreation Research,Article,10.1080/02508281.2026.2690985,5,Digital innovation in sport tourism/events
Digital Tourism: Legal Regulations and Economic Benefits for Sustainable Growth,2025,0,Digital Transformation in Tourism and Hospitality: Sustainable Management Strategies for Long-Term Excellence,Book chapter,10.1108/978-1-80592-425-820251009,5,Digital innovation in sport tourism/events
When Communities Become Infrastructure: A Human-Centered Perspective on Resilient Tourism Development,2026,0,Sustainability (Switzerland),Article,10.3390/su18168054,2,Social innovation & community value
F-TransR: A sports event revenue prediction model integrating multi-modal and time-series data,2025,0,PLOS ONE,Article,10.1371/journal.pone.0327459,1,Mega-events & host destinations
The spatial dimensions of tourism’s energy footprint: comparing consumption patterns between tourist and non-tourist urban districts,2026,0,International Journal of Tourism Cities,Article,10.1080/20565607.2025.2569139,7,Sustainable sport tourism development
Industrialization and innovation strategy of event resources in ice and snow sports under the background of big data,2024,0,MCB Molecular and Cellular Biomechanics,Article,10.62617/mcb406,1,Mega-events & host destinations
Prospects for Sustainable Tourism Product Diversification: The Creative Industries in Botswana,2022,0,"Smart Innovation, Systems and Technologies",Conference paper,10.1007/978-981-16-9701-2_26,0,Sport-tourism entrepreneurship
Diverging development paths: Ecotourism vs. Mass tourism,2026,0,"Environment, Development and Sustainability",Article,10.1007/s10668-026-07640-7,2,Social innovation & community value
Optimizing Sustainable Resource Integration in Cultural and Tourism Communities Considering Community Influence on Spatial Quality,2026,0,Sustainability (Switzerland),Article,10.3390/su18041714,4,Community & local development
Challenges and Opportunities in Rural Tourism Entrepreneurship,2026,0,Entrepreneurship for Rural Tourism Growth: New Perspectives and Future Directions (Part 2),Book chapter,10.2174/9798898815585126010013,3,Sport-tourism entrepreneurship
A product service system design for fitness activities based on active ageing a proposal of fitness for xishan style council,2015,0,Lecture Notes in Computer Science (including subseries Lecture Notes in Artificial Intelligence and Lecture Notes in Bioinformatics),Conference paper,10.1007/978-3-319-20907-4_7,1,Mega-events & host destinations
Developing a Sustainable Tourism Through Women Participation: The Role of Cultural Identity,2024,0,"African Journal of Hospitality, Tourism and Leisure",Article,10.46222/ajhtl.19770720.549,6,Sport-tourism entrepreneurship
Three Decades of World Recreational Fishing Conferences: What Have We Learned About the Dynamics of Recreational Fisheries?,2025,0,Fisheries Management and Ecology,Article,10.1111/fme.12815,7,Sustainable sport tourism development
"Social Entrepreneurship and Community Development in Rural Tourism: Lessons from Community-driven Models in Xidi Ancient Village, Anhui Province, China",2026,0,Entrepreneurship for Rural Tourism Growth: New Perspectives and Future Directions,Book chapter,10.2174/9798898814359126010009,3,Sport-tourism entrepreneurship
Heritage and Creative Tourism Development in Inhambane Municipality (Mozambique),2026,0,Community Development Through Craft Heritage and Creative Tourism: Prospects and Challenges,Book chapter,10.1108/978-1-80686-367-920261017,4,Community & local development
Leveraging Pro-Poor Tourism for Poverty Alleviation in the Eastern Highlands of Zimbabwe,2024,0,Pro-Poor Mountain Tourism,Book chapter,10.4324/9781003392583-12,2,Social innovation & community value
"Sustainable Tourism Industry through Support System Area, Open Innovation and Organizational Performance: System Modelling Approach",2024,0,ACM International Conference Proceeding Series,Conference paper,10.1145/3664968.3664969,7,Sustainable sport tourism development
Analyzing the Effects of Innovation on Tourists’ Destination Selection,2026,0,Springer Proceedings in Business and Economics,Conference paper,10.1007/978-981-95-4017-4_4,5,Digital innovation in sport tourism/events
"Uncharted legal territories: harmonizing administrative law for space tourism in Saudi Arabia, Europe, and the United States",2025,0,Discover Space,Article,10.1007/s11038-025-09568-w,0,Sport-tourism entrepreneurship
Effect of Digital Economy on Green Innovation Efficiency of the Chinese Tourism and the Mechanism,2025,0,Journal of Resources and Ecology,Article,10.5814/j.issn.1674-764x.2025.02.017,5,Digital innovation in sport tourism/events
COMPARATIVE EVALUATION OF TOURISM ATTRACTIVENESS USING MONTE CARLO SIMULATION AND CROWDSOURCED DATA. CASE STUDY FOR SEVERAL TRANSYLVANIAN CITIES,2025,0,Geographia Technica,Article,10.21163/GT_2025.201.17,0,Sport-tourism entrepreneurship
Exploring the High-Quality Development of Smart City Tourism in the Information Age,2024,0,Applied Mathematics and Nonlinear Sciences,Article,10.2478/amns-2024-0457,5,Digital innovation in sport tourism/events
Navigating Challenges: The Role of Psychological Ownership in Tourism Entrepreneurship Intentions Among Rural Youth,2026,0,Responsible Rural Tourism: Multidimensional Aspects of Tourism-Based Growth and Development in Rural Areas,Book chapter,10.2174/9798898813185126010006,3,Sport-tourism entrepreneurship
Namibia's Damara culture center: a case study,2011,0,Emerald Emerging Markets Case Studies,Article,10.1108/20450621111125432,0,Sport-tourism entrepreneurship
Digitalization and Innovations in the Tourism Industry,2026,0,Integrated Systems: AI-Augmented Engineering,Book chapter,10.1007/978-3-032-21981-7_18,5,Digital innovation in sport tourism/events
Challenges and opportunities to improve environmental sustainability in sport: systematic literature review,2025,0,Managing Sport and Leisure,Article,10.1080/23750472.2025.2561983,1,Mega-events & host destinations
Visualization Mapping of the Socio-Technical Architecture based on Tongkonan Traditional House,2023,0,International Journal on Informatics Visualization,Article,10.30630/joiv.7.3.1788,4,Community & local development
Tourism and Mega Events for Local Development: The Ryder Cup Case Study in Rome,2024,0,Lecture Notes in Networks and Systems,Conference paper,10.1007/978-3-031-74608-6_39,1,Mega-events & host destinations
Imagined Geographies of Sustainability: Rethinking Responsible Tourism Consumption Through the Utopias of Generation Z,2025,0,Sustainability (Switzerland),Article,10.3390/su172210280,7,Sustainable sport tourism development
Spatial proximity to national 5A tourist attractions and corporate environmental governance: Evidence from China,2026,0,PLOS ONE,Article,10.1371/journal.pone.0345770,7,Sustainable sport tourism development
Community-Driven Development: How Transformational Public Leadership Shapes Marine Tourism,2026,0,Tourism in Marine Environments,Article,10.3727/216901926X17700334039205,2,Social innovation & community value
Post-conflict revival of tourism: Sustainable models for communities and regions in Ukraine,2024,0,Multidisciplinary Reviews,Review,10.31893/multirev.2024spe032,7,Sustainable sport tourism development
Community-Driven Events as Engines of Destination Regeneration: Lessons from Practitioners,2026,0,Springer Proceedings in Business and Economics,Conference paper,10.1007/978-3-032-12968-0_45,1,Mega-events & host destinations
Innovation and Sustainability in Chilean Tourism Cooperatives; [Innovación y Sostenibilidad en las Cooperativas de Turismo de Chile],2026,0,"Revista de Estudos Constitucionais, Hermeneutica e Teoria do Direito",Article,10.4013/rechtd.2025.173.05,7,Sustainable sport tourism development
"Biophilic Urbanism for Sustainable and Resilient Neighborhood. The Case of Al Murabba, Riyadh",2025,0,Lecture Notes in Civil Engineering,Conference paper,10.1007/978-981-97-8345-8_11,7,Sustainable sport tourism development
A Two-stage hybrid SEM-ANN approach to assessing the impact of digital marketing platforms in the development of ecotourism behaviour,2025,0,Environment and Social Psychology,Article,10.59429/esp.v10i8.3533,5,Digital innovation in sport tourism/events
Gender Mainstreaming and Dynamics of Women Participation in Tourism in African Rural Conservation Landscapes,2025,0,Sustainable Development Goals Series,Book chapter,10.1007/978-3-031-87333-1_3,6,Sport-tourism entrepreneurship
The Role of Football Clubs as a Driver of Tourism Marketing Management and Local Development: A Preliminary Study in Minho (Portugal),2023,0,"Smart Innovation, Systems and Technologies",Conference paper,10.1007/978-981-19-9960-4_38,1,Mega-events & host destinations
EVALUATION OF KNOWLEDGE MANAGEMENT IN RELIGIOUS TOURISM: A CASE STUDY IN SOME TOURISM COMPANIES IN KARBALA,2024,0,Journal of Modern Project Management,Article,10.19255/JMPM3507,0,Sport-tourism entrepreneurship
Public-Private Partnerships for Sustainable Tourism: A Case Study of Vietnam's World's Best Tourism Villages,2026,0,"Reimagining Tourism Finance: Technology, Sustainability, and Global Innovation",Book chapter,10.2174/9798898815431126010009,7,Sustainable sport tourism development
"SUSTAINABLE COMMUNITY DEVELOPMENT AND ETHICS IN TOURISM: CASE STUDIES FROM DURRËS, VELIPOJA, AND VLORA, ALBANIA",2025,0,International Journal of Ecosystems and Ecology Science,Article,10.31407/ijees15.534,2,Social innovation & community value
Introduction: Why a focus on Sustainable Development Goal (SDG) 12?,2025,0,"Responsible Consumption and Production in the Creative and Cultural Industries: Actions, Policies, and Strategies for a Sustainable Future",Book chapter,10.4324/9781032665740-1,7,Sustainable sport tourism development
Ecological innovations in the development of sustainable tourism,2024,0,BIO Web of Conferences,Conference paper,10.1051/bioconf/202413004017,7,Sustainable sport tourism development
"Geoheritage, geotourism and Fibrex functional foods: A case study of Montenegro",2026,0,Open Geosciences,Article,10.1515/geo-2025-0995,7,Sustainable sport tourism development
"Potentials and Values of Major Religious Festivals for Sustainable Tourism Development in Guraghe Zone, Ethiopia",2025,0,Israel Journal of Ecology and Evolution,Article,10.1163/22244662-bja10108,4,Community & local development
Technology and Innovation in Marketing Strategies in Hospitality Industry,2026,0,Communications in Computer and Information Science,Conference paper,10.1007/978-3-031-99356-5_5,5,Digital innovation in sport tourism/events
Sustainable Tourism Management in Uzbekistan Through Digital and Environmental Development of Transport and Logistics Infrastructure,2026,0,Lecture Notes in Intelligent Transportation and Infrastructure,Book chapter,10.1007/978-3-032-12181-3_17,7,Sustainable sport tourism development
Strengthening community interaction and sustainable tourism through digital marketing,2026,0,"African Journal of Hospitality, Tourism and Leisure",Article,10.46222/ajhtl.19770720.726,5,Digital innovation in sport tourism/events
Policy Regimes: An Absent Actor in Wine Business and Tourism Studies,2026,0,"Tourism, Hospitality and Event Management",Book chapter,10.1007/978-3-032-16334-9_3,0,Sport-tourism entrepreneurship
The Contemporary Expansion of Tourism as Third “Tourism Revolution”?,2021,0,Geographies of Tourism and Global Change,Book chapter,10.1007/978-3-030-52136-3_13,0,Sport-tourism entrepreneurship
Empirical Analysis of Tourism Digitalization and MSME Innovation on Sustainable Tourism Through MSME Performance in Developing Regions,2026,0,International Journal of Sustainable Development and Planning,Article,10.18280/ijsdp.210525,7,Sustainable sport tourism development
A Spatial Decision Support System to Assess the Nature-Based Tourism Development Potential in the Centro Interior Region of Portugal,2025,0,"Smart Innovation, Systems and Technologies",Conference paper,10.1007/978-981-96-5400-0_4,2,Social innovation & community value
"Impacts of Events’ Tourism in Local Development: The Case of Águeda, Portugal",2023,0,"Smart Innovation, Systems and Technologies",Conference paper,10.1007/978-981-19-9960-4_25,1,Mega-events & host destinations
Top 10 hot topics in the development of China’s cruise industry in 2018-2019,2020,0,Report on the Development of Cruise Industry in China (2019),Book chapter,10.1007/978-981-15-4661-7_3,0,Sport-tourism entrepreneurship
"Tourism enhancement of small historic centers in seismic areas: the case study of Popoli Terme (Pescara, Italy)",2026,0,Procedia Structural Integrity,Conference paper,10.1016/j.prostr.2025.12.189,4,Community & local development
STRATEGIC SUSTAINABILITY IN DESIGN-LED GEOSITES: ENHANCING HUMAN CAPITAL FOR TOURISM AND REGIONAL COMPETITIVENESS,2026,0,Geojournal of Tourism and Geosites,Article,10.30892/gtg.662spl48-1809,7,Sustainable sport tourism development
"Entrepreneurial Characteristics of Managers of Forest and Plantation Based Rural Tourism Villages in Yogyakarta, Indonesia",2025,0,E3S Web of Conferences,Conference paper,10.1051/e3sconf/202566501044,3,Sport-tourism entrepreneurship
BRIDGING GENDER GAPS IN TOURISM: EXPLORING WOMEN’S EMPOWERMENT AND ITS IMPACT ON SUSTAINABLE TOURISM DEVELOPMENT,2026,0,Geojournal of Tourism and Geosites,Article,10.30892/gtg.662spl33-1794,6,Sport-tourism entrepreneurship
"Generative AI for health-vulnerable tourists: Well-being, service innovation, and empowerment",2026,0,Journal of Destination Marketing and Management,Article,10.1016/j.jdmm.2026.101142,5,Digital innovation in sport tourism/events
Innovative Strategies for Sustainable Tourism in the Mediterranean: Comparative Insights from four Transnational Projects,2026,0,Springer Proceedings in Business and Economics,Conference paper,10.1007/978-3-032-12968-0_25,7,Sustainable sport tourism development
The impact of sport events on the brand image of the country–focusing on mega-events: Signaling nation brand value through sport events in a comparative analysis of Hungarian and international cases,2026,0,Journal of Convention and Event Tourism,Article,10.1080/15470148.2026.2707967,1,Mega-events & host destinations
"Artificial Intelligence Applications in Tourism: Innovations, Challenges and Opportunities",2026,0,Lecture Notes in Networks and Systems,Conference paper,10.1007/978-3-032-01234-0_27,5,Digital innovation in sport tourism/events
"Differences in Tourism Ecological Resilience and Its Asymmetric Driving Mechanisms in the Chengdu-Chongqing Economic Circle, China",2025,0,Land,Article,10.3390/land14112188,7,Sustainable sport tourism development
DESTINATION MANAGEMENT AND PUBLIC-PRIVATE NETWORKS: THE CASE OF LAMBAYEQUE,2026,0,Geojournal of Tourism and Geosites,Article,10.30892/gtg.662spl16-1777,0,Sport-tourism entrepreneurship
Argentina and Its Approach to Environmental Quality in Tourism: From Hotels to Destinations,2010,0,Tourism Enterprises and Sustainable Development: International Perspectives on Responses to the Sustainability Agenda,Book chapter,10.4324/9780203873588-14,0,Sport-tourism entrepreneurship
Between authenticity and innovation: a multi-dimensional analysis of high-quality development of ethnic tourism and digital innovation,2026,0,Current Issues in Tourism,Article,10.1080/13683500.2026.2686421,5,Digital innovation in sport tourism/events
THE TANGIBLE HERITAGE OF ANTIFASCISM IN SOUTHERN ISTRIA AS A BASIS OF THE MEMORIAL TOURISM DEVELOPMENT; [MATERIJALNA BAŠTINA ANTIFAŠIZMA U JUŽNOJ ISTRI KAO TEMELJ RAZVOJA MEMORIJALNOG TURIZMA],2023,0,Geoadria,Review,10.15291/geoadria.3913,4,Community & local development
Acceptance of Digital Sports: A Study Showing the Rising Acceptance of Digital Health Activities Based on Deep Learning,2022,0,Journal of Commercial Biotechnology,Article,10.5912/jcb1331,1,Mega-events & host destinations
A Study on the Evaluation of the Effect of Theme Songs in Sports Events: The Construction of Index System,2024,0,Lecture Notes on Data Engineering and Communications Technologies,Book chapter,10.1007/978-981-97-5098-6_49,1,Mega-events & host destinations
TTDI-based longitudinal assessment of COVID-19 disruptions in Thailand and Southeast Asian tourism,2026,0,Results in Engineering,Article,10.1016/j.rineng.2026.109595,7,Sustainable sport tourism development
Sustainability Environmental and Ecotourism Development in Bangkalan: The Role of Academia in Quintuple Helix Collaboration,2026,0,IOP Conference Series: Earth and Environmental Science,Conference paper,10.1088/1755-1315/1585/1/012051,7,Sustainable sport tourism development
TISM-based framework for understanding barriers to spa tourism development in India,2025,0,International Journal of Spa and Wellness,Article,10.1080/24721735.2025.2529092,0,Sport-tourism entrepreneurship
"Research on Rural Zero-Carbon Sports Events Based on Remote Sensing Big Data and Carbon Footprint: Assessment with Evidence from the ""Village Super League""(Cun Chao) in Rongjiang County, Guizhou Province",2025,0,"Proceedings of 2025 5th International Symposium on Artificial Intelligence and Big Data, AIBDF 2025",Conference paper,10.1109/AIBDF67964.2025.11440737,1,Mega-events & host destinations
Comparative review on the sports tourism research in Chinese and international journals: a bibliometric and content analysis,2025,0,Journal of Sport and Tourism,Article,10.1080/14775085.2025.2595959,1,Mega-events & host destinations
Airbnb Hosts and Their Contribution to Sustainability Through Entrepreneurship and Consumption: Research Gaps and an Exploratory Study in Nordic Tourist Destinations,2024,0,Sustainable Development Goals Series,Book chapter,10.1007/978-3-031-61249-7_6,3,Sport-tourism entrepreneurship
Why Education of Undergraduate Tourism Students Is a Key Factor for Climate Change Mitigation,2025,0,"Advances in Science, Technology and Innovation",Conference paper,10.1007/978-3-031-92115-5_6,7,Sustainable sport tourism development
Sustainability Practices in Lebanese Wineries and Their Impact on Tourism Development and Economic Growth,2026,0,Proceedings of the International Conference on Tourism Research,Conference paper,10.34190/ictr.9.1.4436,7,Sustainable sport tourism development
Sport Policy: Analysis of the Implementation of Sporting Events on Tourism in the City of Bandung,2025,0,Balneo and PRM Research Journal,Article,10.12680/balneo.2025.880,1,Mega-events & host destinations
"The Impact of IoT, Community Engagement, and Social Media on Social Innovation in the Digital Era",2025,0,"Proceeding - 2025 4th International Conference on Creative Communication and Innovative Technology: Empowering Transformative MATURE LEADERSHIP: Harnessing Technological Advancement for Global Sustainability, ICCIT 2025",Conference paper,10.1109/ICCIT65724.2025.11167039,2,Social innovation & community value
Artificial Intelligence and Gastronomic Tourism: A New Frontier for Culinary Experiences,2025,0,ETCM 2025 - 9th Ecuador Technical Chapters Meeting,Conference paper,10.1109/ETCM67548.2025.11304391,5,Digital innovation in sport tourism/events
Rural Roma cultural heritage-based tourism in Central and Eastern Europe,2026,0,Open Research Europe,Article,10.12688/openreseurope.21548.2,4,Community & local development
Sustaining Religious Tourism Economy from Below: Informality and Micro-Entrepreneurship in Indian Temple-Towns,2026,0,Tourism and Hospitality,Article,10.3390/tourhosp7080252,6,Sport-tourism entrepreneurship
The Olympic Agenda 2020 as a Tool for Promoting Sustainable Development through Sports:Organisational Innovation at the Forefront?,2026,0,"Olympic and Paralympic Sport in Transition: Innovation, Sustainability, and Future Directions",Book chapter,10.4324/9781003669821-14,1,Mega-events & host destinations
Impact of digital trade on tourism carbon emission reduction in China under industrial agglomeration and low carbon pilot policies,2026,0,Scientific Reports,Article,10.1038/s41598-026-39510-7,7,Sustainable sport tourism development
Air Connectivity as a Driver of Destination Competitiveness: An Empirical Analysis of European Cities,2025,0,Studies in Business and Economics,Article,10.2478/sbe-2025-0055,0,Sport-tourism entrepreneurship
"Tourism Growth and Local (Sustainable) Development: The Role of Background Landscapes in Pre-crisis Attica, Greece",2025,0,Strategic Planning for Energy and the Environment,Article,10.13052/spee1048-5236.4436,7,Sustainable sport tourism development
Blockchain-based LocalToken for community empowerment in tourism,2026,0,Tourism Review,Article,10.1108/TR-06-2025-0678,2,Social innovation & community value
Water based tourism planning in kerala context with focus on tourism circuit developments,2019,0,"Recent Advances in Materials, Mechanics and Management - Proceedings of the 3rd International Conference on Materials, Mechanics and Management, IMMM 2017",Conference paper,10.1201/9781351227544-77,0,Sport-tourism entrepreneurship
PERCEPTION OF A RECREATIONAL VOUCHER AS AN INNOVATION AND SUSTAINABLE TOOL OF TOURISM DEVELOPMENT,2023,0,Journal of the Geographical Institute Jovan Cvijic SASA,Article,10.2298/IJGI2303325M,7,Sustainable sport tourism development
Current State and Prospects of Development of Innovation Management System in the Sphere of Tourism,2026,0,Journal of Environmental Accounting and Management,Article,10.5890/JEAM.2026.12.003,0,Sport-tourism entrepreneurship
"Strengthening Institutional Capacity of the Hulun Hyang Farmer Group for Advancing the Edelweiss Flower Agroecosystem: a Case Study in Edelweiss Park, Bromo Tengger Semeru National Park, Indonesia",2024,0,Jurnal Presipitasi,Article,10.14710/presipitasi.v21i3.950-961,2,Social innovation & community value
Evolutionary process and mechanism of rural residents' tourism entrepreneurship: A community perspective,2026,0,Journal of Hospitality and Tourism Management,Article,10.1016/j.jhtm.2026.101509,3,Sport-tourism entrepreneurship
Impacts of major sports events on air pollution in host cities: A case study of the Nanjing Youth Olympic games,2025,0,Urban Climate,Article,10.1016/j.uclim.2025.102569,1,Mega-events & host destinations
Inquiries into critical success factors in governing small tourism firm in sustainable rural economics,2020,0,IOP Conference Series: Earth and Environmental Science,Conference paper,10.1088/1755-1315/447/1/012064,0,Sport-tourism entrepreneurship
Didactic principles from alternative sports: the voice of educators working in non-formal settings; [Principios Didácticos desde los deportes alternativos: la voz de educadores que trabajan en espacios no formales],2026,0,Sport TK,Article,10.6018/sportk.644241,1,Mega-events & host destinations
Interactive Enhancement of Tourism Product Design Using Machine Vision and CAD Technology,2024,0,Computer-Aided Design and Applications,Article,10.14733/cadaps.2024.S15.210-226,5,Digital innovation in sport tourism/events
Host cities and sport federations’ perceptions of a national bundled sport event–more than meets the eye,2025,0,Managing Sport and Leisure,Article,10.1080/23750472.2025.2495149,1,Mega-events & host destinations
Strategies for Enhancing the Organizational and Economic Sustainability of Entrepreneurship in Tourist Regions,2025,0,The Role of Entrepreneurship in Resolving Modern Global Economic Problems: A Systemic Review,Book chapter,10.1142/9789819815913_0010,7,Sustainable sport tourism development
Complex impact assessment of coastal development in the United Arab Emirates using GIS: A case study of Wurayah Biosphere Reserve,2013,0,Arabian Journal of Geosciences,Article,10.1007/s12517-012-0697-0,7,Sustainable sport tourism development
DEVELOPING TOURISM IN RURAL AREAS OF WESTERN PARANÁ: POTENTIALS FOR IMPLEMENTATION; [DESENVOLVIMENTO DO TURISMO EM ESPAÇO RURAL NO OESTE DO PARANÁ: POTENCIALIDADES PARA IMPLEMENTAÇÃO],2025,0,Revista Brasileira de Gestao e Desenvolvimento Regional,Article,10.54399/rbgdr.v21i3.8268,3,Sport-tourism entrepreneurship
Conceptual Strategies for Managing Innovation Processes in the Life Cycle of the EU Tourism Industry,2026,0,Lecture Notes on Data Engineering and Communications Technologies,Book chapter,10.1007/978-3-032-06608-4_15,0,Sport-tourism entrepreneurship
"Challenges and Opportunities in Heritage Conservation and Tourism Development: A Case Study of Jagdishpur (Formerly Islamnagar), Madhya Pradesh, India",2025,0,Journal of The Institution of Engineers (India): Series A,Article,10.1007/s40030-025-00871-3,4,Community & local development
"The role of infrastructure investment, tourism development, and technological innovation in decarbonizing the Belt and Road Initiative economies",2026,0,Energy Strategy Reviews,Review,10.1016/j.esr.2026.102312,7,Sustainable sport tourism development
Regenerative Heritage Tourism in Practice: A Framework for Cultural and Economic Revitalization in Historic Cairo,2026,0,Journal of Engineering Sciences,Article,10.21608/jesaun.2026.430327.1776,4,Community & local development
"Challenges and Pathways for Sustainable Experiential Cultural Tourism Development: Stakeholder Perspectives on Chăm Heritage in Khánh Hoà Province, Vietnam",2026,0,"Tourism, Hospitality and Event Management",Book chapter,10.1007/978-981-95-8189-4_26,4,Community & local development
"The Diffused Hotel as an Innovative Form of Tourism Development (Case of the Sub-basin of the Gjanica River. Fier Region, Albania)",2023,0,Lecture Notes in Networks and Systems,Conference paper,10.1007/978-3-031-08093-7_3,0,Sport-tourism entrepreneurship
Role of Impact Investing in Enhancing Sustainable Tourism Practices,2020,0,Building Sustainable Tourism Communities: A Blueprint for the Future,Book chapter,10.4324/9781003497011-22,7,Sustainable sport tourism development
TECHNOLOGICAL INNOVATIONS IN TOURISM BASED ON CIRCULAR ECONOMY,2024,0,"International Conference on Business, Management and Economics Engineering Future-BME",Book chapter,10.24867/FUTURE-BME-2024-035,7,Sustainable sport tourism development
Critical Success Factors for Sustainable Village Tourism Development: A Conceptual Framework,2026,0,"2026 ASU International Conference in Emerging Technologies for Sustainability and Intelligent Systems, ICETSIS 2026",Conference paper,10.1109/ICETSIS68266.2026.11549180,7,Sustainable sport tourism development
THE IMPORTANCE OF REHABILITATING TOURISM INFRA-STRUCTURE FOR LOCAL DEVELOPMENT IN TIZI OUZOU,2025,0,Bulletin of the Serbian Geographical Society,Article,10.2298/GSGD2501343C,0,Sport-tourism entrepreneurship
"Sustainable Tourism Development in Natura 2000 Sites: Ecotourism, Governance, and Local Empowerment",2026,0,Springer Proceedings in Business and Economics,Conference paper,10.1007/978-3-032-17534-2_35,7,Sustainable sport tourism development
Understanding how social entrepreneurship fit into the eco-tourism discourse,2023,0,Social Entrepreneurship and Social Innovation in Eco-Tourism,Book chapter,10.1007/978-981-99-1827-0_4,2,Social innovation & community value
A Knowledge-Based Framework for Sustainable Tourism: Conceptualizing Innovation Capability and Open Innovation,2026,0,Lecture Notes in Educational Technology,Book chapter,10.1007/978-981-95-2521-8_43,7,Sustainable sport tourism development
"Technological Innovations for Developing Sustainable Ecotourism in High Mountain Region of Jamshedpur, Jharkhand: - A case study of Dalma Wildlife Sanctuary",2020,0,"ICRITO 2020 - IEEE 8th International Conference on Reliability, Infocom Technologies and Optimization (Trends and Future Directions)",Conference paper,10.1109/ICRITO48877.2020.9197879,7,Sustainable sport tourism development
Exploring Value Creation Fields of Social Entrepreneurship Through Gastronomy Tourism in Destinations,2025,0,"Purpose-Driven Tourism: The Intersection of Cultural Cuisine, Gender Equality, and Sustainable Community Building",Book chapter,10.1201/9781003637844-1,6,Sport-tourism entrepreneurship
Tourism development: An economic recovery opportunity for câmpulung muscel depression,2012,0,Human Geographies,Article,10.5719/hgeo.2012.62.63,0,Sport-tourism entrepreneurship
Ecological sports tourism based on multi population evolutionary algorithm and entrepreneurship environment for sustainable development,2025,0,Scientific Reports,Article,10.1038/s41598-025-11669-5,1,Mega-events & host destinations
Analysis of Knowledge Map on Rural Culture Tourism in China,2023,0,"Lecture Notes of the Institute for Computer Sciences, Social-Informatics and Telecommunications Engineering, LNICST",Conference paper,10.1007/978-3-031-33614-0_21,3,Sport-tourism entrepreneurship
Cross-Domain Data Mining on Learning Outcomes in Mazu-Inspired Sports Events: Marathons and Blessing Runs,2026,0,"Proceedings of 2025 4th International Conference on Artificial Intelligence and Education, ICAIE 2025",Conference paper,10.1145/3797552.3797810,1,Mega-events & host destinations
Open Data Accessibility Mechanisms for Tourism Development in South Africa,2023,0,Communications in Computer and Information Science,Conference paper,10.1007/978-3-031-28472-4_8,0,Sport-tourism entrepreneurship
Research on the present situation and countermeasures of Baijiu tourism development in Renhuai; [仁怀市白酒旅游开发现状及对策研究],2025,0,China Brewing,Article,10.11882/j.issn.0254-5071.2025.09.042,0,Sport-tourism entrepreneurship
Perceptions of Residents of the North of Portugal on Traditional Gastronomy with a Generalized Q Analysis,2025,0,Revista Portuguesa de Estudos Regionais,Article,10.59072/rper.vi72.743,4,Community & local development
ETHNIC-BASED HERITAGIZATION AND INTERPRETATION OF PAST CULTURAL LEGACIES IN ETHIOPIA: ITS DISCOURSE AND IMPACTS,2025,0,"Dynamics of Heritage Management and Tourism Development: Trends, Practices, and Approaches",Book chapter,10.1201/9781003592266-14,4,Community & local development
Cultural Sensitivity within Norwegian Sámi Tourism,2025,0,Arctic Anthropology,Article,10.3368/aa.60.1.101,4,Community & local development
"Negotiating collaboration in community-based tourism development: a study from Mangunan, Indonesia",2026,0,Asian Anthropology,Article,10.1080/1683478X.2026.2656082,2,Social innovation & community value
"Circularity and Regenerative Tourism as Key Instruments for Sustainability in the Rural Areas of Manabí, Ecuador",2026,0,Challenges in Sustainability,Article,10.56578/cis140107,3,Sport-tourism entrepreneurship
Spatial Dynamics of Environmental Efficiency in Tourism: A Stochastic Frontier and Spatial Durbin Investigation,2025,0,Journal of Quality Assurance in Hospitality and Tourism,Article,10.1080/1528008X.2025.2451702,7,Sustainable sport tourism development
Integrating Public Health Marketing in the Digital Age: Innovations and Impacts on Tourism Development,2026,0,Marketing Public Health in a Digital Age,Book chapter,10.4018/979-8-3373-5467-5.ch007,5,Digital innovation in sport tourism/events
Reaching the edge of the Arctic: tourism mobilities in rural Iceland,2025,0,Polar Geography,Article,10.1080/1088937X.2025.2548202,3,Sport-tourism entrepreneurship
"Broadcasting Sports Events in India: An Interplay of Artificial Intelligence, Engineering and Sports",2025,0,"2025 International Conference on Computational Engineering, Sensing Technology and Management, ICCETM 2025",Conference paper,10.1109/ICCETM66557.2025.11557630,1,Mega-events & host destinations
"Degree and socio-demographic predictors of residents' willingness to participate in mountain tourism: The case of ado-awaye suspended Lake, Nigeria",2020,0,"African Journal of Hospitality, Tourism and Leisure",Article,10.46222/AJHTL.19770720-12,2,Social innovation & community value
Perpetuation is the key to preservation: Encouraging local development and valuing indigenous culture as the sole bastion against Bagan’s museification,2018,0,"Indigenous Perspectives on Sacred Natural Sites: Culture, Governance and Conservation",Book chapter,10.4324/9781351234900-12,2,Social innovation & community value
Sustainable Development of Traditional Settlement Space of Thai People in Northwest Vietnam: A Case Study of Vang Pheo Village,2026,0,Civil Engineering and Architecture,Article,10.13189/cea.2026.140330,4,Community & local development
Modernising Italian hotel industry: the touring club Italiano and the Mostra delle Forniture Alberghiere in the interwar period (1922-1939),2026,0,Journal of Tourism History,Article,10.1080/1755182X.2026.2620677,0,Sport-tourism entrepreneurship
Data Analytics in Sport Science—Current Applications and Opportunities in an Unexplored Frontiers,2026,0,Lecture Notes in Bioengineering,Conference paper,10.1007/978-981-95-0804-4_36,1,Mega-events & host destinations
LDA Theme Extraction and Emotional Tendency Research for High Quality Development Path Analysis of Cultural Tourism Integration,2024,0,"Proceedings of 2024 8th Asian Conference on Artificial Intelligence Technology, ACAIT 2024",Conference paper,10.1109/ACAIT63902.2024.11021757,4,Community & local development
"Ethnic Tourism: Challenges and Opportunities for Poverty Alleviation Based on Highlands of Lao Cai, Northwest Vietnam",2024,0,Pro-Poor Mountain Tourism,Book chapter,10.4324/9781003392583-13,2,Social innovation & community value
Sustainable tourism and local development in Quang Nam Province: Policy analysis and strategic recommendations,2026,0,European Journal of Sustainable Development Research,Article,10.29333/ejosdr/18129,7,Sustainable sport tourism development
Understanding Generational Differences in Multiple Place Identities and the Visitor Economy: The Case of Migrants’ Descendants in China,2021,0,"Managing Events, Festivals and the Visitor Economy: Concepts, Collaborations and Cases",Book chapter,10.1079/9781789242843.0007,2,Social innovation & community value
"Revitalization of the Sanur Special Economic Zone (SEZ): Integrating Regional Planning, Sustainable Architecture, and Adaptive Interior Design for a Culturally-based Health Tourism Destination",2025,0,Journal of Regional and City Planning,Article,10.5614/jpwk.2025.36.2.5,7,Sustainable sport tourism development
Knowledge in entrepreneurial intentions toward rural tourism of higher education students: The moderating role of tourism major,2026,0,Journal of Innovation and Knowledge,Article,10.1016/j.jik.2026.101118,3,Sport-tourism entrepreneurship
Local development and cultural policies: measuring the economic impact of regional film commissions,2026,0,Annals of Regional Science,Article,10.1007/s00168-025-01441-y,0,Sport-tourism entrepreneurship
Analysis of Motion Vectors in Ultra-High-Speed Video for Basketball Game Video Frames,2025,0,"Proceedings of the International Conference on Multi-Agent Systems for Collaborative Intelligence, ICMSCI 2025",Conference paper,10.1109/ICMSCI62561.2025.10893900,1,Mega-events & host destinations
Women Entrepreneurs Sense-Making of Policy Supports in Context of Rural Tourism in Kazakhstan,2024,0,"Gender, Tourism Entrepreneurship and Social Policy",Book chapter,10.4324/9781003315858-5,6,Sport-tourism entrepreneurship
Educating for the Circular Economy: The Key Competencies of Future Tourism Professionals,2025,0,"Tourism, Hospitality and Event Management",Book chapter,10.1007/978-3-031-99128-8_5,7,Sustainable sport tourism development
Kerala's Responsible Tourism Model: A Blueprint for Sustainable Rural Tourism Development Across Indian States,2026,0,Responsible Rural Tourism: Multidimensional Aspects of Tourism-Based Growth and Development in Rural Areas,Book chapter,10.2174/9798898813185126010007,7,Sustainable sport tourism development
Digital Innovation in MSMEs Through Pentahelix Collaboration for Tourism Development,2025,0,Lecture Notes in Networks and Systems,Conference paper,10.1007/978-981-96-6441-2_28,5,Digital innovation in sport tourism/events
"Analysis of the Influence of Supporting Factors, Security, and Comfort in Tourism Development of Regional Development of Karo Regency Creative Economy-Based MSMEs in North Sumatera, Indonesia",2025,0,IOP Conference Series: Earth and Environmental Science,Conference paper,10.1088/1755-1315/1452/1/012047,0,Sport-tourism entrepreneurship
"Tourism development and planning: The Case of Kalkan, Antalya, Turkey",2012,0,"Journal of Policy Research in Tourism, Leisure and Events",Article,10.1080/19407963.2012.726106,0,Sport-tourism entrepreneurship
"The Economic Impact of the Accommodation Sector for Tourism Development in the Braj Region, India",2026,0,Spiritual Tourism and Landscape: Indigenous Technique and Holistic Insights,Book chapter,10.1108/978-1-80686-017-320261003,0,Sport-tourism entrepreneurship
Decoding Innovation Growth: An Explainable AI Analysis of How Mega Sport Events Transform Financial Landscapes and Sustainability Metrics,2025,0,Procedia Computer Science,Conference paper,10.1016/j.procs.2025.09.381,1,Mega-events & host destinations
Microentrepreneurial Resilience After a Tourism Crisis: A Case of Street Food Tourism in Thailand,2026,0,International Journal of Tourism Research,Article,10.1002/jtr.70325,7,Sustainable sport tourism development
Integration and Innovation Mechanisms of Intangible Cultural Heritage Protection and Tourism Development Under China's Rural Revitalisation Strategy: A Convergent Mixed-Methods Multi-Case Study,2026,0,Sustainable Development,Article,10.1002/sd.71515,4,Community & local development
Study on Countermeasures for Protection of Dietary Intangible Cultural Heritage in Henan Province in the Context of Rural Revitalization,2024,0,Applied Mathematics and Nonlinear Sciences,Article,10.2478/amns-2024-0674,4,Community & local development
Montalto di Castro - Sustainable tourism as an opportunity for urban and environmental regeneration,2019,0,"Smart Innovation, Systems and Technologies",Conference paper,10.1007/978-3-319-92102-0_70,7,Sustainable sport tourism development
From Standardised Compliance to Sustainable Tourism Entrepreneurship,2026,0,Sustainability (Switzerland),Article,10.3390/su18094504,7,Sustainable sport tourism development
"Storytelling, or Telling the Story, Cultural Elements for Tourist Websites",2025,0,International Encyclopedia of Business Management,Book chapter,10.1016/B978-0-443-13701-3.00435-7,4,Community & local development
Ambidexterity: Green Innovation and Technology for Collaborative Dynamism in The Environment Preservation of The Tourism Village,2025,0,International Journal of Basic and Applied Sciences,Article,10.14419/kw2fs127,2,Social innovation & community value
Smart Tourism Development: The Case of Halkidiki,2019,0,"Social Entrepreneurship: Concepts, Methodologies, Tools, and Applications: Volume 1-3",Book chapter,10.4018/978-1-5225-8182-6.ch065,5,Digital innovation in sport tourism/events
Conceptualism of rural tourism community well-being from a bottom-up spillover perspective: scale development and validation,2026,0,Asia Pacific Journal of Marketing and Logistics,Article,10.1108/APJML-01-2026-0034,3,Sport-tourism entrepreneurship
Kayak Boy: an entrepreneurial venture in a blue ocean industry,2024,0,Emerald Emerging Markets Case Studies,Article,10.1108/EEMCS-08-2023-0297,6,Sport-tourism entrepreneurship
Gastronomic Identity as a Basis for Gastronomic Tourism’s Development. An Exploration of Coastal Cuisine in El Salvador,2025,0,Lecture Notes in Networks and Systems,Conference paper,10.1007/978-3-031-93550-3_18,4,Community & local development
The Application of Mixed Reality in Sports Event Broadcasting,2023,0,"2023 International Conference on Consumer Electronics - Taiwan, ICCE-Taiwan 2023 - Proceedings",Conference paper,10.1109/ICCE-Taiwan58799.2023.10226786,1,Mega-events & host destinations
"The role of digital innovation, local wisdom, and human resources in developing Gayo coffee educational tourism in Takengon, Indonesia",2025,0,International Journal of Advanced and Applied Sciences,Article,10.21833/ijaas.2025.11.023,5,Digital innovation in sport tourism/events
Residents' needs and perspectives on the European City of science: A study of Katowice,2025,0,Technological Forecasting and Social Change,Article,10.1016/j.techfore.2025.124103,1,Mega-events & host destinations
Tourism and empowering women through handicrafts: A literature review of publications from the middle east and south asia in tourism journals,2024,0,Examining Barriers and Building Resiliency for Rural Women Entrepreneurs,Book chapter,10.4018/979-8-3693-9178-5.ch014,6,Sport-tourism entrepreneurship
"Geo-ecological Values and Sustainable Geotourism Potential of the İğneada Floodplain Forests and Lagoon Lakes, NW Türkiye",2026,0,Geoheritage,Article,10.1007/s12371-026-01312-8,4,Community & local development
Research on spatial pattern evolution of cultural industry based on computer software analysis,2021,0,ACM International Conference Proceeding Series,Conference paper,10.1145/3456887.3459690,4,Community & local development
Comparative Bibliometric Analysis of Smart Tourism Destination Research in China and Abroad,2025,0,International Journal of Sustainable Development and Planning,Article,10.18280/ijsdp.201102,5,Digital innovation in sport tourism/events
The impact of environmental perception of the world heritage site on public attitudes: a case study of the West Lake Cultural Landscape of Hangzhou,2026,0,Frontiers in Psychology,Article,10.3389/fpsyg.2026.1813956,4,Community & local development
"Spatiotemporal Evolution and Pathway Identification of Cultural Tourism in the Yellow River Basin, China",2026,0,Land,Article,10.3390/land15060938,4,Community & local development
"Tourism potential mapping using ethnographic approach: A case of Margomulyo, Kabupaten Bojonegoro",2017,0,Journal of Engineering and Applied Sciences,Article,10.3923/jeasci.2017.5437.5442,0,Sport-tourism entrepreneurship
Research on Humanistic Sustainable Innovation Design of Daur Folklore Digital Experience Space,2026,0,"Proceeding of the International Conference on Intelligent Engineering and Next-Gen Healthcare Systems, IEHNS 2026",Conference paper,10.1109/IEHNS68708.2026.11607200,4,Community & local development
Artistic Interventions as Urban Planning Tools: A Systematic Review of Community-Based Cultural Tourism in Cities,2026,0,Urban Science,Review,10.3390/urbansci10020079,4,Community & local development
"Need for innovation in tourism development of the landscape during the mature stage of the destination: Pie de la Cuesta, Acapulco, Mexico",2020,0,WIT Transactions on Ecology and the Environment,Article,10.2495/ST200171,0,Sport-tourism entrepreneurship
Enhancing Volunteer Management Using Preference Matching Algorithm,2026,0,Lecture Notes in Bioengineering,Conference paper,10.1007/978-981-95-0804-4_18,1,Mega-events & host destinations
Development of Innovative Creative Storytelling through Community Participation Processes to Enhance Income and Promote Tourism in Cultural Attractions in Nakhon Nayok Province,2026,0,Highlights of Sustainability,Article,10.54175/hsustain5020027,4,Community & local development
Tourism Entrepreneurship,2024,0,"The Wiley Blackwell Companion to Tourism, Second Edition",Book chapter,10.1002/9781119753797.ch23,6,Sport-tourism entrepreneurship
Digital Image Restoration Technology Driven Innovative Development of Longnan Horse Spoon Facial Mask Images,2025,0,"Proceedings - 2025 International Conference on Culture-Oriented Science and Technology, CoST 2025",Conference paper,10.1109/CoST68045.2025.00086,4,Community & local development
EXPLORING THE IMPACT OF NEW TECHNOLOGIES ON SPORT TOURISM: A COMPREHENSIVE REVIEW,2025,0,Polish Journal of Sport and Tourism,Review,10.2478/pjst-2025-0014,1,Mega-events & host destinations
The impact of the Beijing winter olympics on green technology innovation: an analysis using the synthetic control method,2025,0,"Environment, Development and Sustainability",Article,10.1007/s10668-025-06824-x,7,Sustainable sport tourism development
A Bibliometric Analysis of Wine Tourism Using VOSviewer,2026,0,Springer Proceedings in Business and Economics,Conference paper,10.1007/978-3-032-17534-2_13,0,Sport-tourism entrepreneurship
Tourism development in the context of ecological transformation: the role of governments’ environmental protection attention,2026,0,Journal of Sustainable Tourism,Article,10.1080/09669582.2026.2696427,7,Sustainable sport tourism development
Based on Bibliometric Method Research on Visualisation Analysis and Development Trend of Cultural Tourism,2026,0,"Proceeding of the International Conference on Intelligent Engineering and Next-Gen Healthcare Systems, IEHNS 2026",Conference paper,10.1109/IEHNS68708.2026.11607468,4,Community & local development
Transformational atmospheres of international sporting events,2022,0,A Research Agenda for Event Impacts,Book chapter,10.4337/9781839109256.00018,1,Mega-events & host destinations
Barriers to Wine Tourism Entrepreneurship: Institutional and Regional Challenges in a Post-Socialist Context,2026,0,Tourism Planning and Development,Article,10.1080/21568316.2026.2629308,3,Sport-tourism entrepreneurship
"Emissions trading scheme, carbon price and tourism specialization",2026,0,Journal of Sustainable Tourism,Article,10.1080/09669582.2026.2719933,7,Sustainable sport tourism development
From Creativity to Wealth Creation: The Role of Innovation Processes in Nigerian Hospitality Firms,2026,0,Tourism and Hospitality,Article,10.3390/tourhosp7070185,0,Sport-tourism entrepreneurship
Local development of small islands with intense specialisation in tourism: Cost and benefits in the framework of sustainable development,2006,0,WIT Transactions on Ecology and the Environment,Article,10.2495/EEIA060211,7,Sustainable sport tourism development
Exploring the impact of Triple Helix and innovation workshops on Uttarakhand's tourism industry,2024,0,International Journal of Tourism Policy,Article,10.1504/IJTP.2024.140955,0,Sport-tourism entrepreneurship
"Enhancing Sustainable Tourism Industry Performance through Open Innovation, Innovation Capability, and Organizational Creativity in Indonesian Tourism Villages",2025,0,IEEE International Conference on Industrial Engineering and Engineering Management,Conference paper,10.1109/IEEM63636.2025.11357674,7,Sustainable sport tourism development
Exploring the Role of Technology in Sustainable Tourism: A Bibliometric Perspective on Smart Tourism,2026,0,AIP Conference Proceedings,Conference paper,10.1063/5.0329107,5,Digital innovation in sport tourism/events
Quintuple helix model for tourism development in Banyuwangi regency,2021,0,IOP Conference Series: Earth and Environmental Science,Conference paper,10.1088/1755-1315/747/1/012077,0,Sport-tourism entrepreneurship
Valorization of Batana Salvorina in the development and brand identity of Umag; [Valorizacija Batane Salvorine u funkciji razvoja i prepoznatljivosti turizma grada Umaga],2015,0,Nase More,Article,10.17818/NM/2015/2.4,0,Sport-tourism entrepreneurship
Empowering Indigenous and Rural Women through Community-Based Sustainable Tourism Development: Building Resilient Communities,2026,0,"Agripreneurship, Digital Inclusion and Sustainability: Rural Innovation and Growth in the Global South",Book chapter,10.1079/9781836992646.0007,6,Sport-tourism entrepreneurship
Dream or Opportunity? Urban–Rural Migration and Rural Tourism Entrepreneurship Through the Lens of Istanbul’s Tourism Workforce,2026,0,Sustainability (Switzerland),Article,10.3390/su18041873,3,Sport-tourism entrepreneurship
Collective social entrepreneurship in rural tourism destinations: Perceiving the role of governments,2026,0,Journal of Rural Studies,Article,10.1016/j.jrurstud.2026.104299,3,Sport-tourism entrepreneurship
Research on Virtual Technology Systems for Tourism Development Based on Computer AI Visualization,2025,0,Proceedings of SPIE - The International Society for Optical Engineering,Conference paper,10.1117/12.3080413,5,Digital innovation in sport tourism/events
Geographies of Smart Tourism Development,2026,0,Smart Tourism and Destination Marketing,Book chapter,10.4324/9781003638247-5,5,Digital innovation in sport tourism/events
Social–Behavioral Determinants of Sustainable Community-Based Tourism Business Management: An Integrated Structural Equation Approach,2026,0,Tourism Planning and Development,Article,10.1080/21568316.2026.2640241,2,Social innovation & community value
Communal Tourism Proposal in a Common Assets Wildlife Use and Management Unit of the Mixteca Poblana as a Sustainable Development Strategy,2018,0,World Sustainability Series,Book chapter,10.1007/978-3-319-70560-6_30,3,Sport-tourism entrepreneurship
"Testing causal relationships of smart tourism destinationsdeterminants: An application to an emerging tourism region, Extremadura (Spain); [Análisis de las relaciones causales entre los determinantes de los destinos turísticosinteligentes: Una aplicación a una región turística emergente, Extremadura (España)]",2026,0,PASOS Revista de Turismo y Patrimonio Cultural,Article,10.25145/j.pasos.2026.24.070,5,Digital innovation in sport tourism/events
Sustainable Tourism Development: Enhancing Economic Growth and Improving Living Standards,2025,0,"Advances in Science, Technology and Innovation",Book chapter,10.1007/978-3-031-83331-1_9,7,Sustainable sport tourism development
Theories and models on Thai tourism,2010,0,Japanese Journal of Human Geography,Article,10.4200/jjhg.62.6_506,0,Sport-tourism entrepreneurship
Nature-Based Tourism in the Digital Era: A Conceptual Framework for Sustainable Digital Transformation,2026,0,Lecture Notes in Networks and Systems,Conference paper,10.1007/978-3-032-10721-3_55,5,Digital innovation in sport tourism/events
Spatial Differentiation and Interaction Mechanisms of Red Tourism Resource Conversion Efficiency: Evidence from Hunan Province; [湖南省红色旅游资源转化效率的空间分异特征及其交互影响机制],2026,0,Journal of Resources and Ecology,Article,10.5814/j.issn.1674-764x.2026.02.024,0,Sport-tourism entrepreneurship
"Exploring Behavioral Intention Toward Sustainable Ecotourism Development among Local Residents Working in the Mekong Delta, Vietnam",2026,0,Geographica Pannonica,Article,10.5937/gp30-63560,7,Sustainable sport tourism development
Barriers and Success Factors of Tourism Entrepreneurship for Returned Migrant Workers—A Geographical Mobility Perspective,2026,0,International Journal of Tourism Research,Article,10.1002/jtr.70337,6,Sport-tourism entrepreneurship
Charting the Uncertain Voyage Ahead: The Sustainability and Resiliency Challenges Confronting Africa’s Tourism Industry,2022,0,Sustainable Development in Post-Pandemic Africa: Effective Strategies for Resource Mobilization,Book chapter,10.4324/9781003185062-11,0,Sport-tourism entrepreneurship
Eco-Innovation Technologies for Sustainable Tourism in Society 5.0: Integrating Human-Centric Digitalization and Green Transformation,2026,0,EAI/Springer Innovations in Communication and Computing,Conference paper,10.1007/978-3-032-21944-2_18,5,Digital innovation in sport tourism/events
How to focus on the upgrading of cultural and tourism industry management policies ——A Chinese example of digitalization promoting sustainable development of of Hangzhou,2025,0,E3S Web of Conferences,Conference paper,10.1051/e3sconf/202565303001,5,Digital innovation in sport tourism/events
Dynamics and tensions of innovation paths in the French tourism economy in the 20th century (1890–1980),2025,0,Tourism and Economic Development: Southern Europe through the 20th Century,Book chapter,10.4324/9781032628998-3,0,Sport-tourism entrepreneurship
Smart Tourism Development in the Peripheral Areas: The Opportunity of Startups,2024,0,Lecture Notes in Networks and Systems,Conference paper,10.1007/978-3-031-74679-6_51,5,Digital innovation in sport tourism/events
Female entrepreneurship and women’s empowerment in tourism: Exploring the mediating role of creating shared value,2025,0,Tourism and Hospitality for Humanity: Moving Beyond Consumerism,Book chapter,10.4337/9781035344307.00011,6,Sport-tourism entrepreneurship
Establishment and Application of Taekwondo Intelligent Learning and Skill Analysis Based on Sensor Technology in the Context of Big Data,2026,0,International Journal of Humanoid Robotics,Article,10.1142/S0219843626400207,1,Mega-events & host destinations
Research on the Mechanism of Empowering Technological Innovation and Driving Cultural Tourism Integration Through University Students’ Social Practice,2026,0,Sustainability (Switzerland),Article,10.3390/su18052625,4,Community & local development
The optimistic research of spatial form of Zhaohua ancient city in China,2012,0,Advanced Materials Research,Conference paper,10.4028/www.scientific.net/AMR.368-373.3406,4,Community & local development
"Two Hours from the Unbelievable Island: Coastal Tourism in Two Local Communities in Suðuroy, Faroe Islands",2024,0,"Nordic Coastal Tourism: Sustainability, Trends, Practices, and Opportunities",Book chapter,10.1007/978-3-031-73187-7_10,2,Social innovation & community value
"Alternative tourism: A pathway for sustainability in the Cabo Pulmo National Park, Baja California Sur, Mexico: A SWOT analysis",2010,0,WIT Transactions on Ecology and the Environment,Article,10.2495/SW100651,7,Sustainable sport tourism development
Marketing Strategies for Integrating Urban Air Mobility into Sustainable Tourism,2025,0,Innovative Strategies in Aviation Management and Marketing,Book chapter,10.4018/979-8-3373-4952-7.ch010,7,Sustainable sport tourism development
"Developing Organisational Agility to Overcome the Challenges of the COVID-19 Pandemic (Empirical studies on SME Tourism Industries in Jakarta, Indonesia)",2025,0,International Journal of Electronic Commerce Studies,Article,10.7903/ijecs.2267,0,Sport-tourism entrepreneurship
Necessity is the Mother of Innovation—Crisis as a Catalyst for Line Extension in Sports Events,2026,0,International Journal of Tourism Research,Article,10.1002/jtr.70265,1,Mega-events & host destinations
Tourism Development and Regional Economic Resilience: Nonlinear Effects under Regional Innovation System Conditions,2026,0,Tourism Planning and Development,Article,10.1080/21568316.2026.2717746,0,Sport-tourism entrepreneurship
Tourism Ecosystems New Challenges,2026,0,Lecture Notes in Computer Science,Conference paper,10.1007/978-3-031-97660-5_6,7,Sustainable sport tourism development
The Contribution of a Thematic Museum to Sustainable Tourism Development Case Study: Chios Mastiha Museum,2025,0,Multidimensional Perspectives and Approaches to Museum Sustainability,Book chapter,10.4018/979-8-3373-3800-2.ch010,4,Community & local development
Stadium operations,2024,0,"Encyclopedia of Sport Management, Second Edition",Book chapter,10.4337/9781035317189.ch541,1,Mega-events & host destinations
Exploration of Big Data-Driven Rural Tourism Development and Intelligent System Architecture,2025,0,"2025 IEEE 3rd International Conference on Control, Electronics and Computer Technology, ICCECT 2025",Conference paper,10.1109/ICCECT64621.2025.11339674,3,Sport-tourism entrepreneurship
Major Sports Events as Prospects for Green Innovation,2026,0,"Olympic and Paralympic Sport in Transition: Innovation, Sustainability, and Future Directions",Book chapter,10.4324/9781003669821-17,1,Mega-events & host destinations
MECHANISMS OF PUBLIC ADMINISTRATION OF THE SMALL AND MEDIUM-SIZED ENTERPRISES,2021,0,Public Policy and Administration,Article,10.13165/VPA-21-20-5-12,0,Sport-tourism entrepreneurship
Ranking the Development Potential of Alternative Tourism in Low-Density Territories: A PROMETHEE Approach,2025,0,Tourism Planning and Development,Article,10.1080/21568316.2025.2549061,0,Sport-tourism entrepreneurship
Coopetition Local Index (i-COOL): A Tool to Measure Coopetition Level at Tourism Destinations,2024,0,Value Proposition to Tourism Coopetition: Cases and Tools,Book chapter,10.1108/978-1-83797-827-420241009,0,Sport-tourism entrepreneurship
"Artificial Intelligence for Sustainable Tourism and Heritage Management: Balancing Preservation, Innovation, and Global Accessibility",2026,0,AIP Conference Proceedings,Conference paper,10.1063/5.0342251,4,Community & local development
Commissions,2024,0,"Encyclopedia of Sport Management, Second Edition",Book chapter,10.4337/9781035317189.ch98,1,Mega-events & host destinations
Overtourism,2025,0,International Encyclopedia of Business Management,Book chapter,10.1016/B978-0-443-13701-3.00488-6,7,Sustainable sport tourism development
The Development of Health Tourism in Senegal’s Coastal Region,2023,0,"African Journal of Hospitality, Tourism and Leisure",Article,10.46222/ajhtl.19770720.367,0,Sport-tourism entrepreneurship
Keep It Smart and Sustainable: A Bibliometric Analysis,2020,0,Springer Proceedings in Business and Economics,Conference paper,10.1007/978-3-030-36126-6_62,5,Digital innovation in sport tourism/events
Understanding the dynamics shaping sports tourism ventures: a mixed method approach,2025,0,International Journal of Globalisation and Small Business,Article,10.1504/IJGSB.2025.152478,1,Mega-events & host destinations
Productive Structure and Territorial Development: Evidence from Smart Specialization in Chiquinquirá,2026,0,Sustainability (Switzerland),Article,10.3390/su18125934,0,Sport-tourism entrepreneurship
"The Role of Women From Entre Serras: Tradition, Responsible Production, and Leadership at Sitio Primavera and Paiol Velho",2025,0,Cross-Border Regions Cooperation and Implications for Organizations,Book chapter,10.4018/979-8-3373-1912-4.ch009,6,Sport-tourism entrepreneurship
A Study on the Digital Economy-Enabled Model for the Upgrading of the Low-Altitude Tourism Industry: A Case Study of Anhui Province,2026,0,International Journal of Agricultural and Environmental Information Systems,Article,10.4018/IJAEIS.396954,5,Digital innovation in sport tourism/events
Tourist product as a local development factor of Myoelenice and Bochnia districts' communes,2009,0,Annales Universitatis Mariae Curie-Sklodowska. Sectio B,Article,10.2478/v10066-010-0008-2,0,Sport-tourism entrepreneurship
"Leveraging the EU-Funded Project CULTURAD for Tourism Development: A Model for Youth Participation, Cultural Co-Creation, and Social Cohesion",2026,0,Springer Proceedings in Business and Economics,Conference paper,10.1007/978-3-032-17534-2_27,4,Community & local development
Legacy of France - Montenegro Relations in Value Creation of Experiential Tourism Destinations in Montenegro,2026,0,International Journal of Hospitality and Tourism Systems,Article,10.21863/ijhts/2026.19.1.006,0,Sport-tourism entrepreneurship
"Augmented Reality Applied to the “Balneario Paso de la Danta” in Manaure Cesar, an Interactive Experience of ICT and Cultural Heritage",2024,0,Communications in Computer and Information Science,Conference paper,10.1007/978-3-031-68438-8_2,5,Digital innovation in sport tourism/events
"Gliding down the slopes: Women skiers: A national, athletic and tourism issue from 1927 and 1939; [Dévaler les montagnes: Les skieuses au centre des intérêts territoriaux, touristiques et sportifs entre 1927 et 1939]",2013,0,Revue de Geographie Alpine,Article,10.4000/rga.1984,6,Sport-tourism entrepreneurship
"Tourism, Energy Consumption and Environmental Quality: Role of Financial Development and Technological Innovations in the Ten Most-Visited Countries",2025,0,Sustainability (Switzerland),Article,10.3390/su172310496,7,Sustainable sport tourism development
Climate Change Resilience in Tourism Destinations: An Exploratory Study of Tan Hoa Weather-Adaptive Tourism Village in Vietnam,2025,0,"Tourism, Hospitality and Event Management",Book chapter,10.1007/978-3-031-99128-8_12,0,Sport-tourism entrepreneurship
Influence of Perceived Value and Innovation on the Propensity to Use Sports Tourism Websites among University Students: The Moderating Effects of Age and Education,2021,0,Asian Journal of University Education,Article,10.24191/ajue.v17i4.16186,1,Mega-events & host destinations
Data Mining Research on High Quality Development of Tourism Industry in Jiangsu Province,2023,0,IEEE Joint International Information Technology and Artificial Intelligence Conference (ITAIC),Conference paper,10.1109/ITAIC58329.2023.10408995,0,Sport-tourism entrepreneurship
Destination development performances: Or how we learn to love tourism,2016,0,Tourism Destination Development: Turns and Tactics,Book chapter,10.4324/9781315550756-9,2,Social innovation & community value
A Study on the Sense of Place of Rural Sojourner,2025,0,International Journal of Tourism Research,Article,10.1002/jtr.70041,3,Sport-tourism entrepreneurship
The Great Opportunity for Tourism Intelligence: Smart Tourist Destinations,2026,0,Tourism Intelligence for Destination Management,Book chapter,10.1108/978-1-83742-171-820261012,5,Digital innovation in sport tourism/events
"Customer value, regional resources, and ICT adaptation: An integrated view and case studies in in-depth tourism",2008,0,"Proceedings of the 4th IEEE International Conference on Management of Innovation and Technology, ICMIT",Conference paper,10.1109/ICMIT.2008.4654480,0,Sport-tourism entrepreneurship
Innovative Analysis of Sports Competition Training Integrating Interactive Digital Media,2023,0,"Lecture Notes of the Institute for Computer Sciences, Social-Informatics and Telecommunications Engineering, LNICST",Conference paper,10.1007/978-3-031-23947-2_18,1,Mega-events & host destinations
Generative ai empowers guangxi sugar cane cultural tourism ip: Cultural narrative reconstruction and immersive experience innovation,2026,0,Frontiers in Artificial Intelligence and Applications,Conference paper,10.3233/FAIA260592,4,Community & local development
"Introduction: Rethinking Gender, Tourism and Hospitality",2025,0,"Rethinking Gender, Tourism and Hospitality: The Sustainable Strategy Dimension",Book chapter,10.4337/9781035350711.fm5,6,Sport-tourism entrepreneurship
Olympics and Economy: Paris 2024,2025,0,"SACI, IEEE International Symposium on Applied Computational Intelligence and Informatics",Conference paper,10.1109/SACI66288.2025.11030108,1,Mega-events & host destinations
Matching tourism entrepreneurs and their first employees,2026,0,Current Issues in Tourism,Article,10.1080/13683500.2025.2511995,6,Sport-tourism entrepreneurship
Evaluating the Role of AI in Promoting Responsible and Sustainable Tourism Development,2026,0,"Artificial Intelligence in Hospitality and Tourism in Africa: Prospects, Opportunities and Challenges",Book chapter,10.1108/978-1-80686-169-920261008,7,Sustainable sport tourism development
"Innovation and Creativity of Stakeholders Toward Sustainable Tourism Development in the Time of Crisis: A Case of Special Economic Zone, Indonesia",2024,0,International Journal of Sustainable Development and Planning,Article,10.18280/ijsdp.191206,7,Sustainable sport tourism development
Research on the development of Sichuan traditional rural fair's landscape under the guidance of tourism development,2012,0,Advanced Materials Research,Conference paper,10.4028/www.scientific.net/AMR.368-373.1750,3,Sport-tourism entrepreneurship
"Sustainability and Revitalization: Insights From a Multifaceted Tourist Data Survey of the Grand Canal, Hangzhou, China",2026,0,International Journal of Tourism Research,Article,10.1002/jtr.70327,7,Sustainable sport tourism development
Transforming tourism through policy innovation: Regenerative governance and circular economy strategies for sustainable destinations,2025,0,Regenerative Tourism for Social Development,Book chapter,10.4018/979-8-3373-0235-5.ch016,7,Sustainable sport tourism development
Analysis of Environmental Projects Financed by Fisheries Local Action Groups (FLAGs) in Spain During the Period of the European Maritime and Fisheries Fund (EMFF),2025,0,Fisheries Management and Ecology,Article,10.1111/fme.12748,7,Sustainable sport tourism development
Sports for tourism: Developing windsurfing in Taiwan,2024,0,International Perspectives in Sport Tourism Management,Book chapter,10.4324/9781003476658-15,1,Mega-events & host destinations
Heritage-Oriented Agrotourism as a Driver of Agricultural and Cultural Ecosystem Recovery in War-Affected Ukraine,2025,0,Cultural Heritage Protection and Restoration in Conflict and Post-Conflict Zones,Book chapter,10.4018/979-8-3373-2540-8.ch012,3,Sport-tourism entrepreneurship
Mechanisms and effects of green finance on rural ecological tourism development: Evidence from 30 Chinese provinces,2026,0,Finance Research Letters,Article,10.1016/j.frl.2026.109726,3,Sport-tourism entrepreneurship
Impact of Tourism Development on Employer Share: A Gendered Perspective,2025,0,Tourism Analysis,Article,10.3727/108354225X17418823599643,6,Sport-tourism entrepreneurship
Slovenia as an attractive destination for foreign film shooting? The case of the Indian film industry; [SLOVENIJA KOT PRIVLAČNA DESTINACIJA ZA SNEMANJE TUJIH FILMOV? PRIMER INDIJSKE FILMSKE INDUSTRIJE],2025,0,Geografski Vestnik,Article,10.3986/GV97201,0,Sport-tourism entrepreneurship
City branding and sustainability: The role of social media innovation in promoting tourism as a sustainable development,2026,0,IOP Conference Series: Earth and Environmental Science,Conference paper,10.1088/1755-1315/1580/1/012012,7,Sustainable sport tourism development
"One reservoir and different views on local development: text mining analyses for the Mucharz Reservoir, Poland",2025,0,Miscellanea Geographica,Article,10.2478/mgrsd-2023-0046,2,Social innovation & community value
"TECHNOLOGY, SPORT VENUES, AND EVENT MANAGEMENT",2025,0,"Technology, Sport and Recreation",Book chapter,10.4324/9781003588405-16,5,Digital innovation in sport tourism/events
"Bridging the Global–Local Divide: Lessons from Indigenous Entrepreneurship on Vatulele Island, Fiji",2017,0,Tourism and Entrepreneurship: International Perspectives,Book chapter,10.4324/9780080942728-14,7,Sustainable sport tourism development
Rural Coffee Tourism and Sustainable Local Development: Perceptions of the Inhabitants of San Antonio de las Aradas Parish,2025,0,"Smart Innovation, Systems and Technologies",Conference paper,10.1007/978-981-96-5396-6_45,3,Sport-tourism entrepreneurship
Carpathian Sustainability: Linking Local Actions and Regional Visions,2013,0,Environmental Science and Engineering,Book chapter,10.1007/978-3-642-12725-0_26,4,Community & local development
"Agrifood businesses and digital narratives on the island of Menorca (Balearic Islands, Spain)",2025,0,Food and Beverage Tourism on Islands,Book chapter,10.4337/9781035337019.00017,7,Sustainable sport tourism development
Artificial Intelligence and Tourism Development: How Family Business Hotels in Europe Are Transforming,2026,0,Embracing the AI Frontier: Perspectives on Business and Organizational Development,Book chapter,10.1201/9781779641311-5,0,Sport-tourism entrepreneurship
Destination Marketing and Sport: A Bibliometric Review,2025,0,Cases on Effective Destination Management,Book chapter,10.4018/979-8-3693-1548-4.ch008,1,Mega-events & host destinations
PM2.5 Density Prediction Based on a Two-Stage Rolling Forecast Model Using LightGBM,2021,0,Communications in Computer and Information Science,Conference paper,10.1007/978-981-16-8885-0_19,1,Mega-events & host destinations
Does high-speed railway promote hospitality and tourism entrepreneurship? New evidence from China,2026,0,Asia Pacific Journal of Tourism Research,Article,10.1080/10941665.2025.2546134,6,Sport-tourism entrepreneurship
Dance event aesthetic and aesthetic education value analysis,2016,0,Journal of Computational and Theoretical Nanoscience,Article,10.1166/jctn.2016.6217,1,Mega-events & host destinations
Green innovation for sustainable tourism development: evidence from quantile ARDL,2025,0,Anatolia,Article,10.1080/13032917.2025.2537835,7,Sustainable sport tourism development
Study on managing the environment under mass tourism,2013,0,"Proceedings of 2013 6th International Conference on Information Management, Innovation Management and Industrial Engineering, ICIII 2013",Conference paper,10.1109/ICIII.2013.6703546,7,Sustainable sport tourism development
"Building Institutional, Economic and Social Capacities: The Role of NGOs in the Context of Bosnia–Herzegovina & Serbia",2017,0,Tourism and Entrepreneurship: International Perspectives,Book chapter,10.4324/9780080942728-15,6,Sport-tourism entrepreneurship
Related variety and spatial distribution of tourism activities in the “Pueblos Mágicos” of the state of Mexico,2026,0,Quality and Quantity,Article,10.1007/s11135-025-02288-3,0,Sport-tourism entrepreneurship
Application and Prospect of Generative AI in the Tourism and Hospitality Industry,2025,0,Journal of Systems Science and Information,Article,10.12012/JSSI-2024-0156,5,Digital innovation in sport tourism/events
Leadership in tourist destinations' competition and its social and economic impact,2019,0,E3S Web of Conferences,Conference paper,10.1051/e3sconf/201913504005,0,Sport-tourism entrepreneurship
Value creation through communities of practice in Ushuaia and Punta Arenas as Antarctic gateway cities,2024,0,"Polar Tourism and Communities: Experiences, Knowledge Building, Challenges and Opportunities",Book chapter,10.1079/9781800624443.0014,2,Social innovation & community value
"Lost in translation?: Ant, power and tourism development",2026,0,Annals of Tourism Research,Article,10.1016/j.annals.2026.104185,4,Community & local development
Innovation in tourism service development in Budapest: The creative synergy of literature and gastronomy,2020,0,Destination Management and Marketing: Breakthroughs in Research and Practice,Book chapter,10.4018/978-1-7998-2469-5.ch034,0,Sport-tourism entrepreneurship
Overall image shaping in tourist development of industrial towns based on human geography and physical geography contexts - Taking Xiaolan in Zhongshan city as an example,2012,0,Advanced Materials Research,Conference paper,10.4028/www.scientific.net/AMR.368-373.3451,0,Sport-tourism entrepreneurship
Big data analytics in tourism development and marketing: Theoretical perspectives on big data analytics in tourism marketing,2025,0,Redefining Tourism With AI and the Metaverse,Book chapter,10.4018/979-8-3693-8482-4.ch006,5,Digital innovation in sport tourism/events
The Influence of TQM and Innovation on Perceived Financial Performance in Sport and Recreation Industry,2024,0,Springer Proceedings in Business and Economics,Conference paper,10.1007/978-3-031-54342-5_34,1,Mega-events & host destinations
Entrepreneurship in Cultural and Adventure Tourism,2025,0,Sustainable Tourism: Entrepreneurial Cases and Narratives (Volume 3),Book chapter,10.1108/978-1-83708-058-820251005,7,Sustainable sport tourism development
"Strategic Planning for Sustainable Tourism Development, Circular Economy, and Sustainable Tourism",2026,0,"International Handbook of Sustainable Tourism Economy: Theories, Practices and Applications",Book chapter,10.1108/978-1-80686-627-420261003,7,Sustainable sport tourism development
Tourism perspectives and local communities’ development within two different Countries,2015,0,Lex Localis,Article,10.4335/13.2.265-284(2015),2,Social innovation & community value
Inclusive growth and rural tourism market development,2012,0,"Proceeding of 2012 International Conference on Information Management, Innovation Management and Industrial Engineering, ICIII 2012",Conference paper,10.1109/ICIII.2012.6339648,3,Sport-tourism entrepreneurship
Tourism Meets AI: Leveraging Large Language Models to Support Community-Based Food Tourism Development,2025,0,GCCE 2025 - 2025 IEEE 14th Global Conference on Consumer Electronics,Conference paper,10.1109/GCCE65946.2025.11274563,2,Social innovation & community value
How Does New Quality Productive Forces Affect High-Quality Development in Tourism Industry,2024,0,E3S Web of Conferences,Conference paper,10.1051/e3sconf/202456502023,7,Sustainable sport tourism development
Introduction,2017,0,Tourism and Entrepreneurship: International Perspectives,Book chapter,10.4324/9780080942728-1,6,Sport-tourism entrepreneurship
Assessing the Role of Natural Attractions in Economic Development: The Case of Pacitan Regency,2025,0,IOP Conference Series: Earth and Environmental Science,Conference paper,10.1088/1755-1315/1462/1/012071,7,Sustainable sport tourism development
The Public Policy Context of Tourism Entrepreneurship,2017,0,Tourism and Entrepreneurship: International Perspectives,Book chapter,10.4324/9780080942728-17,0,Sport-tourism entrepreneurship
Legacy and Innovation: Integrating Cultural Heritage Conservation with Contemporary Tourism Management,2025,0,"Advances in Science, Technology and Innovation",Conference paper,10.1007/978-3-031-59325-3_1,4,Community & local development
Emerging technologies for sustainable tourism development in Singapore,2024,0,Cases on Innovation and Sustainability in Tourism,Book chapter,10.4018/979-8-3693-4151-3.ch009,7,Sustainable sport tourism development
Research on the integrated development of stadiums and stadiums under the background of 'Internet +',2021,0,"Proceedings - 2021 International Conference on Computer Engineering and Artificial Intelligence, ICCEAI 2021",Conference paper,10.1109/ICCEAI52939.2021.00036,1,Mega-events & host destinations
"Empowering women through enterprise: grassroots tourism in North Sulawesi, Indonesia",2025,0,Cases on Startups and Enterprise,Book chapter,10.4337/9781035312092.00013,6,Sport-tourism entrepreneurship
Mathematical Model Construction and Innovative Management Strategies for Tourism Development in the Post Pandemic Era Empowered by Artificial Intelligence,2025,0,"Proceedings of the 2nd Guangdong-Hong Kong-Macao Greater Bay Area International  Conference on Digital Economy and Artificial Intelligence, DEAI 2025",Conference paper,10.1145/3745238.3745466,5,Digital innovation in sport tourism/events
Smart Tourism Development Strategy Under the Background of Big Data,2021,0,Advances in Intelligent Systems and Computing,Conference paper,10.1007/978-3-030-74811-1_116,5,Digital innovation in sport tourism/events
Wisdom Tourism System Design in Shaanxi Province of China on Network Technology,2023,0,ACM International Conference Proceeding Series,Conference paper,10.1145/3605801.3605813,0,Sport-tourism entrepreneurship
Sustainable tourism through architectural hybridization,2023,0,E3S Web of Conferences,Conference paper,10.1051/e3sconf/202341801001,7,Sustainable sport tourism development
Sustaining Creative Entrepreneurship: The Role of Innovation Systems,2017,0,Tourism and Entrepreneurship: International Perspectives,Book chapter,10.4324/9780080942728-6,0,Sport-tourism entrepreneurship
Packaging Innovation Design of Regional Guochao Products Based on S-O-R and Grounded Theory,2026,0,Frontiers in Artificial Intelligence and Applications,Conference paper,10.3233/FAIA260124,0,Sport-tourism entrepreneurship
Carbon management strategy of tourism in response to climate change,2010,0,"Proceedings - 3rd International Conference on Information Management, Innovation Management and Industrial Engineering, ICIII 2010",Conference paper,10.1109/ICIII.2010.56,7,Sustainable sport tourism development
Clean industry? Tourism development and household energy poverty,2025,0,Applied Economics Letters,Article,10.1080/13504851.2025.2494691,7,Sustainable sport tourism development
"Culture,Tourism and Community Development",2026,0,An Introduction to Community Development,Book chapter,10.4324/9781003346654-18,4,Community & local development
The role of mountain culture in the development of tourism: the example of Azerbaijan,2025,0,BIO Web of Conferences,Conference paper,10.1051/bioconf/202515103016,0,Sport-tourism entrepreneurship
Brand Co-Creation in Tourism and Hospitality,2023,0,Brand Co-Creation Tourism Research: Contemporary Issues and Challenges,Book chapter,10.1201/9781003336228-1,5,Digital innovation in sport tourism/events
Large-scale sports events optimization management based on value chain,2012,0,Advances in Intelligent and Soft Computing,Conference paper,10.1007/978-3-642-11276-8_91,1,Mega-events & host destinations
Spatial strategic research on tourism development of Bohai Circle,2013,0,"LISS 2012 - Proceedings of 2nd International Conference on Logistics, Informatics and Service Science",Conference paper,10.1007/978-3-642-32054-5_181,0,Sport-tourism entrepreneurship
Realization of safety technology of the network system server in sports event,2010,0,"Proceedings - 3rd International Conference on Information Management, Innovation Management and Industrial Engineering, ICIII 2010",Conference paper,10.1109/ICIII.2010.562,1,Mega-events & host destinations
Encounters and misunderstandings in tourism development in buenos aires province (argentina); [Encuentros y desencuentros en el desarrollo turístico de la provincia de buenos aires (argentina)],2015,0,Cuadernos de Turismo,Article,10.6018/turismo.35.221651,4,Community & local development
