Title,Year,Source title,Document Type,Cited by,topic,topic_conf,hhi
Smart tourism: foundations and developments,2015,Electronic Markets,Article,2013,5,0.21752910297118488,0.047322800175903616
A review of innovation research in tourism,2010,Tourism Management,Article,1235,0,0.09425666896290176,0.009342891958284924
The Private Sector and the SDGs: The Need to Move Beyond ‘Business as Usual’,2016,Sustainable Development,Article,663,7,0.07908544156977833,0.007453875536416054
"Networks, clusters and innovation in tourism: A UK experience",2006,Tourism Management,Article,607,0,0.07550440022670321,0.005708879270300852
Agenda for co-creation tourism experience research,2009,Journal of Hospitality and Leisure Marketing,Article,579,0,0.05192677069153316,0.003618782566169196
Repairing innovation defectiveness in tourism,2002,Tourism Management,Article,543,0,0.10787176797957457,0.011637611289097443
Influence of the user's psychological factors on the online purchase intention in rural tourism: Integrating innovativeness to the UTAUT framework,2012,Tourism Management,Article,533,3,0.0898937605109057,0.01003499990336596
Resident attitudes toward sustainable community tourism,2010,Journal of Sustainable Tourism,Article,470,7,0.09112252387191369,0.01595868064319992
Factors for success in rural tourism development,2001,Journal of Travel Research,Article,464,3,0.24295059617639594,0.06629221240734172
Reset redux: possible evolutionary pathways towards the transformation of tourism in a COVID-19 world,2020,Tourism Geographies,Article,459,0,0.05211473428650321,0.003303873148625693
Community-based tourism enterprises development in Kenya: An exploration of their potential as avenues of poverty reduction,2007,Journal of Sustainable Tourism,Review,414,2,0.11062457704869778,0.014601937206217346
A critical look at community based tourism,2005,Community Development Journal,Article,409,2,0.15679926612411815,0.025150005605820695
Environmental strategies and organizational competitiveness in the hotel industry: The role of learning and innovation as determinants of environmental success,2015,Tourism Management,Article,383,0,0.054996590955565854,0.005123716063540139
Geotourism and geoparks as novel strategies for socio-economic development in rural areas,2011,International Journal of Tourism Research,Article,375,3,0.05329271342761418,0.005232924886106591
Evaluating the perceived social impacts of hosting large-scale sport tourism events: SCALE development and validation,2015,Tourism Management,Article,364,1,0.13710113260566353,0.023863267474108243
"Residents' attitudes towards tourism in Bigodi village, Uganda",2007,Tourism Management,Article,341,2,0.07347390506518507,0.008905034164348973
"Entrepreneurship, chaos and the tourism area lifecycle",2004,Annals of Tourism Research,Article,323,0,0.06555382270659689,0.007904115496072228
The role of individual entrepreneurs in the development of competitiveness for a rural tourism destination - A case study,2014,Tourism Management,Article,319,3,0.20010619210491018,0.04351968264193413
Can community-based tourism contribute to development and poverty alleviation? Lessons from nicaragua,2011,Current Issues in Tourism,Article,317,2,0.13270752462771251,0.018191188263496867
Motivation for agri-tourism entrepreneurship,2004,Journal of Travel Research,Article,311,6,0.05584942491927956,0.003760740947721538
Ecotourism and economic incentives - An empirical approach,2000,Ecological Economics,Article,310,2,0.07407770237101309,0.008561137437558713
The entrepreneurship factor in sustainable tourism development,2005,Journal of Cleaner Production,Article,271,6,0.08812419951102056,0.01968328424966607
Using indicators to assess sustainable tourism development: a review,2014,Tourism Geographies,Article,265,7,0.15445676787989945,0.024421634149533158
The experience co-creation in smart tourism destinations: a multiple case analysis of European destinations,2016,Information Technology and Tourism,Article,261,5,0.10721073997496486,0.013781336062030022
Indigenous peoples and tourism: the challenges and opportunities for sustainable tourism,2016,Journal of Sustainable Tourism,Article,246,2,0.05366533803084629,0.006249022367373147
"The effects of tourism development on rural livelihoods in the Okavango Delta, Botswana",2010,Journal of Sustainable Tourism,Article,243,3,0.11314181175109712,0.024101772838058814
"Community sustainability and resilience: similarities, differences and indicators",2016,Tourism Geographies,Article,241,2,0.09943781219618397,0.01524006579897879
Sustainable performance index for tourism policy development,2010,Tourism Management,Article,239,7,0.1410476152142544,0.020882841638691058
A conceptual framework of tourism social entrepreneurship for sustainable community development,2018,Journal of Hospitality and Tourism Management,Article,237,2,0.14325712058399726,0.024649233171783486
Determinants of innovation in tourism evidence from Australia,2018,Tourism Management,Article,234,0,0.09022530286116442,0.008583393873947005
Social capital and tourism entrepreneurship,2011,Annals of Tourism Research,Article,233,6,0.07223142876364061,0.007217445401369418
Sustainable community development through sport and events: A conceptual framework for Sport-for-Development projects,2012,Sport Management Review,Article,230,1,0.2351512525256227,0.06425218575149834
"Moving from research ON, to research with and for Indigenous communities: A critical reflection on community-based participatory research",2012,Canadian Geographer,Article,229,2,0.16673404676976175,0.02798864447531135
Indicators of sustainable tourism: A case study from a Taiwan's wetland,2016,Ecological Indicators,Article,229,7,0.1206429001571146,0.015853414534666124
Asymmetric role of tourism development and technology innovation on carbon dioxide emission reduction in the Chinese economy: Fresh insights from QARDL approach,2021,Sustainable Development,Article,227,7,0.06672222861119023,0.00580295028393753
Tourism as a local development strategy in South Africa,2002,Geographical Journal,Article,222,2,0.08149465221910646,0.008318661543794672
Supporting innovation for tourism development through multi-stakeholder approaches: Experiences from Africa,2013,Tourism Management,Article,216,0,0.09876695528392854,0.012816985758562851
Innovation in the tourism industry: The case of Tourism@,2011,Tourism Management,Article,216,0,0.0706585944272834,0.0078244593209982
Sustainable tourism in the open innovation realm: A bibliometric analysis,2019,Sustainability (Switzerland),Article,215,7,0.16009339288461016,0.027687561477007256
Asymmetric effects of tourism development and green innovation on economic growth and carbon emissions in top 10 GDP countries,2023,Journal of Environmental Planning and Management,Article,207,7,0.12478864185007425,0.015773394365936156
The volunteer legacy of a major sport event,2009,"Journal of Policy Research in Tourism, Leisure and Events",Article,200,1,0.13737040547282822,0.0204078032906138
The effects of community factors on residents’ perceptions toward World Heritage Site inscription and sustainable tourism development,2017,Journal of Sustainable Tourism,Article,196,2,0.11702741001832286,0.01780302679825114
"Social capital, tourism and regional development: SPCC as a basis for innovation and sustainability",2004,Current Issues in Tourism,Article,192,2,0.05525321411299599,0.007848079716036458
Value creation and knowledge development in tourism experience encounters,2015,Tourism Management,Article,191,0,0.040309125577824366,0.0021652518853749027
Tourism and poverty alleviation in Fiji: Comparing the impacts of small- and large-scale tourism enterprises,2012,Journal of Sustainable Tourism,Article,187,2,0.05360092139441146,0.00422361802785189
Resource-based local development and networked core-competencies for tourism excellence,2010,Tourism Management,Article,184,0,0.06145192094180519,0.004396633142622054
"Community-based tourism enterprises: Challenges and prospects for community participation; Khama Rhino Sanctuary trust, Botswana",2011,Journal of Sustainable Tourism,Article,181,2,0.18983010222592947,0.036035467711106835
Tourism entrepreneurs in Northumberland,2011,Annals of Tourism Research,Article,180,0,0.0645936127329837,0.007124462012131181
"Local perspectives of ecotourism development in Tawushan Nature Reserve, Taiwan",2006,Tourism Management,Article,178,2,0.1389633766492201,0.021237285512933825
100 Innovations That Transformed Tourism,2015,Journal of Travel Research,Article,178,0,0.09044184298399419,0.008210673081031059
Strengthening Community-Based Tourism in a new resource-based island nation: Why and how?,2015,Tourism Management,Article,177,2,0.10886123240175437,0.014184548525246931
"Big Data Analytics, Tourism Design and Smart Tourism",2017,Tourism on the Verge,Book chapter,170,5,0.13248922041876732,0.0177534583221526
Tourism-related social capital and its relationship with other forms of capital: An exploratory study,2010,Journal of Travel Research,Article,167,6,0.04767835051749532,0.004472701823915349
The geographies of social networks and innovation in tourism,2007,Tourism Geographies,Article,166,0,0.08499063324922643,0.007256564898543787
"Community participation in tourism at a world heritage site: Mutianyu great wall, Beijing, China",2014,International Journal of Tourism Research,Article,166,2,0.14172830746371962,0.031787858492759426
A capital assets framework for appraising and building capacity for tourism development in aboriginal protected area gateway communities,2012,Tourism Management,Article,161,2,0.16425375749714552,0.028287370601050913
Women's empowerment and tourism development: A cross-country study,2021,Tourism Management Perspectives,Article,161,6,0.3223476210772914,0.10393041471922143
Innovation in tourism: Re-conceptualising and measuring the absorptive capacity of the hotel sector,2014,Tourism Management,Article,161,0,0.07027863924775983,0.0049430302937224805
Does green finance and renewable energy promote tourism for sustainable development: Empirical evidence from China,2023,Renewable Energy,Article,156,7,0.12477197875737091,0.015571004386987584
Sustainable Tourism Innovation: Challenging Basic Assumptions,2008,Tourism and Hospitality Research,Article,148,7,0.10890394629199023,0.01391686805042196
Management innovation in the hotel industry,2015,Tourism Management,Article,148,0,0.07345597073534046,0.005426636040773167
Improving sustainability in the tourism industry through blockchain technology: Challenges and opportunities,2022,Tourism Management,Article,146,5,0.07336861779791529,0.007883190753213878
Female empowerment and tourism: a focus on businesses in a Fijian village,2017,Asia Pacific Journal of Tourism Research,Article,145,6,0.20106079919602904,0.04802033202450759
Partnership and regional tourism in Brazil,2002,Annals of Tourism Research,Article,145,0,0.048341043929494044,0.0025979869595847064
Resident perceptions of social-ecological resilience and the sustainability of community-based tourism development in the Commonwealth of Dominica,2013,Journal of Sustainable Tourism,Article,142,2,0.1314434257053592,0.01953484484079459
Community-based tourism development model and community participation,2018,"African Journal of Hospitality, Tourism and Leisure",Article,138,2,0.17909491943001987,0.03207615687791858
Promoting sustainable development goals through generative artificial intelligence in the digital supply chain: Insights from Chinese tourism SMEs,2025,Sustainable Development,Article,136,5,0.0845938185706316,0.011801729358520112
Pakistan tourism industry and challenges: a review,2018,Asia Pacific Journal of Tourism Research,Article,133,0,0.058335520043815536,0.0036149029312936933
How ‘eco’ is ecotourism? a comparative case study of ecotourism in costa rica,2003,Journal of Sustainable Tourism,Article,131,2,0.07360467986304199,0.009511372198686932
"Ecotourism, gender and development in northern Vietnam",2014,Annals of Tourism Research,Article,131,6,0.19709016397190454,0.04592592365308184
"Tourism, smart specialisation, growth, and resilience",2020,Annals of Tourism Research,Article,130,0,0.05872228027169717,0.004328165603673903
Tourism development and changing rural identity in China,2017,Annals of Tourism Research,Article,129,3,0.17168370667041083,0.031174116792840326
"Territorial capital, smart tourism specialization and sustainable regional development: Experiences from Europe",2017,Habitat International,Article,128,5,0.08082532492952588,0.011959726234610477
Local perceptions of the relative contributions of enclave tourism and agritourism to community well-being: The case of Mauritius,2016,Journal of Destination Marketing and Management,Article,128,2,0.08149357166200016,0.007392637321166476
Customer relationship management in small-medium enterprises: The case of Turkish tourism industry,2006,Tourism Management,Article,128,0,0.06619154779439253,0.0046233651296389245
Creative Outposts: Tourism's Place in Rural Innovation,2012,Tourism Planning and Development,Article,124,2,0.09128194003207862,0.01923513866870615
Sustainability in tourism as an innovation driver: An analysis of family business reality,2020,Sustainability (Switzerland),Article,124,7,0.10226778808127217,0.011260341653728209
The influence of islamic religiosity on the perceived socio-cultural impact of sustainable tourism development in pakistan: A structural equation modeling approach,2019,Sustainability (Switzerland),Article,123,7,0.13755397582110024,0.02484967287734386
Resident support for tourism development in rural midwestern (USA) communities: Perceived tourism impacts and community quality of life perspective,2018,Sustainability (Switzerland),Article,123,2,0.12966290662110877,0.02104240395477171
Rural residents’ attitudes to tourism and the moderating effects of social capital,2015,Tourism Geographies,Article,123,3,0.10138589971531237,0.020136908144505535
Towards inclusive tourism? Stakeholder collaboration in the development of accessible tourism,2018,Tourism Geographies,Article,123,7,0.017284865919908805,0.0006175957446499648
Community behavior and sustainable rural tourism development,2012,Journal of Travel Research,Article,122,2,0.15632437749996694,0.03071319885058977
Technology assessment: Enabling Blockchain in hospitality and tourism sectors,2021,Technological Forecasting and Social Change,Article,119,5,0.06341762221805464,0.005526389000131011
"Mussels, Tourism and Community Development: A Case Study of Place Branding Through Food Festivals in Rural North Jutland, Denmark",2014,European Planning Studies,Article,119,3,0.09363402541100947,0.01183890156919585
Smart governance for heritage tourism destinations: Contextual factors and destination management organization perspectives,2021,Tourism Management Perspectives,Article,118,4,0.07224731145438734,0.011154417544005396
Social Capital and Collective Action in Rural Tourism,2017,Journal of Travel Research,Article,115,2,0.12740950053892341,0.022322020893158722
Viewing sports online together? Psychological consequences on social live streaming service usage,2020,Sport Management Review,Article,115,1,0.16547134718406575,0.02814989272403397
Tourism growth and entrepreneurship: Empirical analysis of development of rural highlands,2015,Tourism Management Perspectives,Article,114,2,0.06266531969290727,0.010007981747024134
Transformative tourism organizations and glocalization,2019,Annals of Tourism Research,Article,114,2,0.09583249623953674,0.010804192337282711
Building social capital from sport event participation: An exploration of the social impacts of participatory sport events on the community,2018,Sport Management Review,Article,113,1,0.16780268688703973,0.03645162965759312
Sustainable wine tourism development: Case studies from the Greek Region of Peloponnese,2020,Sustainability (Switzerland),Article,112,7,0.06861267681339647,0.008074532224554683
Tourism governance and sustainable national development in China: A macro-level synthesis,2011,Journal of Sustainable Tourism,Article,111,7,0.11125745057604405,0.01603516235544401
"Developing sustainable tourism through adaptive resource management: A case study of Machu Picchu, Peru",2012,Journal of Sustainable Tourism,Article,110,7,0.08011533301141703,0.014665817315093595
How do museums foster loyalty in tech-savvy visitors? The role of social media and digital experience,2022,Current Issues in Tourism,Article,110,5,0.17417409201744208,0.03056741294890283
Social capital and entrepreneurial mobility in early-stage tourism development: A case from rural China,2017,Tourism Management,Article,110,3,0.05443119188313118,0.00897881113759452
Development for whom? Social justice and the business of ecotourism,2010,Journal of Sustainable Tourism,Article,107,6,0.09016086291793925,0.014309294419213869
Towards a comprehensive model of community-based tourism development,2016,South African Geographical Journal,Article,106,2,0.1701868667328209,0.028963569608334943
A qualitative analysis of Singapore's medical tourism competitiveness,2017,Tourism Management Perspectives,Article,105,0,0.0433078876451124,0.0019609099952248867
An integrated approach to assess the impacts of tourism on community development and sustainable livelihoods,2009,Community Development Journal,Article,104,2,0.1053574157818077,0.014613541841114836
Intelligent automation for sustainable tourism: a systematic review,2023,Journal of Sustainable Tourism,Article,103,7,0.10563797890304809,0.012129268965777816
The roles and responsibilities of a change agent in sport event development projects,2010,Sport Management Review,Article,101,1,0.16600974192572238,0.033933708224298316
Social entrepreneurship and tourism in Cambodia: advancing community engagement,2020,Journal of Sustainable Tourism,Article,101,2,0.1208523802249565,0.0205917795625667
Community participation framework for protected area-based tourism planning,2016,Tourism Planning and Development,Article,101,2,0.1374656717410082,0.019142001728666484
Tourism diversification and its implications for smart specialisation,2018,Sustainability (Switzerland),Article,101,5,0.059460432561098904,0.005335338551745877
Economic and social sustainable synergies to promote innovations in rural tourism and local development,2016,Sustainability (Switzerland),Article,100,3,0.18821696622561274,0.043547005864340495
Poverty or riches: who benefits from the booming tourism industry in Botswana?,2017,Journal of Contemporary African Studies,Article,100,7,0.04934625341692558,0.004959248070086462
Exploring the antecedents of sustainable tourism development,2019,International Journal of Contemporary Hospitality Management,Article,99,7,0.08132196735626941,0.008076395000374378
"Environmental impact of infrastructure-led Chinese outward FDI, tourism development and technology innovation: a regional country analysis",2022,Journal of Environmental Planning and Management,Article,99,7,0.1289566819671439,0.017110493802782494
Empowerment model for sustainable tourism village in an emerging country,2020,"Journal of Asian Finance, Economics and Business",Article,98,2,0.06669742064779764,0.010911787783480911
Rethinking township tourism: Towards responsible tourism development in South African townships,2010,Development Southern Africa,Article,98,4,0.041226239225440775,0.003795321435721499
"Community-based tourism and networking: Viscri, Romania",2014,Journal of Sustainable Tourism,Article,97,2,0.13474197499098642,0.019105042068582295
Sustainability approaches and nature tourism development,2021,Annals of Tourism Research,Article,97,7,0.09109334768604042,0.009215846077234068
Road block(chain): bit(coin)s for tourism sustainable development goals?,2020,Journal of Hospitality and Tourism Technology,Article,95,7,0.18209866930845908,0.03714551140414021
"Exploring the relationships between heritage tourism, sustainable community development and host communities' health and wellbeing: A systematic review",2023,PLoS ONE,Article,94,4,0.12683750221098072,0.027749240881357336
"Spatial-temporal evolution and driving mechanism of rural production-living-ecological space in Pingtan islands, China",2023,Habitat International,Article,94,3,0.1462851848155983,0.022752166401147522
"International winter tourism entrepreneurs in northern Sweden: understanding migration, lifestyle, and business motivations",2018,Scandinavian Journal of Hospitality and Tourism,Article,94,0,0.03448622189431577,0.0028837540089742472
Measuring the impact of functional and experiential mixed reality elements on a museum visit,2020,Current Issues in Tourism,Article,93,4,0.05048815923727065,0.004344820435690631
“Making do” in rural tourism: the resourcing behaviour of tourism micro-firms,2020,Journal of Sustainable Tourism,Article,92,3,0.1589923512032765,0.029372823274140848
"Dynamic influence of aging, industrial innovations, and ICT on tourism development and renewable energy consumption in BRICS economies",2022,Renewable Energy,Article,91,7,0.07313924732787136,0.00647160909746627
International lifestyle immigrants and their contributions to rural tourism innovation: Experiences from Sweden's far north,2018,Journal of Rural Studies,Article,91,3,0.05130617713540002,0.005981933648219244
Hospitality entrepreneurs managing quality of life and business growth,2019,Current Issues in Tourism,Article,90,0,0.058501996644799756,0.006402143943987814
The role of private sector ecotourism in local socio-economic development in southern Africa,2017,Journal of Ecotourism,Article,90,2,0.05626796761248966,0.005597880314912905
Community-based and pro-poor tourism: Initial assessment of their relation to community development,2016,European Journal of Tourism Research,Review,90,2,0.11074363955284477,0.012334686463408037
"Tourism research after the COVID-19 outbreak: Insights for more sustainable, local and smart cities",2021,Sustainable Cities and Society,Article,89,5,0.09324830652554289,0.012053616185798716
Innovation and internationalization as development strategies for coastal tourism destinations: The role of organizational networks,2019,Journal of Hospitality and Tourism Management,Article,88,0,0.11271176247290192,0.012703941399747861
"Re-enactment Events and Tourism: Meaning, Authenticity and Identity",2008,Current Issues in Tourism,Article,88,4,0.20583118470741268,0.04947534402922541
Fijian culture and the environment: a focus on the ecological and social interconnectedness of tourism development,2018,Journal of Sustainable Tourism,Article,88,2,0.08498525383720876,0.008820124593702627
Integrating Communities into Tourism Planning Through Social Innovation,2015,Tourism Planning and Development,Article,88,2,0.2111652553876811,0.045085646983996024
An analysis of the utilization of Facebook by local Korean governments for tourism development and the network of smart tourism ecosystem,2016,International Journal of Information Management,Article,88,5,0.07221357974837408,0.006240840436557978
Entrepreneurial ecosystems in smart cities for tourism development: From stakeholder perceptions to regional tourism policy implications,2020,Journal of Hospitality and Tourism Management,Article,87,5,0.14792805016194954,0.022779081042855864
Sustainable tourism planning and climate change adaptation in the Alps: a case study of winter tourism in mountain communities in the Dolomites,2016,Journal of Sustainable Tourism,Article,87,7,0.06881819386582225,0.0066577525962648425
From Territory to Smartphone: Smart Fruition of Cultural Heritage for Dynamic Tourism Development,2014,Planning Practice and Research,Article,87,5,0.1435917827350308,0.03943714908231229
ICT and sustainable tourism development: An innovative perspective,2014,Journal of Hospitality and Tourism Technology,Article,86,5,0.07723171550450882,0.009025885836824836
The nature of ethical entrepreneurship in tourism,2017,Annals of Tourism Research,Article,86,6,0.1002748497216429,0.010352156495606247
"Procedural and distributive justice in a community-based managed Marine Protected Area in Zanzibar, Tanzania",2014,Marine Policy,Article,85,2,0.07349876332190183,0.00676875279000635
Leveraging parasport events for community participation: Development of a theoretical framework,2015,European Sport Management Quarterly,Article,85,1,0.2235410615887985,0.056079377262318146
Internet of Things as a Sustainable Energy Management Solution at Tourism Destinations in India,2022,Energies,Article,84,7,0.09026716308778276,0.0106793632504945
Oil depletion: What does this mean for Scottish tourism?,2007,Tourism Management,Article,83,7,0.04125781526132549,0.0022034207885014987
"Resident’s Perspective on Developing Community-Based Tourism – A Qualitative Study of Muen Ngoen Kong Community, Chiang Mai, Thailand",2020,Frontiers in Psychology,Article,83,2,0.1914897743287675,0.03704743559126652
"Power, Ownership and Tourism in Small Islands: Evidence from Indonesia",2015,World Development,Article,83,2,0.049019744732729506,0.0033129148766452565
Enclavic tourism spaces: territorialization and bordering in tourism destination development and planning,2017,Tourism Geographies,Article,82,2,0.029099668832693354,0.0017488345199407613
"Community-based ecotourism in phuket and ao phangnga, Thailand: Partial victories and bittersweet remedies",2005,Journal of Sustainable Tourism,Article,82,2,0.12136803854990948,0.01685681631874599
Rural tourism and Albergo Diffuso: A case study for sustainable land-use planning,2019,Land Use Policy,Article,82,7,0.11616824648545467,0.018280380774656466
"Tourism, food, and culture: Community-based tourism, local food, and community development in mpondoland",2012,"Culture, Agriculture, Food and Environment",Article,80,2,0.2052199547060558,0.04387420892464477
Convention industry and destination clusters: Evidence from Italy,2009,Tourism Management,Article,80,0,0.0828194662382336,0.007026445848366382
"Rural tourism and the development of Internet-based accommodation booking platforms: a study in the advantages, dangers and implications of innovation",2015,Journal of Sustainable Tourism,Article,79,3,0.08141224496687792,0.009439915307168293
Development of a conflict management model as a tool for improved project outcomes in community based tourism,2019,Tourism Management,Article,79,2,0.08009200187344408,0.006466459523047146
"Innovation, sustainable tourism and environments in mountain destination development: a comparative analysis of Austria, Slovenia and Switzerland",2017,Journal of Sustainable Tourism,Article,78,0,0.07458258897115627,0.007321800073494947
Arctic Tourism and Sustainable Adaptation: Community Perspectives to Vulnerability and Climate Change,2014,Scandinavian Journal of Hospitality and Tourism,Article,78,2,0.10059629196395747,0.01141332179644256
The impact of local government attention on green total factor productivity: An empirical study based on System GMM dynamic panel model,2024,Journal of Cleaner Production,Article,78,7,0.031947325164311896,0.0027836310342990835
20 years of Nordic nature-based tourism research: a review and future research agenda,2021,Scandinavian Journal of Hospitality and Tourism,Article,78,0,0.03573709603836972,0.0014964799371254996
Friend or Foe? The complex relationship between indigenous people and policymakers regarding rural tourism in Indonesia,2019,Journal of Hospitality and Tourism Management,Article,78,3,0.14131493847930976,0.023927671552224784
Tourism Experience Innovation Through Design,2015,Scandinavian Journal of Hospitality and Tourism,Article,76,0,0.06768904417931743,0.005619461469558757
Technology and innovation: Changing concept of rural tourism-A systematic review,2020,Open Geosciences,Review,76,3,0.2561476218833881,0.07126296028869764
Sustainability of tourism development in Kashmir - Is paradise lost?,2015,Tourism Management Perspectives,Article,75,7,0.06937842814050747,0.008365855445597304
Innovative and Competitive: A Systematic Literature Review on New Tourism Destinations and Products for Tourism Supply,2023,Sustainability (Switzerland),Review,75,0,0.1131162012264428,0.013139474055379937
The discourse of power: Deng Xiaoping and tourism development in China,2006,Tourism Management,Article,75,7,0.06127897746830203,0.004737381664288458
"Sport event innovativeness: Conceptualization, measurement, and its impact on consumer behavior",2013,Sport Management Review,Article,75,1,0.21580566479800756,0.047563289402007054
The potential of management networks in the innovation and competitiveness of rural tourism: A case study on the Valle del Jerte (Spain),2010,Current Issues in Tourism,Article,75,3,0.192340274271579,0.040880643165685564
Tourism research progress – a bibliometric analysis of tourism review publications,2021,Tourism Review,Article,74,0,0.05320060954248878,0.005710029303841497
Exploring community tourism in China: The case of nanshan cultural tourism zone,2004,Journal of Sustainable Tourism,Article,74,2,0.13866058770102477,0.01985214239549134
Rethinking the social value of sport events through an asset-based community development (ABCD) perspective,2016,Journal of Sport Management,Article,74,1,0.23538747397062382,0.06725460273045658
Creating sustainable tourism ventures in protected areas: An actor-network theory analysis,2017,Tourism Management,Article,74,7,0.053283195682911386,0.003788922684276389
Tourism in Africa’s economic development: policy implications,2003,Management Decision,Article,74,0,0.0474615413819884,0.003610968925810066
"Sustainable mobility at the interface of transport and tourism: Introduction to the special issue on ‘Innovative approaches to the study and practice of sustainable transport, mobility and tourism’",2020,Journal of Sustainable Tourism,Article,73,7,0.07853329907777164,0.006417516826397273
Estimating the perceived socio-economic impacts of hosting large-scale sport tourism events,2018,Social Sciences,Article,72,1,0.13981676677929614,0.02464036649680829
Corporate social responsibility and social entrepreneurship: drivers of sports sponsorship policy,2017,International Journal of Sport Policy,Article,72,1,0.1521247342514023,0.026574596957943654
An examination of revisit intention based on perceived smart tourism technology experience,2021,Sustainability (Switzerland),Article,72,5,0.09526285558157394,0.009669119909907247
Motives for Event Volunteering: Extending the Functional Approach,2015,Nonprofit and Voluntary Sector Quarterly,Article,72,1,0.06814510239192319,0.004727469945611136
Tourists and community development: corporate social responsibility or tourist social responsibility?,2019,Journal of Sustainable Tourism,Article,71,2,0.09105088816528388,0.008792547924528578
Jordan: Tourism and conflict with local communities,2011,Habitat International,Article,71,2,0.10320550525555675,0.015248307121040383
Understanding tourists: Interpretations from Indonesia,2000,Annals of Tourism Research,Article,71,4,0.07231669721175674,0.007528658907074693
Tourism development as a determinant of quality of life in rural areas,2015,Worldwide Hospitality and Tourism Themes,Review,70,3,0.2293602583156019,0.056847369722326034
Smart ‘Tourist Cities’ Revisited: Culture-Led Urban Sustainability and the Global Real Estate Market,2023,Sustainability (Switzerland),Article,70,5,0.11505643824053359,0.020705502076378404
Volunteer tourism: Building effective relationships of understanding,2014,Journal of Sustainable Tourism,Article,70,4,0.018988074052079033,0.0009812490599637692
Innovations in well-being tourism in the Nordic countries,2012,Current Issues in Tourism,Article,70,0,0.08097406138524217,0.006684205808435737
Icelandic tourism: Past directions - future challenges,2010,Tourism Geographies,Article,70,0,0.05722263142695142,0.003521157863316395
"Entry points for local tourism in developing countries: Evidence from yogyakarta, Indonesia",2003,"Geografiska Annaler, Series B: Human Geography",Review,70,2,0.05972654548507253,0.00567934404048354
Tourist satisfaction enhancement using mobile QR code payment: An empirical investigation,2017,Sustainability (Switzerland),Article,70,5,0.10966569434527568,0.012543150234670284
A survival analysis of ski lift companies,2013,Tourism Management,Article,70,0,0.030799443175022354,0.0009599630560121688
"Potential of ecotourism as a mechanism to buoy community livelihoods: the case of Musina Municipality, Limpopo, South Africa",2021,Journal of Business and Socio-economic Development,Article,69,2,0.09821804485319535,0.01257592087945417
Technology transfer and multinationals: The case of Balearic hotel chains' investments in two developing economies,2007,Tourism Management,Article,69,0,0.07431709070101183,0.0055261621677006965
"Ethnic tourism and entrepreneurship: Xishuangbanna, Yunnan, China",2008,Tourism Geographies,Article,69,6,0.06950400138153257,0.005923850833068042
"Contemporary issues in events, festivals and destination management",2017,International Journal of Contemporary Hospitality Management,Review,68,1,0.10316502443850689,0.011529316150304492
Green innovation efficiency of China's tourism industry from the perspective of shared inputs: Dynamic evolution and combination improvement paths,2022,Ecological Indicators,Article,68,7,0.07163716893836601,0.00717587465347508
Coping with covid-19: The resilience and transformation of community-based tourism in brunei darussalam,2021,Sustainability (Switzerland),Article,68,2,0.09093575969364785,0.011089889369751986
Coupling coordination analysis on digital economy-tourism development-ecological environment,2024,Journal of Cleaner Production,Article,67,7,0.07093586224449543,0.009350619933788195
Innovative tools for tourism and cultural tourism impact assessment,2020,Sustainability (Switzerland),Article,67,4,0.11206243376230011,0.014961488434546475
Agritourism in mountainous regions-insights from an international perspective,2019,Sustainability (Switzerland),Article,67,7,0.05735187363969685,0.007309685848477751
A review of Indigenous tourism in Latin America: reflections on an anthropological study of Guna tourism (Panama),2016,Journal of Sustainable Tourism,Article,67,2,0.07172489311934467,0.007249427088488425
Sustainability dimensions in space tourism: the case of Finland,2022,Journal of Sustainable Tourism,Article,67,0,0.034322179784669046,0.0019250717030305578
"Seasonality and the Lifestyle ""Conundrum"": An Analysis of Lifestyle Entrepreneurship in Wine Tourism Regions",2011,Asia Pacific Journal of Tourism Research,Article,67,0,0.048002312768875566,0.003499347392009403
Designing for quality of life and sustainability,2020,Annals of Tourism Research,Article,67,2,0.08741308735435688,0.011489738274834592
Corporate social responsibility in tourism post-2015: a Development First approach,2016,Tourism Geographies,Article,67,7,0.061010800052141954,0.005238347722676443
'Between theatre and sport' in a rural event: Evolving unity and community development from the inside-out,2010,Journal of Sport and Tourism,Article,66,2,0.15502210099485705,0.045173463597640025
"Regional differences, dynamic evolution, and driving factors of tourism development in Chinese coastal cities",2022,Ocean and Coastal Management,Article,65,0,0.04130143146402969,0.0027545484875187913
"Tourism, development and 'destination Dubai': Cultural dilemmas and future challenges",2014,Current Issues in Tourism,Article,65,4,0.08638264707574664,0.0099302747945684
"The relationships among experiential marketing, service innovation, and customer satisfaction-A case study of tourism factories in Taiwan",2019,Sustainability (Switzerland),Article,65,0,0.06748842623981449,0.005137920190007644
Creative Tourism in Cape Town: An Innovation Perspective,2015,Urban Forum,Article,65,0,0.03724828157793052,0.0022283355061477163
Technology innovation and applications in sustainable destination development,2014,Information Technology and Tourism,Article,65,7,0.12152235387621708,0.021907266544751135
Networking towards sustainable tourism: innovations between green growth and degrowth strategies,2019,Regional Studies,Article,65,7,0.08805149175688798,0.014660565270879392
Tourism towards sustainability and innovation: A systematic literature review,2021,Sustainability (Switzerland),Article,64,7,0.11965508900403721,0.01534789600303638
Frozen Adventure at Risk? A 7-year Follow-up Study of Norwegian Glacier Tourism,2012,Scandinavian Journal of Hospitality and Tourism,Article,64,0,0.045321293104874906,0.002356579036046986
"The influence of the political environment and destination governance on sustainable tourism development: a study of Bled, Slovenia",2016,Journal of Sustainable Tourism,Article,64,7,0.13424302349994327,0.019964292480010613
Regional innovation systems: The case of angling tourism,2010,Tourism Geographies,Article,64,0,0.09731503629363768,0.010133015085369514
Management challenges with the maintenance of tourism experience concept innovations: Toward a new research agenda,2017,Tourism Management,Review,64,0,0.06326950594954307,0.005428890341044637
"Island livelihoods: Tourism and fishing at Long Islands, Shandong Province, China",2016,Ocean and Coastal Management,Article,64,2,0.07615254948556868,0.0064790090606148265
The role of community involvement in sustainable tourism strategies: A social and environmental innovation perspective,2023,Business Strategy and Development,Article,64,7,0.1085129096880849,0.01547566787342685
Community change through tourism social entrepreneurship,2022,Annals of Tourism Research,Article,64,2,0.1339632693465989,0.020980137651788112
Ecotourism for wildlife conservation and sustainable livelihood via community-based homestay: a formula to success or a quagmire?,2021,Current Issues in Tourism,Article,64,2,0.13379169940556332,0.01807823537406453
Community resourcefulness and partnerships in rural tourism,2022,Journal of Sustainable Tourism,Article,63,2,0.12238935687930144,0.028037340314180995
Women entrepreneurs in tourism in a time of a life event crisis,2024,Journal of Sustainable Tourism,Article,63,6,0.289178977729097,0.08460650919392215
"Tourism and Community Leadership in Rural Regions: Linking Mobility, Entrepreneurship, Tourism Development and Community Well-Being",2014,Tourism Planning and Development,Article,63,2,0.14634580530931848,0.026289792629326434
"Asymmetric nexus between renewable energy, economic progress, and ecological issues: Testing the LCC hypothesis in the context of sustainability perspective",2024,Gondwana Research,Article,63,7,0.1505163697948763,0.022732202782594146
The Role of Managerial and Technological Innovations in the Tourism Industry: A Review of the Empirical Literature,2022,Sustainability (Switzerland),Review,62,0,0.08599309085279419,0.010852549396540416
Use of smart phone apps in co-creative hotel service innovation: an evidence from India,2020,Current Issues in Tourism,Article,62,5,0.0719312062064968,0.00655454803362343
Public policy for sustainability and retail resilience in Lisbon city center,2020,Sustainability (Switzerland),Article,62,7,0.041145769076914966,0.0035735722315051264
Urban bicycle tourism: path dependencies and innovation in Greater Copenhagen,2019,Journal of Sustainable Tourism,Article,62,0,0.02927830636463398,0.0010437166347993369
SMEs’ Innovativeness and Technology Adoption as Downsizing Strategies during COVID-19: The Moderating Role of Financial Sustainability in the Tourism Industry Using Structural Equation Modelling,2022,Sustainability (Switzerland),Article,62,5,0.07475115439684471,0.006991716224248633
"Place marketing, tourism promotion, and community-based local economic development in post-apartheid South Africa: The case of Still Bay - the ""Bay of Sleeping Beauty""",2002,Urban Affairs Review,Article,62,2,0.10751374227336877,0.013095018972708272
Festival innovation: Complex and dynamic network interaction,2009,Scandinavian Journal of Hospitality and Tourism,Article,62,0,0.07255649857664298,0.005270847787156346
Peasant-entrepreneurs. A longitudinal ethnography,2010,Annals of Tourism Research,Article,62,6,0.04413353899106501,0.005308688923243335
"Design, implementation and assessment of a more sustainable model to manage plastic waste at sport events",2021,Journal of Cleaner Production,Article,61,7,0.12287363400710875,0.025831288715620213
The role of open innovation and a normalizing mechanism of social capital in the tourism industry,2023,"Journal of Open Innovation: Technology, Market, and Complexity",Review,61,0,0.06597162234271757,0.006779385617408645
Residents’ Perception of the Impact of Sports Tourism on Sustainable Social Development,2022,Sustainability (Switzerland),Article,61,1,0.16287329606924025,0.031013886670777098
Tourism partnerships: localizing the SDG agenda in Fiji,2022,Journal of Sustainable Tourism,Article,61,2,0.0802386074117659,0.00935537270862533
"The impact of eco-innovation, ecotourism policy and social media on sustainable tourism development: evidence from the tourism sector of Indonesia",2023,Economic Research-Ekonomska Istrazivanja ,Article,61,7,0.10037772375751147,0.010837175664810097
"Understanding urban development through a sport events portfolio: A case study of London, Ontario",2015,Journal of Sport Management,Article,61,1,0.14115796711139894,0.02106096982193954
Tangible and intangible indicators of successful aboriginal tourism initiatives: A case study of two successful aboriginal tourism lodges in Northern Canada,2015,Tourism Management,Article,61,4,0.012693924991099784,0.0005243927811814774
Creativity and digital strategies to support food cultural heritage in Mediterranean rural areas,2024,EuroMed Journal of Business,Article,60,3,0.19589293898788826,0.05542400018504922
"Tourism development, entrepreneurship and women's empowerment – Focus on Serbian countryside",2023,Journal of Tourism Futures,Article,60,6,0.30291727590801115,0.10171576792350673
"Assessing the sustainability of community-based tourism: a case study in rural areas of Hoi An, Vietnam",2022,Cogent Social Sciences,Article,60,2,0.1373744455831383,0.03416606171922084
The role of innovation and tourism in sustainability: why is environment-friendly tourism necessary for entrepreneurship?,2022,Journal of Cleaner Production,Article,60,7,0.16378262338057453,0.028243032821649125
"Unpacking the local: A cultural analysis of tourism entrepreneurship in Murter, Croatia; [Déballer le local: Une analyse culturelle de l'esprit d'entreprise en tourisme à Murter en Croatie]",2003,Tourism Geographies,Article,60,4,0.09277429324051076,0.013884044721476254
"Applications, Experiences, and Challenges of Smart Tourism Development in China",2022,Journal of Urban Technology,Article,60,5,0.21677808122491443,0.0473388456157436
Over the Caribbean Top: Community Well-Being and Over-Tourism in Small Island Tourism Economies,2023,International Journal of Community Well-Being,Article,59,2,0.04895755705421395,0.0045776233391786846
Integrated planning for sustainable tourism and mobility. A tourism traffic analysis in Italy's South Tyrol region,2013,Journal of Sustainable Tourism,Article,59,7,0.1271417000318786,0.017184717228126322
Geosites and geotourism in the local development of communities of the andes mountains. A case study,2021,Sustainability (Switzerland),Article,59,4,0.06903433230415797,0.0054155871005311116
Design thinking for social innovation: Secrets to success for tourism social entrepreneurs,2021,Journal of Hospitality and Tourism Management,Article,59,6,0.09197355186418975,0.012970094846918717
"Tourism Innovation in the Global South: Evidence from the Western Cape, South Africa",2016,International Journal of Tourism Research,Article,59,0,0.0769848639625959,0.005926669279339398
Territorial brands for tourism development: A statistical analysis on the Marche region,2011,Annals of Tourism Research,Article,59,0,0.045574840639749724,0.0037623507393686187
Geosites and georesources to foster geotourism in communities: Case study of the santa elena peninsula geopark project in Ecuador,2020,Sustainability (Switzerland),Article,58,4,0.04381286721103582,0.003117781928879533
Slow Tourism at the Caribbean's Geographical Margins,2012,Tourism Geographies,Article,58,7,0.05404039354968179,0.0035171502513061306
"Sustainable tourism, economic growth and employment—the case of the wine routes of spain",2021,Sustainability (Switzerland),Article,58,0,0.04822038440711368,0.004421994578156289
Local government intervention in tourism-driven rural gentrification: Types and interpretative framework,2024,Tourism Management,Article,58,3,0.13102648738276956,0.017803936548309116
The Success Factors of wine tourism entrepreneurship for rural area: A thematic biographical narrative analysis in Turkey,2021,Journal of Rural Studies,Article,58,3,0.04635584738292387,0.005797259497540336
"Measuring sustainable indigenous tourism indicators: A case of Mah Meri ethnic group in Carey Island, Malaysia",2017,Sustainability (Switzerland),Article,57,7,0.1326069312941031,0.022429726916425592
Can the Metaverse and Its Associated Digital Tools and Technologies Provide an Opportunity for Destinations to Address the Vulnerability of Overtourism?,2023,Tourism and Hospitality,Review,57,5,0.14684888317754288,0.022505633709418386
"Government Roles in Stimulating Tourism Development: A Case from Guangxi, China",2011,Asia Pacific Journal of Tourism Research,Article,57,4,0.07671230362473087,0.008990640441567034
Winter sports tourism to urban destinations: Identifying potential and comparing motivational differences across skier groups,2021,Journal of Outdoor Recreation and Tourism,Article,56,1,0.08314980238301911,0.008484690046411551
How authenticity and tradition shift into sustainability and innovation: Evidence from italian agritourism,2020,International Journal of Environmental Research and Public Health,Article,56,0,0.04869930064459983,0.0034966415325335546
A systematic quantitative literature review of empirical research on large-scale sport events’ social legacies,2020,Leisure Studies,Article,56,1,0.07851543924571443,0.007160235141025197
"Athlete atypicity on the edge of human achievement: Performances stagnate after the last peak, in 1988",2010,PLoS ONE,Article,56,1,0.16754782027112766,0.028325358084458175
The Influence of Tourism Innovativeness on Online Consumer Behavior,2015,Journal of Travel Research,Article,56,0,0.021463975520558558,0.0009064040061216639
Second homes and local development: Issues arising from Cape Town's De Waterkant,2004,GeoJournal,Review,56,2,0.04473426760712674,0.0036971657231766163
Marine-tourism development on a small island in Indonesia: blessing or curse?,2018,Asia Pacific Journal of Tourism Research,Article,56,2,0.0970900901002381,0.01097532271111295
A preliminary examination of the relationship between consumer attitude towards space travel and the development of innovative space tourism technology,2017,Current Issues in Tourism,Article,55,0,0.053416964022269905,0.005325164862722108
The criticality of international tourism and technological innovation for carbon neutrality across regional development levels,2022,Technological Forecasting and Social Change,Article,55,7,0.058400476056582724,0.003994821723845431
Shifting subjects of health-care: Placing 'medical tourism' in the context of Malaysian domestic health-care reform,2011,Asia Pacific Viewpoint,Article,55,0,0.02367149878503666,0.000598435671246459
"Tourism in Bario, Sarawak, Malaysia: A case study of pro-poor community-based tourism integrated into community development",2009,Asia Pacific Journal of Tourism Research,Article,54,2,0.17272527742883825,0.03004817063676959
"Developing ecotourism in First World, resource-dependent areas",2006,Geoforum,Article,54,2,0.047947635290394544,0.007172952712642552
Can livestock farming and tourism coexist in mountain regions? A new business model for sustainability,2017,Sustainability (Switzerland),Article,54,7,0.05338010165065833,0.007357197256172579
"Ecotourism: The modern predator? implications of gorilla tourism on local livelihoods in Bwindi impenetrable national park, Uganda",2010,Environment and Planning D: Society and Space,Article,54,2,0.059481527042655004,0.005327813395289816
Artificial intelligence tools for smart tourism development,2019,Advances in Intelligent Systems and Computing,Conference paper,54,5,0.19814681907050152,0.039273326498448655
"Local people, nature conservation, and tourism in northeastern Finland",2008,Ecology and Society,Article,53,2,0.04554436262305173,0.0034200506136833793
"The village in a game park: Local response to the demise of coal mining in KwaZulu-Natal, South Africa",2003,Economic Geography,Article,53,2,0.08991337316278408,0.0087833253311212
Sustainable tourism development strategy in wwf pan parks: Case of a swedish and romanian national park,2006,Scandinavian Journal of Hospitality and Tourism,Article,53,7,0.13867983594117042,0.021237396191655447
Evolution of tourism in a flagship protected area of China,2016,Journal of Sustainable Tourism,Article,53,7,0.08083150761184306,0.008019418363516063
Gaming can be sustainable too! Using Social Representation Theory to examine the moderating effects of tourism diversification on residents' tax paying behavior,2016,Tourism Management,Article,53,2,0.09761561832287718,0.013403201720581463
Digital Tourism and Smart Development: State-of-the-Art Review,2024,Sustainability (Switzerland),Review,53,5,0.276209355183458,0.07629241758991055
Integrated rural tourism as a tool for community tourism development: Exploring culture and heritage projects in the North-East District of Botswana,2015,South African Geographical Journal,Article,53,3,0.22289652138413948,0.06449360723184464
Fostering green entrepreneurship and women's empowerment through education and banks' investments in tourism: Evidence from Serbia,2019,Sustainability (Switzerland),Article,52,6,0.3260399353103621,0.1064828785661717
Co-evolution in tourism: the case of Albergo Diffuso,2019,Current Issues in Tourism,Article,52,0,0.0842763562218554,0.0089880943907178
Community networks and sustainable livelihoods in tourism: The role of entrepreneurial innovation,2011,Tourism Planning and Development,Article,52,2,0.16133314261504914,0.02721339100730728
From empowering women to being empowered by women: A gendered social innovation framework for tourism-led development initiatives,2024,Tourism Management,Article,52,6,0.31420491900746006,0.09880364167669128
Gentrification in tourist cities: Evidence from New Orleans before and after hurricane Katrina,2008,Housing Policy Debate,Article,52,0,0.029920562938229044,0.0016487431523776884
Analysis of network activities in geoparks as geotourism destinations,2014,International Journal of Tourism Research,Article,52,0,0.03327266075496205,0.0014552641812156496
Investigating visitors’ perception of smart city dimensions for city branding in Hong Kong,2019,International Journal of Tourism Cities,Article,51,5,0.1554419945382402,0.024861843511226295
Metaverse and tourism development: issues and opportunities in stakeholders’ perception,2023,Information Technology and Tourism,Article,51,5,0.04020555463270239,0.002678305099959385
Networking and learning for tourism innovation: evidence from the Western Cape,2017,Tourism Geographies,Article,51,0,0.10134587456154137,0.010270986290643679
"Private protected areas, ecotourism development and impacts on local people's well-being: a review from case studies in Southern Chile",2017,Journal of Sustainable Tourism,Article,51,2,0.07714082330486195,0.00823559362715057
Drivers of environmental innovation in Majorcan hotels,2015,Journal of Sustainable Tourism,Article,51,7,0.06563631499328695,0.007603638786645328
Tourism product and service innovation to avoid 'strategic drift',2009,International Journal of Tourism Research,Review,51,0,0.05629882545346916,0.003229615034195373
Customer Resistance to Tourism Innovations: Entrepreneurs’ Understanding and Management Strategies,2020,Journal of Travel Research,Article,51,0,0.06967472215191393,0.005440203632970766
Tourism intermediaries and innovation in the hotel industry,2020,Current Issues in Tourism,Article,51,0,0.06961909533607936,0.005297575939474257
A model for the development of innovative tourism products: From service to transformation,2020,Sustainability (Switzerland),Article,51,0,0.09487391891271522,0.009101917858369012
Does interconnectivity matter? An integration model of agro-tourism development,2024,Asia Pacific Management Review,Article,50,7,0.055710795863082384,0.005138178186823199
The developmental impacts of backpacker tourism in South Africa,2004,GeoJournal,Review,50,0,0.056427776882567726,0.004359704173184929
"A value-based analysis of the tourism use of agricultural heritage systems: Duotian Agrosystem, Jiangsu Province, China",2020,Journal of Sustainable Tourism,Article,50,4,0.14358021847254093,0.022460418175029563
Ethnicity and tourism enterpreneurship in Java and Bali,2000,Current Issues in Tourism,Article,50,6,0.046577142843965386,0.0037375070656183312
Patterns of innovation-driven tourism competitiveness: Insights from 270 Chinese cities,2025,Tourism Management,Article,50,0,0.04816415588383249,0.002774407800202653
Integrating tourism to rural development and planning in the developing world,2014,Development Southern Africa,Article,50,3,0.2658449149687229,0.07396431021942515
Smart Specialization for Smart Spatial Development: Innovative Strategies for Building Competitive Advantages in Tourism in Slovakia,2017,Socio-Economic Planning Sciences,Article,50,5,0.06395302535177909,0.007432026073996057
The innovation journey of new-to-tourism entrepreneurs,2019,Current Issues in Tourism,Article,50,0,0.053712695542737776,0.003266808586981068
Toward a community-driven development model of rural tourism: The Chinese experience,2014,International Journal of Tourism Research,Article,50,3,0.1808013823342162,0.03464915836998408
The innovation model and upgrade path of digitalization driven tourism industry: Longitudinal case study of OCT,2024,Technological Forecasting and Social Change,Article,49,5,0.11035246833824049,0.014618061227878273
Cuba in transition: Tourism industry perceptions of entrepreneurial change,2015,Tourism Management,Article,49,6,0.07373399164474208,0.010568567338888692
"A Proposed Sustainable Rural Development Index (SRDI): Lessons from Hajij village, Iran",2017,Tourism Management,Article,49,3,0.07190062238865283,0.008381663028406556
The historical evolution of China's tourism development policies (1949–2013) – A quantitative research approach,2017,Tourism Management,Article,48,0,0.08390925356576595,0.008436812634572565
Destination development in China: towards an effective model of explanation,2014,Journal of Sustainable Tourism,Article,48,0,0.07800167059556097,0.006708712532154404
Sustainable heritage tourism: The Inanda Heritage Route and the 2010 FIFA World Cup,2012,Journal of Sustainable Tourism,Article,48,4,0.1869071480584515,0.03669394879047637
"Crete: Endowed by nature, privileged by geography, threatened by tourism?",2003,Journal of Sustainable Tourism,Article,48,7,0.07870360112349464,0.00816685898642797
"Beyond the renaissance of the traditional Voss sheep's-head meal: Tradition, culinary art, scariness and entrepreneurship",2010,Tourism Management,Article,48,0,0.05951962252807392,0.0044223114998236945
Regional Environment of Destination and the Entrepreneurship of Small Tourism Businesses: A Case Study of Dali and Lijiang of Yunnan Province,2014,Asia Pacific Journal of Tourism Research,Article,48,0,0.08065424763696541,0.008785907751328696
Creativity and entrepreneurship: Gastronomic tourism in Mexico,2020,Innovation and Entrepreneurial Opportunities in Community Tourism,Book chapter,48,4,0.04910531846286677,0.0037707981558561857
Community development through agroecotourism in Cuba: an application of the community capitals framework,2017,Journal of Ecotourism,Article,48,2,0.13009627914366842,0.016978162329664863
Tourism and regional economic resilience from a policy perspective: lessons from smart specialization strategies in Europe,2017,European Planning Studies,Article,48,0,0.04815045526868652,0.0029722806241430626
Causation and effectuation behaviour of Ethiopian entrepreneurs: Implications on performance of small tourism firms,2018,Journal of Small Business and Enterprise Development,Article,47,0,0.07092604086580431,0.00751953197197891
"Livelihood changes and evolution of upland ethnic communities driven by tourism: a case study in Guizhou Province, southwest China",2016,Journal of Mountain Science,Article,47,2,0.08056964981686854,0.0076460083897812725
Co-creation dynamics in tourism and hospitality: a horizon 2050 paper,2025,Tourism Review,Article,47,5,0.06753436673932055,0.006147874375829196
Spatial-temporal differences and influencing factors of tourism eco-efficiency in China's three major urban agglomerations based on the super-EBM model,2020,Sustainability (Switzerland),Article,47,7,0.04323552899277394,0.0024220195940172057
Pro-poor ethnic tourism in the Mekong: A study of three approaches in Northern Thailand,2009,Asia Pacific Journal of Tourism Research,Article,47,2,0.07181249564026083,0.00540844955917203
Innovative Sustainable Tourism Development and Entrepreneurship through Sports Events,2022,Sustainability (Switzerland),Article,47,1,0.24915741038098743,0.06621655685020396
The vulnerability of Pyrenean ski resorts to climate-induced changes in the snowpack,2015,Climatic Change,Article,47,0,0.029004830103243576,0.001302845993964485
Participatory approaches and geographical information systems (PAGIS) in tourism planning,2005,Tourism Geographies,Article,47,2,0.11930679129792231,0.018638931389375196
"Tourism and waste management: A review of implementation of ""zero waste"" at Kovalam",2007,Asia Pacific Journal of Tourism Research,Review,47,7,0.04041417058000821,0.0020049200007133698
"Post-apartheid local sustainable development through tourism: an analysis of policy perceptions among ‘responsible’ tourism stakeholders around Pilanesberg National Park, South Africa",2020,Journal of Sustainable Tourism,Article,46,7,0.08221794349548175,0.012347808028715325
"Community-based tourism: A strategy for sustainable tourism development of Patong Beach, Phuket Island, Thailand",2015,Asian Social Science,Article,46,2,0.1389983415478807,0.025763874869485087
Community agency and entrepreneurship in ecotourism planning and development in the Great Limpopo Transfrontier Conservation Area,2015,Journal of Ecotourism,Article,46,2,0.1286272280821065,0.018290827903532054
Start-up entrepreneurs’ personality traits. An exploratory analysis of the Italian tourism industry,2020,Current Issues in Tourism,Article,46,6,0.0751896247650968,0.007328322677064745
National parks and protected areas and the role for employment in tourism and forest sectors: A swedish case,2010,Ecology and Society,Article,46,0,0.04680876636720522,0.004117352164580238
Macro-economic Factors Influencing Tourism Entrepreneurship: The Case of Kazakhstan,2021,Journal of Entrepreneurship,Article,46,6,0.10513834968970207,0.01381294570672288
Women's entrepreneurship and rural tourism in Greece: Private enterprises and cooperatives,2009,South European Society and Politics,Article,46,6,0.3105801684604718,0.09758703101551021
Tourism and rural community development in Namibia: Policy issues review,2016,Fennia,Article,45,3,0.16010526959570107,0.04074899136450608
"Planning Sustainable Community-Based Tourism in the Context of Thailand: Community, Development, and the Foresight Tools",2022,Sustainability (Switzerland),Article,45,2,0.24170811733946657,0.06023172647932047
"Toward a low-carbon tourism for sustainable development: a study based on a royal project for highland community development in Chiang Rai, Thailand",2021,"Environment, Development and Sustainability",Article,45,2,0.14029451964377793,0.03356800155804049
Blockchain tools for socio-economic interactions in local communities,2022,Policy and Society,Article,45,5,0.07598729110729614,0.0068741050623110185
Exploring Heterogeneous Tourism Development Paths: Cascade Effect or Co-evolution in Niagara?,2015,Scandinavian Journal of Hospitality and Tourism,Article,45,0,0.05645306649546187,0.004995579463934454
The host community and its role in sports tourism—Exploring an emerging research field,2020,Sustainability (Switzerland),Article,45,1,0.21349942017502938,0.052348889030543314
"Sportfisheries, conservation and sustainable livelihoods: a multidisciplinary guide to developing best practice",2016,Fish and Fisheries,Article,45,7,0.05896325334737147,0.00657621989386897
Understanding the entrepreneurs’ behavioural intentions towards sustainable tourism: a case study from Greece,2016,"Environment, Development and Sustainability",Article,45,7,0.13460707535421754,0.02488162105284559
Understanding the Historical and Geographical Contexts of Food Festival Tourism Development: The Case of the Tatebayashi Noodle Grand Prix in Japan,2015,Tourism Planning and Development,Article,45,4,0.11483873500267659,0.016368896940791525
A land of cheese: from food innovation to tourism development in rural Catalonia,2021,Journal of Tourism and Cultural Change,Article,45,3,0.13681418077264776,0.024157923661678266
How a tourism city responds to covid-19: A cee perspective (kraków case study),2021,Sustainability (Switzerland),Article,45,0,0.060585172546773924,0.004433014156288672
Destination development through entrepreneurship: A comparison of two cases,2005,Tourism Management,Article,45,0,0.053339725553989865,0.005719462442435512
"Ecotourism implementation in the Kakum Conservation Area, Ghana: Administrative framework and local community experiences",2015,Journal of Ecotourism,Article,45,2,0.09614527585524664,0.011462196837881758
Branding on the web: Evolving domain name usage among Malaysian hotels,2007,Tourism Management,Article,45,0,0.03061331285668461,0.001269020161545532
Developing dynamic capabilities for community collaboration and tourism product innovation in response to crisis: Nepal and COVID-19,2023,Journal of Sustainable Tourism,Article,44,3,0.09434075916057524,0.01532937548362234
Agritourism and local development: A methodology for assessing the role of public contributions in the creation of competitive advantage,2018,Land Use Policy,Article,43,0,0.061593079236028456,0.005704784568153452
"Land use scenario simulation and ecosystem service management for different regional development models of the beibu gulf area, China",2021,Remote Sensing,Article,43,7,0.05541928253721224,0.0050751848500342565
"The future of farm tourism in the Philippines: challenges, strategies and insights",2024,Journal of Tourism Futures,Article,43,0,0.023517140050586614,0.0012533781929075828
Is wildlife tourism benefiting Indian protected areas? A survey,2012,Current Issues in Tourism,Article,43,2,0.11974287540408436,0.016323346482346422
Platform empowerment: Facebook’s role in facilitating female micro-entrepreneurship in tourism,2024,Journal of Sustainable Tourism,Article,43,6,0.1458420756881491,0.02265695757454587
Sustainable Entrepreneurship Tourism: An Alternative Development Approach for Remote Coastal Communities Where Awareness of Tourism is Low,2018,Tourism Planning and Development,Article,43,2,0.1287679989652806,0.01700650389240438
"Innovation and Destination Governance in Denmark: Tourism, Policy Networks and Spatial Development",2014,European Planning Studies,Article,43,0,0.10072361318225113,0.010174591179444635
Tourism development and U.S energy security risks: a KRLS machine learning approach,2024,Current Issues in Tourism,Review,43,7,0.053704738492811564,0.003119317517193838
"Musina Municipality tourism management and strategies: a sustainable-eco-tourism inclusive business insights for the town, abbuting peri-urban and countryside existences",2022,Management of Environmental Quality: An International Journal,Article,42,7,0.0626868138163186,0.008852219236500128
Snow reliability and climate elasticity: Case of a Slovak ski resort,2015,Tourism Review,Article,42,0,0.035040305871892025,0.0015411354877190165
Contribution of the solar energy in the sustainable tourism development of the Mediterranean islands,2010,Renewable Energy,Article,42,7,0.08290784583474309,0.007790573159288024
Limits of imagineering: A case study of Penang,2003,International Journal of Urban and Regional Research,Article,42,4,0.05090357333207533,0.0046377963108108055
"Participatory management process in local tourism development: A case study on fisherman village on Samui Island, Thailand",2011,Asia Pacific Journal of Tourism Research,Article,42,2,0.175383118871116,0.031048871014443133
Impact of eco-innovation and sustainable tourism growth on the environmental degradation: the case of China,2023,Economic Research-Ekonomska Istrazivanja ,Article,42,7,0.1401305973938332,0.01982628550200926
Entrepreneurship in South African township tourism: the impact of interracial social capital,2018,Ethnic and Racial Studies,Article,42,6,0.14720071412280586,0.022277435662051977
Do top management team diversity and chief sustainability officer make firms greener? Moderating role of top management team behavioral integration,2023,Sustainable Development,Article,42,7,0.07258409550600718,0.005852798586545395
"The value of community-based tourism in Banteay Chhmar, Cambodia",2017,Tourism Geographies,Article,41,2,0.20624133741690026,0.04286756989490613
Innovation in destination marketing: The use of passive mobile positioning for the segmentation of repeat visitors in Estonia,2011,Baltic Journal of Management,Article,41,0,0.06767815911974488,0.005179390643307474
How does social entrepreneurship achieve sustainable development goals in rural tourism destinations? The role of legitimacy and social capital,2025,Journal of Sustainable Tourism,Article,41,3,0.14951891209000312,0.033194869570435666
Targeted poverty alleviation in China: segmenting small tourism entrepreneurs and effectively supporting them,2018,Journal of Sustainable Tourism,Article,41,0,0.0474211397860333,0.004429431842317331
Seizing community participation in sustainable development: Pueblos Mágicos of Mexico,2016,Journal of Cleaner Production,Article,41,2,0.1425394587664779,0.02955998272848065
"Heritage conservation and communities’ sense of deprivation in tourism: the case of the Hani community in Yunnan, China",2023,Tourism Geographies,Article,41,4,0.1882343517721519,0.042302134772613006
Innovative processes in a nature-based tourism case: The role of a tour-operator as the driver of innovation,2010,Scandinavian Journal of Hospitality and Tourism,Article,41,0,0.054887702195977134,0.003012659852354273
"Linking urban forests and urban tourism: A case of Savannah, Georgia",2010,Tourism Analysis,Article,41,0,0.03561222354138641,0.0023633369000818413
"Integrated rural tourism in the English-Welsh cross-border region: An analysis of strategic, administrative and personal challenges",2011,Regional Studies,Article,41,3,0.12033015613879137,0.014873055581407002
China's outward foreign direct investment in tourism,2017,Tourism Management,Article,41,7,0.04022234771465761,0.0027582096268370508
"Evaluation of Sustainable Rural Tourism Development with an Integrated Approach Using MDS and ANP Methods: Case Study in Ciamis, West Java, Indonesia",2023,Sustainability (Switzerland),Article,40,3,0.2572224032756854,0.07144599639944395
Hope in the dark: geographies of volunteer and dark tourism in Cambodia,2014,Cultural Geographies,Article,40,4,0.029036474801111323,0.0016519171232006406
"Niche tourism in small peripheral towns: the case of Jewish Heritage in Belmonte, Portugal",2016,Tourism Planning and Development,Article,40,4,0.09427769580248707,0.01027878108671559
The citizen within: positioning local residents for sustainable tourism,2022,Journal of Sustainable Tourism,Article,40,7,0.05054657128009337,0.005077169274896055
Evaluation model of competitive and innovative tourism practices based on information entropy and alternative criteria weight,2021,Tourism Economics,Article,40,0,0.03971443768789183,0.0024915891322405707
"Small-scale, nature-based tourism as a pro-poor development intervention: Two examples in Kwazulu-Natal, South Africa",2006,Singapore Journal of Tropical Geography,Article,40,2,0.04682027769383662,0.0037856789256573136
"Shaping leisure/tourism places - The role of holiday home owners: A case study of Courtown, Co. Wexford, Ireland",2003,Leisure Studies,Article,39,0,0.032075375398781754,0.0018254678267858675
Coffee tourism and community development in Guatemala,2013,Human Organization,Article,39,2,0.062371058156683104,0.005643818582948042
"""To Get Things Done"": A Relational Approach to Entrepreneurship",2012,Scandinavian Journal of Hospitality and Tourism,Article,39,6,0.06177644152174625,0.005343781717973051
Attitudes of Local Population Towards the Impacts of Tourism Development: Evidence From Czechia,2021,Frontiers in Psychology,Article,39,2,0.06177877495361335,0.006846010594902491
Transforming rural communities through tourism development: an examination of empowerment and disempowerment processes,2024,Journal of Sustainable Tourism,Article,39,3,0.06708060285594435,0.00990701696193793
"Intrinsic barriers to and opportunities for community empowerment in community-based tourism development in Thai Nguyen province, Vietnam",2022,Journal of Sustainable Tourism,Article,39,2,0.13422769274946308,0.022050422897881172
Analysis on the impact of technological innovation on tourism development: The case of Yangtze River Delta Urban Agglomeration in China,2023,Tourism Economics,Article,39,0,0.04049910070606118,0.003057623650170502
Russian tourism enterprises’ marketing innovations to meet the covid-19 challenges,2021,Sustainability (Switzerland),Article,38,0,0.07494000218913024,0.006069306101272976
Georoutes as a Basis for Territorial Development of the Pacific Coast of South America: a Case Study,2022,Geoheritage,Article,38,4,0.0590530248798969,0.004261491665779204
"Social enterprise and inclusive tourism. Five cases in Siem Reap, Cambodia",2018,Tourism Geographies,Article,38,0,0.05546080368224814,0.006686445462173084
Eco-innovative museums and visitors' perceptions of corporate social responsibility,2019,Sustainability (Switzerland),Article,38,7,0.08384499831140504,0.011757505297141885
Decolonising tourism and development: from orphanage tourism to community empowerment in Cambodia,2023,Journal of Sustainable Tourism,Article,38,2,0.05950759841963541,0.004547973884051962
Two decades of research on halal hospitality and tourism: a review and research agenda,2023,International Journal of Contemporary Hospitality Management,Article,38,5,0.04184706025231447,0.00236573662162802
Determinants of carbon emissions cycles in the G7 countries,2024,Technological Forecasting and Social Change,Article,38,7,0.16215036631156782,0.028091483852566393
Exploratory and co-exploratory innovation. The mediating role of digitalization on competitiveness in the hotel industry,2024,Technological Forecasting and Social Change,Article,38,0,0.09294899717023601,0.008804256337031543
"Regional tourism development: Culture, nature, life cycle and attractiveness",2013,Current Issues in Tourism,Article,38,0,0.07291038031462632,0.006201834378034133
Looking at the tourism industry through the lenses of industry 4.0: a bibliometric review of concerns and challenges,2024,Journal of Hospitality and Tourism Insights,Review,37,0,0.08947855491296607,0.011169336313848097
Designing Cultural Routes as a Tool of Responsible Tourism and Sustainable Local Development in Isolated and Less Developed Islands: The Case of Symi Island in Greece,2023,Land,Article,37,4,0.1845453646561669,0.039622943951942394
Environmental and community stability of a mountain destination: An analysis of residents' perception,2018,Sustainability (Switzerland),Article,37,2,0.07953768659433337,0.013054065754883815
"Tourism, public policy and regional development: A turn from neo-liberalism to the new regionalism",2008,Local Economy,Review,37,0,0.0650444339387713,0.007307184457638959
The effects of tourism on EU regional cohesion: a comparative spatial cross-regressive assessment of economic growth and convergence by level of development,2021,Journal of Sustainable Tourism,Article,37,7,0.06278385458432081,0.006953321873687496
Informal sector city tourism: Cross-border shoppers in johannesburg,2018,Geojournal of Tourism and Geosites ,Article,37,0,0.05356052084297255,0.0031229795290166995
The role of ecotourism in developing local communities in Indonesia,2024,Journal of Ecotourism,Article,37,2,0.1539172358009361,0.02580053500937257
"Modeling the dynamic linkage between tourism development, technological innovation, urbanization and environmental quality: Provincial data analysis of China",2021,International Journal of Environmental Research and Public Health,Article,37,7,0.127017519701862,0.016343817357807027
Discourse and Power Relations in Community Tourism,2018,Journal of Travel Research,Article,37,2,0.08218663789212255,0.010538052253785284
Sport events and community development: resident considerations and community goals,2021,International Journal of Sports Marketing and Sponsorship,Review,37,1,0.2339883629190317,0.0770415018606001
Creating value from intangible cultural heritage—the role of innovation for sustainable tourism and regional rural development,2024,European Journal of Cultural Management and Policy,Article,36,4,0.2164322175645942,0.054391279512143
Resilient rural areas and tourism development paths: A comparison of case studies,2021,Sustainability (Switzerland),Article,36,0,0.04970912451605619,0.00612059978309067
The imperatives of the development of the tourist services market in spatial polarization of the regional tourist system,2020,Geojournal of Tourism and Geosites ,Article,36,0,0.07935813348747948,0.00636557128188078
The contribution of tourism towards a more sustainable and inclusive society: key guiding principles in times of crisis,2020,Worldwide Hospitality and Tourism Themes,Article,36,7,0.0956740100251972,0.010276427004057549
"A Comprehensive Micro, Small, and Medium Enterprise Empowerment Model for Developing Sustainable Tourism Villages in Rural Communities: A Perspective",2025,Sustainability (Switzerland),Article,36,3,0.10697807091048478,0.020734500011713973
Indicators of community economic development through mural-based tourism,2005,Canadian Geographer,Article,36,2,0.17237889763928105,0.03006802615552515
Conceptual Framework and Prospective Analysis of EU Tourism Data Spaces,2024,Sustainability (Switzerland),Article,36,5,0.09464937556693898,0.01445410533993093
Tourism as a catalyst for resilience: Strategies for building sustainable and adaptive communities,2025,Community Development,Article,36,2,0.11416747691770686,0.025128994327839074
How can ski resorts get smart? Transdisciplinary approaches to sustainable winter tourism in the European Alps,2020,Sustainability (Switzerland),Article,36,7,0.06649199125715916,0.006351735700876849
World Heritage and Tourism Innovation: Institutional Frameworks and Local Adaptation,2014,European Planning Studies,Article,36,4,0.13061634389824486,0.02203199228821944
The road to success: Tourism social entrepreneurs' quest for regenerative tourism,2024,Annals of Tourism Research,Article,36,6,0.03491288548383813,0.0023738350597603654
"The influence of rural tourism landscape perception on tourists’ revisit intentions—a case study in Nangou village, China",2024,Humanities and Social Sciences Communications,Article,35,3,0.15711652110534474,0.02570036193456865
Rural tourism and environmental sustainability—a study on a model for assessing the developmental potential of organic agritourism,2020,Sustainability (Switzerland),Article,35,3,0.037106474462322764,0.0029092563013597647
"Cultural districts, a new strategy for regional development? The South-East Cultural District in Sicily",2010,Regional Studies,Article,35,4,0.16532601533001384,0.029259893209444297
Regional sports tourism networks: A conceptual framework,2010,Journal of Sport and Tourism,Article,35,1,0.16459351434522243,0.028561811241144694
Visiting friends and relatives tourism and implications for community capital,2013,"Journal of Policy Research in Tourism, Leisure and Events",Article,35,7,0.08822419315219157,0.010318050981650983
Corporate Philanthropy Through the Lens of Ethical Subjectivity,2019,Journal of Business Ethics,Article,35,2,0.056572186679731476,0.004304003805104832
Proposal for an Indicators System of Tourism Governance at Tourism Destination Level,2018,Social Indicators Research,Article,35,0,0.056481002880529756,0.004119201746475741
"Walking along the sheeptrack … rural tourism, ecomuseums, and bio-cultural heritage",2021,Sustainability (Switzerland),Article,35,4,0.06990192097557177,0.012007147545794397
The Future of Volunteer Tourism in the Asia-Pacific Region: Alternative Prospects,2014,Journal of Travel Research,Article,35,0,0.033154884629267994,0.0017664997907333529
Antecedents and consequences of managerial behavior in agritourism,2017,Tourism Management,Article,35,0,0.03802846874345216,0.0028920805465539913
"Introduction: Rushing for land: Equitable and sustainable development in Africa, Asia and Latin America",2011,Development,Review,35,3,0.05004205740104088,0.005472764484635979
Integrative diversification of wellness tourism services in rural areas–an operational framework model applied to east Hokkaido (Japan),2018,Asia Pacific Journal of Tourism Research,Article,35,0,0.05740374611973964,0.006237394437834958
Agritourism and local development: Evidence from two case studies in Greece,2018,International Journal of Tourism Research,Article,35,0,0.04269190626501408,0.0024420306503804183
Community development using a sustainable tourism strategy: A case study of the Jordan River Valley touristway,2008,International Journal of Tourism Research,Article,35,7,0.07337361512631646,0.008573061793202283
Does innovation type influence firm performance? A dilemma of star-rated hotels in Ghana,2020,Sustainability (Switzerland),Article,34,0,0.09818423268343868,0.009640145375488081
Sunscreen pollution and tourism governance: Science and innovation are necessary for biodiversity conservation and sustainable tourism,2022,Aquatic Conservation: Marine and Freshwater Ecosystems,Article,34,7,0.10375453690713751,0.010928520058407807
"Prospects of using tourism industry to advance community livelihoods in Musina municipality, Limpopo, South Africa",2021,Transactions of the Royal Society of South Africa,Article,34,2,0.10082186334818014,0.011809751229892524
"Community attitudes toward ecotourism development and environmental conservation in nature reserve: a case of Fujian Wuyishan National Nature Reserve, China",2017,Journal of Mountain Science,Article,34,2,0.09731497273430677,0.011665782431964084
The national government as the facilitator of tourism innovation: evidence from Norway,2015,Current Issues in Tourism,Article,34,0,0.08752602174666967,0.0076608044827984915
Revitalization of mountain rural tourism as a tool for sustainable local development in kabylie (Algeria). The case of yakouren municipality,2021,Geojournal of Tourism and Geosites ,Article,34,3,0.23639627498686608,0.0572122650688059
"Social, cultural and spatial imaginaries in rural tourism transitions",2021,Journal of Rural Studies,Article,34,3,0.08973866399847762,0.012482465969344549
Determinants of income inequality in U.S. nonmetropolitan tourism- and recreation-dependent communities,2008,Journal of Travel Research,Article,34,2,0.03531577680308958,0.0013412302286332862
Tourism development and the disempowerment of host residents: types and formative mechanisms,2014,Tourism Geographies,Article,34,2,0.07126732294692636,0.006480103404025078
Unpacking Directions and Spatial Patterns of VFR Travel Mobilities in the Global South: Insights from South Africa,2017,International Journal of Tourism Research,Article,34,0,0.030958065468414696,0.001215930530089488
Digital Silk Roads: Leveraging the Metaverse for Cultural Tourism within the Belt and Road Initiative Framework,2024,Electronics (Switzerland),Article,33,4,0.09291042809727465,0.012971682982446575
How do fishery resources enhance the development of coastal fishing communities: Lessons learned from a community-based sea farming project in Taiwan,2020,Ocean and Coastal Management,Article,33,2,0.0733978039777487,0.0064745933651047406
"Collaborative governance in tourism: lessons from Etorkizuna Eraikiz in the Basque Country, Spain",2019,Tourism Review,Article,33,0,0.047690431755807575,0.005289749607443463
Innovative solutions for the development of sustainable transport and improvement of the tourist accessibility of peripheral areas: The case of the białowieża forest region,2021,Sustainability (Switzerland),Article,33,7,0.0547282718683593,0.006548099734552122
The role of events in local development: An analysis of residents’ perspectives and visitor satisfaction,2021,Journal of Rural Studies,Article,33,1,0.06873763624951817,0.010068539677076785
Participation of rural community and tourism development in Iran,2012,Community Development,Article,33,3,0.19947499591017007,0.060823035578323706
Reverse entrepreneurship and integration in poor areas of China: Case studies of tourism entrepreneurship in Ganzi Tibetan Region of Sichuan,2022,Journal of Rural Studies,Article,33,6,0.08093809727663606,0.009964733808506331
Exploring the relationship between aboriginal tourism and community development,2010,Leisure/ Loisir,Review,33,2,0.15729097282404833,0.024741517291395326
Going Entrepreneurial: Agro-tourism and Rural Development in Northern Montenegro,2018,Business Systems Research,Article,33,3,0.08152201343099824,0.011807438734791812
Cultural tourism: New opportunities for diversifying the tourism industry in Botswana,2014,Bulletin of Geography. Socio-economic Series,Article,33,4,0.13723103948943619,0.021137850029969353
"The importance of location and scale in rural and small town tourism product development: The case of the Canadian Fossil Discovery Centre, Manitoba, Canada",2018,Canadian Geographer,Article,33,3,0.12541837998626854,0.018722926127180538
Community leadership in rural tourism development: A tale of two ancient Chinese villages,2017,Sustainability (Switzerland),Article,33,3,0.13428340027616187,0.025449517610420448
"What we know about transformational leadership in tourism and hospitality: a systematic review and future agenda; [变革型领导在旅游与酒店业的作用, 系统回顾及展望]",2024,Service Industries Journal,Article,33,0,0.037312512040462174,0.002675381685284782
Innovation Research in Tourism and Hospitality Field: A Bibliometric and Visualization Analysis,2022,Sustainability (Switzerland),Article,33,0,0.05528526604377757,0.003962642245168582
Tourism as a livelihood diversification strategy among Sámi indigenous people in northern Sweden,2019,Acta Borealia,Article,33,6,0.04874701028785324,0.00407132082208131
"The UN millennium development goals, tourism and development: The tour operators' perspective",2011,Current Issues in Tourism,Article,33,7,0.027873649948266743,0.0015798646736850494
"The Limits of Urban Heritage Tourism in South Africa: The Case of Constitution Hill, Johannesburg",2013,Urban Forum,Article,33,4,0.21040396347001827,0.04459286991159179
Developing indigenous tourism: Challenges for the Guianas,2003,International Journal of Contemporary Hospitality Management,Article,33,2,0.030590465710346303,0.0024404305484875153
Tourist Innovation in Air Travel,2018,Journal of Travel Research,Article,33,0,0.08088270915532539,0.009466103634287558
Community arts as an inclusive methodology for sustainable tourism development,2019,Journal of Place Management and Development,Article,32,2,0.17482624700999747,0.03655571145269428
Spatiotemporal characteristics and impact mechanism of high-quality development of cultural tourism in the Yangtze River Delta urban agglomeration,2021,PLoS ONE,Article,32,4,0.05650853815551111,0.006442687496606134
Contribution of supportive local communities to sustainable event tourism,2021,Sustainability (Switzerland),Article,32,2,0.0981816642797071,0.013543601470767847
Tourism and poverty alleviation: The case for indigenous enterprise development in Kenya,2006,"Tourism, Culture and Communication",Article,32,2,0.07928324588560144,0.008331676046199275
Tourism partnerships in protected areas: Exploring contributions to sustainability,2011,Environmental Management,Article,32,7,0.10126410851606059,0.014591725918702881
"Development of Sustainable Community-Based Tourism in Kampong Grangsil, Jambangan Village, Dampit District, Malang Regency",2021,International Review for Spatial Planning and Sustainable Development,Article,32,2,0.17181950108039362,0.03052127781472738
Sustainable tourism and natural protected areas: Exploring local population perceptions in a post-conflict scenario,2021,Land,Article,32,2,0.05957646985078481,0.007124261818956118
Can tourism social entrepreneurship organizations contribute to the development of ecotourism and local communities: Understanding the perception of local communities,2021,Sustainability (Switzerland),Article,32,2,0.17485617608183956,0.033376789754898745
Geodiversity Action Plans as a Tool for Developing Sustainable Tourism and Environmental Education,2022,Sustainability (Switzerland),Article,32,7,0.07144451341517383,0.006452814237343011
Drivers of Growth and Catch-up in the Tourism Sector of Industrialized Economies,2022,Journal of Travel Research,Article,32,0,0.04956797846935993,0.004836995643751537
"A sustainable afterlife for post-industrial sites: balancing conservation, regeneration and heritage tourism",2023,European Planning Studies,Article,32,4,0.11430527352427339,0.014041920820809533
Towards tourism innovation: A critical review of public polices at the national level,2012,Tourism Management Perspectives,Article,32,0,0.09282138781176354,0.008615810701922837
"Open innovation big data analytics and its influence on sustainable tourism development: A multi-dimensional assessment of economic, policy, and behavioral factors",2024,"Journal of Open Innovation: Technology, Market, and Complexity",Article,31,7,0.17288794301862265,0.030984957263777115
"The Role of Local Government on Rural Tourism Development: Case Study of Desa Wisata Pujonkidul, Indonesia",2021,International Journal of Sustainable Development and Planning,Article,31,3,0.2564775670614462,0.06656526757272448
Mapping the outcomes of social entrepreneurship and tourism on host communities: a three-dimensional approach,2022,Journal of Sustainable Tourism,Article,31,2,0.11905545741980295,0.019076978106556782
Sustainable tourism entrepreneurship in protected areas. A real options assessment of alternative management options,2021,Entrepreneurship and Regional Development,Article,31,7,0.1162108247527469,0.016558927303350224
The DNA of Tourism Service Innovation: A Quadruple Helix Approach,2014,Journal of the Knowledge Economy,Article,31,0,0.053002021682640274,0.0028634541802958226
Developing a long-term global tourism transport model using a behavioural approach: Implications for sustainable tourism policy making,2013,Journal of Sustainable Tourism,Article,31,7,0.06310955371579284,0.006522336517995548
"Socio-economic aspects of boat-based ecotourism during the sardine run within the pondoland marine protected area, South Africa",2010,African Journal of Marine Science,Article,31,2,0.06955997765571183,0.0058548786151953885
Bed and Breakfast Lodging Development in Mainland China: Who is the Potential Customer?,2011,Asia Pacific Journal of Tourism Research,Article,31,0,0.04910953882696286,0.003079921120886995
Towards a community centred approach to corporate community involvement in the sporting events agenda,2010,Journal of Management and Organization,Article,31,1,0.16997577439621067,0.053015671770412706
Changing role of lifestyle in tourism entrepreneurship: Case study of Naked Retreats Enterprise,2021,Tourism Management,Article,31,6,0.05972095390062134,0.00490306158455657
How can social enterprises contribute to sustainable pro-poor tourism development?,2018,Chinese Journal of Population Resources and Environment,Article,31,6,0.05050742307779169,0.005454470286388157
Leveraging sport events to maximize community benefits in low-and middle-income countries,2017,Event Management,Article,31,1,0.18099590268806126,0.04063883893645648
The tourism knowledge translation framework: bridging the canyon between theory and practice,2022,Current Issues in Tourism,Article,31,0,0.04042719781886779,0.0022937151690506597
Transformative Tourism as an Innovative Tool for Rural Development,2020,European Countryside,Article,31,3,0.10912823964747088,0.0196201100306498
Agritourism and Farms Diversification in Italy: What Have We Learnt from COVID-19?,2022,Land,Article,30,0,0.05456254820741385,0.004341799512955785
Measuring innovation in tourism with Community Innovation Survey: a first step towards a more valid innovation instruments.,2017,Scandinavian Journal of Hospitality and Tourism,Article,30,0,0.08099746153763916,0.006781027710628792
"Tourism-Agriculture Nexuses: Practices, challenges and opportunities in the case of Bale Mountains National Park, Southeastern Ethiopia",2018,Agriculture and Food Security,Article,30,0,0.04196049526169091,0.0037256811979781363
The consequences of being ‘the Capital of Cool’. Creative entrepreneurs and the sustainable development of creative tourism in the urban context of Rotterdam,2020,Journal of Sustainable Tourism,Article,30,0,0.03946478191123586,0.0043223649158204615
Smart Tourist Village—An Entrepreneurial Necessity for Maramures Rural Area,2022,Sustainability (Switzerland),Article,30,3,0.1474043938907004,0.027948184854347212
AI-Powered Sustainable Tourism: Unlocking Circular Economies and Overcoming Resistance to Change,2025,Business Strategy and the Environment,Article,30,7,0.09009763448898245,0.01002858685940968
Agritourism and sustainable local development in Mexico: a systematic review,2021,"Environment, Development and Sustainability",Review,30,0,0.038063458193848376,0.001910999958426336
Through the gender looking-glass: Brazilian tourism entrepreneurs,2016,International Journal of Gender and Entrepreneurship,Article,29,6,0.2225252550426346,0.04992048892647166
Critical tourism scholars: brokers of hope,2020,Tourism Geographies,Article,29,2,0.029649112933657868,0.0017605324114311526
"The gospel of sustainable development? Spatiotemporal evolution and configuration pathways of the coupling coordination of the digital economy, tourism development and eco-efficiency",2025,Journal of Environmental Management,Article,29,7,0.10910308625408859,0.015726308625034338
Assessing the impact of green finance on sustainable tourism development in China,2024,Heliyon,Article,29,7,0.2169228187595733,0.04706266453953222
"Public participation geographic information systems (PPGIS): Challenges of implementation in Churchill, Manitoba",2008,Canadian Geographer,Article,29,2,0.11023951877700651,0.0124669926762881
Consumer engagement in village eco-tourism: A case of the cleanest village in Asia–Mawlynnong; [客户参与的乡村生态旅游——以亚洲最洁净的村庄莫里农为例],2019,Journal of Global Scholars of Marketing Science: Bridging Asia and the World,Article,29,2,0.07504842554042786,0.008460701715503192
Adoption of environmental technologies in the hotel industry: development of sustainable intelligence and pro-environmental behavior,2024,Discover Sustainability,Article,29,5,0.09939493769905305,0.017909421853909514
Attractive Landscape Features as Drivers for Sustainable Mountain Tourism Experiences,2023,Tourism and Hospitality,Article,29,0,0.04920893285587538,0.005956387843041527
Managing regional sports tourism networks: A network perspective,2013,European Sport Management Quarterly,Article,29,1,0.12014433559015156,0.01806840729499244
Digital financial inclusion and tourism development,2024,International Review of Economics and Finance,Article,29,5,0.12568160026844621,0.01632252580637946
Emerging technologies and sports events: Innovative information and communication solutions,2015,"Sport, Business and Management: An International Journal",Article,28,1,0.19905606443995408,0.05292990127967303
"Coupling coordination and driving mechanism of tourism industry, urbanization, and ecological environment: a case study of Shandong, China",2024,"Environment, Development and Sustainability",Article,28,7,0.04411300120128325,0.0036822001329669266
Assessing the COVID-19 pandemic impact on tourism arrivals: The role of innovation to reshape the future work for sustainable development,2023,Journal of Innovation and Knowledge,Article,28,7,0.0454348423033044,0.003682711526579686
The Utility of Blockchain Technology in the Electronic Commerce of Tourism Services: An Exploratory Study on Romanian Consumers,2022,Sustainability (Switzerland),Article,28,5,0.09659807014810064,0.009929949328234032
Sustainable tourism development in rural and marginal areas and opportunities for female entrepreneurship: lessons from an exploratory study,2020,Worldwide Hospitality and Tourism Themes,Article,28,6,0.11528403632013548,0.0192399430844517
Sustainable tourism development for traditional Chinese drama's intangible cultural heritage,2024,Heliyon,Article,28,4,0.15029741705762648,0.03515467414558523
Creative Tourism in Islands and Regional Sustainable Development: What Can We Learn from the Pilot Projects Implemented in the Azores Territory?,2023,Land,Article,28,7,0.15551845083607801,0.029369041080167007
Towards a tourism and community-development framework: An African perspective,2020,Sustainability (Switzerland),Article,28,2,0.19225036373131965,0.03696020235482471
"Development of rural-tourism experiences through networking: An example from Gudbrandsdalen, Norway",2014,Norsk Geografisk Tidsskrift,Article,28,3,0.22879537201409506,0.05436167223325474
Destination development dilemma-Case of Manali in Himachal Himalaya,2008,Tourism Management,Article,28,0,0.06807584182514247,0.005161148224276764
Spatial impacts assessment of tourism and territorial capital: A modelling study on regional development in Europe,2018,International Journal of Tourism Research,Article,28,0,0.057328015557293714,0.0052392350844021034
"Customer involvement in sustainable tourism planning at lake Balaton, Hungary-analysis of the consumer preferences of the active cycling tourists",2020,Sustainability (Switzerland),Article,27,7,0.056907560911931034,0.005708035054140678
"Entrepreneurs′ perceptions of innovation, wine tourism experience, and sustainable wine tourism development: the case of Romanian wineries",2024,International Entrepreneurship and Management Journal,Article,27,0,0.06011843120327914,0.0039549604149779725
"The impact of natural resource management, innovation, and tourism development on environmental sustainability in low-income countries",2023,Resources Policy,Article,27,7,0.10664658764139005,0.012641254628857698
Fostering rural and agricultural tourism: exploring the potential of geocaching,2017,Journal of Sustainable Tourism,Article,27,3,0.0864181632927392,0.008291154112487561
"The social, cultural, economic and political strategies extending women’s territory by encroaching on patriarchal embeddedness in tourism in Nepal",2022,Journal of Sustainable Tourism,Article,27,6,0.37104778627224155,0.13777834376049627
Research on the impact of tourism development on the sustainable development of reservoir headwater area using china’s tingxi reservoir as an example,2020,Water (Switzerland),Article,27,7,0.06782146270681719,0.005895619003094237
Lifestyle Entrepreneurship as a Vehicle for Leisure and Sustainable Tourism,2023,International Journal of Environmental Research and Public Health,Article,27,7,0.12341119974358432,0.026180434663745342
Theoretical Model for the Analysis of Community-Based Tourism: Contribution to Sustainable Development,2022,Sustainability (Switzerland),Article,27,2,0.13019993635122837,0.021081025027632806
Tourism partnerships: Harnessing tourist compassion to ‘do good’ through community development in Fiji,2021,World Development,Article,27,2,0.13502204512242336,0.019004676437461104
Perception of the culture and education programme of the youth Olympic games by the participating athletes: A case study for Innsbruck 2012,2014,International Journal of the History of Sport,Article,27,1,0.06306694351902861,0.004138571867100357
Driving factors of the health and wellness tourism industry: A sharing economy perspective evidence from kpk pakistan,2021,Sustainability (Switzerland),Article,27,0,0.03855679970166621,0.001762643383445063
Ten categories of entrepreneurial climate to encourage rural tourism development,2010,Annals of Leisure Research,Article,27,3,0.2869030635302055,0.08672588818723456
Intellectual capital and organisational resilience in tourism and hotel businesses: do organisational agility and innovation matter?,2025,Current Issues in Tourism,Article,27,0,0.05535686955317012,0.0032734528450296145
"Culture, tourism and regeneration process in Istanbul",2010,"International Journal of Culture, Tourism and Hospitality Research",Article,27,4,0.06950842845318178,0.005766433790025048
Integrating tradition and innovation within a wine tourism and hospitality experience,2023,International Journal of Tourism Research,Article,27,0,0.043707246444183286,0.002599242492316179
Spatio-temporal Evolution and Driving Factors of the High-quality Development of Provincial Tourism in China,2022,Chinese Geographical Science,Article,26,7,0.03306334516807293,0.0020479879617129777
A cluster analysis of climate change mitigation behaviours among SMTEs,2014,Tourism Geographies,Article,26,0,0.07804111081639913,0.006906287287744026
"Evaluation of Tourism Development Efficiency and Spatial Spillover Effect Based on EBM Model: The Case of Hainan Island, China",2022,International Journal of Environmental Research and Public Health,Article,26,0,0.046167282344970105,0.003760211126198145
"The implied significance of integrative geographical information systems in sustainable tourism and comprehensive community development in Musina Municipality, South Africa",2022,Technological Sustainability,Article,26,2,0.08357571534087466,0.011340054331344227
Using municipal tourism assets for leveraging local economic development in south africa,2020,Bulletin of Geography. Socio-economic Series,Article,26,2,0.06215361173288988,0.005883282466472861
Stakeholders involvement towards sustaining ecotourism destinations: The case of social entrepreneurship at Mangalajodi ecotourism trust in India,2020,Geojournal of Tourism and Geosites ,Article,26,2,0.08702748877211981,0.01206524963882422
Untangling Factors Influencing Women Entrepreneurs’ Involvement in Tourism and Its Impact on Sustainable Tourism Development,2022,Administrative Sciences,Article,26,6,0.31174879277598444,0.0976572068402908
"Research on driving factors and mechanism of Minority Village tourism development in Guizhou Province, China1",2023,Heliyon,Article,26,3,0.14994199163356414,0.025524276080095755
Using a community tourism development model to explore equestrian trail tourism potential in Virginia,2015,Journal of Destination Marketing and Management,Article,26,2,0.04807744784402142,0.002834119167891305
Developing a model for smart tourism destinations: an interpretive structural modelling approach,2022,Information Technology and Tourism,Article,26,5,0.20695348310031278,0.04288697658696412
"Uncovering the interconnectedness of tourism growth, green technological advancements and climate change in prominent Asian tourism destinations",2024,Tourism Management Perspectives,Article,26,7,0.15710888578940488,0.0259743246102082
Exploring creative tourism based on the cultural and creative cities (C3) index and using bootstrap confidence intervals,2021,Sustainability (Switzerland),Article,26,4,0.07931513041411299,0.007974249597544784
Other-versus self-referenced social impacts of events: Validating a new scale,2020,Sustainability (Switzerland),Article,26,1,0.14317782099196102,0.023040088775650527
"Pro-poor tourism development in Viengxay, Laos: Current state and future prospects",2009,Asia Pacific Journal of Tourism Research,Article,26,2,0.03585512965123043,0.0024706911438933726
Multipliers and impacts of active sport tourism in the Greek region of Messinia,2021,Tourism Economics,Article,26,1,0.1614613999457772,0.02744100011532627
The environmental attitudes and behaviours of European golf tourists,2018,Sustainability (Switzerland),Article,26,0,0.029083583878149504,0.002344458849711937
Urban community-based tourism development: A networked social capital model,2024,Annals of Tourism Research,Article,26,2,0.10832200490837518,0.013055953251440872
A referential methodology for education on sustainable tourism development,2014,Sustainability (Switzerland),Article,26,7,0.1312702635705418,0.023497065476767196
Relations between infrastructure innovations and tourism spending in developed countries: A macroeconomic perspective,2021,Technological and Economic Development of Economy,Article,25,0,0.0653810140106392,0.005795981014949969
A conceptualisation of alternative forms of tourism in relation to community development,2014,Mediterranean Journal of Social Sciences,Article,25,2,0.12764801384930757,0.01633554772546006
Innovation activity in the hotel sector - The case of Croatia,2012,Ekonomska Istrazivanja,Article,25,0,0.09249898077023022,0.00855606144353142
Features and Challenges of Agritourism: Evidence from Iran and Poland,2022,Sustainability (Switzerland),Article,25,3,0.04699860718183465,0.0030580750721587373
Exploring the gendered tourism entrepreneurial ecosystem in Barcelona and responses required: a feminist ethic of care,2024,Journal of Sustainable Tourism,Article,25,6,0.2041643869529218,0.04172527680976773
Community inclusion in tourism development: young people’s social innovation propositions for advancing sustainable tourism,2025,Tourism Recreation Research,Article,25,2,0.06088037133362274,0.006957396584123657
University Incubator Support and Entrepreneurial Intention among Tourism Graduates: Mediating Role of Personal Attitude,2022,Sustainability (Switzerland),Article,25,6,0.060704393423741204,0.004662114558301514
Historical limits: Narrowing possibilities in 'Ontario's most historic town',2010,Canadian Geographer,Article,25,4,0.1279392569677101,0.017818158523610503
"The emergence of ""small-scale"" sport events in ""small island"" developing states: Towards creating sustainable outcomes for island communities",2016,Event Management,Article,25,1,0.19009098116057804,0.03835059820905795
Impact of Mobile Applications on Tourism Development in Uzbekistan,2024,Indian Journal of Information Sources and Services,Article,25,5,0.10563780231198446,0.013441550347296896
The implication of technological innovation and tourism development on FDI-growth-environment nexus in Association of Southeast Asian countries: a simultaneity modeling analysis,2021,"Energy Sources, Part B: Economics, Planning and Policy",Article,25,7,0.09682990676248253,0.010038316674450076
The potential for Appreciative Inquiry in tourism research,2008,Current Issues in Tourism,Article,25,0,0.036729095093828844,0.0018653334158282436
Rejuvenating Outback Tourism through Market Diversification: The Case of the Flinders Ranges in South Australia,2011,International Journal of Tourism Research,Article,25,0,0.09457143522252302,0.008943756360047869
Measuring Sustainable Tourism Lifestyle Entrepreneurship Orientation to Improve Tourist Experience,2023,Sustainability (Switzerland),Article,25,6,0.056046456575008924,0.005870916473077146
Stakeholders’ perceptions of sustainable entrepreneurship within the context of a developing economy,2023,Journal of Small Business Management,Article,25,7,0.05788358871813089,0.00762427882691935
The behaviour of tourism firms in the area of innovativeness,2015,Economic Research-Ekonomska Istrazivanja ,Article,25,0,0.058540903750179035,0.0035019922150643394
GREEN HRM AND GREEN COMPETITIVE ADVANTAGE IN HOTEL AND TOURISM INDUSTRY: A MEDIATED MODERATION MODEL USING ECO-INNOVATION AND GREEN PSYCHOLOGICAL CLIMATE,2024,Geojournal of Tourism and Geosites ,Article,25,7,0.05790808621379963,0.004207447493147746
Integrating the carrying capacity methodology into tourism strategic plans: A sustainable approach to tourism,2020,International Journal of Sustainable Development and Planning,Article,24,7,0.16017250117032364,0.027032072670823932
"Residents' attitudes toward tourism development in Shandong, China",2010,"International Journal of Culture, Tourism and Hospitality Research",Article,24,2,0.04093937701018023,0.0031862701179169372
"Multi-Stakeholder Analysis in Building Tourism Resilience: Collaborative Governance Implementation in the Majapahit House Heritage Area, Indonesia",2025,Tourism and Hospitality,Article,24,4,0.1672425617001787,0.03249960431128863
Conceptualising innovative business models for sustainable sport tourism,2016,International Journal of Sustainable Development and Planning,Article,24,1,0.13170651395186495,0.020307834897933013
National parks and local development in Poland: A municipal perspective,2013,Human Geographies,Article,24,2,0.06453538899448874,0.006104871395225043
"Partnership between a private sector ecotourism operator and a local community in the Okavango Delta, Botswana: The case of the Okavango Community Trust and Wilderness Safaris",2014,Journal of Ecotourism,Article,24,2,0.14780708506445076,0.02209556113688576
Educating winery visitors and consumers: An international perspective,2014,Current Issues in Tourism,Article,24,0,0.0480499653318324,0.0025230759421866495
"The role of the digital economy in tourism: mechanism, causality and geospatial spillover",2024,Empirical Economics,Article,24,5,0.15038963548865286,0.023165089810839312
"Exploring entrepreneurship, innovation and tourism development from a sustainable perspective: Evidence from Greece",2018,Journal for International Business and Entrepreneurship Development,Article,24,7,0.18416432223499127,0.038044096414330535
Ecotourism in crisis: an analysis of the main obstacles for the sector's economic sustainability,2022,Journal of Ecotourism,Article,24,7,0.0954524728378532,0.010358938595494367
Inbound Tourism as a Driving Force for Regional Innovation: A Spatial Impact Study on China,2019,Journal of Travel Research,Article,24,0,0.056425333289855883,0.003289816708463339
Theoretical innovation in Asia Pacific tourism research,2004,Asia Pacific Journal of Tourism Research,Article,24,0,0.030966498736949427,0.0015064249323657217
Consensus and conflict: The socioeconomic challenge facing sustainable tourism development in southern albania?,2000,Journal of Sustainable Tourism,Article,24,7,0.07785714469864445,0.015123803924452974
Telecommunication and tourism development: an island perspective,2019,Tourism Review,Article,23,0,0.06240193541602468,0.004179888436689706
Analysis of the coupled and coordinated development of sports and tourism industries and the driving factors,2023,Scientific Reports,Article,23,1,0.09374211128552953,0.00943393636958638
Innovations in sport management: The role of motivations and value cocreation at public viewing events,2017,Event Management,Article,23,1,0.25341673041251017,0.06433010266489127
The impact of community-based afro-alpine tourism on regional development,2012,Mountain Research and Development,Article,23,2,0.08199999911225689,0.008068994371401059
Research on the influence of digital penetration on the entrepreneurial behavior tendency of rural residents in tourism,2024,"Environment, Development and Sustainability",Article,23,5,0.0961052649427005,0.01737487012249965
The significance of networking and company size in the level of creativeness of tourism companies: Antalya case,2010,European Planning Studies,Article,23,0,0.057152876608720336,0.003477895719520847
Sustainable practices of community tourism planning: Lessons from a remote community,2010,Community Development,Article,23,2,0.18731637513804877,0.03582865791520842
Epistemological issues on sport tourism: Challenge for a new scientific field,2003,Journal of Sport and Tourism,Article,22,1,0.23079241930131142,0.053337824517565254
Leveraging strategies of recurring non-mega sporting events for host community development: a multiple-case study approach,2023,"Sport, Business and Management: An International Journal",Article,22,1,0.18047136081023551,0.045647820407909906
Indigenous perspectives on ecotourism development: A British Columbia case study,2012,Journal of Enterprising Communities,Article,22,4,0.10095736373293665,0.015414328799849419
Crisis Adaptation in a Thai Community-Based Tourism Setting during the COVID-19 Pandemic: A Qualitative Phenomenological Approach,2023,Sustainability (Switzerland),Article,22,2,0.1366616112388677,0.020304843431403135
Augmented Reality and Tourism: A Bibliometric Analysis of New Technological Bets in the Post-COVID Era,2023,Sustainability (Switzerland),Review,22,5,0.06966594730231462,0.007703363234892308
Open innovation in the tourism field: A systematic literature review,2024,"Journal of Open Innovation: Technology, Market, and Complexity",Article,22,5,0.07729369041249183,0.011040052157703335
Optimization model: the innovation and future of e-ecotourism for sustainability,2025,Journal of Tourism Futures,Article,22,5,0.08048315509330382,0.012692063274945282
"An Overview of Sustainable Entrepreneurship in Tourism, Destination, and Hospitality Research Based on the Web of Science",2022,Sustainability (Switzerland),Article,22,7,0.07179919633133894,0.008766630472337177
Enhancing sustainable heritage tourism in Egypt: Challenges and framework of action,2015,Journal of Heritage Tourism,Article,22,4,0.14130893470433506,0.02267947499998022
"Geomorphosites Assessment in Karst Terrains: Anina Karst Region (Banat Mountains, Romania)",2017,Geoheritage,Article,22,4,0.06360451227661067,0.004149657767738725
"Theorizing and contextualizing protected areas, tourism and community livelihoods linkages",2022,Journal of Sustainable Tourism,Article,22,2,0.10160154585857359,0.01162870228949989
Toward sustainable tourism: Insights from green financing and renewable energy,2025,Energy Strategy Reviews,Article,22,7,0.17033432260034856,0.029013781455719614
Scale development for the practices involved in creating value propositions in the exhibition industry: Service-dominant logic with a mixed-methods approach,2023,Tourism Management,Article,22,0,0.03338202160667761,0.0013823732548719325
Sustainable entrepreneurship in tourism: The interaction between tourism enterprise and community,2024,Journal of Hospitality and Tourism Management,Article,22,7,0.11070251428021183,0.02336994716137763
"‘Be global, go local’–innovation and creativity in the development of alternative guiding services in Budapest",2017,Journal of Tourism and Cultural Change,Article,22,0,0.054692188841151984,0.003568399085114094
Preservation of Malaysian handicraft to support tourism development,2017,International Journal of Entrepreneurship and Small Business,Article,22,3,0.06032186205122793,0.007638484259112223
Veza: An informal network of tourism entrepreneurs,2019,Annals of Tourism Research,Article,22,6,0.070807822202601,0.007238834709670711
"Government investment, level of marketization and high-quality tourism development",2024,International Review of Economics and Finance,Article,22,0,0.02949126797268774,0.001543655208616458
Article evaluate on the decoupling of tourism economic development and ecological-environmental stress in China,2021,Sustainability (Switzerland),Article,21,7,0.08342243210624252,0.007375892066512835
Exploring applied sustainable strategies through geoheritage and geotourism: A systematic literature review,2024,International Journal of Geoheritage and Parks,Review,21,7,0.11989010790843281,0.015317476707954393
The development of digital tourism in China,2024,Cogent Social Sciences,Review,21,5,0.2837629150411993,0.0805213919526789
Challenges of community participation in community-based tourism in rural areas,2020,WIT Transactions on Ecology and the Environment,Article,21,2,0.2171976517431562,0.05626978547470278
Strengthening of Community Tourism Enterprises as a Means of Sustainable Development in Rural Areas: A Case Study of Community Tourism Development in Chimborazo,2022,Sustainability (Switzerland),Article,21,2,0.160047890762798,0.028560472209223524
Asset-based community development as applied to tourism in Tibet,2014,Tourism Geographies,Article,21,2,0.10952139894863451,0.013227651915482475
Oleotourism: A comparison of three mediterranean countries,2020,Sustainability (Switzerland),Article,21,0,0.045573909003119875,0.0055629669269386655
Environmental regulation and tourism industry development: evidence from China,2023,Environmental Science and Pollution Research,Article,21,7,0.07461614216601409,0.007154893671970239
"Leveraging Technological Innovation, Renewable Energy, and Forest Management to Overcome Barriers and Achieve Sustainable Development Goal 13 (Climate Action) in G-7 Countries",2025,Sustainable Development,Article,21,7,0.16964229218790608,0.028898090719197283
Sustainable tourism action plan in the mediterranean coastal areas,2017,International Journal of Sustainable Development and Planning,Article,21,7,0.16114024276901864,0.03194015466213917
Community-Based ecotourism and bushmeat consumption dynamics: Implications for conservation and community development,2022,Journal of Sustainable Tourism,Article,21,2,0.14128902649383515,0.020335578540550254
"The Future Is in Sustainable Urban Tourism: Technological Innovations, Emerging Mobility Systems and Their Role in Shaping Smart Cities",2025,Urban Science,Article,21,5,0.2364273646358394,0.05622307870586925
Practical implications and future research directions for international sports management,2011,Thunderbird International Business Review,Article,21,1,0.21732039919156465,0.04739331881771305
Fostering tourism and entrepreneurship in fringe communities: Unpacking stakeholder perceptions towards entrepreneurial climate,2020,Tourism and Hospitality Research,Article,21,2,0.145697026844752,0.023577961528791862
A new look to the tourism and economic growth nexus: A clustering and panel causality analysis,2023,World Economy,Article,21,7,0.04854280595026752,0.004384967599733657
"Peripheral tourism trajectories: Evidence from the King Sabata Dalindyebo municipality, South Africa",2019,Geojournal of Tourism and Geosites ,Article,21,0,0.0438290070864945,0.002325848001117167
Risk Types and Coping Mechanisms for Ethical Tourism Entrepreneurs: A New Conceptual Framework,2020,Journal of Travel Research,Article,21,6,0.06382741697449253,0.004997326276036346
The connection between recreational fishing and the traditional fishing sector in the emerging area of marine tourism: Challenges and opportunities for diversification with the european fisheries fund (EFF),2021,ICES Journal of Marine Science,Article,21,0,0.026191151032529364,0.001039341062274724
"Accelerating tourism development by community preparedness on disaster risk in Lombok, Indonesia",2020,Geojournal of Tourism and Geosites ,Article,21,2,0.056202504287912756,0.0034277314286466063
A technology-based innovation adoption and implementation analysis of european smart tourism projects: Towards a smart actionable classification model (sacm),2021,Sustainability (Switzerland),Article,21,5,0.20937721236315007,0.04425127498584131
EXPLORING THE ROLE OF FEMALE EMPOWERMENT IN SUSTAINABLE RURAL TOURISM DEVELOPMENT: AN EXPLORATORY SEQUENTIAL MIXED-METHOD STUDY,2023,International Journal of Professional Business Review,Article,20,6,0.31637118305553863,0.12777477519588104
"Navigating digital transformation and business model innovation in the tourism sector: challenges opportunities, and leadership styles",2024,Measuring Business Excellence,Article,20,5,0.13016508626266063,0.019052930518253623
Sustainable Tourism and Its Environmental and Economic Impacts: Fresh Evidence from Major Tourism Hubs,2025,Sustainability (Switzerland),Article,20,7,0.20503908082726144,0.04227721670886734
Coastal Urban Planning in The ‘Green Republic’: Tourism Development and the Nature–Infrastructure Paradox in Costa Rica,2018,International Journal of Urban and Regional Research,Article,20,7,0.09209856464032755,0.012473599284419793
"Multi-level governance of low-carbon tourism in rural China: policy evolution, implementation pathways, and socio-ecological impacts",2024,Frontiers in Environmental Science,Article,20,7,0.14528459825326748,0.039706537730095304
"Social innovations in tourism: Analysing processes, actors, and tipping points",2023,Tourism Geographies,Article,20,0,0.061927023241555954,0.004437048327709536
"Market structures, strategy and innovation in tourism sector",2014,"International Journal of Culture, Tourism, and Hospitality Research",Article,20,0,0.09659180693224176,0.009339932785607758
Economic and social resilience accounts for the recovery of Ibiza’s tourism sector,2021,Tourism Geographies,Article,20,0,0.07439794101366035,0.007497777079588586
Purchasing protection: outdoor companies and the authentication of technology use in nature-based tourism,2021,Journal of Sustainable Tourism,Article,20,7,0.03175954781476065,0.001876254112476707
"Engaging stakeholders in cultural tourism Living Labs: A pathway to innovation, sustainability, and resilience",2024,Technology in Society,Article,20,4,0.11127920708631663,0.02492503538998656
Antecedents and consequences of community-based tourism in border district of Jammu and Kashmir,2022,International Journal of Tourism Cities,Article,20,2,0.17208793933478503,0.030379399724016955
The role of a national park in classifying mountain tourism destinations: An exploratory study of the Italian Western Alps,2019,Journal of Mountain Science,Article,20,2,0.050351890104279276,0.00628556208007374
Digital innovations in tourism: the perceptions of stakeholders,2023,Worldwide Hospitality and Tourism Themes,Article,20,5,0.17569239560677777,0.03193896930072865
Leveraging sport mega events for international entrepreneurship,2019,International Entrepreneurship and Management Journal,Article,20,1,0.17536862276620843,0.03216423990082102
The rhythms of canal tourism: Synchronizing the host-visitor interface,2020,Journal of Rural Studies,Article,20,4,0.04294855141495911,0.00343179540272199
Collaborative Innovation or Opportunistic Behavior? Evidence from the Relational Governance of Tourism Enterprises,2020,Journal of Travel Research,Article,20,0,0.03532658991004906,0.0014899605833557275
The Relationship between Form and Ritual in Cultural Sustainability,2022,Sustainability (Switzerland),Article,20,4,0.1885244456453929,0.03610577041846514
Casino Gaming and Crime: Comparisons among Gaming Counties and Other Tourism Places,2011,Journal of Travel Research,Article,20,3,0.033967914195196985,0.002122816579968831
"Creative periphery syndrome? Opportunities for sustainable tourism innovation in Timor-Leste, an early stage destination",2018,Tourism Recreation Research,Article,20,7,0.11057646374398587,0.015995360922013594
Competitiveness and innovation: effects on prosperity,2019,Anatolia,Article,20,0,0.08189651319949055,0.0070271736923585605
Sport tourism: An opportunity for local regions in a global context. A Delphi study; [Turismo deportivo: Una oportunidad para los territorios locales en un contexto global. Un estudio Delphi],2021,Retos,Article,20,1,0.20804747773819224,0.04362745483705727
Residents' perception of tourist development and the environment: A study from Morocco,2009,International Journal of Sustainable Development and World Ecology,Article,20,2,0.0598924505760582,0.0040685181062259405
"From local promotion towards regional tourism policies: Knowledge processes and actor networks in North Jutland, Denmark",2009,European Planning Studies,Article,19,0,0.12005209223190967,0.01445599792640212
Political and historical determinants of the differentiation of entrepreneurial ecosystems of agritourism in poland and kazakhstan,2021,Sustainability (Switzerland),Article,19,0,0.04012168413124517,0.0028245178113034675
"Bird Photography Tourism, Sustainable Livelihoods, and Biodiversity Conservation: A Case Study from China",2021,Mountain Research and Development,Article,19,2,0.10429367637769164,0.01509549605937515
Wellness and equestrian tourism – new kind of adventure?,2018,Scandinavian Journal of Hospitality and Tourism,Article,19,0,0.02751336027595406,0.0007683046945607848
Rural development by stimulating agro-tourism activities,2020,International Journal of Management,Article,19,3,0.11048369829659149,0.013573309904645312
Application of Big Data Technology in the Impact of Tourism E-Commerce on Tourism Planning,2021,Complexity,Article,19,5,0.07446625459075418,0.006451279942190986
"Environmental change impacts and inclusive rural tourism development on the livelihoods of native societies: evidence from Musina Municipality, South Africa",2024,International Journal of Ethics and Systems,Article,19,3,0.1438254267370813,0.029206186684627173
Macroeconomic Drivers of Sustainable Tourism Development in Bangladesh: An ARDL Bounds Testing Approach,2025,Sustainable Development,Article,19,7,0.1671643420658634,0.028597678408391825
"Exploring sustainability oriented innovations in tourism: insights from ecological modernization, diffusion of innovations, and the triple bottom line",2025,Cogent Social Sciences,Article,19,7,0.1742888356975434,0.03186534028984648
Benchmarking innovations and new practices in rural tourism development: How do we develop a more sustainable and responsible rural tourism in Asia?,2015,Worldwide Hospitality and Tourism Themes,Review,19,3,0.16885664353666976,0.030640234545784305
Sustainability development and competitiveness of Rome as a tourist destination,2015,Tourism and Hospitality Management,Article,19,0,0.1030066708889356,0.01203498679454207
The role of geodiversity and geoheritage in tourism and local development,2023,Geological Society Special Publication,Article,19,4,0.043373235824666276,0.0029226441985407306
Sustainable Development of the Tourism Sector of the Republic of Armenia in the Context of an Innovative Economy,2023,Springer Climate,Book chapter,19,7,0.1552765744114269,0.025522793394678778
An importance-performance analysis of destination competitiveness factors: case of Jablanica district in Serbia,2018,Economic Research-Ekonomska Istrazivanja ,Article,19,0,0.07427081594678525,0.005516522666601414
Mechanisms and effects of the sustainable integration of digital-driven rural cultural tourism from the perspective of symbiosis,2025,Sustainable Futures,Article,19,4,0.10097752761718017,0.030493006089072267
An experience of tourism development: How is the strategy?,2020,Journal of Environmental Management and Tourism,Article,19,2,0.06829658629196242,0.008357631347384889
Quality-of-life values among stakeholders in tourism destinations: A tale of converging and diverging interests and conflicts,2012,Handbook of Tourism and Quality-of-Life Research: Enhancing the Lives of Tourists and Residents of Host Communities,Book chapter,19,0,0.06816909917715212,0.005817044619498368
Clashing worldviews: Sources of disappointment in rural hospitality and tourism development,2012,Hospitality and Society,Article,19,3,0.08362904642125688,0.009553556031398552
Measuring residents’ perceptions of corporate social responsibility at small-and medium-sized sports events,2020,International Journal of Environmental Research and Public Health,Article,19,1,0.22928136004815872,0.0541850082620578
Tourism as a key for regional revitalization?: A quantitative evaluation of tourism zone development in japan,2021,Sustainability (Switzerland),Article,19,0,0.03426479129129452,0.0014395667724942866
Uses of tourism resources for educational and community development: A systematic literature review and lessons,2024,Tourism Management Perspectives,Article,19,2,0.11957400246152447,0.014559791212537835
The 2012 London Olympics: innovations in ICT and social media marketing,2016,"Innovation: Management, Policy and Practice",Article,19,1,0.14633381096660744,0.024064989478549778
Nature and Impacts of Tourism Development Facilities and Activities on the Livelihoods of Communities in Musina Municipality,2023,Tourism Planning and Development,Article,19,2,0.08925376637664356,0.010030169141292487
Digital resurrection technology in destination promotion,2025,Annals of Tourism Research,Article,19,5,0.0726686905033318,0.005614853988166365
How smart city construction affects destination tourism efficiency,2024,Tourism Economics,Article,19,5,0.10791601789516424,0.013769125792770058
Local government and tourism development: Issues and constraints of public sector entrepreneurship,2000,New Zealand Geographer,Article,19,0,0.05899024993151628,0.005709345883068718
Hotel ICON: towards a role-model hotel pioneering sustainable solutions,2020,Asia Pacific Journal of Tourism Research,Article,19,7,0.06438170060847496,0.006509344941512434
Study on the evolutionary characteristics of the spatial association network of tourism eco-efficiency and its formation effect in China,2025,Journal of Environmental Management,Article,18,7,0.06687071117947015,0.006853734138245569
"Intersectoral local development in Italy: the cultural, creative and tourism industries",2017,"International Journal of Culture, Tourism, and Hospitality Research",Article,18,4,0.09940914063465449,0.012299599464720843
Rural destination development contributions by outdoor tourism actors: A Bornholm case study,2022,Tourism Geographies,Article,18,3,0.07924099388544818,0.009764845525389044
Does the trade of aviation emission permits lead to tourism-led growth and sustainable tourism?,2021,Transport Policy,Article,18,7,0.08400987226981274,0.00709880005728042
Influence of residents’ perception of tourism’s impact on supporting tourism development in a GIAHS site: The mediating role of perceived justice and community identity,2021,Land,Article,18,2,0.10194128763902223,0.01127372201388138
Vulnerable Geosites of Çayırbağı-Çalköy (Düzköy-Trabzon) in the Eastern Black Sea Region of NE Turkey and Their Geotourism Potential,2019,Geoheritage,Article,18,4,0.05407419431777614,0.004145074592547863
A FRAMEWORK FOR ASSESSING WELLNESS TOURISM DESTINATION COMPETITIVENESS: A PERSPECTIVE FROM THE WELLNESS TOURISM CLUSTERS IN THAILAND,2023,Geojournal of Tourism and Geosites ,Article,18,0,0.04717174507133358,0.002226266129874284
West indies world cup cricket: Hallmark events as catalysts for community tourism development,2005,Journal of Sport and Tourism,Article,18,2,0.11808149858118205,0.022703366666153454
Strategic Management of the Malaga Brand through Open Innovation: Tourists and Residents’ Perception,2022,"Journal of Open Innovation: Technology, Market, and Complexity",Article,18,0,0.07365736139638014,0.006219081627276223
International tourism development in the digital economy era: the role of ICT services and digital finance,2025,Kybernetes,Article,18,5,0.14532889622935877,0.021474953592398247
A GIS-based Methodology to Explore and Manage the Historical Heritage of Rabat City (Morocco),2022,Journal on Computing and Cultural Heritage,Article,18,4,0.18474335519125062,0.03430185337017665
"Non-Uniform Distribution of Geoheritage Resources in Geoparks—Problems, Challenges and Opportunities",2024,Resources,Article,18,7,0.04097496274600141,0.0035795231029832593
Development of a cycle-tourism strategy in Greece based on the preferences of potential cycle-tourists,2020,Sustainability (Switzerland),Article,18,0,0.03664051253537708,0.0016595380954678536
"Tourism Development, Foreign Direct Investment, and Environmental Sustainability: How Green Technology Innovations Make a Difference",2025,SAGE Open,Article,18,7,0.1270428387067769,0.016506850042536037
"Globalisation, crafts, and tourism microentrepreneurship in the South Pacific: economic and sociocultural dimensions",2023,Journal of Heritage Tourism,Article,18,0,0.05397881494153297,0.0032973354404972513
"Reflections on the participation of Muslim women in disability sport: hijab, Burkini®, modesty and changing strategies",2011,Sport in Society,Article,18,6,0.26144797122689445,0.0786999648498246
Geomorphosites as Geotouristic Resources: Assessment of Geomorphological Heritage for Local Development in the Río Lobos Natural Park,2024,Land,Article,18,4,0.07809253221432895,0.007279548997488549
A meta-analytic investigation of innovation predictors in tourism and hospitality organizations,2024,Tourism Management,Article,18,0,0.06451657337814236,0.0048580164532594
"Innovation, Tourism and Destination Development: Dolnośląskie Case Study",2014,European Planning Studies,Article,18,0,0.0641713989698265,0.006371645281408135
International tourism entrepreneurs in Swedish peripheries: Compliance and collision with public tourism strategies,2019,Regional Science Policy and Practice,Article,18,0,0.04961477858367439,0.005433483385482897
Mobile application features effects on the application's engagement and intention for continuing use in tourism,2023,Asia Pacific Journal of Tourism Research,Article,18,5,0.04670849737174516,0.0030432069075741683
Post-independence challenges for Caribbean tourism development: a solution-driven approach through Agenda 2030,2023,Tourism Review,Article,17,7,0.1203865580575374,0.015255078274961016
"Low-Carbon Transformation of Tourism in Characteristic Towns Under the Carbon Neutral Goal: A Three-Dimensional Mechanism Analysis of Tourists, Residents, and Enterprises",2025,Sustainability (Switzerland),Article,17,7,0.08901124578929111,0.009464259044355586
"Agrotourism as peripheral and ultraperipheral community livelihoods diversification strategy: Insights from the Okavango Delta, Botswana",2023,Journal of Arid Environments,Article,17,3,0.05131546145544733,0.005353170900214218
Sustainable Tourism Performance Through Green Talent Management: The Mediating Power of Green Entrepreneurship and Climate,2024,Sustainability (Switzerland),Article,17,7,0.10266613779427582,0.011161687627770155
Embracing the industrial revolution: the impact of technological advancements and government policies on tourism development in Oman,2026,"Journal of Policy Research in Tourism, Leisure and Events",Article,17,5,0.08355205929534876,0.011489589826712375
MMKG-PAR: Multi-Modal Knowledge Graphs-Based Personalized Attraction Recommendation,2024,Sustainability (Switzerland) ,Article,17,7,0.041450119001740914,0.003516123997443887
Sustainable Development and Tourism: A Review of the Literature in WoS from 2001 to 2020,2023,Sustainability (Switzerland),Article,17,7,0.23027283737431656,0.05698125591045296
Testing the accuracy of event economic impact forecasts,2012,International Journal of Event and Festival Management,Article,17,1,0.09302669825633793,0.008921356366141237
Envisioning the future of agri-tourism in Ukraine: from minor role to viable farm households and sustainable regional economies,2024,Journal of Rural Studies,Article,17,7,0.03841238611424096,0.0037187717844328443
"Adaptive evolution and dynamic mechanism of resort socioecological system in tourism cities: The case of Qinhuangdao, China",2024,Habitat International,Article,17,5,0.045272018746960074,0.005230911148792912
"TOWARDS A DEVELOPMENT MODEL of LOCAL CULTURAL TOURISM through the INVOLVEMENT of LOCAL ACTORS (PROVINCE of CONSTANTINE, ALGERIA)",2022,Geojournal of Tourism and Geosites ,Article,17,4,0.20277898931163635,0.04166411353985551
"Agritourism and Rural Development: A Global Bibliometric Analysis of the State of Research, Limitations, and Future Directions",2025,Agriculture (Switzerland),Article,17,3,0.15742497446827458,0.031017680659728684
"Socio-ecological resilience to climate change effects in peri-urban areas: insights from the Pugu and Kazimzumbwi forest reserves of Dar es Salaam, Tanzania",2021,GeoJournal,Article,17,7,0.04527018642366969,0.003690125893230021
"Community-based tourism planning: An application of the APPA Approach to Ansted, West Virginia",2011,Tourism Analysis,Article,17,2,0.15819317373136074,0.027605810208426586
Community participation of cultural heritage tourism from innovation system perspective,2012,International Journal of Services Technology and Management,Article,17,4,0.26010117444520275,0.07107637070665541
"From cultural building, economic revitalization to local partnership? the changing nature of community mobilization in Taiwan",2011,International Planning Studies,Article,17,2,0.19048045153491738,0.037137363401996096
Using Choice Modeling to estimate the effects of environmental improvements on local development: When the purpose modifies the tool,2014,Ecological Economics,Article,17,0,0.045350276494109505,0.003290059470517999
Tourism industry and employment generation in emerging seven economies: evidence from novel panel methods,2023,Economic Research-Ekonomska Istrazivanja ,Article,17,0,0.06512137377474311,0.004974555707562892
"Tourism, property and the management of change in coastal resorts: Perspectives from South West England",2006,Current Issues in Tourism,Article,17,0,0.04267834829802571,0.0020938216857639405
The impact of culture on small tourism businesses’ access to finance: the moderating role of gender inequality,2024,Journal of Sustainable Tourism,Article,17,6,0.08415096292726329,0.007626135504394425
Integrating Social Media-Driven Service Innovation and Sustainable Leadership: Advancing Sustainable Practices in Tourism and Hospitality,2025,Sustainability (Switzerland),Article,17,7,0.1619822073093738,0.028720779016095772
"Social Innovations for Resilience—Local Tourism Actor Perspectives in Kemi, Finland",2022,Tourism Planning and Development,Article,17,0,0.04043575387202305,0.0032476772077894354
Film Tourism Town and Its Local Community,2017,International Journal of Hospitality and Tourism Administration,Article,17,2,0.11277687787348385,0.012888263416258068
Permaculture and downshifting-sources of sustainable tourism development in rural areas,2021,Sustainability (Switzerland),Article,17,3,0.24755000397815108,0.0686022485492954
Methodological Proposal about the Role of Landscape in the Tourism Development Process in Rural Areas: The Case of Molise Region (Italy),2017,European Countryside,Article,17,3,0.10053343049386353,0.011910565641354912
Unlocking sustainable tourism: Exploring the drivers and barriers of social innovation in community model destinations,2025,Journal of Destination Marketing and Management,Article,17,7,0.11547792407515041,0.022182751641559553
Engaging residents in planning for sustainable rural-nature tourism in post-communist Poland,2010,Community Development,Article,17,2,0.11693737972936337,0.019146183205382708
Enhancing territorial capital for developing mountain areas: The example of trentino and its use of medicinal and aromatic plants,2013,Acta Geographica Slovenica,Article,17,4,0.11881384388749112,0.025966192950161178
Do tourists notice social responsibility information?,2020,Current Issues in Tourism,Article,17,0,0.023074687341530876,0.0012695774954340454
Peer-to-peer capacity-building in tourism: Values and experiences of field-based education,2010,Development Southern Africa,Article,17,7,0.060711968327312245,0.004467585419049518
Assessment of the natural-cultural resources in Çanakkale for nature-based tourism,2008,"Environment, Development and Sustainability",Article,17,4,0.061443832385475704,0.0047825697915561075
The evolution of Chinese border tourism policies: an intergovernmental perspective on border tourism in Xishuangbanna,2022,Asia Pacific Journal of Tourism Research,Article,17,7,0.037187948843649274,0.0024901558935949996
"Social determinants of the alternative tourism viability in Atlautla, a rural community of the Center of Mexico; [Determinantes sociales de la viabilidad del turismo alternativo en Atlautla, una comunidad rural del Centro de México]",2016,Investigaciones Geograficas,Article,16,2,0.12026587556853044,0.01997372267660095
Digital technologies for sustainable agritourism and human development,2024,Agritourism for Sustainable Development: Reflections from Emerging African Economies,Book chapter,16,5,0.09948893275110166,0.015932060079932392
"Spatial Spillover and Threshold Effects of High-Quality Tourism Development on Carbon Emission Efficiency of Tourism under the “Double Carbon” Target: Case Study of Jiangxi, China",2023,Sustainability (Switzerland),Article,16,7,0.08540410119800572,0.00741657477053554
Tourism development and adaptation to climate change through legal constraint,2018,Worldwide Hospitality and Tourism Themes,Article,16,0,0.042223059397129586,0.002484163858926601
Ecological Civilization and High-Quality Development: Do Tourism Industry and Technological Progress Affect Ecological Economy Development?,2023,International Journal of Environmental Research and Public Health,Article,16,7,0.10423044156820375,0.013378416947090278
Is the digital economy empowering high-quality tourism development? A theoretical and empirical research from China,2024,PLoS ONE,Article,16,5,0.0887254703986048,0.009798813974616053
Economic valuation of a medium-sized sporting event: Impact of the Spanish swimming championship,2018,Journal of Physical Education and Sport,Article,16,1,0.2114887332051999,0.045080807726672514
Evaluating the tourism green productivity and its driving factors in the context of climate change,2024,Tourism Economics,Article,16,7,0.07192698702363175,0.006877427416798001
Designing Innovative Assistive Technology Devices for Tourism,2022,International Journal of Environmental Research and Public Health,Review,16,5,0.040185205930174356,0.0021600818239916756
"Country performance analysis of swiss tourism, leisure and hospitality management research",2021,Sustainability (Switzerland),Article,16,7,0.03404393737449897,0.002428904868021174
"Economic contribution of active sport tourism: The case of four sport activities in Messinia, Greece",2014,Journal of Sport and Tourism,Article,16,1,0.21118998768211708,0.04538025621340181
Responsible Leadership and Innovation during COVID-19: Evidence from the Australian Tourism and Hospitality Sector,2023,Sustainability (Switzerland) ,Article,16,7,0.07170709307996088,0.007395867793666175
Realizing common prosperity: The action logic of social entrepreneurship community mobilization in rural tourism,2022,Elementa,Article,16,3,0.13173861324222486,0.03363107896219189
A Systematic Review of Iranian Research in the Field of Geotourism Studies,2020,Geoheritage,Review,16,4,0.034862874419361825,0.0016863997774799087
"Capacity-, system- and mission-oriented innovation policies in tourism–characteristics, measurement and prospects",2020,"Journal of Policy Research in Tourism, Leisure and Events",Article,16,0,0.0456340872092636,0.002833808154582052
"Entrepreneurship, sport, sustainability and integration: A business model in the low‐season tourism sector",2021,Social Sciences,Article,16,6,0.16702096217693593,0.04035604884814061
"Role of Innovation, Policy, Social Media, and Environmental Munificence for Sustainable Ecotourism Development in Punjab, India",2024,Sustainability (Switzerland),Article,16,7,0.14399168516665298,0.021638630283213754
From mass tourism to sustainable tourism: A comparative case study of the Island of BraČ; [Vom massen-zum nachhaltigen tourismus: Eine vergleichende fallstudie der insel brač]; [Od masovnog prema održivom turizmu: Komparativna studija slučaja otoka brača],2016,Socijalna Ekologija,Article,16,2,0.1186612455327265,0.01769431062763757
A bibliometric and visualization analysis of Artisan entrepreneurship,2025,Technology Analysis and Strategic Management,Article,16,6,0.08366775604535247,0.008391191353085166
A study of digital marketing tools usage habits among Hungarian tourists,2020,Geojournal of Tourism and Geosites ,Article,16,5,0.11917708442857759,0.014782549602911806
Rural tourism and evolving identities of Chinese communities in forested areas,2024,Journal of Sustainable Tourism,Article,16,3,0.15424468239603706,0.028425464708573007
Low-carbon strategy and tourism development,2024,Current Issues in Tourism,Article,16,7,0.08299312800282659,0.008503123589966985
Pajala as a literary place: In the readings and footsteps of mikael niemi,2011,Journal of Tourism and Cultural Change,Article,16,0,0.04935333295710781,0.0038696098490433586
When hosts meet guests: Local residents' identity construction amidst rural tourism gentrification,2025,Annals of Tourism Research,Article,16,2,0.08226004701725206,0.013278770765790437
"The role of actors’ cooperation, local anchoring and innovation in creating culinary tourism experiences in the rural slovenian mediterranean; [Pomen sodelovanja akterjev, vpetost v lokalno okolje in inovativnost pri ustvarjanju kulinaričnih turističnih izkušenj na ruralnem slovenskem sredozemlju]",2019,Geografski Vestnik,Article,16,3,0.07105263475957033,0.00752493692270589
"Profiling entrepreneurial behaviour based on demographic variables: Tourism-related entrepreneurs in mtubatuba local municipality, South Africa",2020,Geojournal of Tourism and Geosites ,Article,16,6,0.05230523980807545,0.0042692704815068365
Revisiting tourism regional economic impact: Accounting for secondary household employment,2007,Review of Regional Studies,Article,16,2,0.03987903712300768,0.0026422028272357007
Sport tourism and local economic development: The importance of an initial diagnosis of supplier’s geographical concentration: A case study of France,2003,Journal of Sport and Tourism,Article,15,1,0.18601439342036946,0.03607383687639247
Sustainable tourism development in Thailand: The role of agricultural tourism and government support for SMEs,2025,Sustainable Futures,Article,15,7,0.10943182709133144,0.015607108604218168
Home stay accommodation for tourism development in east coast economic region,2012,American Journal of Applied Sciences,Article,15,0,0.03313711081973851,0.0019843751868525443
"Exploring Tourism Efficiency and Its Drivers to Understand the Backwardness of the Tourism Industry in Gansu, China",2022,International Journal of Environmental Research and Public Health,Article,15,7,0.03448444129307576,0.0025346870495922377
The Challenge of Tourism in Terraced Landscapes,2019,Environmental History (Netherlands),Book chapter,15,4,0.03651785523346354,0.003315797808848521
"A global perspective of the role of domestic economic, financial and political risks in inbound tourism",2023,International Journal of Emerging Markets,Article,15,7,0.11546817565579345,0.01501497173905569
The Green and Low-Carbon Development Effect of Comprehensive Sports Events: A Quasi-Natural Experiment From China,2022,Frontiers in Environmental Science,Article,15,1,0.17000438006178148,0.03468919730888927
Construction of nautical tourism ports as an incentive to local development,2016,Environmental Engineering and Management Journal,Article,15,0,0.03232403431136585,0.0011110836455337485
Tourism in Trinidad and Tobago: Carving a niche in a petroleum-based economy,2008,International Journal of Tourism Research,Article,15,0,0.07341355288026002,0.007398718779138879
"Increasing livestock grazing, the unintended consequence of community development funding on giant panda habitat",2021,Biological Conservation,Article,15,2,0.058936434157295894,0.003845526502403133
Politicians’ perspective on the community-related impacts of major sports events–a case study for Innsbruck-Tyrol,2017,Sport in Society,Article,15,1,0.19182693713953072,0.0429409183985985
Heritage tourism and inherited institutional structures: The case of Falun Great Copper Mountain,2011,Scandinavian Journal of Hospitality and Tourism,Article,15,4,0.18689200134704895,0.03594944652078774
Cloning animals for tourism in the year 2070,2018,Futures,Article,15,0,0.03176894311921491,0.0018578774161252564
Stakeholders’ Collaboration in the Development of an Authentic Gastronomic Offering in Rural Areas: Example of the Ravni Kotari Region in Croatia,2023,Sustainability (Switzerland),Article,15,3,0.10002268763987283,0.01154683834734917
The Planning of Tourism on Rural Areas: The Stakeholders' Perceptions of the Boticas Municipality (Northeastern Portugal),2017,European Countryside,Article,15,3,0.09223672610275342,0.01245790340973579
Usability analysis of andalusian spas’ websites,2021,Sustainability (Switzerland),Article,15,5,0.03968467309370013,0.003985801699157963
The Impact of Socio-Economic Factors on the Development of Rural Tourism: Italian Case Based on a Regional Analysis,2025,Tourism and Hospitality,Article,15,3,0.2923248444450237,0.08934439168592319
Use of advanced measurement and reality technologies in cultural heritage sites from the perspective of technology and tourism,2025,Current Issues in Tourism,Review,15,5,0.13155453498669176,0.026588615798054827
Community-based tourism and entrepreneurship: towards a model for poverty alleviation and sustainable development,2022,Journal of Tourism and Development,Article,15,2,0.08629582870034017,0.017421839710752764
Forest and tourism: Economic evaluation and management features under sustainable multifunctionality,2009,IForest,Article,15,7,0.05153720531947875,0.004572816040361192
Heritage resources and the development of tourist areas in the High Atlas and southern regions of Morocco; [Ressources patrimoniales et développement des territoires touristiques dans le Haut Atlas et les régions sud du Maroc],2014,Revue de Geographie Alpine,Article,15,4,0.09605922992070247,0.011997717868841514
"Golden geese or white elephants? The paradoxes of world heritage sites and community-based tourism development in Agra, India",2011,Community Development,Article,15,2,0.14417447004806383,0.03661526335204282
Limiting factors in the field of business activities in rural tourism,2007,Agricultural Economics,Article,15,3,0.24890524541002276,0.06268418236590613
The Influence of Social Entrepreneurship in Tourism on an Arab Village in Israel,2017,Tourism on the Verge,Book chapter,15,6,0.08434459468052506,0.008800752806830275
Analysis of sport management subjects in university Sports Sciences degrees in Spain,2023,International Journal of Management Education,Article,15,1,0.1808608966396966,0.032920715623407405
The big catch: Negotiating the transition from commercial fisher to tourism entrepreneur in Island environments,2010,Asia Pacific Journal of Tourism Research,Article,15,0,0.05509582300975768,0.004411794221197155
The Practical Application of Sustainable Tourism Development Principles: A Case Study of Creating Innovative Place-Making Tourism Strategies,2008,Tourism and Hospitality Research,Article,15,7,0.15303279057360142,0.024321453514375035
Green Innovation Behavior Toward Sustainable Tourism Development: A Dual Mediation Model,2022,Frontiers in Psychology,Article,15,7,0.1735385141922948,0.03017116129186981
Tourism sustainable practices in rural territories: The case of caretos de podence; [Práticas de Sustentabilidade em Turismo nos Territórios Rurais: Caretos de Podence],2021,Journal of Tourism and Development,Article,15,2,0.1166008287554478,0.03512254978467396
"Women’s Role in Africa’s Tourism Industry: Overcoming Gender Disparities, Empowerment, and Entrepreneurship Challenges at a UNESCO World Heritage Site",2024,Tourism Planning and Development,Article,15,6,0.34584452352154843,0.12323528665096722
Enablers and Barriers of Tourism as a Driver of Economic and Social-cultural Growth in Remote Queensland,2019,Economic Papers,Article,15,2,0.06512640952005919,0.007497168450781604
Aspects to justify public tourism promotion: An economic perspective,2006,Tourism Review,Review,15,0,0.06942388673071662,0.0048414615863962805
Value co-creation in tourism living labs,2024,Journal of Business Research,Article,15,0,0.0402556233836127,0.0026507847242412163
Assets in the age of tourism: the development of heritage planning in Ghanaian policy,2016,Journal of Contemporary African Studies,Article,15,4,0.1912805154082137,0.041179823722723496
The rise of popular tourism in the Holy Land: Thomas Cook and John Mason Cook's enterprise skills that shaped the travel industry,2019,Tourism Management,Article,15,0,0.023315119978516326,0.0006159725895035072
The legacy of war for community-based tourism development: Learnings from Cambodia,2014,Community Development Journal,Article,15,2,0.1270097489177423,0.016133917947722034
"Community-based tourism: A panacea for community development in nqileni village, eastern cape, south africa",2021,Geojournal of Tourism and Geosites ,Article,15,2,0.13890472981532143,0.01929828567260498
Applying Q-methodology to investigate the perception of the social and economic role of the national park by local stakeholders. Cases of national parks in the Carpathians,2023,Journal for Nature Conservation,Article,14,2,0.086166654743161,0.009511629551458265
"Towards Smart Trends for Tourism Development and its Role in the Place Sustainability-Karbala Region, a Case Study",2022,International Journal of Sustainable Development and Planning,Article,14,5,0.18502412427605172,0.03949266620104948
Assessment of changes in environmental factors in a tourism-oriented Island,2023,Frontiers in Public Health,Article,14,7,0.061468348238969274,0.004388426515264619
"Evaluating Local Attractiveness for Tourism and Recreation—A Case Study of the Communes in Brzeski County, Poland",2022,Land,Article,14,0,0.03189593307624259,0.0014568827554710003
The complex governance of protected areas: Insights from geoheritage and geopark management in China,2024,Environmental Policy and Governance,Article,14,7,0.05834186395229032,0.005787816832464905
Institutional barriers to coffee tourism development: insights from Ethiopia – the birthplace of coffee,2021,"International Journal of Culture, Tourism, and Hospitality Research",Article,14,0,0.03855301459231769,0.0020672453044028867
Policy and planning of tourism product development in Thailand: A proposed model,2006,Asia Pacific Journal of Tourism Research,Article,14,0,0.0797228925841101,0.006465117781594941
Assessing the user resistance to recommender systems in exhibition,2017,Sustainability (Switzerland),Article,14,5,0.08979231535052297,0.008918740156467507
Bibliometric mapping of research on magic towns of Mexico,2021,Land,Article,14,4,0.09638228395036481,0.013082203048895819
Community participation as a driver of sustainable tourism. The case of an Italian village: Marettimo Island,2021,Sinergie,Article,14,2,0.15525580318922727,0.02467119662529635
Sports event portfolios: an innovative tool and a new management paradigm,2022,International Journal of Sports Marketing and Sponsorship,Article,14,1,0.18181796145085757,0.03339078180521689
"The influence of tourism revenue sharing constraints on sustainable tourism development: a study of Aksu-Jabagly nature reserve, Kazakhstan",2022,Asian Geographer,Article,14,7,0.0682004851698203,0.008216674944472733
Toward a co-Creation framework for developing a green sports event brand: the case of the 2018 Zürich E Prix,2021,Journal of Sport and Tourism,Article,14,1,0.2553111641220047,0.06594951756099174
Local community entrepreneurship: A case study of the Lenggong Valley,2014,Asian Social Science,Article,14,2,0.11181570029029443,0.020252295622308337
THE STATE OF TOURISM AND COMMUNITY DEVELOPMENT RESEARCH AND FUTURE DIRECTIONS,2021,Tourism Review International,Article,14,2,0.194795213776438,0.03800456885138777
Factors constraining international growth in nautical tourism firms,2019,Sustainability (Switzerland),Article,14,0,0.05525429905882483,0.0034410453921230946
Can the diffusion modes of green technology affect the enterprise’s technology diffusion network towards sustainable development of hospitality and tourism industry in china?,2021,Sustainability (Switzerland),Article,14,5,0.07917269050759508,0.008874502197786332
"Tourism, mobile livelihoods and ‘disorderly’ development in the Colca Valley, Peru",2019,Tourism Geographies,Article,14,3,0.14472597561660097,0.022315363034813025
The role of social ties for culture-led development in inner areas. The case of the 2016–2017 Central Italy earthquake,2021,European Planning Studies,Article,14,4,0.06519389309931059,0.0056466208707817685
Tourism and sustainable development: Lessons from recent World Bank experience,2005,The Economics of Tourism and Sustainable Development,Book chapter,14,7,0.07150713887504011,0.0059745545112893615
Financing social entrepreneurship in tourism in a volatile environment,2024,Current Issues in Tourism,Article,14,6,0.09021908623159243,0.010317976473804221
"The Resilience of Rural Tourism and Adjustment Measures for Surviving The COVID-19 Pandemic: Evidence from Bromo Tengger Semeru National Park, Indonesia",2022,Forest and Society,Article,14,3,0.09820121923953981,0.011628448158100182
"The Effects of Tourism on Local Development in Protected Nature Areas: The Case of Three Nature Parks of the Sierra Morena (Andalusia, Spain)",2023,Land,Article,14,4,0.07203066105307529,0.008067365443782223
Developing Forest Coffe Cultural Tourism and Historical Heritage Megalitic Sites in Social Innovation Governance: How Does it Work in a Sustainable Way?,2022,Journal of Environmental Management and Tourism,Article,14,4,0.12834250702263475,0.02374648054022254
Entrepreneurs in craft beer and tourism: Perspectives from South Africa,2019,Geojournal of Tourism and Geosites ,Article,14,0,0.019887125281553425,0.0006557285506592985
"Life after tsunami: The transformation of a post-tsunami and post-conflict tourist destination; the case of halal tourism, Aceh, Indonesia",2019,International Development Planning Review,Article,14,0,0.046550492149221114,0.0033517440475473643
Urbanization and tourism economic development,2025,Finance Research Letters,Article,14,0,0.048822945093092214,0.004909214688201964
"Quality of life assessments and social sustainability: Ski tourism development in invermere, British Columbia",2011,Journal of Environmental Assessment Policy and Management,Conference paper,14,2,0.04433081948562041,0.0035248959528083926
Marginal places and tourism: the role of Buddhist centers in Italy,2017,Journal of Tourism and Cultural Change,Article,14,2,0.03813213714721429,0.0032003015224182953
Rural-based tourism and local economic development: Evidence from Indonesia,2020,Geojournal of Tourism and Geosites ,Article,14,3,0.22195723040510493,0.05625071846029245
Local Arts Agencies as Destination Management Organizations,2012,Journal of Travel Research,Article,14,4,0.08255367515465312,0.01048272962966509
Conceptualizing peer-to-peer accommodations as disruptions in the urban tourism system,2023,Journal of Sustainable Tourism,Article,14,0,0.04527156009002125,0.0027037302802967117
IoT Innovations for Transforming the Future of Tourism Industry: Towards Smart Tourism Systems,2025,Journal of Intelligent Systems and Internet of Things,Article,14,5,0.11675126158489227,0.017695022649418638
Sustainable Cultural Tourism and Development: Community the Perspectives of Residents' and the Application of Social Exchange Theory,2022,Journal of Urban Culture Research,Article,14,2,0.12194160254364585,0.015545028194789054
Creating authentic indigenous tourism experiences,2025,Annals of Tourism Research,Article,14,6,0.02977537648760573,0.0018366214812912582
Assessing the income multiplier of trail-related tourism in a coastal area of Portugal,2022,International Journal of Tourism Research,Article,14,2,0.03270266038584274,0.002100822098817014
"Constraints facing tourism entrepreneurs in South Africa: A study in the Gauteng and Mpumalanga provinces, South Africa",2008,Development Southern Africa,Article,14,0,0.037534512265458155,0.0027436094066111577
Evaluation of the determinant factors of innovation in colombia's tourist product,2015,Tourism Analysis,Article,14,0,0.06653145257378497,0.004426434181577799
"Exploring the Coordination and Spatial–Temporal Characteristics of the Tourism–Economy–Environment Development in the Pearl River Delta Urban Agglomeration, China",2023,International Journal of Environmental Research and Public Health,Article,13,7,0.07609088016269946,0.007798182064423071
Economic Geography of Tourism,2025,Advances in Spatial Science,Book chapter,13,7,0.07360217221814908,0.009513696840897624
The residents' participation in tourism based social entrepreneurship organization: Evidence from residents’ perception on ecosphere social enterprise,2023,Journal of Outdoor Recreation and Tourism,Article,13,2,0.07698014183447975,0.006954646449942816
Integrating halal tourism with sustainable development goals through Islamic values environmental responsibility and technological innovation,2025,Discover Sustainability,Review,13,7,0.15738584060889788,0.025287659469153484
Tourist Preferences for Revitalizing Wellness Products and Reversing Depopulation in Rural Destinations,2023,Sustainability (Switzerland),Article,13,0,0.06495653071046327,0.008378651622188123
An empirical assessment of owner-manager motives in the B&B and vacation home sector,2008,Tourism Review,Article,13,0,0.051883945559026624,0.003603189065499537
Post-COVID-19 Tourism: Transformations of Travelling Experience,2023,"COVID-19, Tourist Destinations and Prospects for Recovery: Volume One: A Global Perspective",Book chapter,13,0,0.07434448823010072,0.007707601832540493
"Exploring the interplay of tourism impacts, quality of life, and community engagement in developing sustainable nature-based tourism in Pakistan",2024,GeoJournal,Article,13,7,0.0984579465939,0.014789915911679035
The systems approach to the improvement of innovation in Slovenian tourism,2014,Kybernetes,Article,13,0,0.06917172116394474,0.0054592580132578105
Urban–Rural Integration Empowers High-Quality Development of Tourism Economy: Mechanism and Empirical Evidence,2023,Sustainability (Switzerland),Article,13,3,0.0905014566159853,0.00951674982171468
Handicrafts as cultural creative clusters: a spatial-cultural planning approach for the regeneration of the urban historical fabrics,2024,International Journal of Tourism Cities,Article,13,4,0.09872701991382253,0.010404918183641558
Key issues for tourism development – the AM-UNWTO contribution,2016,Worldwide Hospitality and Tourism Themes,Review,13,7,0.04636495862389482,0.004408729602401443
Evidence-Based Exploration as the Ground for Heritage-Led Pathways in Insular Territories: Case Study Greek Islands,2022,Heritage,Article,13,4,0.13385317784727455,0.0188706806698135
Innovativeness of tourism enterprises: Example of Poland,2021,Sustainability (Switzerland),Article,13,0,0.09705913502978607,0.00942108719447003
Developing China's hainan into an international tourism destination: How far can this go?,2011,East Asia,Article,13,0,0.0707264505650984,0.005294099918520584
"The Tourism Potential of Post-mining Heritage Sites: The Cyprus Mining Cooperation in Lefka, Cyprus",2022,Geoheritage,Article,13,4,0.12494956122528808,0.015729490212022045
Re-Imagining Heritage Tourism in Post-COVID Sub-Saharan Africa: Local Stakeholders’ Perspectives and Future Directions,2023,Sustainability (Switzerland),Article,13,4,0.11405855529378331,0.015102784095470907
Conservation of Culture Heritage Tourism: A Case Study in Langkawi Kubang Badak Remnant Charcoal Kilns,2023,Sustainability (Switzerland),Article,13,4,0.24011783855345514,0.060525432528349334
Determinants of CSR application in the hotel industry of the Colombian Caribbean,2019,Sustainability (Switzerland),Article,13,7,0.04227581438672113,0.0028357320077268444
Does tourism sector matter in regional economic development,2021,Geojournal of Tourism and Geosites ,Article,13,0,0.08169850605252807,0.006706878901041705
"Tourism development dilemmas in Musina Municipality: evidence from the Big Tree Nature Reserve and neighboring entities, Vhembe district, South Africa",2023,Journal of Economic and Administrative Sciences,Article,13,2,0.05875992377699806,0.004783795502822246
"Towards Innovation Performance of the Hospitality and Tourism Industry: Interplay among Business Ethics Diffusion, Service Innovation, and Knowledge-Sharing",2023,Sustainability (Switzerland),Article,13,0,0.06738448541086557,0.004713022204352687
"Nicknaming tourism as development: commercialization of culture and nature in CHT, Bangladesh",2022,Journal of Tourism and Cultural Change,Article,13,2,0.04480322278124112,0.00484902081342618
Second homes and local socio-economic development: the case of Croatia,2018,Journal of Housing and the Built Environment,Article,13,2,0.04163563987999248,0.002808708990495181
The impact of financial innovation and infrastructure on inbound tourism in Central Asia,2024,"Journal of Open Innovation: Technology, Market, and Complexity",Article,13,0,0.02811770193835802,0.0015436434132819997
Participatory modeling as a tool for community development planning: Tourism in the Northern Forest,2010,Community Development,Article,13,2,0.1364477550674814,0.02047314821553972
PLANNING SUSTAINABLE TOURISM IN UNESCO WINE REGIONS: THE CASE OF THE LANGHE-ROERO AND MONFERRATO AREA,2022,European Spatial Research and Policy,Article,13,7,0.07468517634122719,0.008199236275586663
Social Innovation Project and Tourism Lifestyle Entrepreneurship to Revitalize the Marginal Areas. The Case of the via Francigena Cultural Route,2023,Tourism Planning and Development,Article,13,4,0.04433871298963694,0.005644110084534496
From reeds to tourism: The transformation of territorial conflicts in the Titicaca National Reserve,2006,Current Issues in Tourism,Article,13,2,0.047088545360518694,0.002651116585549601
Evaluating 'best practice' in integrated rural tourism: Case examples from the England - Wales border region,2009,Environment and Planning A,Article,13,3,0.10377564697551354,0.013050967313717904
A critical comparison of tourism policies of Hong Kong and Singapore - An avenue to mutual learning,2008,International Journal of Tourism Research,Article,13,0,0.03519719054300099,0.001295081619409841
Innovation in tourism: A diverging line of research in need of a synthesis,2018,Tourism Economics,Article,13,0,0.07799732989411554,0.00610296799734445
LEADERSHIP AND ENTREPRENEURSHIP FOR CREATIVITY AND SURVIVAL OF TOURISM VILLAGES IN THE COVID-19 TIMES: THE MODERATING ROLE OF EXTERNAL SUPPORT,2022,International Journal of Professional Business Review,Review,12,3,0.049470094500894866,0.006519913754681679
Teoretical approach concerning the development of sustainable tourism as tourist destination in kosovo,2018,Geojournal of Tourism and Geosites ,Article,12,0,0.0699711222863458,0.01014596907141057
Residents’ perceptions of tourism development in the context of a new governance framework for Portuguese protected areas: The case of a small peripheral natural park,2024,Journal of Rural Studies,Article,12,2,0.09276617276458356,0.013637698209834775
"Comprehensive Analysis of Rural Tourism Development: Historical Evolution, Current Trends, and Future Prospects",2025,Sustainability (Switzerland),Article,12,3,0.23123947570301162,0.06481656184937558
Conditions for development of the entrepreneurial ecosystem in tourism in the border area of the european union: The example of the tri-border area of poland–belarus–ukraine,2021,Sustainability (Switzerland),Article,12,0,0.047162617487211525,0.0034139607017704392
Tourism and Third Sector Organisations-Strangers or Partners?,2011,Tourism Planning and Development,Article,12,0,0.06516097744224301,0.005066677445000363
Role of public participation in heritage tourism development in Egypt: A case study of fuwah city,2020,WIT Transactions on Ecology and the Environment,Article,12,4,0.13178202360201496,0.028291227883368884
Differing perceptions and tensions among tourists and locals concerning a national park region in Norway,2022,Journal of Rural Studies,Article,12,2,0.06260165645570585,0.0073263315231677575
"Wine Tourism Development: Life Cycles of Wine Routes, Wine Resorts and Lifestyles in the Cape Winelands",2020,Geographies of Tourism and Global Change,Book chapter,12,0,0.054369067746525224,0.002967412728659353
Conservation and Sustainable Development of Human-inhabited World Heritage Site: Case of World Heritage Lijiang Old Town,2017,Built Heritage,Article,12,4,0.19699360530492221,0.039555104706391675
ESG Performance and Enterprise Value in Chinese Tourism Companies: The Chained Mediating Roles of Media Attention and Green Innovation,2024,Sustainability (Switzerland),Article,12,7,0.05335591323589566,0.004873981995603705
Social Enterprise Evaluation: Implications for Tourism Development,2017,Tourism on the Verge,Book chapter,12,2,0.0712933882089104,0.009562024767003078
Online destination marketing: Maximising the tourism potential of a sports event,2010,International Journal of Sport Management and Marketing,Article,12,1,0.23806472686980254,0.057464550814230644
"Indigenous communities engaging in tourism development in Arizona, USA",2022,Journal of Heritage Tourism,Article,12,2,0.1328800351457662,0.018190650015894073
Tourism and third sector organisations: Synergies for responsible tourism development?; [Turismo e terceiro sector: Sinergias para o desenvolvimento turístico responsável?],2022,Tourism and Management Studies,Article,12,0,0.05487219018663138,0.005450288759016063
Understanding the Global-Local Nexus in the Context of the Olympic Games: Implications for Managing Community Development Through Sport Megaevents,2022,Journal of Sport Management,Article,12,1,0.10763322347707131,0.01666618304256685
"One stone, two birds: harnessing interfaith tourism for peacebuilding and socio-economic development",2022,Journal of Sustainable Tourism,Article,12,7,0.05708452409708409,0.004553453157660001
Measuring environmental and landscape-related potential for tourism development in rural areas and assessment of its co-occurrence with tourist movement: The case of Poland,2021,Moravian Geographical Reports,Article,12,3,0.12174869621269006,0.0164037995880725
Examining roles of tour dure producers for social capital and innovativeness in community-based tourism,2019,Sustainability (Switzerland),Article,12,2,0.1301219014956718,0.018570709469665575
Tourism development: national policies and tourism priorities in Ghana,2020,International Journal of Tourism Policy,Article,12,0,0.05384021752796623,0.004937612003275272
Tourism development through heritage enhancement and hospitality innovation,2013,International Journal of Globalisation and Small Business,Article,12,4,0.16966442227727263,0.033584301434440744
"SENSING, SEIZING, AND RECONFIGURING: UNDERSTANDING WINE TOURISM DEVELOPMENT IN EMERGING ECONOMIES THROUGH THE DYNAMIC CAPABILITIES APPROACH",2021,Tourism Analysis,Article,12,0,0.042451083821907,0.0018431313589774173
The making of the Tour de France cycling race as a tourist attraction,2020,World Leisure Journal,Article,12,1,0.11459657471307731,0.016803911382039807
Cultural Tourism Routes as Incubators for Innovation and Economic Diversification: A Potential Analysis in the Framework of the New Silk Road Initiative in Azerbaijan,2020,Zeitschrift fur Wirtschaftsgeographie,Article,12,4,0.053239484403076416,0.005431046602340794
Who controls tourism innovation policy? The case of rural tourism,2014,Tourism Analysis,Article,12,3,0.229921612650788,0.054336556451564356
Global innovations in tourism,2016,Innovative Marketing,Article,12,0,0.07836106114169511,0.006363803312988848
On the move: Emerging fields of transport research in urban tourism,2016,Tourism in the City: Towards an Integrative Agenda on Urban Tourism,Book chapter,12,0,0.04114349216757696,0.0019058064154282145
"Semi-Acquaintance Society in Rural Community-Based Tourism: Case Study of Moon Village, China",2023,Sustainability (Switzerland) ,Article,12,3,0.17626020981174162,0.041332191515665445
Impact of image and satisfaction on marketing innovation,2016,Journal of Technology Management and Innovation,Article,12,0,0.06954750514745163,0.00495613824716579
"Local museums as catalysts for development: Mamoiada, Sardinia, Italy",2011,Journal of Heritage Tourism,Article,12,4,0.1082693134374439,0.0158868138082344
BIBLIOMETRIC AND CONTENT ANALYSIS OF GLOBAL TRENDS IN DIGITAL TRANSFORMATION AND RURAL TOURISM,2025,Geojournal of Tourism and Geosites,Article,11,3,0.2273250263347172,0.08279425241912897
The innovative potential of inbound tourism in Japan for destination development–a case study of Hida Takayama,2012,Contemporary Japan,Article,11,0,0.09438823482752412,0.008909138873855837
Initiating a sustainable community-based agritourism model of herbal garden in a rural area of Indonesia: perspectives from community members,2024,Cogent Social Sciences,Article,11,2,0.10274653163431828,0.011517461152370144
"Collaborative Synergies for Elevated Destination Experiences: A Model of Cooperation between Hotel Companies, DMOs, and Local Stakeholders",2024,Organizacija,Article,11,0,0.07993095299031773,0.006574284167967775
The development of youth and woman entrepreneurship program in village tourism through partnership,2021,Geojournal of Tourism and Geosites ,Article,11,6,0.12966559689082352,0.020704158371445115
Rural and traditional cafes and restaurants: a new emerging trend in domestic tourism,2023,Worldwide Hospitality and Tourism Themes,Article,11,3,0.11859503425611961,0.017910396896992285
REVOLUTIONIZING TRAVEL: THE ROLE OF SMART TOURISM TECHNOLOGIES IN ENHANCING TOURIST SATISFACTION AND SHAPING SUSTAINABLE DESTINATION IMAGES: INSIGHTS FROM ISTANBUL,2025,Geojournal of Tourism and Geosites,Article,11,5,0.1796711043224778,0.03244939437572352
Social network dynamics and innovation in small tourism companies,2014,Knowledge Networks and Tourism,Book chapter,11,0,0.08689090462551381,0.009697801209812151
Tourism-planning network knowledge dynamics,2014,Knowledge Networks and Tourism,Book chapter,11,0,0.08068137416147128,0.008799860118030314
"(Un)related variety, urban milieu and tourism-company differentiation",2016,Tourism Geographies,Article,11,0,0.06599391249502996,0.004356061550232597
Coffee and gastronomy: a potential ‘marriage’? The case of Vietnam,2023,International Journal of Contemporary Hospitality Management,Article,11,0,0.024676136267229788,0.0007078772135653608
Supporting the development of homestay tourism in the Yangtze River Delta: A study based on tourists’ perceived value,2020,Journal of Resources and Ecology,Article,11,4,0.0316857044078098,0.002229825297695073
Temporal changes in a small-scale artisanal reef fishery in Brazil: Coastal development and its impacts,2024,Marine Policy,Article,11,7,0.041137420392502996,0.003672329320645344
"Positive Outcomes of Cross-Border Tourism Development Cooperation: A Case of Kazakhstan, Kyrgyzstan and Uzbekistan",2024,Region,Article,11,0,0.03286945084728821,0.0011570914902617239
"Initiation and establishment of ecotourism development: Pandin Lake of San Pablo City and Tayak Hill of Rizal, Laguna, Philippines",2021,GeoJournal,Article,11,2,0.03219926362696003,0.0024804778586103816
"Tourism-a viable alternative for the development of rural mountainous communities. case study: Eftimie murgu, cara?-severin county, Romania",2018,Geojournal of Tourism and Geosites ,Article,11,4,0.13853015149494358,0.03245900472296098
"Tourism and Local Economic Development in King Sabata Dalindyebo Local Municipality, South Africa: Stakeholder Perspectives",2021,"African Journal of Hospitality, Tourism and Leisure",Article,11,2,0.05679198639121029,0.0055242106215797416
Leveraging sport events for the promotion of human rights in host communities: diffusion of anti-trafficking campaigns at Super Bowl LIV,2023,Sport Management Review,Article,11,1,0.172977665395694,0.032000446200488156
Developing an identities-based approach to support more robust resilience and recovery in heritage planning and management,2023,Built Heritage,Article,11,4,0.17533668347849043,0.03170689210531794
The Potential of Disruptive Transport Infrastructure for Tourism Development in Emerging Island Destinations: Research Project in the Faroe Islands,2024,Island Studies Journal,Article,11,0,0.058282131730335064,0.005503883619413612
"Factors Affecting Human Capital and Innovative Entrepreneurial Capabilities of Tour Operators: Evidence from Andaman Coast, Thailand*",2020,"Journal of Asian Finance, Economics and Business",Article,11,0,0.050252820538661494,0.005878759027198589
"Mimisbrunnr Climate Park – A network for heritage learning, tourism development, and climate consciousness",2016,Journal of Heritage Tourism,Article,11,4,0.08722923443799267,0.010879898927195037
Navigating cross-cultural port tourism: Unleashing the psychological safety valve for risk management,2023,Ocean and Coastal Management,Article,11,4,0.041352280654631056,0.0031394887013471862
Exploring the role of women entrepreneurs in revitalizing historic Nazareth,2024,Journal of Sustainable Tourism,Article,11,6,0.3302363852049064,0.11034682996350306
The most marginalized people in Uganda? Alternative realities of Batwa at Bwindi Impenetrable National Park,2020,World Development Perspectives,Article,11,2,0.032587511765439975,0.002064886822520882
Green Economy: Increasing Economic Growth to Support Sustainable Tourism in Super Priority Destinations,2024,International Journal of Sustainable Development and Planning,Article,11,7,0.18395035685052405,0.03598725636984627
Improving the local development: the stakeholders’ point of view on Italian railway tourism,2024,Leisure Studies,Article,11,4,0.04862465091959639,0.0033335841428534583
"Participatory governance of intangible heritage to develop sustainable rural tourism: the timber-raftsmen of La Pobla de Segur, Spain",2023,Journal of Heritage Tourism,Article,11,4,0.18815766754947447,0.044131610371905286
Indigenous Forestry Tourism Dimensions: A Systematic Review,2022,Forests,Review,11,2,0.04295620991250299,0.003548476145324508
"Developing a Community-Based Tourism Model for Sustainable Tourism in the Mandeh Area, West Sumatra Province, Indonesia",2023,International Journal of Sustainable Development and Planning,Article,11,2,0.1760086816977142,0.03346886429969102
Placetelling® as a strategic tool for promoting niche tourism to islands: The case of Cape Verde,2020,Sustainability (Switzerland),Article,11,4,0.10398374489249372,0.013239104037002921
Testing Convergence of Tourism Development and Exploring Its Influencing Factors: Empirical Evidence from the Greater Bay Area in China,2022,Sustainability (Switzerland),Article,11,0,0.05672361216955282,0.004854103504940185
Digital Economy: Information Technology and Trends in Tourism,2020,E3S Web of Conferences,Conference paper,11,5,0.12928133505883913,0.01799420903336945
Scale development for measuring displacement in rural tourism gentrification: a resident perception perspective,2023,Asia Pacific Journal of Tourism Research,Article,11,3,0.16700648501766224,0.030467254492617134
The landscape as a tourist resource and its impact in mountain areas in the south of castilla-la mancha (Spain),2016,International Journal of Sustainable Development and Planning,Article,11,3,0.19021416643619216,0.03834270796168166
Tourism development techniques in the urban master plan,2022,Cogent Business and Management,Article,11,0,0.06361458323365735,0.005714208891344984
Understanding local entrepreneurship and small enterprises in the tourism–development nexus: The case of western Uganda,2017,Development Southern Africa,Article,11,0,0.046804859077600895,0.0031693830243721337
Empowering the community or escape daily routine—a voluntourism perspective,2021,Sustainability (Switzerland),Article,11,2,0.03847744201499891,0.0026567494614507473
The potential of local KIBS companies as a determinant of tourism development in Krakow,2014,Tourism Economics,Article,11,0,0.11190650193490946,0.012523065175307895
OPPORTUNITIES FOR THE DEVELOPMENT OF INNOVATION AMONG HOTELS IN NORTHERN HUNGARY,2022,Geojournal of Tourism and Geosites ,Article,11,0,0.08112721799861078,0.006581625500194117
Motivation and high performance sports events: An exploratory investigation of the motives underlying repeated participation,2019,International Journal of Sport Management and Marketing,Article,11,1,0.24111131833674088,0.06099789591422006
Collaborative capacity building as a resilience strategy for tourism development in indigenous Mexico,2017,"Tourism, Resilience and Sustainability: Adapting to Social, Political and Economic Change",Book chapter,11,3,0.030796744487586774,0.0027780833956420406
Government intervention in tourism development: Case studies from Japan and South Australia,2006,Current Issues in Tourism,Article,11,2,0.05073105578532839,0.00404920267753423
Exploring digital economy influence towards tourism innovation: An empirical research based on Chinese tourism industry,2024,International Journal of Tourism Research,Article,11,5,0.1058535215794996,0.01250818323539074
Indigenous tourism and the challenge of sustainability,2013,The Routledge Handbook of Cultural Tourism,Book chapter,10,2,0.0694742790201288,0.006473765650689933
"Ensuring the development of tourism in the regions of the Russian Federation, with account of the tourism infrastructure factors",2016,Indian Journal of Science and Technology,Article,10,0,0.07282972789741254,0.005504883331826815
EXPLORING MARINE TOURISM ON SUSTAINABLE DEVELOPMENT SEGMENT IN INDONESIA: SPAR-4-SLR,2025,Geojournal of Tourism and Geosites,Article,10,7,0.08092985914372892,0.007593486608051444
Tourism and poverty alleviation in the Global South: Emerging corporate social responsibility in the Namibian nature-based tourism industry,2019,"Natural Resources, Tourism and Community Livelihoods in Southern Africa: Challenges of Sustainable Development",Book chapter,10,7,0.12027383871636184,0.020460154887370765
The Fromelles Interment 2010: dominant narrative and reflexive thanatourism,2016,Current Issues in Tourism,Article,10,4,0.064220383040499,0.007170913655698932
Diversification into agritourism by cocoa farmers in Ghana as an alternative source of income,2022,Agricultural Finance Review,Article,10,3,0.05167350533018033,0.0033088267374425297
Citizen cocreation in tourist and cultural events,2018,Event Management,Article,10,1,0.0786056798668422,0.008878770492840924
City branding as innovation for tourism development: systematic review of literature from 2011 to 2023,2025,Management Review Quarterly,Article,10,0,0.04001677428782792,0.0024049638441826946
Assessing sustainability in rural tourism: insights from accommodation managers and residents in Navarre,2025,Journal of Rural Studies,Article,10,3,0.160408961216142,0.05121119759409773
The importance of social innovations in rural areas,2019,DETUROPE,Article,10,3,0.10388878911357953,0.014043790679039466
“Foresight (prevision) of development of the tourist system in Ukraine”,2023,Problems and Perspectives in Management,Article,10,0,0.05738609329373302,0.0033503768931939207
Rural area and agricultural region revitalisation modelling,2023,Land Degradation and Development,Article,10,3,0.18552195927745935,0.0357804714720113
Total Quality Management in Sport Tourism and the Hospitality Industry: The Case of Greek Luxury Resorts with Sport and Recreation Facilities and Services,2024,Sustainability (Switzerland) ,Article,10,1,0.07910921928532598,0.012340708573597205
Towards just production of tourism space via dialogical everyday politics in destination communities,2020,Environment and Planning C: Politics and Space,Article,10,2,0.06974594163015384,0.0063876503265623925
Managing herder-community-based tourism: An institutional framework for an integrated social–ecological system,2021,Sustainability (Switzerland),Article,10,2,0.15604907806583523,0.02714619207294871
Impacts on and Responses of Tourism SMEs and MEs on the COVID-19 Pandemic - The Case of Norway,2021,Virus Outbreaks and Tourism Mobility: Strategies to Counter Global Health Hazards,Book chapter,10,0,0.06394461332520715,0.00416135632444323
"Urban heritage tourism in Chandernagore, India: revival of shared Indo-French Legacy",2022,GeoJournal,Article,10,4,0.1712714650167238,0.029527817905862733
A Local Transboundary Approach to the Governance of Mediterranean Coastal Borderlands,2018,Coastal Management,Article,10,0,0.040730367676967166,0.0032172161872314727
Empirical Research into the Development Mechanism of Industry Innovation of Health and Wellness Tourism in the Context of the Sharing Economy,2022,International Journal of Environmental Research and Public Health,Article,10,0,0.03423580913545839,0.0012783657428296728
Integrating Locals’ Importance–Performance Perception of Community Resilience into Sustainable Indigenous Tourism Management,2024,Sustainability (Switzerland) ,Article,10,2,0.12477228785184717,0.01817483020846684
A regenerative approach to tourism: Learnings from community enterprises,2025,Journal of Outdoor Recreation and Tourism,Article,10,2,0.07553943019494727,0.006253334634258154
Ecolabels as a Tool of Sustainable Development in Tourist Destinations,2022,Sustainability (Switzerland),Article,10,0,0.07102248214808149,0.006563835254282195
Mapping Innovation and Sustainability in Rural Tourism: A Bibliometric Approach,2025,Sustainability (Switzerland),Article,10,3,0.2713847348439035,0.07687017637481747
Indigenous women’s approaches to tourism planning: lessons from Ecuador,2024,Journal of Sustainable Tourism,Article,10,6,0.30346788700678967,0.09227799441537977
Innovation Strategy of Traditional Village Tourism Development in Liaoning Province under the Background of Smart Village Construction,2018,"Proceedings - 3rd International Conference on Intelligent Transportation, Big Data and Smart City, ICITBS 2018",Conference paper,10,5,0.11606259396687339,0.021361981987288708
"""A future in the past""? Tourism development, outport archaeology, and the politics of deindustrialization in Newfoundland and Labrador in the 1990s",2007,Urban History Review,Article,10,2,0.07305108191170148,0.007500423330452912
"Analysis of the Geotouristic Activity in the Geologic Park of Aliaga, Spain: Progress, Threats and Challenges for the Future",2015,Geoheritage,Article,10,7,0.0820726831072047,0.008777101382357174
Approach to Regional Tourism Potential Assessment in View of Cross-Sectoral Ecosystem Development,2022,Sustainability (Switzerland),Article,10,0,0.0734794728336089,0.0054526474057168765
Innovations and networking fostering tourist destination development in Slovakia,2017,Quaestiones Geographicae,Article,10,0,0.11073446238863034,0.012262121160498988
"Participation of the Bidayuh community in tourism developmental initiatives in Bau, Malaysia",2015,Life Science Journal,Article,10,2,0.14598032109688172,0.024397692748363797
"A social practice approach to nature-based tours: the case of the Marble Caves in Northern Patagonia, Chile",2022,Journal of Ecotourism,Article,10,0,0.032520935774960937,0.0020776819121918816
Research on Smart Tourism Oriented Sensor Network Construction and Information Service Mode,2022,Sensors,Article,10,5,0.13438407013023085,0.018301905274220792
Community views on the role of tourism in local development: A South African study,2019,Geojournal of Tourism and Geosites ,Article,10,2,0.10617318111830641,0.012244902388948082
"Towards Sustainable Tourism Development in a Small Protected Area: Mapping Stakeholders’ Perceptions in the Alvão Natural Park, Portugal",2024,Tourism Planning and Development,Article,10,7,0.12514416614931048,0.01645817864517013
Perspectives of sustainable development of tourism in the North-East Region of Romania,2017,Sustainability (Switzerland),Article,10,7,0.05913532547260092,0.004614385313025598
Social entrepreneurship in tourism: A framework-based scoping review and research agenda,2025,Tourism Management Perspectives,Review,10,6,0.08095724948207456,0.007477343641171508
Rural Tourism and the Development of Characteristic Towns in China and Its Influence on Rural Areas,2025,International Journal of Agricultural and Environmental Information Systems,Article,10,3,0.30008508224432595,0.09192070253633154
Paths and strategies to drive MICE into tourism based on gravity model and Wilson model: a case study of Jiangxi Province in China,2020,Arabian Journal of Geosciences,Article,10,0,0.04430730477912733,0.003420445697646857
Regional Tourism Development in Southeast Asia,2013,Transnational Corporations Review,Article,10,0,0.04979062823677778,0.0034441953292073534
Integrating Internet-of-Things technologies in luxury industries: the roles of consumers’ openness to technological innovations and status consumption,2024,Technology Analysis and Strategic Management,Article,10,5,0.04378503289825307,0.0025258273583953932
Nation-state influence on tourism path creation in Southern Africa,2025,Regional Studies,Article,10,0,0.042829519085922016,0.002136829287976809
"Festivals, community development and sustainable tourism in the Karpaz region of Northern Cyprus",2013,"Journal of Policy Research in Tourism, Leisure and Events",Article,10,7,0.10487275939670058,0.016030773057204958
Ethnocultural heritage of the North-Eastern Caucasus as a factor of eco-tourism development,2024,Journal of Mountain Science,Article,9,4,0.21795874690655462,0.04803230603141388
The enduring political viability of governance models in tourist destinations and their implications for people and planet,2023,Worldwide Hospitality and Tourism Themes,Article,9,0,0.08535697081658897,0.010479623390388569
"Historic Water Mills as regenerative ecosystems: Integrating technologies, community engagement and sustainable landscape management",2025,Cities,Article,9,4,0.15074738630198542,0.04375023647403931
Food tourism initiatives: Resistance on the ground,2010,WIT Transactions on Ecology and the Environment,Article,9,3,0.07188506164537196,0.007788589517864621
Encouraging innovative and responsible tourism through digital advancement,2025,"Digital Disruption in Hospitality, Sustainable Hospitality: A Global Perspective on People, Planet, and Profit",Book chapter,9,5,0.2128505507786162,0.06059230362523789
Service innovation by Dubai International Airport: the battle to remain competitive,2015,Emerald Emerging Markets Case Studies,Article,9,0,0.03923478531335282,0.0017151938158659376
Revitalizing Urban Heritage for Tourism Development: A Case Study of Baghdad's Old City Center,2023,International Journal of Sustainable Development and Planning,Article,9,4,0.14582988168034086,0.022850706104716623
Keeping it free: Sport television and public policy in Australia,2023,Journal of Digital Media and Policy,Article,9,1,0.1370851755156889,0.019930523789144387
"Roles of policies, regulations and institutions in sustainability of ocean tourism",2021,"Journal of Infrastructure, Policy and Development",Article,9,7,0.08715467552767514,0.007896677937821478
The embeddedness and hidden political economy of the world heritage site inscription boom in China,2023,Growth and Change,Article,9,4,0.06034204273671599,0.0047429119009722775
"Geotourism concept development in the basis of environment sustainability, socioculture, and natural science wealth: A case study in Indonesia",2020,Journal of Environmental Management and Tourism,Article,9,4,0.04289902028976085,0.004378731013513831
Spatial Differentiation and Convergence Trend of High-quality Development Level of China’s Tourism Economy,2024,Chinese Geographical Science,Article,9,0,0.047576708880828586,0.0037999233308356117
A sustainable urban tourism indicator in Malaysia,2014,WIT Transactions on Ecology and the Environment,Article,9,7,0.0878879335394989,0.008743847282323438
The integration of a Swedish minority in the hotel business culture: The case of Riva del Sole,2012,Tourism Review,Article,9,0,0.08970342032265963,0.008177567509306642
Regional Tourism Ecosystem as a Tool for Sustainable Development during the Economic Crisis,2024,Sustainability (Switzerland),Article,9,7,0.0879227356217966,0.012167011508245352
Digital economy and high-quality tourism development: Roles of environmental regulations and foreign direct investments,2026,Finance Research Letters,Article,9,5,0.14332779131631304,0.02642713157306729
Tourism destinations and tourist behavior based on community interaction models of film-enabled tourism destinations,2023,Frontiers in Psychology,Article,9,4,0.09476295705888148,0.011859324417168172
Problematizing tourism for conservation: An eco-cultural critique on sustainability,2022,European Journal of Cultural Management and Policy,Article,9,7,0.09726995360333011,0.01218098411068575
Sustainable Tourism Strategies: Examining Green Service Innovation as a Mediator Between the Marketing Mix and Business Performance in Bali’s Tour and Travel SMEs,2025,Tourism and Hospitality,Article,9,7,0.06982754773353574,0.007673536195634394
Exploring the Factors Influencing Tourists’ Satisfaction and Continuance Intention of Digital Nightscape Tour: Integrating the Design Dimensions and the UTAUT2,2024,Sustainability (Switzerland),Article,9,5,0.12607574328709992,0.01640179661654307
The transition of governance approaches to rural tourism in southern Morocco,2019,European Journal of Tourism Research,Article,9,3,0.07273287514793099,0.009987791615408227
"Tourism and counterurbanization in a low-amenity peripheral island: A longitudinal study at yakushima island in Kagoshima, Japan",2021,Sustainability (Switzerland),Article,9,0,0.057818682652036664,0.003423285544326725
The Conception of Application of Computer Virtual Reality Technology in Sports Training,2021,Journal of Physics: Conference Series,Conference paper,9,5,0.12000694469387646,0.022141320260087163
Cycle tourism as a driver for a sustainable local development. The case of a natural tourist destination in a north-western area of italy,2021,Transport and Sustainability,Book chapter,9,0,0.057873800266265464,0.006626701596071844
Trans-Himalayan connectivity and sustainable tourism development in Nepal: a study of community perceptions of tourism impacts along the Nepal–China Friendship Highway,2023,Asian Geographer,Article,9,7,0.06978541105070328,0.00841583500962847
"The short and long of collaborative planning in the mountain resort destination of Canmore, Canada",2011,Current Issues in Tourism,Article,9,2,0.0844754467376389,0.009428236728143954
"THE RISE OF CRAFT BREWING INDUSTRY IN QUÉBEC’S PERIPHERAL REGIONS (CANADA): LOCATION, NEO-LOCALISM, AND COMMUNITY BUILDING",2024,Geographical Review,Article,9,0,0.059816086947440304,0.0071860655119756756
Unlocking Environmental Innovation Through Board Diversity and Governance: A Machine Learning Approach,2026,Business Strategy and the Environment,Article,9,7,0.054498096657807034,0.0038914644852089285
"MANGROVE BIODIVERSITY AND CONSERVATIONS: FOUNDATION TOWARD ECOTOURISM IMPLEMENTATION IN BINTAN ISLAND, INDONESIA",2023,International Journal of Conservation Science,Article,9,7,0.06062213593131911,0.00483324279218755
Exploring how entrepreneurial actors shape tourism development: the case of mountain bike tourism at Rotorua,2019,Tourism Recreation Research,Article,9,6,0.0787183759330487,0.009314069500214035
"Learning from Dabang, Taiwan: Sustainability and resilience in action in indigenous tourism development",2017,"Tourism, Resilience and Sustainability: Adapting to Social, Political and Economic Change",Book chapter,9,2,0.15271473341595493,0.024223042042203446
Providing hope: influences of volunteer tourism on program youth,2021,Journal of Sustainable Tourism,Article,9,2,0.045515367244832496,0.0022606745293872184
The Asymmetric Relationship Between Tourism and Economic Growth: A Panel Quantile ARDL Analysis,2025,Economies,Article,9,7,0.08831364111466765,0.009413155630126452
"Sport events, urban regimes, and community development: a case study of Nanjing, China",2017,Managing Sport and Leisure,Article,9,1,0.1375387022450804,0.035283697926172315
“A Labour of Love”: Active Lifestyle Entrepreneurship (Occupational Devotion) During a Time of COVID-19,2021,Frontiers in Sports and Active Living,Article,9,6,0.04367538917011293,0.004886352113062509
TOURISM AS AN OPPORTUNITY TO EFFECTIVELY COUNTERACT MARGINALISATION: THE CASE OF THE ITALIAN NATIONAL STRATEGY FOR INNER AREAS,2022,European Spatial Research and Policy,Article,9,3,0.044154194350387255,0.0037825781535327247
The effects of tourism on economic growth targets achievement,2025,Current Issues in Tourism,Article,9,7,0.056506854617257844,0.0050949733241905945
"Placemaking, local community and tourism; [Koncept preoblikovanja mjesta, lokalna zajednica i turizam]",2021,Hrvatski Geografski Glasnik,Article,9,2,0.12231764400556656,0.018161058096002405
Decline or Rejuvenation? Efficiency Development of China’s National Scenic Areas,2022,Forests,Article,9,0,0.03890303455270314,0.0019217858939606677
  Fruiturisme: The Boost of Fruit Tourism in Catalan Rural Areas,2023,Tourism Planning and Development,Article,9,3,0.06680426419856726,0.007430606867998639
Consumer Adoption of Mobile Payment Systems: A Lens Into Smartphone-Enabled Tourism,2024,International Journal of Tourism Research,Article,9,5,0.04514956945466248,0.003498482375727959
Tourism clusters and innovation security: Dialectics in the western border regions of Russia,2020,Geojournal of Tourism and Geosites ,Article,9,0,0.06601356395367175,0.00443577329036715
The stunning birth of tourism on the islands of Ibiza and Formentera,2021,Island Studies Journal,Article,9,0,0.05623709872187866,0.0033499082441732363
A road map for two decades of sustainable tourism development framework,2023,Resilient and Sustainable Destinations After Disaster: Challenges and Strategies,Book chapter,9,7,0.14050788557850383,0.02014134558410939
Traveling virtually amid the pandemic: antecedents and moderating effects of past visitation experience,2023,Asia Pacific Journal of Tourism Research,Article,9,5,0.08247709611235171,0.00715139547187161
Entrepreneurship development and tourism in rural African communities,2003,Journal of African Business,Article,9,6,0.11250884947386358,0.01877772987154722
Investment-led entrepreneurship and small enterprise development in tourism: Lessons for SDIs from the international experience,2001,South African Geographical Journal,Article,9,0,0.06402025684763595,0.005532117309551995
Airbnb on the Costa Blanca. Diagnosis and proposal of social and tourist integration,2018,International Journal of Sustainable Development and Planning,Article,9,0,0.02546552518726705,0.0010109694003770952
"The Impact of Sporting and Cultural Events in a Heterogeneous Hotel Market: Evidence from Austin, TX",2022,Eastern Economic Journal,Article,9,1,0.10035674670972765,0.011327049302237827
Protection status of a world cultural heritage site under tourism development: Case study of Shuhe Ancient Town,2020,IOP Conference Series: Materials Science and Engineering,Conference paper,8,4,0.23428858074317485,0.054901858236897305
Are knowledge management and green entrepreneurial knowledge the rescuer of sustainable tourism post COVID-19 pandemic?,2023,Entrepreneurship and Green Finance Practices: Avenues for Sustainable Business Start-ups in Asia,Book chapter,8,7,0.11268414683122374,0.015903728839451632
"OUTDOOR TOURISM, KAYAKING, TOURISM POTENTIAL AND TOURISM OPERATIONS IN CENTRAL-EASTERN EUROPE: THE CASE OF POLAND",2021,Geojournal of Tourism and Geosites ,Article,8,0,0.0420914871535857,0.002090953161422559
Continued innovation beyond COVID-19 crisis: toward mitigating the challenges in the tourism and hospitality industry,2024,Journal of Tourism Futures,Article,8,0,0.06676415171184796,0.00498928326855092
"Development of agrotourism business model as an effort to increase the potency of tourism village(case study: Punten Village, Batu City)",2018,MATEC Web of Conferences,Conference paper,8,0,0.06128322909269442,0.005470554995550778
"Restoring relationships: Water heritage, sense of place, and community engagement",2022,Journal of Great Lakes Research,Article,8,2,0.10644043639644908,0.014855845374393623
"Fostering Urban Destination Prosperity through Post COVID-19 Sustainable Tourism in Craiova, Romania",2023,Sustainability (Switzerland),Article,8,7,0.08160067061824569,0.011842006530126927
Types of innovation in tourism businesses: The case of New Zealand wine tourism,2014,Handbook of Research on Innovation in Tourism Industries,Book chapter,8,0,0.05103860616888748,0.0028830032605467204
Digitalization of the Alternative Tourism Marketspace: Evidence from an EU Peripheral Economy,2024,Tourism and Hospitality,Article,8,5,0.1497622617473442,0.02374985444894112
Digital Technology and Pentahelix Role Model for Sport Tourism Event of IVCA 2018 in Bali,2018,"Proceedings - 2018 International Conference on Applied Science and Technology, iCAST 2018",Conference paper,8,1,0.23556143439447264,0.06388138914349155
Dynamic evolution characteristics and driving factors of tourism ecosystem health in China,2023,Frontiers in Public Health,Article,8,7,0.05631704353973663,0.004418578598630455
Motivation-based visitor segmentation in the context of a new governance model for a protected area,2026,"Journal of Policy Research in Tourism, Leisure and Events",Article,8,7,0.05818909295066816,0.00518113701922887
Sport event innovation: a preliminary conceptualization and directions for future research,2022,"Sport, Business and Management: An International Journal",Conference paper,8,1,0.23995566159480453,0.05778995165560471
Carbon Emissions Dynamics and Environmental Sustainability in China’s Tourism Sector: A 22-Year Comprehensive Regional Study,2024,Sustainability (Switzerland),Article,8,7,0.14483889899916724,0.021152658016625848
Sports events and community development: Analysis of the AFCON 2022 host cities in Cameroon,2023,Cogent Social Sciences,Article,8,1,0.1569164193576855,0.029398598831206345
"Transitioning from a Local Railway Hub to a Regional Tourism System: The Story of Peterborough, South Australia",2019,Geographies of Tourism and Global Change,Book chapter,8,0,0.07974133469910263,0.006980499070696102
Technology Innovation as a Destination Branding Tool for Festivals and Events Tourism,2022,"Technology Application in Tourism Fairs, Festivals and Events in Asia",Book chapter,8,5,0.09698329051738667,0.015103943679969915
Impacts of the world heritage list inscription: A case study of kaiping diaolou and villages in China,2019,International Journal of Strategic Property Management,Article,8,4,0.09203530729770162,0.010825339093713315
Mapping the impact of extreme weather on global events and mass gatherings: Trends and adaptive strategies,2025,International Journal of Disaster Risk Reduction,Article,8,1,0.1175799080081487,0.014433344984404321
"Shepherding at Mǎrginimea Sibiului (Romania); Past, Present and Future",2023,European Review,Article,8,3,0.04489648298093847,0.00443831034553053
Co-creating communities of place in second home tourism,2024,Scandinavian Journal of Hospitality and Tourism,Article,8,2,0.052323554615335735,0.0030038841619761066
Examining sport tourism role in fostering social sustainability: Qatar youth perceptions,2024,Frontiers in Sports and Active Living,Article,8,1,0.19626350918963548,0.043738778373531066
African cultures as tourism innovative capability in south african tourism sector: A gauteng province perspective,2020,Geojournal of Tourism and Geosites ,Review,8,0,0.05686263533316103,0.004442126510251
The role of the MICE sector in Singapore's tourism policy. A historical perspective,2024,"Journal of Policy Research in Tourism, Leisure and Events",Article,8,0,0.04601852567557681,0.002727776214596242
The interdependence between tourism and innovation activity in the western borderlands of Russia,2021,Geojournal of Tourism and Geosites ,Article,8,0,0.07849610884048625,0.006214755409590856
The spatio-temporal evolution and influencing factors of the coupling coordination degree between tourism supply and demand in the Yangtze river economic belt,2024,Computational Urban Science,Article,8,7,0.04674309291791192,0.0028342397146881707
"The Role of Residents and Their Perceptions of the Tourism Industry in Low-Density Areas: The Case of Boticas, in the Northeast of Portugal",2021,"Tourism, Hospitality and Event Management",Book chapter,8,2,0.044958892776029345,0.004032467175485933
"Development of slow tourism challenge and operation architecture: A case study on green island, Taiwan",2015,Acta Oeconomica,Conference paper,8,7,0.040548592975574754,0.002709330814835548
"Local people’s perception regarding tourism development: The case of Yogyakarta, Indonesia",2016,Journal of Environmental Management and Tourism,Article,8,2,0.11690149535370342,0.014208159750412853
"Sustainability, the Athens Marathon and Greece’s sport event sector: lessons of resilience, social innovation and the urban commons",2025,Sport in Society,Article,8,1,0.15445209038138816,0.026670908258276147
Challenging the giants: Factors contributing to local homestay competitiveness in Ubud Bali,2019,Journal of Social Sciences Research,Article,8,0,0.05356189429288351,0.0030605687229888663
Space Tourism: A Historical and Existential Perspective,2024,Sustainability (Switzerland),Article,8,0,0.02917241811809124,0.001489123752933517
"ICT as a Support for Value Chain Management in Tourism Destinations: The Case of the City of Cuenca, Ecuador",2023,Sustainability (Switzerland),Article,8,5,0.1287569787519094,0.018092957703223722
Research on Guangdong Tourism Resources Development and Integration Development under the Background of Rural Revitalization Strategy,2020,IOP Conference Series: Earth and Environmental Science,Conference paper,8,3,0.0679418901776292,0.006283651527055882
"Bread and Circuses, Olive Oil and Money: Commercialised Sport in Ancient Greece and Rome",2022,International Journal of the History of Sport,Article,8,1,0.27543874672770297,0.07594925079395431
Research on tourism development of cultural and creative industry park based on the network text analysis : AA case study of dafen oil painting village in Shenzhen,2017,"2017 3rd International Conference on Information Management, ICIM 2017",Conference paper,8,4,0.07213544303951762,0.006458146246168935
Attractiveness of South-West Poland municipalities for independent hotel investors,2017,Tourism Economics,Article,8,0,0.05599758609175781,0.0031408188784794846
ABILITY TO DO FOR SELF. A RURAL COMMUNITY’S VIEW OF THE IMPORTANCE OF CAPACITY BUILDING IN SUSTAINABLE TOURISM DEVELOPMENT,2022,Geojournal of Tourism and Geosites ,Article,8,2,0.09611335786522718,0.016712673692610133
Post-Soviet single-industry cities in northern Russia: Movement towards sustainable development; [Les villes mono-industrielles post-soviétiques du nord de la Russie: vers un développement durable (étude de cas à Kirosvk)],2018,BELGEO,Review,7,7,0.09215629330626826,0.012993117380389777
SUSTAINABLE TOURISM IN THE CURRENT EUROPEAN CONTEXT,2022,Contemporary Studies in Economic and Financial Analysis,Book chapter,7,7,0.21259570193040286,0.047963428469862845
"Exploring Spatial–Temporal Coupling and Its Driving Factors of Cultural and Tourism Industry in the Beijing–Tianjin–Hebei Urban Agglomeration, China",2025,Sustainability (Switzerland),Article,7,4,0.08603922816900017,0.01171572937401328
The economic development of tourism in the United Arab Emirates,2020,Spear's Surgery of the Breast: Principles and Art,Book chapter,7,6,0.056054601230896034,0.004955595824494443
Women Entrepreneurs’ Role in Tourism Co-Creation and Policy: Examining the Case of Cyprus,2025,Tourism and Hospitality,Article,7,6,0.2361184624447405,0.05934403641790751
Rethinking sustainable tourism through innovation and knowledge: A conceptual framework for policy and practice,2025,Equilibrium. Quarterly Journal of Economics and Economic Policy,Review,7,7,0.18615670449514002,0.03862943957864995
Driving modal shift on low-traffic railway lines through technological innovation: a case study in Piedmont (Italy) including hydrogen fuel-cells as an alternative,2023,Transportation Research Procedia,Conference paper,7,7,0.05578977403038595,0.0040599577852554174
Social media power catalyzing urban tourism innovation: applying spatial-institutional-affective framework in placemaking,2025,Tourism Geographies,Article,7,5,0.08910154157164343,0.010748765078624928
"Not Just Survive, But Thrive: Examining Livelihood Capital, Poverty Reduction, and Sustainable Development in Ethnic Tourism Destinations",2025,Cornell Hospitality Quarterly,Article,7,7,0.06984932952329267,0.01119114275043391
Wise use of wetlands trough community based sustainable tourism development,2024,Wetlands Ecology and Management,Article,7,7,0.07387294658486093,0.007027165416267402
The Siyakhula living lab: A holistic approach to rural development through ICT in rural South Africa,2010,ICTs for Global Development and Sustainability: Practice and Applications,Book chapter,7,2,0.1067670158303793,0.021147314113542814
Spatial Pattern and Influencing Factors of Tourism Resources in Northwestern Ethnic Areas in China—A Case Study of Longde County,2022,International Journal of Environmental Research and Public Health,Article,7,7,0.06379446993182757,0.006417059618853272
Smart tourism in the Baltic states: current developments and trends,2023,Worldwide Hospitality and Tourism Themes,Article,7,5,0.13274153494760596,0.018567478592959874
"Analysis of Sustainable Development Goals (2016–2030) and Their Integration into Tourism Activities in Lago Agrio Canton, Sucumbíos Province: SDG 9 (Industry, Innovation, and Infrastructure) and SDG 15 (Life on Land)",2025,Sustainability (Switzerland),Article,7,7,0.23286868834588148,0.054814549528118386
"Caribbean Tourism Development, Sustainability, and Impacts",2022,Contemporary Issues Within Caribbean Economies,Book chapter,7,7,0.14022811023291776,0.020671122141966546
"The research project ⇜earthen architecture in the iberian peninsula: Study of natural, social and anthropic risks and strategies to improve resilience (risk-terra)⇝. Objectives and first methodology",2020,"International Archives of the Photogrammetry, Remote Sensing and Spatial Information Sciences - ISPRS Archives",Conference paper,7,4,0.07117200843953693,0.007567502378908216
Barriers influencing the sustainable development of community-based tourism (CBT): evidence from Ciaotou heritage village in Taiwan,2024,International Journal of Event and Festival Management,Article,7,2,0.14431893162988296,0.021334756093007154
Social innovation and sustainable economic development: Participatory tourism destination management,2019,EAI/Springer Innovations in Communication and Computing,Book chapter,7,7,0.10690211448262019,0.01658202268654449
“Fishing” for Winemaking Perfection in Cloudy Waters…Underwater Wineries: Innovation Genius or Another Marketing Trick? Implications on Wine and Food Tourism,2023,Technology Advances and Innovation in Wine Tourism: New Managerial Approaches and Cases,Book chapter,7,0,0.0396018829720468,0.0015686259293783368
Residents’ Perceptions of Tourism: A Decisive Variable in Stimulating Entrepreneurial Intentions and Activities in Tourism in the Mountainous Rural Area of the North-East Region of Romania,2022,Sustainability (Switzerland),Article,7,3,0.19930411093936884,0.04207542621275039
WHAT DRIVES THE TOURISM INDUSTRY IN SAMARINDA? AN EMPIRICAL EVIDENCE,2022,Geojournal of Tourism and Geosites ,Article,7,5,0.04541569903929914,0.00366460166039101
Unfinished indigenous geographies: The endurances and becomings of a Sámi tourism venture,2022,Polar Record,Article,7,6,0.048783449143864864,0.004119985922928022
Phygital as a Lever for Value Propositions in Italian Cultural Tourism Startups,2024,Sustainability (Switzerland) ,Article,7,4,0.1333586311622069,0.02111298482533309
Ethnic Soups from Rupea Area (Romania) as Resources for Sustainable Local Development,2023,Sustainability (Switzerland),Article,7,4,0.11985152997120964,0.01619729036298946
Sustainability evaluation of sports tourism using a linguistic neutrosophic multi-criteria decision-making method,2024,PLoS ONE,Article,7,1,0.15425630429832862,0.02457660349937203
Stakeholder Perceptions of Crime and Security in Township Tourism Development,2022,"African Journal of Hospitality, Tourism and Leisure",Article,7,2,0.021243476114833567,0.0009728406268806561
Technological Innovations in Event Sport Tourism: Case Study of the 2021 Sabre World Cup in Budapest in Hungary,2022,Digital Transformation and Innovation in Tourism Events,Book chapter,7,1,0.25123245115706905,0.06688598941332677
"Three-Dimensional Digital Geospatial Documentation for Cultural Heritage Preservation and Sustainable Management of Tourism Through a Web Platform: The Case Study of the Archaeological Park of Dion, Greece",2025,Land,Article,7,4,0.17123040563314162,0.04122225728885149
Exploring Generation Z Motivations to Use Metaverse for Travel Planning,2025,International Journal of Tourism Research,Article,7,5,0.058328116249246297,0.003855323514106769
Adoption of Entrepreneurial Behaviours in Sports Tourism in Developing Countries,2022,Highlights of Sustainability,Article,7,1,0.1529079389537384,0.027798738554902884
"The 'SHIP' approach and its value as a community-based research method in Bali, Indonesia",2008,Current Issues in Tourism,Article,7,2,0.08956275611055187,0.008178718930028825
Social Entrepreneurship and Tourism Development in Mexico: A Case Study of North American Social Entrepreneurs in a Mexican Town,2017,Tourism on the Verge,Book chapter,7,6,0.10350410207673791,0.013150875689721508
"Geodiversity, Geoconservation and Sustainable Development in Qian’an National Geopark (Hebei, China)",2024,Geoheritage,Article,7,7,0.098656410227949,0.01351819166088562
Profitability in rural restaurants and owners' motivation to agritourism: A case from Nepal,2024,International Journal of Tourism Research,Article,7,3,0.14262667727581654,0.021222756505417394
Tourism value co-creation: the more we contribute – the more we value,2026,Tourism Management,Article,7,0,0.037427692139108334,0.002877883837096726
Exploring the Potential of Social Farmers’ Networking as a Leverage for Inclusive Tourism,2023,Sustainability (Switzerland),Article,7,6,0.0747161673906774,0.008857907814599879
Semantic Comparison of Online Texts for Historical and Newly Constructed Replica Ancient Towns from a Tourist Perception Perspective: A Case Study of Tongguan Kiln Ancient Town and Jinggang Ancient Town,2024,Land,Article,7,4,0.13801258351913703,0.019150117447065206
The impact of water resources and environmental improvement on the development of sustainable ecotourism,2021,Desalination and Water Treatment,Article,7,7,0.1037767377666298,0.011264734745614293
Sustainable energy in the greater bay area of China: Lessons from the cruise industry,2020,Sustainable Energy and Green Finance for a Low-carbon Economy: Perspectives from the Greater Bay Area of China,Book chapter,7,7,0.06291991613897614,0.004563943182072659
Reinvigorating rural tourism market potential through entrepreneurial self-efficacy and heritage education,2024,"Journal of Tourism, Heritage and Services Marketing",Article,7,3,0.2312048665955102,0.05611491949550512
EXPLORING THE INTERSECTIONS OF TOURISM WITH URBAN AND REGIONAL PLANNING: STRATEGIES FOR SUSTAINABLE DEVELOPMENT AND COMMUNITY INTEGRATION,2025,"Acta Scientiarum Polonorum, Administratio Locorum",Article,7,7,0.08656349671003857,0.014357512220283713
Enablers and Barriers to Public-Private Partnerships for Inclusive Tourism Development in South Africa,2024,"African Journal of Hospitality, Tourism and Leisure",Article,7,0,0.028863209992480765,0.0013873477216868797
BIBLIOMETRIC ANALYSIS OF COMMUNITY-BASED TOURISM AND ITS THEORETICAL IMPLICATIONS,2023,Geojournal of Tourism and Geosites ,Article,7,2,0.1290381050146459,0.01695567896376391
Building from scratch? An “inner connectivity” framework for soft urban tourism development,2016,International Journal of Tourism Cities,Article,7,0,0.04634891127027817,0.0032352394615411733
"Innovation to Improve the Village Economy Through the Development of Local Wisdom-Based Agro-Tourism, in North Kalimantan, Indonesia",2023,Agris On-line Papers in Economics and Informatics,Article,7,2,0.029826915400817933,0.0015629127123943276
Paving the way for Philippine tourism via interagency collaboration on road networks,2014,Transport Policy,Article,7,0,0.04589408752747566,0.002549715786088396
Redesigning rural space through smart ecotourism villages: A model proposal based on TOE theory,2026,Cities,Article,7,5,0.13690933477193346,0.038360076837057513
Sustainable tourism and community-based tourism in small islands: A policy analysis; [Turismul durabil și turismul comunitar în insulele mici: O analiză a politicilor],2021,Forum Geografic,Article,7,2,0.08453039501630527,0.009800562941422192
Tourism Planning and Tourism Development in the Italian Inner Areas: Assessing Coherence in Policy-Making Strategies,2021,Advances in Spatial Science,Book chapter,7,0,0.03793498890298803,0.0029998655795768453
"The Making of a ‘Big 5’ Game Reserve as an Urban Tourism Destination: Dinokeng, South Africa",2020,"African Journal of Hospitality, Tourism and Leisure",Article,7,0,0.07210242757161943,0.006094512420382029
"Application of PCA with georeferenced data in the tourism industry: A case study in the province of Córdoba, Argentina",2022,Tourism Economics,Article,7,0,0.05955143496222959,0.004118062082444362
"Developing woodlands for tourism: Concepts, connections and challenges",2008,Journal of Sustainable Tourism,Article,7,2,0.056732547323302636,0.007673813297226743
The perspectives of ecotourism development in small islands of the South Dodecanese,2001,Anatolia,Article,7,7,0.09659105676428993,0.013845725864954441
Application and Reflection of Virtual Reality in Digital Tourism Development,2024,Applied Mathematics and Nonlinear Sciences,Article,7,5,0.17053471676296955,0.03612820007363838
The fundamental right to property and the protection of investment: How difficult is it to repeal new intellectual property rights?,2020,Research Handbook on Intellectual Property and Investment Law,Book chapter,7,1,0.05071465304016669,0.0032140790517514546
The Quadruple Helix as a Tool for Innovation in Tourism: A Study in the City of Rio de Janeiro in the Post-Olympic Period,2023,Tourism Planning and Development,Article,7,0,0.07302780352054129,0.00839304145546579
"Discovering the Sustainable Innovation Service Process of Organizational Environment, Information Sharing and Satisfaction: The Moderating Roles of Pressure",2023,Sustainability (Switzerland),Article,7,7,0.07563120231153571,0.008615561402024165
Tourism planning and regional instability: The consequences of rapid expansion of the tourism sector in Jordan,2006,International Development Planning Review,Article,7,7,0.05627069010776035,0.005316652311744805
"RESIDENTS’ ATTITUDE TOWARDS ETHNO-TOURISM IN ULYTAU, KAZAKHSTAN",2024,Geojournal of Tourism and Geosites ,Article,7,4,0.055009909406176144,0.0044614803134764595
Proposal to measure tourism development within a destination and segment its different territories,2023,Heliyon,Article,7,0,0.059167899562464384,0.0039682784476651085
"Conceptualization, measurement and theorization of green innovation in hospitality and tourism: looking back to move forward; [酒店和旅游业绿色创新的概念化、测量和理论化：回顾与前瞻]",2025,Service Industries Journal,Article,7,7,0.046437006222096136,0.0027202405710470856
Tourism-based regional development: boosting and inhibiting factors,2022,Anatolia,Article,7,0,0.04909003077898427,0.0024108763537852083
The tourism sector and U.S. regional macroeconomic stability: A network approach,2020,Sustainability (Switzerland),Article,7,0,0.06390322659456182,0.004711733172876194
"Surfing the Innovation Waves: Surf Tourism in Portugal: Exploring the Nexus of Sport, Tourism, and Innovation",2021,"Tourism, Hospitality and Event Management",Book chapter,7,1,0.09639724803614785,0.012652898006564713
FORECASTING TECHNOLOGY ACCEPTANCE IN TOURISM AND HOSPITALITY: LESSONS FROM AKMOLA REGION IN KAZAKHSTAN,2025,Geojournal of Tourism and Geosites,Article,6,5,0.1844651229603829,0.034864851355240936
Development of E-Tourism to Achieve Excellence and Sustainable Development in Tourism: Ha’il Region Case Study,2024,Sustainability (Switzerland),Article,6,7,0.11569044209910563,0.014050015518145624
Identifying motives for engagement in major sport events: The case of the 2017 Barents Summer Games,2018,International Journal of Event and Festival Management,Article,6,1,0.18529526150191034,0.03453619607053296
Sports Equipment Manufacturing in India: A Firm-level Inquiry into Growth and Employment Dynamism,2021,Industrialisation for Employment and Growth in India: Lessons from Small Firm Clusters and Beyond,Book chapter,6,1,0.09376402852171563,0.010602261145763974
Event Management Evolution Through Non-Fungible Tokens,2023,"2023 IEEE International Workshop on Sport, Technology and Research, STAR 2023 - Proceedings",Conference paper,6,1,0.16542790453074174,0.03047815895537839
Social media research trends in tourism city context,2022,International Journal of Tourism Cities,Review,6,0,0.036610233795559985,0.002948455929493677
Linking commercial success of tour operators and agencies to conservation and community benefits in Costa Rica,2012,Environmental Conservation,Article,6,2,0.09281912501394661,0.011505510648280327
Public liability insurance: Its impact on Australian rural festivals,2005,Journal of Convention and Event Tourism,Article,6,2,0.0837661827079177,0.012763037471705974
Pursuing Sustainable Tourism Development Through Wildlife Tourism: Local Residents’ Perceptions,2024,Geographies of Tourism and Global Change ,Book chapter,6,2,0.1418070622593113,0.03423932826620273
ENTREPRENEURIAL RESILIENCE DURING COVID-19: THE SURVIVAL OF SMALL BUSINESSES USING DYNAMIC CAPABILITIES THEORY AND EFFECTUATION THEORY; [RESILIÊNCIA EMPREENDEDORA DURANTE A COVID-19: A SOBREVIVÊNCIA DAS PEQUENAS EMPRESAS UTILIZANDO A TEORIA DAS CAPACIDADES DINÂMICAS E A TEORIA DA EFETUAÇÃO]; [RESILIENCIA EMPRESARIAL DURANTE COVID-19: LA SUPERVIVENCIA DE LAS PEQUEÑAS EMPRESAS UTILIZANDO LA TEORÍA DE LAS CAPACIDADES DINÁMICAS Y LA TEORÍA DE LA EFECTUACIÓN],2024,Revista de Gestao Social e Ambiental ,Article,6,1,0.08150646516402475,0.009765808414932527
Digital Empowerment and Sustainable Tourism: Spatiotemporal Coupling Coordination Analysis of Digital Technology and High-Quality Development in China’s A-Level Scenic Spots,2025,Sustainability (Switzerland),Article,6,5,0.17774869921889414,0.03730959229658421
"A typology of challenges facing township micro-tour operators in Soweto, South Africa",2022,"African Journal of Science, Technology, Innovation and Development",Article,6,0,0.03988128458264148,0.002282800256271331
Metaverse and overtourism: positive and negative impacts of tourism development on local residents,2025,Journal of Management Development,Article,6,5,0.06200901132862843,0.0069767055730272165
An empirical research based on spatial–temporal evolution of high-quality tourism development in Fujian Province of China,2024,PLoS ONE,Article,6,7,0.10816000338043343,0.01597414918452804
Geomedia Perspectives for Multiple Futures in Tourism Development,2024,Media and Communication,Article,6,5,0.07231334945720214,0.010485838999429686
Contributions to the design of regional tourism innovation policies: Evaluation of determinants in Latin America,2024,Journal of Innovation and Knowledge,Article,6,0,0.08219317739942855,0.0067568638659290595
The role of legitimation and delegitimation in new path development in tourism,2023,Tourism Geographies,Article,6,0,0.06127346655328443,0.003890819367107668
Environmental reviews and case studies: Contextualization of national parks in the nature conservation scheme in China: A case study of pudacuo national Park in Yunnan Province,2013,Environmental Practice,Review,6,7,0.0407565116028754,0.003003605409734646
Non-mega sport events as sociopolitical projects: a case study of the Canada Games,2020,International Journal of Sport Policy and Politics,Article,6,1,0.24925123786646422,0.06245356410752778
Cultural ecosystem services in China's national parks and their impact on public online engagement − Analysis of Douyin short videos data based on BERTopic modeling,2025,Journal for Nature Conservation,Article,6,4,0.05535362084294028,0.005037394326653467
"Innovation drivers, barriers, and strategies of organizing committees for the Olympic games: an embedded single-case study approach",2024,European Sport Management Quarterly,Article,6,1,0.13449764745060502,0.01967923197392143
Self-gentrification as a pro-active response to tourism development: Cases of Indigenous entrepreneurship in mainland China and Taiwan,2020,Indigenous Wellbeing and Enterprise: Self-Determination and Sustainable Economic Development,Book chapter,6,4,0.1112114364725979,0.020929194719627897
The Prospects of Sustainable Development of Destroyed Tourism Areas Using Virtual Technologies,2025,Sustainability (Switzerland),Article,6,4,0.14264234734915457,0.03461623712712469
Modeling the Institutional Factors Affecting the Exploitation of Entrepreneurial Opportunities in the Sports Tourism Industry Using an Interpretive-Structural Approach,2022,Iranian journal of Management Studies,Article,6,1,0.13279476992568084,0.021427085760149546
Potentials of community-based tourism in transformations towards green economies after the 2008 Wenchuan earthquake in West China,2016,Journal of Mountain Science,Article,6,7,0.10501277096740762,0.01585066212594689
Blockchain-a new tehnology for the smart village,2021,"Proceedings of the 13th International Conference on Electronics, Computers and Artificial Intelligence, ECAI 2021",Conference paper,6,5,0.19612115426133303,0.044882091830149184
Evaluation and Spatiotemporal Differentiation of Cultural Tourism Development Potential: The Case of the Middle and Lower Reaches of the Yellow River,2023,ISPRS International Journal of Geo-Information,Article,6,4,0.10061425887781483,0.01190672879776169
SERVICE LEARNING AS COMMUNITY DEVELOPMENT? LOCAL RESIDENT PERSPECTIVES OF COMMUNITY-ENGAGED EDUCATIONAL TRAVEL,2021,Tourism Review International,Article,6,2,0.19409170012610136,0.0377548263972039
"Understanding Sustainable Tourism Trajectories in Developing Countries, Case Study: ASEAN",2024,Journal of Sustainability Research,Review,6,7,0.25103464803141107,0.06306150900601369
Can mentors of erasmus student mobility influence the development of future tourism?,2013,Tourism and Hospitality Management,Review,6,0,0.03871183352856169,0.001587293050725295
Sustainable Tourism and Regional Development Through Innovation in the Post-COVID-19 Era: The Case of Hersonissos and Chios,2025,Tourism and Hospitality,Article,6,7,0.10242813635931428,0.014735252410280607
Cultural Heritage Tourism Export and Local Development. Performance Indicators and Policy Challenges for Romania,2019,Springer Proceedings in Business and Economics,Conference paper,6,4,0.1992472547856769,0.04217904281736974
Tourist flows and protection of cultural heritage in Andalusia (Spain): An econometric analysis with panel data,2025,Tourism Economics,Article,6,4,0.17004698515726543,0.02942886161254435
TOWARDS THE DEVELOPMENT OF ECOTOURISM IN THE OULED-NAIL MOUNTAINS: A CASE STUDY OF THE DJELFA MUNICIPALITY IN ALGERIA,2023,Geojournal of Tourism and Geosites ,Article,6,4,0.09114056231317669,0.011867496234314136
Strategic environmental leverage of a sport tourism event: Approaching the global challenge locally,2024,European Journal of Tourism Research,Article,6,1,0.2126113480300685,0.0498626534253309
Tourism and livelihood sovereignty: A theoretical introduction and research agenda for arctic contexts,2021,Societies,Article,6,7,0.05467521786812472,0.005643468991962596
Tourism as a poverty reduction tool: The case of Mukuni Village in the Southern Province of Zambia,2014,Acta Universitatis Agriculturae et Silviculturae Mendelianae Brunensis,Article,6,2,0.04937007727583449,0.004552265608239396
CAN TOURISM BE A WAY TO DIVERSIFY REGIONAL ECONOMIES: THE CASE OF THE ULYTAU REGION OF KAZAKHSTAN,2024,Tourism and Hospitality Management,Article,6,0,0.04696830697339793,0.004327661615045393
"Simple online and realtime tracking people with new ""soft-iou"" metric",2019,Proceedings of SPIE - The International Society for Optical Engineering,Conference paper,6,1,0.026157120209962553,0.0010884328153913786
"THERMAL TOURISM AS A DRIVER OF LOCAL DEVELOPMENT, AN ILLUSTRATION OF OPPORTUNITIES AND CONSTRAINTS. CASE STUDY OF HAMMAM-GUERGOUR IN THE PROVINCE OF SÉTIF, ALGERIA",2022,Geojournal of Tourism and Geosites ,Article,6,0,0.05122715219735257,0.00270763096038009
Mapping the current and future issues of tourism entrepreneurship research: a systematic review of key themes and research gaps,2025,Current Issues in Tourism,Article,6,6,0.1218480921800964,0.016644761910789334
"Geoheritage Values of Ambaji Region, Gujarat: Western India",2024,Geoheritage,Article,6,7,0.11503232330130964,0.020102698680175887
Asymmetric impacts of technology innovation and environmental quality on tourism development in emerging economies,2022,Economic Research-Ekonomska Istrazivanja ,Article,6,7,0.0953532579101256,0.013563094749003158
Tourism Development and Sustainable Green Growth: Evidence From the Top 10 International Tourist-Receiving Economies,2025,Sustainable Development,Article,6,7,0.11570346878453903,0.013677092638734147
Research on Copyright Protection of Sports Events Based on Blockchain Technology,2021,"Proceedings - 2021 International Conference on Information Technology and Contemporary Sports, TCS 2021",Conference paper,6,1,0.2735055457790711,0.07908328150966126
Spatiotemporal Changes in China’s Tourism Industry Development,2024,Sustainability (Switzerland) ,Article,6,0,0.061715628213511876,0.005178300294660189
Managing cruise volume at Nordic cruise destinations,2025,Scandinavian Journal of Hospitality and Tourism,Article,6,2,0.030920598628460978,0.0018012762195439955
The Potential of Wine Tourism in the Innovation Processes of Tourism Experiences in the Canary Islands—An Approach to the Case of the Canary Brand,2024,Sustainability (Switzerland),Article,6,0,0.05224282355852279,0.004472528708316631
Bridging the troubled waters of tourism studies: from social capital and rural community development to livelihood sovereignty,2021,International Journal of Tourism Anthropology,Article,6,2,0.09765050871407627,0.012322263593910464
"Balancing people-park conflict, conservation and tourism in Hainan Tropical Rainforest National Park",2026,"Journal of Policy Research in Tourism, Leisure and Events",Article,6,2,0.06061958979242458,0.004789279662326097
"Innovation, infocommunication and digital transformation in sport policing and certain aspects of sports",2024,"Journal of Infrastructure, Policy and Development",Article,6,1,0.21716418930249756,0.05468572790770486
Examining the Efficacy of a Government-Led Sport for Development and Peace Event,2022,Journal of Sport Management,Article,6,1,0.21353449139241815,0.04960669883879949
"Rural change and tourism in remote regions: Developments and Indigenous endeavour in Westland, Te Tai o Poutini, Aotearoa New Zealand",2019,New Zealand Geographer,Article,6,2,0.07429919961065075,0.008128313908070173
Leadership networks: Shaping AI innovations through responsible practices in Vietnamese tourism and hospitality firms,2026,Tourism Management,Article,6,0,0.04189559897280198,0.003948444706323795
Social involvement and adaptation to the 1960s tourist boom on Ibiza,2023,Journal of Tourism and Cultural Change,Article,6,0,0.045500892191232316,0.0029002173239976886
Suppliers as Key Collaborators for Sustainable Tourism Development,2018,Collaboration for Sustainable Tourism Development,Book chapter,6,7,0.12133473543866324,0.015564195665501648
Determinants of improving small tourism business performance and entrepreneurs’ quality of life: evidence from a three-year longitudinal study,2023,Asia Pacific Journal of Tourism Research,Article,6,0,0.062147666087143824,0.006152333129752207
Innovationto speed up the Developmentof Rose Picking Agro-Tourism in Gunung Sari,2020,IOP Conference Series: Earth and Environmental Science,Conference paper,6,3,0.04547336322560556,0.002870620529026552
Smart Tourism Development in Small and Medium Cities: The Case of Macao,2021,Journal of Smart Tourism,Article,6,5,0.18848975304379742,0.035619287969457146
Tourism Through the Gaze of Stakeholders: the Case of Óbidos Lagoon in Portugal,2015,Tourism Planning and Development,Article,6,2,0.08389852838920807,0.009215856656111056
Analysis of factors determining Colombia's tourist enterprises organizational innovations,2018,Tourism and Hospitality Research,Article,6,0,0.055289662635773375,0.0030569467943776345
Analysis of Hainan Marine Folk Sports Culture and Tourism Development Approach Based on Computer,2021,Journal of Physics: Conference Series,Conference paper,6,1,0.07758952600079015,0.006900382708274351
Modelling the development of world records in running,2007,Statistical Thinking in Sports,Book chapter,5,1,0.07317599756181296,0.010888090646337778
"Tourism Destination Development, a Situation Analysis of a Greek Region",2021,Springer Proceedings in Business and Economics,Conference paper,5,0,0.09885481610203363,0.017281125638969542
THE IMPACT OF TOURISM DEVELOPMENT ON POVERTY ALLEVIATION: EVIDENCE FROM THE LEBANESE MARKET,2025,Geojournal of Tourism and Geosites,Article,5,2,0.05186038505725571,0.0075383791386298
"Natural resources, sustainable tourism development and community livelihoods relationships: A comparison between Botswana and the USA",2019,"Natural Resources, Tourism and Community Livelihoods in Southern Africa: Challenges of Sustainable Development",Book chapter,5,2,0.18070196459983823,0.038581535186901085
Digital Governance Driving Tourism Development: The Mediating Role of Tourism Resources and the Moderating Effect of Provincial Economic Comprehensive Competitiveness,2025,Sustainability (Switzerland),Article,5,5,0.07518898137854785,0.009575500142597844
"Interaction between the tourism industry and ecological environment based on the Complicated Adaptation System (CAS) theory: A case study on Henan Province, China",2020,Nature Environment and Pollution Technology,Article,5,7,0.0712662292422361,0.00713030728459371
Correlation Degree Analysis of Tourism and Economic Growth Based on Computable General Equilibrium Model,2022,Journal of Mathematics,Article,5,0,0.07659768364263239,0.0072258837394634165
Content analysis of research articles in sport tourism of Iran,2020,Annals of Applied Sport Science,Article,5,1,0.17677822233038287,0.03157923268281098
GOVERNMENT FUNCTIONS ACCELERATION IN TOURIST VILLAGE DEVELOPMENT: A CASE STUDY OF DERMAJI VILLAGE; [O GOVERNO ACELERA AS FUNÇÕES NO DESENVOLVIMENTO TURÍSTICO DA ALDEIA: UM ESTUDO DE CASO DO VILAREJO DERMAJI]; [ACELERACIÓN DE LAS FUNCIONES GUBERNAMENTALES EN EL DESARROLLO DE ALDEAS TURÍSTICAS: UN ESTUDIO DE CASO DEL PUEBLO DE DERMAJI],2023,International Journal of Professional Business Review,Article,5,2,0.07326803995746806,0.008913453695345592
"Entrepreneurs Motivation for Selecting Homestay Businesses: Special Reference to Ella, Sri Lanka",2021,"Smart Innovation, Systems and Technologies",Conference paper,5,6,0.04579322318204636,0.004117561732610825
Adapting the Smart Village Index as a Technological Tool for Rural Digitalization and Tourism Development in Emerging Economies,2025,Technologies,Article,5,5,0.22212409934624353,0.06711588319642556
From project to venture: facilitating engagement and entrepreneurship in rural tourism,2025,Tourism Geographies,Article,5,3,0.12619011805792713,0.022320178689405112
Measuring the Ecoefficiency of Tourism in Typical Tourist Cities and Analyzing the Influencing Factors—Anhui Huangshan City as an Example,2024,Sustainability (Switzerland),Article,5,7,0.09634694982681472,0.011144220630771633
Ecological Theory and Practice in Tourism Research in the New Era; [新时期旅游研究中生态学理论与实践],2022,Journal of Resources and Ecology,Article,5,7,0.05821291333942869,0.004975552694932902
"Inclusive Tourism, a Cultural Paradigm Shift in Approaching Tourism Development",2022,Contributions to Management Science,Book chapter,5,4,0.05259256198359292,0.007105029394627017
How Modest Tourism Development Becomes Successful: The Complementarity of Tourism in Malå Municipality,2019,Geographies of Tourism and Global Change,Book chapter,5,0,0.06979321515593227,0.0053427108636305174
An analysis of actors’ perceptions of Maio island's (Cape Verde) marine governance,2019,Marine Policy,Article,5,2,0.05533718842968369,0.006916691157968537
Tourism and Community Development: A Holistic Perspective from the Local Community in Bodhgaya,2025,Journal of Environmental and Earth Sciences,Article,5,4,0.1773497832619746,0.0529243827075739
Strategic marketing for sustainable sports travel experiences,2024,Journal of Strategic Marketing,Article,5,1,0.15631281477089598,0.0380305678393078
The Possibilities and Limitations of Tourism Development in Greenland Impacting Self-efficiency and Socio-economic Wellbeing of Coastal Communities,2020,Springer Polar Sciences,Book chapter,5,2,0.05474633245702377,0.00788028538694533
High-Quality Development of Tourism Industry Under the Trend of Cultural and Tourism Integration Based on Big Data Analysis,2020,Advances in Intelligent Systems and Computing,Conference paper,5,4,0.12059769482000465,0.018035921531175357
NON - TRADITIONAL FORMS of TOURISM in SLOVAKIA AS A CONCEPT of COMPETITIVENESS,2020,Geojournal of Tourism and Geosites ,Article,5,0,0.04620494551616767,0.0037574066650247527
System dynamics model for sports entrepreneurship ecosystem (case study: Iran),2023,Kybernetes,Article,5,1,0.10689383172051561,0.02132094501556834
Innovativeness of railway transport in the context of the development of tourism in Poland,2020,Quality and Quantity,Article,5,0,0.04490842506654277,0.0022708921645731967
Impact of tourism development on latent entrepreneurship in BRICS,2022,Entrepreneurial Business and Economics Review,Article,5,6,0.057551481092739255,0.004828756293600526
"EXPLORING RESEARCH STREAMS IN SPORT TOURISM MANAGEMENT: A DESCRIPTIVE META-ANALYSIS OF DESTINATION IMAGE, EVENT QUALITY, TOURIST SATISFACTION, AND FUTURE INTENTIONS",2025,ABAC Journal,Article,5,1,0.14654472111562514,0.022924856295789938
Rethinking resilient futures for Nordic tourism,2024,Scandinavian Journal of Hospitality and Tourism,Article,5,0,0.04627325580595116,0.0038164433133887465
Advantages of Marketing Communication in the Development of a Tourism Brand,2022,Journal of Educational and Social Research,Article,5,4,0.09291182173445058,0.013259217428596988
Community-based tourism resilience in response to COVID-19 in Brazil’s Kalunga Territory,2024,Tourism Geographies,Article,5,2,0.14393678937588636,0.021108617277420316
Entrepreneurship in an indigenous community: Sustainable tourism and economic development in a newly inscribed UNESCO World Heritage Site,2016,Indigenous People and Economic Development: An International Perspective,Book chapter,5,2,0.11992796272346216,0.02527825557344947
"Tourism, social networks, and community development: a case study of a coastal Vietnamese village",2024,Community Development Journal,Article,5,2,0.12380184079383984,0.017887489307636367
Research on the Development of Coastal Rural Tourism in China from the Perspective of Industrial Integration,2020,Journal of Coastal Research,Article,5,3,0.23220093322163327,0.0543839822770517
Do We Want to Be Involved? Tourism Promotion and the Industrial Heritage of Germans in Vojvodina; [Želimo li biti uključeni? Promicanje turizma i industrijske baštine Nijemaca u Vojvodini],2023,Sociologija i Prostor,Article,5,4,0.10429800326835437,0.015192199595815147
"‘Made in Airbnb’: Sense of Localness in Neolocalism: Tourism Dynamics on Heimaey, Iceland",2023,Island Studies Journal,Article,5,2,0.0662673351659908,0.005112072224352686
"The race against carbon footprint: how China’s green technological innovation, tourism development and financial policies shape its ecological future",2025,Carbon Balance and Management,Article,5,7,0.1400452466991491,0.020632366453053316
Assessing the impact of green tourism on sustainable development: A case study of the United Arab Emirates,2025,Research Journal in Advanced Humanities,Article,5,7,0.19225665042402135,0.03696352533059681
Destination and place: social sustainability and social innovation in second-home tourism,2024,Scandinavian Journal of Hospitality and Tourism,Article,5,7,0.06703243810661982,0.00877171673688051
The influence path of residents’ participation in collective tourism social entrepreneurship: a qualitative comparative analysis,2026,Journal of Sustainable Tourism,Article,5,2,0.09323063186988884,0.01812337206553052
"Community-based tourism management in Santen Beach, Banyuwangi",2019,IOP Conference Series: Earth and Environmental Science,Conference paper,5,2,0.15706346067539917,0.029215328235384183
"Socio-economic Impacts of Community-Based Ecotourism on Rural Livelihoods: A Case Study of Khawa Village in the Kalahari Region, Botswana",2022,Geographies of Tourism and Global Change,Book chapter,5,2,0.13757491693538598,0.021164984693744452
"Driving Forces of Tourism Carbon Decoupling: A Case Study of the Yangtze River Economic Belt, China",2022,Sustainability (Switzerland),Article,5,7,0.08025164378169884,0.006619984908788751
Bridging Digital Marketing and Tourism Development: The Role of Social Media Marketing in Enhancing Business Performance,2025,"African Journal of Hospitality, Tourism and Leisure",Article,5,5,0.1009070531863755,0.011926075251444254
The development of pioneer national policy on adventure recreation in Brazil and Aotearoa/New Zealand’s first review,2023,Leisure Studies,Article,5,0,0.03508349243784682,0.0025550610822548604
Mountain Outdoor Tourism and Tibetan Mountain Guides’ Place Identity: The Case of Mt. Siguniang Town,2022,Sustainability (Switzerland),Article,5,0,0.023418465018127044,0.0012385115618022509
Friction in the forest: a confluence of structural and discursive political ecologies of tourism in the Ecuadorian Amazon,2019,Journal of Sustainable Tourism,Article,5,2,0.07961998555665252,0.007480836670472531
How Religious Destinations Innovate Tourism Models in Religious Personalization: An Evidence from Contemporary Art-Temple Collaboration,2022,Sustainability (Switzerland),Article,5,0,0.029479255384814374,0.0010116380295352005
The development of marine sports tourism based on experience economy,2020,Journal of Coastal Research,Article,5,1,0.11809620374659094,0.015956194577445015
"Entrepreneurship, Local Fashion, Tourism Development, and the Hippie Movement: The Case of Adlib Fashion (Ibiza, Spain)",2022,Sustainability (Switzerland),Article,5,0,0.04403405066625259,0.002326045097630614
"Effects of ecological innovation, governance structure, and social development on the adoption of sustainable reporting in the global tourism industry",2023,Economic Research-Ekonomska Istrazivanja ,Article,5,7,0.12748056494697005,0.017846069588737478
"‘Stuck in structure’: How young leaders experienced the institutional frames at the Youth Olympic Games in Innsbruck, 2012",2016,International Review for the Sociology of Sport,Article,5,1,0.060648816465986764,0.0038769929073529824
Research on AIGC Empowering Traditional Intangible Cultural Heritage Yue Embroidery to Modern Tourism Souvenir Design and Application,2025,Lecture Notes in Computer Science,Conference paper,5,4,0.23591092105735595,0.05629613963809331
Towards a Spontaneous Community Participation Model in Community-Based Tourism,2021,"African Journal of Hospitality, Tourism and Leisure",Article,5,2,0.2090209386442957,0.04368975279174242
The sharing economy in tourism and property markets: a comment on the darker side of conceptual stretching,2022,Current Issues in Tourism,Article,5,0,0.04216357998928369,0.002331604260302138
CAN ENTREPRENEURIAL ECOSYSTEMS OPTIMIZE THE IMPACT OF MEGA-SPORT EVENTS? EVIDENCE FROM THE 2014 FIFA WORLD CUP AND 2016 SUMMER OLYMPIC GAMES IN BRAZIL,2022,Event Management,Article,5,1,0.12145792147808857,0.015649540301757386
A Literature Review on Networks and Sustainable Development in Sea Tourism Entrepreneurship,2023,Sustainability (Switzerland),Article,5,0,0.03747759798507649,0.003431770243290312
The ‘McDonaldized Consumer Society’ and tourism industry governance by local development zones in China: an empirical study,2022,Current Issues in Tourism,Article,5,0,0.047084565134752406,0.0036075350949786216
Fostering sustainable tourism through digital innovation and green tourism initiatives in Bangladesh,2025,Sustainable Futures,Article,5,7,0.08253123259007805,0.014382905687036516
Innovative local response to cyclone damaged reef leads to rapid tourism recovery,2023,Journal of Ecotourism,Article,5,7,0.03153417799532252,0.0016503697226159576
"Ecological restoration of the West Lake in Hangzhou, China: An introduction to the 2001 ecological conceptual planning and a review of its implementation",2019,International Review for Spatial Planning and Sustainable Development,Article,5,7,0.05463018917506729,0.0036165087151930155
"Planners in the face of mining cultural heritage: Tourism development at L'Argentiera, Italy",2008,International Journal of Services Technology and Management,Article,5,4,0.16460740648898103,0.028483906227349226
Co-creating sustainability innovations in a tourism destination: a participatory research design from Barcelona,2026,Journal of Sustainable Tourism,Article,5,0,0.047321476306280356,0.003998509439259508
Half-century qualitative research in tourism and hospitality: a bibliometric analysis,2024,Journal of Qualitative Research in Tourism,Article,5,5,0.06880978171585986,0.007220533362785473
Navigating the nexus of innovation and insight: an umbrella review and thematic clustering of smart tourism evolution,2026,Current Issues in Tourism,Review,5,5,0.19555617431304298,0.03874698748744559
Application of Geospatial Analysis to Tourist Flows in the Insular Destinations,2024,Lecture Notes in Computer Science (including subseries Lecture Notes in Artificial Intelligence and Lecture Notes in Bioinformatics),Conference paper,5,0,0.06667922707727938,0.004538845502878982
Comprehensive vitality evaluation and spatio-temporal characteristics of nighttime tourism in Shenzhen: an empirical analysis based on multi-source data integration,2026,Current Issues in Tourism,Article,5,0,0.04131751413488787,0.0026851233446711278
"Hmong Christianisation, the will to improve and the question of neoliberalism in Vietnam’s highlands",2021,European Journal of East Asian Studies,Review,5,2,0.03423239540646548,0.002040894377919241
Does Trust Affect Antecedents of Inter-Organizational Governance Mechanisms and Elicit Successful Collaboration via Innovation? An Empirical Study from a Market-Oriented Economy in Vietnam,2023,Sustainability (Switzerland),Article,5,0,0.07423952351590055,0.005827724995951847
"Evolution of spatial collaborative network in the Long March Cultural Tourism Belt: Characteristics, pattern, and mechanisms",2024,International Journal of Tourism Research,Article,5,4,0.16500240053265752,0.028728072812310542
Beyond social innovation to sustainable livelihoods in tourism,2025,Tourism Geographies,Article,5,0,0.03942570075570311,0.0047481842923151555
Enhancing Sustainable Tourism Through Virtual Reality: The Role of Collectable Experiences in Well-Being and Meaning in Life,2025,Sustainability (Switzerland),Article,5,5,0.1259731239196074,0.034904125323616586
Tourism and the “villagers without history”: the case of Yubeng,2014,Tourism Geographies,Article,5,2,0.056795484628067834,0.0038134412016543246
Challenges in digital marketing: views of small travel entrepreneurs,2023,International Journal of Tourism Policy,Article,5,5,0.12152054090471104,0.01676605230074344
COMMUNITY PERCEPTIONS OF LOCAL ECONOMIC DEVELOPMENT THROUGH TOURISM IN PORT ST JOHNS – SOUTH AFRICA,2022,Geojournal of Tourism and Geosites ,Article,5,2,0.12956453874802604,0.01717870759797278
Adventure Alternative and Moving Mountains Trust: A Hybrid Business Model for Social Entrepreneurship in Tourism,2017,Tourism on the Verge,Book chapter,5,6,0.08116494654428111,0.008564783254885619
What is next for travel innovation? Generative Artificial Intelligence (GAI) in tourism product development from multi-perspectives,2026,Asia Pacific Journal of Tourism Research,Article,5,5,0.056675718158970066,0.0047326684328147075
Corporate social responsibility: Theory and applications,2017,Strategic Human Capital Development and Management in Emerging Economies,Book chapter,5,7,0.035613707519045266,0.002926800169318952
Accommodation employment growth and volatility: Welcome aboard for a rocky ride,2021,Tourism Economics,Article,5,2,0.06487613098762719,0.006408949292093765
Sports tourist's perceptions toward the 2009 Taipei deaflympics: A structural equation modeling approach,2011,APBITM 2011 - Proceedings2011 IEEE International Summer Conference of Asia Pacific Business Innovation and Technology Management,Conference paper,5,1,0.2532997427307,0.06438612124334428
Resident’s quality of life through community-based tourism,2024,Anatolia,Article,5,2,0.10313856672925906,0.010710096303489115
An Empirical Study on the Development of Marine Sports Tourism in Northern China,2020,Journal of Coastal Research,Article,5,1,0.15516881454030634,0.024894328708397123
BRIDGING EMPOWERMENT AND ENTREPRENEURSHIP: HOW NGOS FOSTER WOMEN'S SUCCESS IN EGYPT'S TOURISM INDUSTRY,2024,Geojournal of Tourism and Geosites,Article,5,6,0.3358508220450768,0.11280322408354487
The Long Economic Thread: Two Millennia of Commercialism and Sport,2023,International Journal of the History of Sport,Article,5,1,0.23444351778149708,0.055091619288202436
Tourism as economic self-development in rural Nebraska: A case study,2004,Tourism Analysis,Article,5,3,0.20498888162078502,0.048923693323141296
"Geoheritage: Geology of the Community, for the Community, by the Community",2021,GSA Today,Article,5,2,0.09065064614461142,0.008410085626296263
Entrepreneurial learning and communities of practice: The case of the cross-border cultural tourism development Bulgaria– Romania,2016,"Economic Development and Entrepreneurship in Transition Economies: Issues, Obstacles and Perspectives",Book chapter,4,4,0.05943749806589119,0.009070319635715106
"THE IMPACT OF COMMUNITY ENGAGEMENT, SOCIAL MEDIA, ECOTOURISM POLICIES, AND INNOVATION ON SUSTAINABLE TOURISM DEVELOPMENT IN THE MERATUS TAHURA SULTAN ADAM MANDIANGIN GEOPARK, SOUTH KALIMANTAN; [O IMPACTO DO ENGAJAMENTO COMUNITÁRIO, MÍDIA SOCIAL, POLÍTICAS DE ECOTURISMO E INOVAÇÃO NO DESENVOLVIMENTO DO TURISMO SUSTENTÁVEL NO GEOPARQUE MERATUS TAHURA SULTAN ADAM MANDIANGIN, KALIMANTAN DO SUL]; [EL IMPACTO DE LA PARTICIPACIÓN COMUNITARIA, LAS REDES SOCIALES, LAS POLÍTICAS DE ECOTURISMO Y LA INNOVACIÓN EN EL DESARROLLO DEL TURISMO SOSTENIBLE EN EL GEOPARQUE MERATUS TAHURA SULTAN ADAM MANDIANGIN, KALIMANTAN DEL SUR]",2024,Revista de Gestao Social e Ambiental,Article,4,7,0.17905826923478077,0.039287391138614174
"THE ISSUE OF MOBILITY AND THE ROAD NETWORK WITHIN CITIES AND THEIR SURROUNDING AREAS: CASE STUDY OF THE CITY OF SOUR EL GHOZLANE, BOUIRA PROVINCE, ALGERIA",2025,Geojournal of Tourism and Geosites,Article,4,0,0.048046163097737446,0.005073381010826458
Mine surveying science and technology for contemporary and future mining industries,2026,International Journal of Mining Science and Technology,Review,4,5,0.05620152543460792,0.0043855560610851635
Tourism focused analysis of narrow-gauge railways in Hungary,2019,DETUROPE,Article,4,0,0.02627269124292736,0.0008940796456582722
The Spatiotemporal Characteristics and Driving Factors of Regional Ecological Efficiency in the Tourism Sector,2024,Sustainability (Switzerland),Article,4,7,0.08452736742424896,0.008085831425042779
Research on the Development Potential of China’s Pro-Poor Tourism Industry Based on Geographical Nature Evaluation,2022,Sustainability (Switzerland),Article,4,0,0.04289600223733223,0.002403351514454777
Developing an evaluation model for urban tourism competitiveness: combining community construction and community service to foster sustainable development of cities,2024,Frontiers in Public Health,Article,4,7,0.10678343834263557,0.013327011464387958
"Generative Artificial Intelligence Technology Driving High-quality Development of Ice and Snow Tourism Industry: Factor Linkage, System Construction and Digital Governance",2024,Journal of Resources and Ecology,Article,4,5,0.11911783422661976,0.014433109695310484
International Economic Relations and Sustainable Tourism: The Case of Greece,2025,Proceedings of the International Conference on Tourism Research,Conference paper,4,7,0.2295297077839675,0.055246389744926246
Development Path of Macao Tourism Symbiosis Integration from the Configuration Perspective,2024,Sustainability (Switzerland),Article,4,5,0.03591419892470243,0.0026326999252844602
Strategic approaches to tourism development: Crafting competitive strategies for business growth in the tourism sector,2024,Multidisciplinary Reviews,Review,4,0,0.09697681910052204,0.011951669837249008
GEOSPATIAL PATTERNS IN WOMEN’S TOURISM MANAGEMENT: ANALYSIS OF MANAGERIAL TRENDS AND GENDER IMPACT IN HUNGARIAN TOURISM SECTORS,2025,Geojournal of Tourism and Geosites,Article,4,6,0.17007976553508744,0.032176606808435114
Sustainable development amidst technological innovation and tourism activities in sub-Saharan Africa,2022,International Social Science Journal,Article,4,7,0.11417513100412352,0.014607668481192177
Regional Creative Capacity and Creative Tourism Development. The Case of Cultural Associations in Peripheral Areas,2023,Highlights of Sustainability,Article,4,4,0.11265202846530878,0.014777800148110802
Fostering community revitalization through sport (Based on an example from poland),2020,Journal of Physical Education and Sport,Article,4,1,0.15314694451179586,0.031782183172935755
Reshaping smart tourism through artificial intelligence: insights from a systematic review and bibliometric analysis,2026,Journal of Hospitality and Tourism Insights,Article,4,5,0.20497653580758915,0.04312980329710109
Supporting the “sustainability” of inland (rural) areas in Basilicata. Tools and place-based strategies for implementing local development processes in the Lagonegrese-Pollino subregion; [Soutenir la “durabilité” des zones internes (rurales) de la Basilicate: outils et stratégies locales pour le lancement de processus de développement local à Lagonegrese-Pollino],2022,BELGEO,Article,4,3,0.07242066012316502,0.01136121937174129
Innovation of Human Body Positioning System and Basketball Training System,2022,Computational Intelligence and Neuroscience,Article,4,1,0.060420887156271,0.006179220776948878
FOREST–LIVELIHOOD EQUILIBRIUM IN THE EASTERN HIMALAYAS: CHALLENGES AND PATHWAYS TO SUSTAINABILITY,2025,Geojournal of Tourism and Geosites,Article,4,7,0.10678116455355756,0.014151400997292198
Technological Innovations Application in the Tourism Industry of Bangladesh,2021,Technology Application in the Tourism and Hospitality Industry of Bangladesh,Book chapter,4,5,0.1848372110773134,0.036420710359279254
"Sustainable Arctic Marine Tourism Development: Scale and Scope for Community Investment, Coordination, and Action",2022,Springer Polar Sciences,Book chapter,4,2,0.10277240949031607,0.01420448489140723
Cultural heritage and sports tourism: a systematic literature review of sustainable destination management practices,2025,Frontiers in Sports and Active Living,Review,4,4,0.12104771415433295,0.0302485897851289
Revisiting Tourism Development and Economic Growth: A Framework for Configurational Analysis in Chinese Cities,2023,Sustainability (Switzerland),Article,4,7,0.07785083245292068,0.008475491700722917
Sustainable Tourism Development in Glawan Village: Balancing Infrastructure Growth and Environment through Local Governance,2025,IOP Conference Series: Earth and Environmental Science,Conference paper,4,7,0.15943065154349004,0.03852350956652357
Economic Impact Analysis of Mega Events for Sustainable Tourism: Insights from the Giro d’Italia and Tour de France,2025,Administrative Sciences,Article,4,7,0.13577189089449185,0.03659524515166904
International sustainability agreements: Are they politically influential for tourism governance innovations?,2013,Tourism Analysis,Article,4,7,0.08694087484774812,0.008827302925327907
Unlocking the sustainable tourism development in the USA: what are the effects of carbon emission?,2024,Management of Environmental Quality,Article,4,7,0.1069337821843049,0.012210272144448092
Cultural Heritage as a Driver of Sustainable Rural Tourism Development: A Case Study of Šibenik-Knin County,2026,Sustainability (Switzerland),Article,4,4,0.22321291643085409,0.0684201196048639
A sustainable tourism approach to the protection of the Amazon rainforest: The case of Peru,2010,Worldwide Hospitality and Tourism Themes,Article,4,7,0.08858783375876927,0.008774833215150369
Wilderness tourism - alleviating poverty through empowering local people: A case of Bangor Ridge,2014,Worldwide Hospitality and Tourism Themes,Article,4,2,0.12608421985412793,0.017535504481366447
Conclusion: what is the transformative relationship between tourism and technology?,2025,Worldwide Hospitality and Tourism Themes,Article,4,5,0.2093356847109067,0.04478612417617139
Digital Entrepreneurship and Agile Methods—A Hackathon Case Study,2021,Future of Business and Finance,Book chapter,4,0,0.07648972404899564,0.008064985102529535
Tourism sustainable competitiveness indicator for ASEAN bloc: A random forest approach,2023,"International Journal of Applied Economics, Finance and Accounting",Article,4,7,0.172029421731713,0.03009807683852304
Application of geographic information system in ecotourism: a global bibliometric analysis,2025,Cogent Social Sciences,Review,4,7,0.13418376061640022,0.01883820426735751
International Tour de Banyuwangi Ijen impacts to local community development in Ijen Crater–Banyuwangi,2021,Journal of Convention and Event Tourism,Article,4,2,0.11134171970537243,0.012990770735001643
"Youth engagement in ecotourism and community-based development: experiences and lessons from Pahawang Island, Indonesia",2026,Journal of Ecotourism,Article,4,2,0.08877876146027024,0.012148830600094866
Cultural Events: Local Sustainable Tourism Development and Entrepreneurship,2022,E3S Web of Conferences,Conference paper,4,7,0.06733458616147464,0.012270162950488838
Constructing the Transitions and Co-Existence of Rural Development Models,2022,Sustainability (Switzerland),Article,4,3,0.12023276707002496,0.016525521404026175
Behind the Kitchen Doors: Unveiling Post-COVID Challenges and Sustainable Solutions for Chefs in the Hospitality Sector,2024,Sustainability (Switzerland),Article,4,0,0.05161753581827207,0.004721300448104081
THE ROLE OF ENTREPRENEURSHIP’S ECONOMIC ADAPTATION TO THE INTERNATIONAL ENVIRONMENT TOWARDS TOURISM AND SUSTAINABLE DEVELOPMENT OF DISADVANTAGED RURAL AREAS,2025,Corporate Governance and Sustainability Review,Article,4,3,0.18143655801262784,0.052323347780379545
Design of Virtual Tourism Interactive Products Based on Deep Features,2024,Computer-Aided Design and Applications,Article,4,5,0.0511373700942717,0.004578162573622879
Nostalgic Geotourism as a New Form of Landscape Presentation: An Application to the Carphatian Mountains,2024,Land,Article,4,4,0.08751933855613599,0.00820818670999079
Tourism Impacts of the UNESCO Creative Cities Classification and Destination Recovery: Residents’ Perceptions,2022,The Emerald Handbook of Destination Recovery in Tourism and Hospitality,Book chapter,4,2,0.046844024722581035,0.0042708498585950815
Investigating innovative tourism and hospitality sustainability modeling the moderating roles of mobile information technology and green human resource management,2025,Discover Sustainability,Article,4,7,0.1707510876776763,0.03128170191098315
Coupling Coordination and Spatial Evolution of Sustainable Tourism-Innovation-Environment System: Evidence in China,2023,SAGE Open,Article,4,7,0.053004210796298065,0.0036671961210273728
"Perception and Participation of Local Residents in the Tourism Development Program for the Sampaloc Lake in San Pablo City, Laguna",2022,Perspectives on Asian Tourism,Book chapter,4,2,0.14205776870099984,0.021107175724989713
"Domesticity, Mass Media and Moving-Image Aesthetics: The Visual Identity of the Eurovision Song Contest as a Hospitable Platform",2022,The Eurovision Song Contest as a Cultural Phenomenon: From Concert Halls to the Halls of Academia,Book chapter,4,4,0.07090779064892969,0.006325023806452444
How Mining is Threatening the Sustainability of the South African Nature Tourism Sector and Civil Society Response,2020,Geographies of Tourism and Global Change,Book chapter,4,7,0.0590276539788437,0.005935443261480801
"Balancing Ecology, Economy, and Community: An Analytic Network Process (ANP) Framework for Sustainable Ecotourism Development",2025,International Journal of Sustainable Development and Planning,Article,4,7,0.13070700389355225,0.022237950511683067
Forest environment supports for community-based tourism development,2018,Journal of Environmental Management and Tourism,Article,4,2,0.06975384222146215,0.008914945564450735
Insights into the attributes of Pacific Island destinations that appeal to avitourists,2015,Pacific Conservation Biology,Article,4,0,0.057554851031706294,0.0048708832154713165
"Health Promotion at the Ballpark: Peanuts, Popcorn, and Mighty Molar",2017,Health Promotion Practice,Article,4,1,0.039692969825020095,0.0030698310324267994
Tourism competitiveness in Cape Verde: the case of Tarrafal/Santiago,2023,Journal of Tourism and Development,Article,4,0,0.04389134018643063,0.0038141094883760206
Multi-level evolutionary model for smart tourism transition: A pilot test in the Andalusian region (Spain),2025,European Journal of Tourism Research,Article,4,5,0.15807071671363712,0.025900233440594292
"Tourist destinations with asymmetrical local development: The 'integrally planned tourist centres' of Los Cabos and Loreto, Baja California Sur (Mexico)",2019,International Journal of Sustainable Development and Planning,Article,4,0,0.05670040868528801,0.004366459798851256
"Tourism, industry, and community development: Whitefish, Montana, 1903-2003",2004,Environmental Practice,Review,4,2,0.09045210836455779,0.010563075039062259
Gamification and Innovation Acceptance Among Finnish DMOs - Case King’s Road,2023,Springer Proceedings in Business and Economics,Conference paper,4,0,0.0332401628913556,0.0019646167996395184
CAN ORGANIC FARMING CONTRIBUTE ON SUSTAINABLE WOMEN ENTREPRENEURSHIP IN RURAL TOURISM? AN NACIONAL PARK EVIDENCE,2024,Geojournal of Tourism and Geosites,Article,4,6,0.19846730101344898,0.04862661155659281
The Evolution of the Spatial–Temporal Pattern of Tourism Development and Its Influencing Factors: Evidence from China (2010–2022),2024,Sustainability (Switzerland),Article,4,7,0.04537106818472168,0.0037627952219032646
OSTRICHES AND GEOTOURISM: THE EVOLUTIONARY PATHWAY OF A SMALL TOWN TOURISM DESTINATION IN SOUTH AFRICA,2024,Geojournal of Tourism and Geosites,Article,4,0,0.04905448174400805,0.0027813720683604855
An Enabling Approach to Sustainability Transformations in Tourism,2025,Leisure Sciences,Article,4,7,0.09941597327557311,0.011332449082005465
Teaching Innovation and Teaching–Learning Methods for Sustainable Tourism Development Education in the Bachelor of Tourism Degree,2024,Sustainability (Switzerland),Article,4,7,0.11401903771564717,0.01334489571235639
Extreme seasons and extreme visitation: The case of changbai mountain biosphere reserve,2009,Asia Pacific Journal of Tourism Research,Article,4,2,0.06432675312679484,0.006461188428983302
Does tourism participation affect residents' educational expectations for the next generation?,2024,International Journal of Tourism Research,Article,4,2,0.09041654088770668,0.008688777284935709
Comparative Analysis of Historic Landscapes: Revitalizing Heritage Gardens for Modern Tourism,2024,Integrating Architecture and Design Into Sustainable Tourism Development,Book chapter,4,4,0.10304205813021548,0.012381327562037173
Unlocking Potential: Macro Insights Into the Evolution of a Multi-Destination Tourism Innovation Network,2025,Journal of Travel Research,Article,4,0,0.1054113291888756,0.011112269522956127
Rural Communities’ Perspectives on the Influence of Tourism on Poverty and Development,2023,"African Journal of Hospitality, Tourism and Leisure",Article,4,2,0.13926207483760003,0.025994380211012864
Networking among rural tourism entrepreneurs,2010,WIT Transactions on Ecology and the Environment,Article,4,3,0.13582411162045868,0.023760397952696518
Environmental regulation and tourism development: the case of Chinese water ecological civilization city pilot policy,2024,"Environment, Development and Sustainability",Article,4,7,0.08389229805430864,0.008167376365964651
Tourism as a tool of sustainable regional development and the importance of clusters in Latvia: The example of Sigulda and Ventspils,2009,WIT Transactions on Ecology and the Environment,Article,4,0,0.06350133540571919,0.006674104257798814
Exploring the Intersection Between Geographical Indications and Sustainable Wine Tourism: The Case of Le Colline del Prosecco di Conegliano e Valdobbiadene,2024,"Wine Tourism and Sustainability: The Economic, Social and Environmental Contribution of the Wine Industry",Book chapter,4,4,0.06849517363959226,0.0058671067067530575
Action anthropology: Methodological innovations in tourism research,2005,Tourism Recreation Research,Article,4,2,0.03990494209895014,0.0025524220383089415
Towards an integrated framework for sustainable sport tourism development in Central Africa,2024,Development Southern Africa,Article,4,1,0.2234225698639228,0.05382535625181186
Research on innovative strategy of sporting event logistics management in coastal cities,2020,Journal of Coastal Research,Article,4,1,0.19301902982052999,0.03726535726729664
The life cycle and competitive position of tourism destinations: a global empirical approach,2024,Current Issues in Tourism,Article,4,0,0.05531120771470738,0.003059329698859505
An initial investigation of the effect of advertisement and word-of-month on first-time visitors to Hong Kong,2008,Journal of Air Transport Management,Article,4,0,0.03490588701845903,0.0014109474302942005
Challenges for sustainable tourism governance in The Netherlands,2008,International Journal of Tourism Policy,Article,4,7,0.19069891499321187,0.03640974816986687
Pursuing the Agenda 2030? A critical discourse analysis of decent work and economic growth in Ecuador's tourism policy,2023,International Journal of Tourism Policy,Article,4,7,0.1444923891154153,0.021248619730539826
"Design of an indicators system for the evaluation of technological innovation in the tourism destination of Puerto Lopez, Ecuador",2018,Geojournal of Tourism and Geosites ,Article,4,0,0.04381243546131551,0.004376125220942733
Local Development Policies for Heritage Tourism,2023,Review of Economics and Finance,Article,4,4,0.11318445893559441,0.01579078641901412
Innovation of management model of sport event based on knowledge management,2011,"Proceedings of 2011 International Conference on Product Innovation Management, ICPIM 2011",Conference paper,4,1,0.21968737743450964,0.0483488590056622
The spatial and experiential dimensions of coastal zone tourism in Denmark,2015,Spatial Dynamics in the Experience Economy,Book chapter,3,0,0.10331869634986082,0.011158609763498402
The Globalization Path of the Deep Inland Cities Dominated by the International Festivals Based on the Power in Western China: The Comparison between Xining Sports Festival and Yinchuan Cultural Festival,2022,Sustainability (Switzerland),Article,3,1,0.05268052285515085,0.005213306931510357
A multidimensional approach to digital applications in architectural heritage in Brunei Darussalam,2025,Digital Applications in Archaeology and Cultural Heritage,Article,3,4,0.15609630277970196,0.03106250711750482
Barriers and enablers: Review research on women entrepre-neurship and its impact on sustainable tourism development,2025,Entrepreneurial Business and Economics Review,Article,3,6,0.2482456359659066,0.06972185482776977
"CULTURAL HERITAGE AND EXPERIENTIAL TOURISM: OPPORTUNITIES AND CHALLENGES IN GREECE-ALBANIA CROSS-BORDER AREA (BERAT, GJIROKASTRA AND IOANNINA)",2025,Geojournal of Tourism and Geosites,Article,3,4,0.06251951876805685,0.01210507436074926
Introduction: The interplay between tourism resilience and sustainability in the new normal,2024,Tourist Behaviour and the New Normal,Book chapter,3,0,0.07953561932995402,0.008586983980824237
Locating a large theme park addressed to the tourist market: The case of Benidorm,2000,Planning Practice and Research,Article,3,0,0.07069577375698322,0.00641928112961837
The Spatiotemporal Pattern Evolution Characteristics and Affecting Factors for Collaborative Agglomeration of the Yellow River Basin’s Tourism and Cultural Industries,2025,Sustainability (Switzerland),Article,3,4,0.050370852141113476,0.0036797546496954428
Revitalizing Inner Areas Through Thematic Cultural Routes and Multifaceted Tourism Experiences,2025,Sustainability (Switzerland),Article,3,4,0.1993613384095079,0.04416775612927495
Sports in life of students with disabilities: Individual trajectories of physical abilities development,2021,Journal of Human Sport and Exercise,Article,3,1,0.19129754641460306,0.03669842307037086
Tourism Impacts of International Arts Festivals in Greece. The Cases of the Kalamata Dance Festival and Drama Short Film Festival,2018,Springer Proceedings in Business and Economics,Conference paper,3,0,0.032539458899185345,0.002219585518989855
"Integrated Delphi-entropy framework for sustainable rural tourism: evidence from Shaanxi Province, China (2018–2023)",2025,Frontiers in Sustainable Tourism,Article,3,3,0.118792538340139,0.0236929415646548
‘Seeds’ for growth? Policy and support for micro rural food enterprises in a peripheral region,2014,Contemporary Issues in Entrepreneurship Research,Article,3,3,0.0711094346367409,0.008277623949735436
"Environmental Degradation, Renewable Energy, Technological Innovation, and Foreign Direct Investment as Determinants of Tourism Development in Tunisia: An Autoregressive Distributed Lag–Fully Modified Ordinary Least Squares Analysis",2025,Economies,Article,3,7,0.12973451390689808,0.01715250951986713
Intangible Heritage as a Cultural Asset for African Tourism,2023,Cultural Heritage and Tourism in Africa,Book chapter,3,4,0.23193509080797411,0.053849091342101044
Transformation of economy towards tourism: Case of Kazakhstan,2018,Journal of Security and Sustainability Issues,Article,3,0,0.07803498899656558,0.008061124991886989
The Economic Governance Capability of the Government and High-Quality Development of China’s Tourism Industry,2024,Sustainability (Switzerland),Article,3,7,0.06904041654909182,0.007055839132385246
Industry and Innovation Accomplishment Through the Relationship Between Destination Branding and Sustainability: SDG 9 in the Tourism Sector,2024,"Tourism, Hospitality and Event Management",Book chapter,3,7,0.11302568203149232,0.016327541777987436
"Coupling coordination of the digital economy, tourism development and low-carbon economy efficiency: the case of China",2025,"Environment, Development and Sustainability",Article,3,7,0.09489244951130912,0.01397201877112858
Digital Transformation in Tourism Based on Android Applications for Guides and Recommendations for Tourist Destinations,2025,"International Journal on Advanced Science, Engineering and Information Technology",Article,3,5,0.14265823172915076,0.02410029997855086
Spatial evaluation supporting sustainable tourism development in riverine global south,2020,Springer Geography,Book chapter,3,7,0.04317427353168477,0.0037077610574299774
The Role of Liberal Arts Courses on Students’ Multicultural Attitude And Entrepreneurial Motivation In The Tourism Sector,2025,Journal of Intercultural Communication,Article,3,4,0.08367751176358662,0.010178710331809332
Geographies of tourism entrepreneurship and innovation: an evolving research agenda,2019,A Research Agenda for Tourism Geographies,Book chapter,3,6,0.08394727819999541,0.01285441522468941
Human innovation and regenerative futures in tourism: A bibliometric mapping towards 2050,2025,"Journal of Open Innovation: Technology, Market, and Complexity",Review,3,5,0.1045710046111754,0.020883400930100982
"Navigating Sustainable Features: A Comparative Analysis of Sustainable Tourism in Santorini, Mykonos, and Paros",2025,Tourism and Hospitality,Article,3,7,0.11871573154319295,0.017047682641286605
Demystifying Symbiotic Rationality in Tourism SMEs: Conceptualization and Scale Development,2026,Journal of Travel Research,Article,3,7,0.04493694187476874,0.002163463924200466
Recent Technological Developments in the Tourism Industry: A Bibliometric Analysis,2024,Lecture Notes in Networks and Systems,Conference paper,3,5,0.1234233298609365,0.015984793846457453
The promotion path of high-quality development of rural tourism based on intelligent cloud platform system,2024,Applied Mathematics and Nonlinear Sciences,Article,3,3,0.28629985031605715,0.08425969228877282
Shaping sustainable perceptions: The role of metaphors in Olympic news discourse,2025,PLoS ONE,Article,3,7,0.14418686734739722,0.029681157452525815
"Local Culture Festivals and Sustainable Tourism Development in Mountain Areas. The Region of Epirus, Greece",2022,Springer Proceedings in Business and Economics,Conference paper,3,2,0.06418790919634126,0.0070236877130785275
Actual Design Technologies as a Method for Solving Problems of the First Stage of Landscaping (By Example of a Project of Implementing the State Policy Concerning the Far East Territory Development),2018,IOP Conference Series: Materials Science and Engineering,Conference paper,3,0,0.03842445736420416,0.002859099683350866
Digital Entrepreneurship in Tourism and Hospitality Sector: Lessons from the Global South,2024,COVID-19 Impact on Tourism Performance in Africa,Book chapter,3,5,0.12865079451570263,0.0192302794824293
A spatial agent-based model to explore scenarios of adaptation to climate change in an alpine tourism destination,2010,"Modelling for Environment's Sake: Proceedings of the 5th Biennial Conference of the International Environmental Modelling and Software Society, iEMSs 2010",Conference paper,3,0,0.03773483485897312,0.0026928495940440438
Strategic entrepreneurship and digital transformation to enhance the tourism performance management,2024,Strategic Tourism Planning for Communities: Restructuring and Rebranding,Book chapter,3,5,0.21842870681012666,0.0482136640813483
Tourism and strategic planning: Learning from the Chinese province of Hainan to improve the Syrian coastal region,2018,WIT Transactions on Ecology and the Environment,Article,3,7,0.08318281956523908,0.008282141760310335
"Turning the tide on emissions through circular economy practices, tourism development and innovation-driven climate mitigation",2026,Humanities and Social Sciences Communications,Article,3,7,0.1203273857605828,0.014515862229942845
Development of the Sports Industry: New Opportunities and Challenges,2020,Contemporary Social Sciences,Article,3,1,0.16289377282438167,0.031462589473551135
Research on Path Configuration and Mechanism of Digital Economy-Driven Resilience Enhancement in Tourism Industry,2025,Sustainability (Switzerland),Article,3,5,0.1666148082179996,0.028336380402138466
A sustainable integration of mining activity in a tourist mountain territory: The case of Germanasca Valley,2024,Resources Policy,Article,3,7,0.026588857598123062,0.002014533039902686
A Non-Compensatory Index of Community Participation in Cross-Border Tourism Development Processes,2024,Land,Article,3,7,0.05488035069384439,0.006672479995601522
"PERCEPTION OF LOCAL DEVELOPMENT AND TOURISM IN THE VISION OF STAKEHOLDERS IN THE WESTERN SIERRA MORENA (ANDALUSIA, SPAIN)",2024,Romanian Journal of Geography,Article,3,2,0.06624825012652087,0.006306385434356832
Transboundary Conservation Areas and Tourism,2024,Geographies of Tourism and Global Change ,Book chapter,3,2,0.04582994405314098,0.004537492334977047
The Reconfiguration of International Residential Mobility Flows in Post-crisis Spain: The Case of Costa Blanca-Alicante,2021,Geographies of Tourism and Global Change,Book chapter,3,0,0.05752532738971142,0.0037357098672310732
"“Hulun Hyang” Farmer Group Asset Mapping Using Asset-Based Community Development Methode as an Ex-situ Edelweiss Flower Conservation in the Bromo Tengger Semeru National Park Area (Case Study: Edelweiss Park, Wonokitri Village)",2023,IOP Conference Series: Earth and Environmental Science,Conference paper,3,2,0.04268179611346645,0.002007340461244291
A Multi-Criteria Assessment of Green Tourism Potential in Rural Regions: The Role of Green Skills and Institutional Readiness,2025,Economies,Article,3,7,0.14198527044757847,0.020886551603835117
"The Potential of Nautical Tourism as a Strategic Product for Regional Tourism Development: The Case of Alto Minho and Esposende, Northwest Portugal",2021,"Smart Innovation, Systems and Technologies",Conference paper,3,0,0.04899401916296559,0.0024058429493747343
Leather Craft Industry and Tourism: A Symbiotic Relationship? (A Case Study of Magetan East Java Indonesia),2019,Harmonia: Journal of Arts Research and Education,Article,3,0,0.062628958097251,0.004404065907215995
Hierarchical Seniority vs. Innovation in Hospitality and Tourism Sustainability Education: A Social Exchange Theory Perspective,2025,Sustainability (Switzerland),Article,3,7,0.048248094134028224,0.004037870685352766
"Public data openness as an economic policy lever for sustainable tourism: Evidence on mechanisms, spillovers and heterogeneity from Chinese cities",2026,Economic Analysis and Policy,Article,3,7,0.16586341640719274,0.028220123651770703
Societal opposition to tourism-related development in the hautes-pyrénées: A missed opportunity for territorial innovation?,2016,Revue de Geographie Alpine,Article,3,0,0.03951030196445879,0.0030705902920780716
Decoding leadership in tourism and hospitality: A bibliometric insight from 2010 to 2024,2025,Multidisciplinary Reviews,Article,3,0,0.029341403737633696,0.002283254746060755
Reflections on the outcomes: What should Indian tourism and hospitality managers focus on to stay competitive in the coming decade?,2019,Worldwide Hospitality and Tourism Themes,Article,3,0,0.04249719723315997,0.0029048124062681425
Research on Influencing Factors of Tourism Support Behavior of Residents in Health and Wellness Tourism Destination: The Moderating Role of Active Health,2025,Sustainability (Switzerland),Article,3,0,0.02670065204495145,0.0013303490600989083
An introduction to creative tourism development: Articulating local culture and travel,2021,Creative Tourism: Activating Cultural Resources and Engaging Creative Travellers,Book chapter,3,4,0.09568068054629124,0.012017872312681236
Opportunities of Development of Eco-Tourism in the Karelian Arctic in the Conditions of the Existing Environmental and Social Challenges,2022,Journal of Risk and Financial Management,Article,3,7,0.07996314849748587,0.007755327821382135
Climate futures and development pathways: A journey from terrorism to tourism in the Khyber-Pakhtunkhwa Province of Pakistan,2024,Futures,Article,3,2,0.05043933039137739,0.005182158468651335
From Shores to Systems: The Evolution of Coastal and Island Tourism Research,2025,Water (Switzerland),Article,3,7,0.08108723548286823,0.00775250654085882
From a Smart City to a Smart Destination: A Case Study,2020,Springer Proceedings in Business and Economics,Conference paper,3,5,0.13660076744879887,0.020076362421699266
Environmental and Community Regeneration: Exploring Design Approach for Inclusive Tourism Based on Visualization Methods,2023,Sustainability (Switzerland),Article,3,3,0.10430496351663082,0.012459542374683401
"Between innovation and tradition: The difficult construction of a ""common world"" in a natural area of middle-altitude mountain; [Entre innovation et tradition: La difficile construction d'un « monde commun » dans un espace naturel de moyenne montagne]",2015,Loisir et Societe,Review,3,1,0.10715954470102473,0.01378569128535746
Blockchain revolutionizes entrepreneurial and marketing capabilities in health tourism,2024,Anatolia,Article,3,5,0.061683488888817105,0.005224980756974185
HUMAN AGENCY AND TOURISM DEVELOPMENT IN NATURAL NATIONAL PARKS IN THE CONTEXT OF THE COLOMBIAN ARMED CONFLICT,2021,Tourism Review International,Article,3,2,0.06752463306435678,0.006104942401832554
Focusing on knowledge exchange: The role of trust in tourism networks,2018,The Future of Tourism: Innovation and Sustainability,Book chapter,3,0,0.0635190027684688,0.0040750444758226355
Images of territory in the power relations from territorial brand: An intercultural discussion,2024,GeoJournal,Article,3,4,0.04555609597060879,0.0032989895470754505
A neo-institutionalist analysis of sport event leveraging strategies and tactics,2017,International Journal of Sport Management and Marketing,Article,3,1,0.18956997067171324,0.036325304046483854
"The effects of motivation, background, attraction and loyalty in the 2010 international thousands swimming cross to Sun Moon Lake",2011,APBITM 2011 - Proceedings2011 IEEE International Summer Conference of Asia Pacific Business Innovation and Technology Management,Conference paper,3,1,0.22198147760050263,0.04963615378439183
Traditions and Innovations in the North Caucasus Nature Management,2021,World Sustainability Series,Book chapter,3,7,0.08157413504426152,0.0076354468560616345
"The impact of the construction of large reservoirs on the cultural landscape: A case study of the shimen reservoir, taiwan",2021,Land,Article,3,2,0.07110949470638768,0.0062458227311046775
Tourism as an innovation and the relevant-innovation-witnesses,2024,Current Issues in Tourism,Article,3,0,0.08845337568263943,0.007887989473879383
Development analysis of local productive arrangements (LPA): A study case of Paraty (RJ); [Análise do desenvolvimento de arranjos produtivos locais (APLS): Um estudo de caso do município de paraty (RJ)],2011,Revista de Administracao Publica,Article,3,0,0.0775147482034577,0.007576336506171148
From industrial heartland to urban tourism destination: Balancing growth and community well-being in Amsterdam Noord,2026,Cities,Article,3,7,0.08468437147010315,0.012373768755821843
Experiential learning in sport tourism curriculum: A case study at the university of the Algarve,2024,"Journal of Hospitality, Leisure, Sport and Tourism Education",Article,3,1,0.14227888246251574,0.020955021177202368
Green revitalization of historical settlements for responsible tourism in mediterranean areas: The multiscale approach of VIVIMED project and the experience of Albergo Diffuso,2020,IOP Conference Series: Earth and Environmental Science,Conference paper,3,7,0.1196589030523366,0.017054368424842935
Community Support and Socioeconomic Impacts of Cultural Tourism Development in Western Kenya,2024,Tourism and Hospitality,Article,3,2,0.11664766951591934,0.0240725085223363
The role of sports marketing in the global marketplace,2014,Strategies in Sports Marketing: Technologies and Emerging Trends,Book chapter,3,1,0.22951622425620707,0.0527917429714808
"Tourism, development and the consumption of tourism",2019,A Research Agenda for Tourism and Development,Book chapter,3,0,0.06268502490402932,0.00433087045773673
"FACTORS AFFECTING REGIONAL LINKAGES IN TOURISM DEVELOPMENT, CASE STUDY OF AN GIANG PROVINCE AND ITS SURROUNDING AREA IN MEKONG DELTA REGION, VIETNAM",2024,Journal of Sustainability Science and Management,Article,3,0,0.05438467462846784,0.0040342870387329345
"Place, tourism and cultural entrepreneurship: A critical engagement with cultural political economy",2026,Cities,Article,3,4,0.18005860626197534,0.03845309512662323
"Innovation, Competitiveness, and Sustainability in Tourism Clusters: An Empirical Model of Caribbean Destinations",2021,Advances in Spatial Science,Book chapter,3,0,0.09005797644235575,0.008186287280958526
"Sustainable Tourism: Theories, Practices, and Challenges in the Pursuit of Balanced Development; [Versando o Turismo Sustentável: Teorias, Práticas e Desafios na Busca por um Desenvolvimento Equilibrado]",2025,Fronteiras,Article,3,7,0.2578442002740865,0.06723066765988894
EXPLORING SOCIAL ENTREPRENEURIAL ACTIVITIES AT A COMMUNITY SPORT EVENT IN THE CONTEXT OF THE COVID-19 PANDEMIC,2023,Event Management,Article,3,1,0.15717068854912197,0.03123621391373514
Unraveling the dynamics of bed and breakfast clusters development: A multiscale analysis,2024,Applied Geography,Article,3,0,0.04729739540404716,0.0025281378881967047
Determinants of Micro-entrepreneurship in Urban Tourist Centres of Sierra Leone and Morocco,2021,"Tourism, Hospitality and Event Management",Book chapter,3,0,0.047548061348394885,0.0042214852687789016
"Research on the measurement of high-quality development of tourism: a case study of Heilongjiang Province, China",2024,"Environment, Development and Sustainability",Article,3,7,0.0520634798369332,0.003690553751351887
Importance-performance analysis towards sustainable indigenous tourism (a lesson learned from Indonesia),2022,International Journal of Innovation and Learning,Article,3,7,0.06815542047819942,0.007280978569076244
Navigating Fan Reactions: The Role of Innovation Resistance and Acceptance in Smart Stadium Technology Use,2025,Proceedings of the Annual Hawaii International Conference on System Sciences,Conference paper,3,5,0.09783059633510559,0.017022365106340438
The system of indicators for assessing the effectiveness of the regions in the field of tourist services in Russia: Key problems and solutions,2020,Journal of Environmental Management and Tourism,Article,3,0,0.03630369395689968,0.0013949633357415237
Unveiling the Power Play: Harnessing Branding Opportunities for GlobalizingSport Events – Insights From India's Sporting Landscape,2024,Internationalization of Sport Events Through Branding Opportunities,Book chapter,3,1,0.12400357592327438,0.01580611748173277
Informal Institution and Tourism Development: Insights From Confucian Culture,2024,International Journal of Tourism Research,Article,3,0,0.03751717561447847,0.002418820462858368
The Influence of the Design and Manufacture of Sports Equipment on Sports,2020,Journal of Physics: Conference Series,Conference paper,3,1,0.22460955980968,0.050449454357898216
Reflecting on the Effects of Disruptive Innovation in South Africa's Accommodation Subsector: A Focus on Emerging Black-Owned Businesses,2021,"African Journal of Hospitality, Tourism and Leisure",Article,3,0,0.05514835645576894,0.003818554096490729
Piloting a digital maturity model for smart destinations,2022,International Journal of Technology Marketing,Article,3,5,0.14780703835138564,0.02298811545759484
The development of smart tourism destinationsthrough the integration of ICT Innovations in SMEs of the Commercial Sector:Practical Experience From Central Italy,2019,Handbook of Research on Smart Territories and Entrepreneurial Ecosystems for Social Innovation and Sustainable Growth,Book chapter,3,5,0.07725019170280545,0.009722957466977286
Integration of design thinking in the green hotel business,2025,Sustainable Approaches in Spatial Design,Book chapter,3,7,0.11271423551807667,0.013606526483920465
Entrepreneurship and controversies of tourism development,2016,Tourism Encounters and Controversies: Ontological Politics of Tourism Development,Book chapter,3,0,0.05594299538580689,0.0039009415915823007
Innovation Process in Mountain Destinations: Does Sustainability Matter? The High Tatras Case Study,2018,Springer Proceedings in Business and Economics,Conference paper,3,0,0.08177044688029783,0.009345379321813342
Sustainable Tourism in the Digital Era,2025,Empowering Sustainable Performance and Competitive Advantage in Tourism,Book chapter,3,5,0.15787032854715477,0.04174794152045642
The effects of support on coastal tourism planning towards well-being of the community,2022,Journal of Tourism and Development,Article,3,2,0.1325171369200071,0.017562371045587787
Addressing tourism in county-level planning documents: A pilot application of the community capitals framework,2019,International Journal of Tourism Policy,Article,3,2,0.08473657872309875,0.010198378402861169
Women's empowerment and tourism development: An Indian perspective,2023,Women's Empowerment Within the Tourism Industry,Book chapter,3,6,0.38823155491028916,0.15073539791463486
Research on Tourism Management Decision Support System Based on IOT Technology,2021,"2021 IEEE Conference on Telecommunications, Optics and Computer Science, TOCS 2021",Conference paper,3,5,0.10823742711049736,0.012202755618070119
Research on intellectual property strategy to promote the development of tourism branding in China,2021,E3S Web of Conferences,Conference paper,3,7,0.03477457874521782,0.002088508796099488
Collective actions for sustainable tourism innovation,2026,Annals of Tourism Research,Article,3,7,0.06326487392508509,0.006136209459186965
Study on the development of low carbon tourism in the era of low carbon economy,2014,Advanced Materials Research,Conference paper,3,7,0.13423971669655135,0.018185789394772806
Territorial Tourism 2.0: Towards a Collaborative and Innovative Approach,2024,Sustainable and Intelligent Territorial Marketing and Entrepreneurship,Book chapter,3,5,0.20510836175474714,0.04450004600431782
Antecendent and consequence destination innovation,2020,Geojournal of Tourism and Geosites ,Article,3,0,0.07135804196911806,0.005105338926817749
Sponsorship of Sports Events: A Tool to Develop Social Entrepreneurship and the Corporate Social Responsibility,2017,International Studies in Entrepreneurship,Book chapter,3,1,0.11681445594775146,0.015964448983852082
The Youth Olympic Games as an opportunity for sports entrepreneurship,2017,International Journal of Sport Management and Marketing,Article,3,1,0.11959417900985136,0.02297039551451183
Supply management for major sport events: The case of the 2010 Vancouver Olympic Games,2017,Canadian Journal of Administrative Sciences,Article,3,1,0.11464596438597258,0.013552887269006737
Digital Innovation and Sustainability Practices in Tourism: An Overview,2023,Springer Proceedings in Business and Economics,Conference paper,3,5,0.0954632313856969,0.012598523414577203
Improving senior tourism in the Mar Menor: an entrepreneurial viewpoint,2021,Anatolia,Article,3,0,0.0533231277130036,0.003699237447475953
Leveraging digital platforms for responsible sports tourism: Budapest's role in the 2020 European football championship,2024,Promoting Responsible Tourism With Digital Platforms,Book chapter,3,1,0.15358474163111221,0.02647001179233044
Journey to Discover the Footprint of Tourism from the Perspective of Ecological Modernization; [Ekolojik Modernleşme Perspektifinden Turizmin Ayak İzini Keşfetme Yolculuğu],2024,Sosyoekonomi,Article,3,7,0.08527738009903671,0.008014144214587572
"Innovation of Natural Orchid Cultivation Technology for Tourism Development in Banyunganti Hamlet, Jatimulyo Village, Girimulyo Sub-District, Kulon Progo District, Yogyakarta",2020,Journal of Tropical Biodiversity and Biotechnology,Article,3,6,0.10277557280592597,0.011603441703350622
Regional tourism development: Competitiveness and sustainability,2012,Bridging Tourism Theory and Practice,Article,3,0,0.07525471717288278,0.011019249486606885
Ecological integration of new ideas for urban tourism space resources - Nanning Watertown tourism space resources integration,2012,Advanced Materials Research,Conference paper,3,0,0.030317483761531202,0.001983846003941972
A Multi-stakeholder Approach to Tourism Development,2017,Tourism and Entrepreneurship: International Perspectives,Book chapter,3,3,0.10016989175459548,0.011523327288894894
Benchmarking the egyptian tourism higher education scheme,2010,Anatolia,Article,3,0,0.017839993329517648,0.0006807169095856453
"From a neapolitan perspective, reaching out beyond prevailing cultural models",2021,"Global Urbanism: Knowledge, Power and the City",Book chapter,2,4,0.06996755208820904,0.011538865024101234
"City Brand: Key Components, Integrated Marketing Communication Strategies, and Strategic Initiatives for Enhancing Suzhou's Unique City",2025,"Human Behavior, Development and Society",Article,2,4,0.10409453364084927,0.014501205150202711
Denbigh Showground: a potential “agri-cultural” attraction concept for tourism in Jamaica,2012,Emerald Emerging Markets Case Studies,Article,2,2,0.056380297783104605,0.007041421533832836
"Harnessing Geographic Information System (GIS) by Implementing Building Information Modelling (BIM) to Improve AEC Performance Towards Sustainable Strategic Planning in Setiu, Terengganu, Malaysia",2024,"Studies in Systems, Decision and Control",Book chapter,2,5,0.06459161765031017,0.009106389777211794
Cultural Symbols in the Context of Communication—Identity Label and Link of Social Cohesion,2019,Springer Proceedings in Business and Economics,Conference paper,2,4,0.18104259756625718,0.03476037787031798
UNDERSTANDING THE CONTRIBUTION OF TURKIC PETROGLYPHS TO CULTURAL TOURISM DEVELOPMENT IN CENTRAL ASIA: A SYSTEMATIC AND META-ANALYTIC PERSPECTIVE,2025,Geojournal of Tourism and Geosites,Article,2,4,0.1577100810168962,0.027898384471970402
THE IMPACT OF ECOTOURISM EFFICIENCY ON PROMOTING SUSTAINABLE TOURISM DEVELOPMENT IN THE NORTH CENTRAL REGION,2025,Geojournal of Tourism and Geosites,Article,2,7,0.2045766792574844,0.043650099903839085
Sustainable culinary tourism in urban settings: A case study of Bogor city and an integrated policy network,2026,Multidisciplinary Science Journal,Article,2,7,0.07001544672315543,0.006921111595421378
"The Development Process, Evolutionary Patterns, and Emerging Trends of Ice and Snow Tourism in China; [中国冰雪旅游发展历程、演进规律与新趋向]",2026,Journal of Resources and Ecology,Article,2,5,0.0271316653872665,0.0018015082880767494
Smart Technologies in Tourism: To Understanding of the Sphere and Actual Tasks of Effective Use,2021,Lecture Notes in Networks and Systems,Book chapter,2,5,0.20900510198973316,0.04372373466426479
With a little help from my Region: Coopetition in regional development and the creation of tourism social value in low-density territories,2025,Tourism and Hospitality Research,Article,2,0,0.06501526138251386,0.004986110503380061
How is table tennis used to boost the development of Shanghai? Interviewing the executive director of Shanghai Table Tennis Association,2021,International Journal of Sports Marketing and Sponsorship,Article,2,1,0.14097663223568604,0.024024773547819005
Smart Tourism Landmark Recognition: A Multi-Threshold Enhancement and Selective Ensemble Approach Using YOLO11,2025,Sustainability (Switzerland),Article,2,5,0.11545578016827468,0.025054367075499028
Survival Probability of Tourist Accommodation Establishments in Romania in Relation to the Action of Some Relevant Factors,2024,Sustainability (Switzerland),Article,2,0,0.04981379960248478,0.003484560012830063
The impact of a sustainable muslim model on community development with special reference to religious tourism,2021,International Journal of Religious Tourism and Pilgrimage,Review,2,2,0.08707283998650325,0.010856260820897601
Tourism Development in North Greece,2021,Contributions to Economics,Book chapter,2,0,0.060864887454608683,0.0039893950426627255
Identifying Opportunities for Developing Nature-Based Sport Tourism to Improve Health in Papua: A Bibliometric Analysis of Research Over Ten Years,2024,Physical Education Theory and Methodology,Review,2,1,0.21015396489310015,0.04444760868471435
Digital nomadism and tourism development: Stakeholders' perceptions of an inner area,2024,Sinergie,Article,2,5,0.09969073775985304,0.013133536501570418
The new Gold Coast Chinatown: stakeholders’ development preferences,2015,International Journal of Tourism Cities,Article,2,4,0.1055473261006931,0.013046484756769637
"Impact of Chinese Heritage, Cultural Protection, and Green Innovation on Tourism Development",2025,Sustainability (Switzerland),Article,2,4,0.08938814723805606,0.016975012349626215
Tourism enterprise cooperation specifics: Comparative study of Riga and Novosibirsk travel agencies,2017,European Research Studies Journal,Article,2,0,0.06508994514706173,0.004725150353571175
Investigating the spatial basis clustering of smart tourism potential using fuzzy c-means,2024,Decision Science Letters,Article,2,5,0.13715947629388342,0.01921214808328451
Linking organizational intangibles to sustainable performance: A mediated-moderated model from the hospitality industry,2025,Edelweiss Applied Science and Technology,Article,2,7,0.048887377412318786,0.003346951637038192
"SPORT EDUCATION, CULTURAL STUDIES AND TOURISM: INTERDISCIPLINARY PERSPECTIVES ON IDENTITY, HERITAGE, AND SOCIAL DEVELOPMENT",2026,Geojournal of Tourism and Geosites,Article,2,4,0.18589129914371413,0.05190873862618181
Optimization of ecological sports innovation teaching path based on multiple intelligence evaluation model,2024,Applied Mathematics and Nonlinear Sciences,Article,2,1,0.17128678046568716,0.04631318610101763
TOWARDS A FRAMEWORK FOR RESILIENCE BUILDING IN SPORT EVENT TOURISM IN THE DEVELOPING CONTEXT,2025,Geojournal of Tourism and Geosites,Article,2,1,0.21300125415594592,0.045410931932593254
"Spatiotemporal Differences in Regional Tourism Efficiency: An Empirical Study From Guangdong Province, China",2024,Complexity,Article,2,7,0.04729980677991213,0.0037169852893665437
Tourism as a Catalyst for Supporting Sustainable SMME Development,2024,Proceedings of the International Conference on Tourism Research,Conference paper,2,0,0.10026864072274555,0.011730467138369035
"CARRYING CAPACITY INDICATORS IN RELATION TO A TOURIST DESTINATION: THE CASE OF THE ISLAND OF PAROS, GREECE",2022,WIT Transactions on Ecology and the Environment,Conference paper,2,7,0.09255085678896592,0.01314576075693167
Integrated tourism development? When places of the ordinary are transformed to destinations,2016,Tourism Destination Development: Turns and Tactics,Book chapter,2,0,0.05575047465998992,0.007590390029558799
Sustainable Regenerative Strategies for the Inner Areas: An Example of “Civic Design” in Marradi (Tuscany),2022,"Advances in Science, Technology and Innovation",Conference paper,2,7,0.06198525041881461,0.006841043096711859
Tackling Climate Change Effects and Sustainable Tourism Products and Services Development Through Innovation in Bangladesh,2021,Technology Application in the Tourism and Hospitality Industry of Bangladesh,Book chapter,2,7,0.07324928232846875,0.006890486955113436
Supporting Sustainable Island Tourism Through Infrastructuring Co-Design: A Case Study From Mayu Island,2026,Island Studies Journal,Article,2,2,0.036582806814358444,0.0037197843558053525
Policy of Disaster Mitigation and Post-Disaster Sustainable Tourism in Indonesia: Case Study of Tanjung Lesung Marine Tourism Banten,2025,International Journal of Sustainable Development and Planning,Article,2,7,0.09507907575221267,0.01067591457112366
Environmental communication model through community-based tourism development in overcoming mangrove damage,2021,IOP Conference Series: Earth and Environmental Science,Conference paper,2,2,0.08607821829344146,0.01075732080772996
ASSESSING THE RESILIENCE OF RURAL TOURISM IN INDONESIA DURING AND AFTER THE COVID-19 PANDEMIC USING THE MULTIMOORA METHOD,2024,Amfiteatru Economic,Article,2,3,0.09109594677033317,0.009205833041291538
Digital financial transformation and legal environment for sustainable tourism development in East Africa,2023,Transformation for Sustainable Business and Management Practices: Exploring the Spectrum of Industry 5.0,Book chapter,2,5,0.11491931692728073,0.022795793058096744
"Homestay accommodation for tourism development in Kelantan, Malaysia",2015,Theory and Practice in Hospitality and Tourism Research - Proceedings of the 2nd International Hospitality and Tourism Conference 2014,Conference paper,2,2,0.05910999742575403,0.004913781533614496
The Impact of the Economic Crisis and the Pandemic on the Portuguese Tourism Industry: An Econometric Approach,2025,Sustainability (Switzerland),Article,2,7,0.13865574528363142,0.021223790191988674
Importance of tourism in community development,2013,Mediterranean Journal of Social Sciences,Article,2,0,0.07975619536487735,0.00807675477791045
Critical perspectives on Aboriginal and Torres Strait Islander tourism Towards Indigenous-led approaches,2017,Inclusive Place Branding: Critical Perspectives in Theory and Practice,Book chapter,2,2,0.03252305709998028,0.002343805996511119
Exploring the Metaverse: Opportunities for Tourism and Territorial Development,2024,Lecture Notes in Computer Science (including subseries Lecture Notes in Artificial Intelligence and Lecture Notes in Bioinformatics),Conference paper,2,5,0.1061279676618608,0.011519005983210585
Education for sustainability in UNESCO Global Geoparks: Findings from a systematic literature review,2026,International Journal of Geoheritage and Parks,Review,2,7,0.10308965690722548,0.01140129035878372
Vulnerability and Sustainability of Tourism Development on Croatian Islands,2025,Sustainability (Switzerland),Article,2,2,0.07741536950353528,0.00829189041717981
Service-learning Pedagogy: A Pathway to Empowering Students as A Catalyst for Sustainable Tourism Development through Civic Engagement and Community Development,2024,Media Konservasi,Article,2,7,0.13693043553947104,0.02575858740945272
Research on the development path of integration of rural sports culture and sports tourism in the context of big data,2023,Applied Mathematics and Nonlinear Sciences,Article,2,1,0.19259443425660047,0.0457773381126421
SWOT analysis for development strategy for Silamci natural tourism object facilities in Garut,2024,ARTEKS : Jurnal Teknik Arsitektur,Article,2,0,0.06387245948841914,0.004345698155325842
"INTEGRATING LOCAL WISDOM INTO ENTREPRENEURSHIP EDUCATION FOR SUSTAINABLE TOURISM IN PULO ACEH, INDONESIA",2025,Jurnal Ilmiah Peuradeun,Article,2,7,0.075809733141966,0.013361181878414487
Managing sport tourism in communities: Case study in China,2024,International Perspectives in Sport Tourism Management,Book chapter,2,1,0.1830444962674976,0.03712779991229736
Wildlife and tourism in East Java southern coastal area: challenges for ecologically sustainable tourism,2022,Journal of Marine and Island Cultures,Review,2,7,0.06543192225337081,0.005905494711483305
Sustainable Tourism Development Using Multi-Criteria Decision Making in China Tourism Destination,2026,Sustainable Development,Article,2,7,0.15788820517476415,0.025819654946557243
Now everyone can sail: On the need to understand mass tourism,2019,A Research Agenda for Tourism and Development,Book chapter,2,0,0.05148934130103418,0.002985031977404348
Building community through socially responsible tourism: A collaborative success in the Dominican Republic,2008,WIT Transactions on Ecology and the Environment,Article,2,2,0.07969643856162843,0.010559284705825407
Developing 'Unused Resources' for Tourism: Cases of Drift Ice in Hokkaido and ICEHOTEL in Lapland,2022,Academica Turistica,Article,2,0,0.03379637794358095,0.0023133905703251576
Networks of historic houses as a strategic option for sustainable tourism development: The venetian villas case,2018,WIT Transactions on Ecology and the Environment,Review,2,0,0.06594631798420968,0.007935145966965824
Empowering Indigenous Women Through Community-Based Tourism,2025,Greener Future: Building Sustainable Tourism Communities,Book chapter,2,6,0.21280887177531752,0.07073554137509677
Aviation big data-driven tourism carbon efficiency evaluation: evidence from China,2026,Journal of Sustainable Tourism,Article,2,7,0.12695246023395546,0.01693012307360295
An overview of encouraging sustainable tourism in the coastal tourism of Karang Jahe beach: Issues and challenges,2018,E3S Web of Conferences,Conference paper,2,7,0.2250995518283872,0.05137647264374849
Tourism in a transforming world economy - the impacts of the brave new world: How might Jamaica achieve long-term sustainable development?,2014,Worldwide Hospitality and Tourism Themes,Review,2,7,0.08888812953896734,0.009620178322886044
Transformative blockchain technological approaches to sports events,2025,Frontiers in Sports and Active Living,Article,2,1,0.1470609435753703,0.02731808552985995
Demographic influences on digital service perceptions and satisfaction at World Heritage Sites in Chinese coastal cities: An empirical analysis,2024,"Journal of Infrastructure, Policy and Development",Article,2,5,0.13427677223188103,0.03114552446643265
The evaluation of tourism industry efficiency in Hubei province based on three-stage DEA,2020,ACM International Conference Proceeding Series,Conference paper,2,5,0.034701753830923276,0.0024580612314739694
How sport management can address sustainability: Creating and testing a scale,2025,Sustainable Futures,Article,2,1,0.21806266060762686,0.05732333921161831
"Towards a new local sustainable development model for a consolidated tourist destination: The case of Los Cabos, Mexico",2016,International Journal of Sustainable Development and Planning,Article,2,7,0.09598261184398044,0.01353478473422235
Do tourism and CO2emission predict technological innovation in developing countries: Examining Porter and innovative Claudia curve hypothesis,2025,Energy and Environment,Article,2,7,0.09894843132808656,0.010361450741098042
Responsible Tourism,2014,"CSR, Sustainability, Ethics and Governance",Book chapter,2,2,0.09090446321152072,0.013824123784304643
Opportunities for intensive growth of the well-being of students based on interviews in Western Kazakhstan,2025,Educational Process: International Journal,Article,2,5,0.054927299888991574,0.005409304123135215
Exploring visitor perspectives on critical success factors for wine tourism: a qualitative approach,2025,Tourism Recreation Research,Article,2,0,0.04682711250795468,0.002263566423939658
Rural Tourism Creative Innovations in Italy and Kazakhstan as a Response to the COVID-19 Pandemic: Revisiting Rural Leisure and Travel,2023,"COVID-19, Tourist Destinations and Prospects for Recovery: Volume One: A Global Perspective",Book chapter,2,3,0.2586309142832085,0.0676706591688282
Enhancing Community-School-University Partnership for Rural Landscape Conservation: a Case Study in Taiwan,2020,Geoheritage,Article,2,2,0.1350140290481828,0.025663289165052578
Study on the Development of Marine Cultural Industry in Gokarna: A Coastal Rural Area of India,2020,Journal of Coastal Research,Article,2,3,0.0766507887328358,0.010635799920609203
"Community perceptions on tourism development in South Africa: The case of developing a tourism route in the City of Mbombela Local Municipality, Mpumalanga Province, South Africa",2022,Local Economy,Article,2,2,0.07122304312073194,0.0060575456905348195
Innovative Business Models in Developing Meat Ecotourism in Toba Samosir,2019,Journal of Physics: Conference Series,Conference paper,2,0,0.04785885569807622,0.004796808875977638
Research on the Characteristics and Colours of Chinese Islamic Architecture: A Case Study of Fenghuang Temple in Hangzhou,2025,Religions,Article,2,4,0.0896066095019463,0.008413645603895152
A historical perspective and empirical analysis on development of theme parks in Japan,2010,Worldwide Hospitality and Tourism Themes,Article,2,0,0.02307193451473363,0.0007936489915268402
The Relationship between Sports Clubs and Regional Development: Destination Management in Barcelos (Portugal),2025,IBIMA Business Review,Article,2,1,0.2490146817999934,0.06275078180575357
Innovation of Form and Function of Banyumulek Pottery Craftsmanship in Lombok as Heritage of Traditional Culture,2024,Harmonia: Journal of Arts Research and Education,Article,2,4,0.20049342203978307,0.04178392225597007
"Exploring the Significance of Cooperative Entrepreneurship in Tourism Development of the Azilal Region, Morocco",2025,International Journal of Rural Management,Article,2,3,0.07692910763327221,0.009329580158160848
Overcoming cross-cultural differences in post-war Sri Lanka: the case of Jetwing in Jaffna,2019,Worldwide Hospitality and Tourism Themes,Article,2,4,0.05473451971716641,0.0038607694342608963
Cultural Organisations as Drivers for Change in Tourism,2022,Contributions to Management Science,Book chapter,2,4,0.15422705722268104,0.025939598491261023
The potential of ecotourism development through community involvement to enhance tourism destination performance in Tana Toraja (An implementation of ecotourism concepts on Banua Tongkonan),2019,IOP Conference Series: Earth and Environmental Science,Conference paper,2,0,0.06072451010804221,0.007320609403027719
"The framework of the Päijät-Häme Sport, Experiences, and Well-being Road Map 2030",2021,"Regional Studies, Regional Science",Article,2,1,0.08458929274299494,0.010541764194904074
"Reimagining mural heritage: tourism-driven space reconfiguration through genuine, replica, and digital regeneration",2025,Journal of Tourism and Cultural Change,Article,2,4,0.22280233746957698,0.055112715435417514
Sustainable Ecotourism Development Through Open Innovation and Infrastructure Facilities: Systems Modeling Approach,2024,IEEE International Conference on Industrial Engineering and Engineering Management,Conference paper,2,7,0.14935355475418496,0.022990492075391677
Tourism attraction and CBT of agro tourism in Cafe Sawah Pujon Kidul,2021,E3S Web of Conferences,Conference paper,2,2,0.06167639213532879,0.004667211396575195
Negotiating authenticity in Uzbekistan’s community-based tourism: a thematic analysis of cultural performance and adaptation,2026,Asia Pacific Journal of Tourism Research,Article,2,4,0.08833152936098329,0.013267990896312951
Factors Affecting the Adventure Tourism Development Index: A Worldwide Analysis,2022,"Smart Innovation, Systems and Technologies",Conference paper,2,0,0.05314034734024183,0.0029288105777761976
"A Multi-Layered, Progressive Model of Self-Driving Tourists’ Environmental Responsibility Behavior: Enriched Tourism Destination 6A Framework",2025,Sustainability (Switzerland),Article,2,7,0.0651002734796891,0.008912172635644658
Small-scale mountain tourism in Bulgaria: Development patterns and sustainability implications,2016,Sustainable Mountain Regions: Challenges and Perspectives in Southeastern Europe,Book chapter,2,0,0.06827831415011694,0.006014235217868875
The Azorean Rural Tourism Entrepreneurs Perception of This Activity Development Potential: A Preliminary Research,2022,"Smart Innovation, Systems and Technologies",Conference paper,2,3,0.2250523983039514,0.05245580277879469
Dark Tourism Along the Silk Route: The Case of Thessaloniki,2023,"Advances in Science, Technology and Innovation",Conference paper,2,4,0.08132987491793334,0.0067236338610338255
Sustainability in Tourism Through the Use of Local Resources in Smart Destinations: A European Perspective,2025,WSEAS Transactions on Business and Economics,Article,2,5,0.1562703699753303,0.03643763095034239
Community-based tourism: Planning processes and outcomes in the developing world,2019,"Community-Based Tourism in the Developing World: Community Learning, Development & Enterprise",Book chapter,2,2,0.19351239591120575,0.037649803319820256
Analysis of Tourism Development Linked to Protected Areas in Chilean Patagonia,2023,Integrated Science,Book chapter,2,7,0.04352067475570645,0.004435043934322313
"Food Tourism Experiences in Summer Markets: The Case of La Santa Market (Catalonia, Spain)",2025,Springer Proceedings in Business and Economics,Conference paper,2,2,0.07528044888679548,0.009719308431562566
Digital Transformation: The Global Sport Industry,2025,International Encyclopedia of Business Management,Book chapter,2,1,0.19450212630654176,0.053356981538022874
Research on the Innovation of Eco-Cultural Tourism Products of Royal Prime Minister's Palace in Shanxi Province from the Perspective of Experiencing Consumption,2019,IOP Conference Series: Earth and Environmental Science,Conference paper,2,4,0.0572704183030185,0.0050613400628714295
"The Lack of Policy, Planning, and Governance: The Mismanagement of Visitor Pressure in Cumalıkızık, Bursa-A World Heritage Site",2021,Mediterranean Protected Areas in the Era of Overtourism: Challenges and Solutions,Book chapter,2,4,0.09930111992090432,0.014063385644512759
Digital Transformation and Ambidextrous Innovation for Sustainable Growth: Evidence from Listed Tourism Firms in China,2025,Sustainability (Switzerland),Article,2,5,0.05158159482065329,0.0060328911607010925
Promotion strategy of Dieng Culture Festival (DCF) as sustainable tourism based on local community,2021,E3S Web of Conferences,Conference paper,2,2,0.11257326028211213,0.02063488131888016
A Resource Market and Product Analysis for Marine Tourism Development,2020,Journal of Coastal Research,Article,2,0,0.03274070893401087,0.0011373029940578146
Understanding community capacity through canal heritage development: Sink or swim,2012,International Journal of Tourism Policy,Article,2,2,0.11569699819554509,0.01872008087401344
Open innovation in tourism micro-firms: evidence from the Italian Alps,2024,Current Issues in Tourism,Article,2,0,0.06194770253359286,0.0038515735097151057
Emerging Opportunities and Challenges of MSMEs in Birdwatching: An Approach Based on Artificial Intelligence and Strategic Foresight,2026,"Opportunities and Challenges of AI in Micro, Small, and Medium-Sized Enterprises",Book chapter,2,3,0.06482646781428715,0.008915479862300763
Developing a typology for residents and local development: A case study in Northern Greece,2020,International Journal of Sustainable Agricultural Management and Informatics,Article,2,2,0.05887291210866738,0.005439031194441104
From data to dollar: Using the wisdom of an online tipster community to improve sports betting returns,2021,European Journal of International Management,Article,2,1,0.1429166495728734,0.023073174008131494
Whitewater sports: An innovation conducive to regional development? The case of the Ubaye Valley,2015,Loisir et Societe,Review,2,1,0.11144550996964647,0.015609239550753008
Antecedents of Social Commerce Adoption in the Tourism Industry: Evidence from a Developing Country,2023,"Proceedings - 2023 IEEE International Conference on e-Business Engineering, ICEBE 2023",Conference paper,2,5,0.04479313172622629,0.004068241139136536
UNVEILING THE GENDER LENS IN TOURISM,2024,"ROUTLEDGE HANDBOOK ON GENDER IN TOURISM: Views on Teaching, Research and Praxis",Book chapter,2,6,0.128372422957381,0.016648910333655578
Gastronomy does not recognise political borders,2016,"Food Tourism and Regional Development: Networks, products and trajectories",Book chapter,2,0,0.04389425948542167,0.0024012603695899057
"Gastronomic delights for community growth: unravelling the impact of sustainable tourism in Sikkim, India",2024,International Journal of Tourism Policy,Article,2,2,0.08751278912879408,0.010063234788330249
Human Resource Management and Sustainable Tourism Development: A Conceptual Analysis from an Academic Perspective,2016,"Project Management: Concepts, Methodologies, Tools, and Applications",Book chapter,2,7,0.20234783159051364,0.04133409556104657
"Tourism Suitability, and Carrying Capacity: Prospect Ecotourism (Case Study in Marina Beach Semarang",2020,E3S Web of Conferences,Conference paper,2,1,0.033512934038949775,0.0021829922172855406
Ecological development strategy of coastal sport projects of jiangsu province,2020,Journal of Coastal Research,Article,2,1,0.09728859057182382,0.015016574833925964
"Exploring the nexus of women's entrepreneurship, entrepreneurial efficacy, and passion in tourism development: A concept proposition",2024,Examining Barriers and Building Resiliency for Rural Women Entrepreneurs,Book chapter,2,6,0.27668075792247443,0.07744619838176194
"Innovation in tourism development in Rote Ndao District, East Nusa Tenggara Indonesia",2024,Kasetsart Journal of Social Sciences,Article,2,0,0.04611118930290088,0.004282948394828191
"Initiate, adopt, implement, and transfer: exploring the innovation process undergone by mega-sport event organizing committees",2025,Sport Management Review,Article,2,1,0.17657464253790614,0.031197735327220793
Constructing an integrated model of tourism livestreaming acceptance: scale development and validation,2026,Current Issues in Tourism,Article,2,5,0.03395299143585706,0.0013859858121630369
"Feasibility study and strategy analysis of low-carbon operation of large-scale sports events under the green development model: An example of building a ""racing city"" in Wuhan",2021,E3S Web of Conferences,Conference paper,2,1,0.12763286605889612,0.022929592660631857
Inclusive social innovation for hospitality employment,2026,Annals of Tourism Research,Article,2,6,0.04252449868605073,0.004030626428108499
Research on Integration and Innovation of Anhui Food Eco-tourism Industry under the Concept of Green Development,2021,IOP Conference Series: Earth and Environmental Science,Conference paper,2,0,0.02613028229263195,0.0014808768075095966
How does the entrepreneurship ecosystem foster tourism competitiveness?,2026,Tourism Economics,Article,2,7,0.06269372729224743,0.008953834808179155
Local development planning and the tourism sector: Prospects for reducing volatility in tourism impacts in Kenya,2012,International Development Planning Review,Review,2,2,0.07308428736319977,0.00723695578244236
A Pathway to Sustainable Agritourism: An Integration of Entrepreneurial Self-Efficacy and Resource Dependence Theories,2025,Sustainability (Switzerland),Article,2,0,0.040752008081823776,0.0046075294156466195
Culture as an instrument of local development,2024,Managing Natural and Cultural Heritage for a Durable Tourism,Book chapter,2,4,0.255175860027899,0.06514811660374971
Loulé Criativo: Our creative tourism development story,2021,Creative Tourism: Activating Cultural Resources and Engaging Creative Travellers,Book chapter,2,4,0.061449708580723544,0.0059860478984562916
Does land property structure affect local development patterns? Evidence from a Greek tourist area,2008,Urban Studies,Article,2,0,0.040529716070619906,0.0024217659511019582
On development and innovation of tourism resources of historical and cultural city in Jingdezhen,2014,Applied Mechanics and Materials,Conference paper,2,4,0.08940416015366076,0.010104063891464756
Tourism and Local Development Strategies; The Mexican Case,2010,GeoJournal Library,Book chapter,2,0,0.043941890417994504,0.0029393986497750963
Tourism Entrepreneurship and Regional Development,2017,Tourism and Entrepreneurship: International Perspectives,Book chapter,2,0,0.07051694487933508,0.007314484690936666
Case study of Beijing Olympic games: Network technology application and system control in sports events in China,2011,"2011 International Conference on Electronics, Communications and Control, ICECC 2011 - Proceedings",Conference paper,2,1,0.18373543784916901,0.03716793974275162
AUTHENTICITY AND INNOVATION: The Future of Tourism in Iran,2019,Bridging Tourism Theory and Practice,Book chapter,2,4,0.13445607050322048,0.01917110633750451
Exploration of Profit Model of Beach Sports Based on Data Drive,2023,Proceedings of SPIE - The International Society for Optical Engineering,Conference paper,2,1,0.143983127659987,0.031798319237171864
Tourism Entrepreneurship – Concepts and Issues,2017,Tourism and Entrepreneurship: International Perspectives,Book chapter,2,6,0.09524646918856232,0.011077245077876097
"Protection, development, and utilization of the cultural heritage of post roads in Northeast China",2018,International Journal of Interdisciplinary Cultural Studies,Article,2,4,0.2044199677390839,0.04456386636921086
Research on tourism development strategy and patterns of vacation islands in China: Case study of Weizhou Island,2011,"2011 2nd International Conference on Artificial Intelligence, Management Science and Electronic Commerce, AIMSEC 2011 - Proceedings",Conference paper,2,0,0.03646564067272701,0.0026955572401409014
The Identification of Cultural Tourism Geographies: Results from a Systematic Literature Review,2023,Geographica Pannonica,Review,2,4,0.21024074280042498,0.04425341162667348
3D-live - Live interactions through 3D visual environments,2012,ACM International Conference Proceeding Series,Conference paper,2,5,0.09227723281243576,0.012840526055755233
The management innovation of tourism enterprises under the eco-tourism model,2021,E3S Web of Conferences,Conference paper,2,7,0.04269832957904587,0.0028057119358105382
Study on influences of large-scale sports events on regional economy,2011,Asian Social Science,Article,2,1,0.18064449432796678,0.0328817080948332
"Social innovations for inclusive development in tourism – insights from Kemi, Finland",2024,Nordia Geographical Publications,Article,1,2,0.08847161135580926,0.011556891153478905
Transforming Voices: reimagining organizational vulnerabilities of Mexican women in tourism through experimental audio-visual research,2026,Consumer Behavior in Tourism and Hospitality,Article,1,6,0.17133180439956952,0.029881137621835314
"Rural Reconstruction Enterprises Involving Rural Tourism Gentrification: A Case Study of Longshang Village, Nanjing, China; [乡建企业介入的乡村旅游绅士化形成机制——以南京市龙尚村为例]",2025,Tropical Geography,Article,1,3,0.2673969095635255,0.07159374267407008
FORESIGHT OF THE DEVELOPMENT OF RURAL TOURISM IN UKRAINE IN THE POST-WAR PERIOD,2024,Agricultural and Resource Economics,Article,1,3,0.22234327635308354,0.050010517926843794
New Path Innovation of Rural Tourism Development Based on Mobile Communication,2022,Mobile Information Systems,Article,1,3,0.20382121103416592,0.044490353606716646
Low-Carbon Pathways for Ski Tourism: Integrated Carbon Accounting and Driving Factors in a City Hosting the Winter Olympics,2025,Sustainability (Switzerland),Article,1,7,0.11185602921581793,0.012829293934593053
Strategic implications for the evolution of tourism in Asia: a comprehensive analysis,2025,Worldwide Hospitality and Tourism Themes,Review,1,5,0.11119004946268884,0.01633082441027008
Innovative technologies absorption process: The case of the sts timing company operating on the mass sports events market,2020,Journal of Physical Education and Sport,Article,1,1,0.11550559689503478,0.021890508269879053
Computer-Aided Internet of Things System Structure for Urban Tourist Attractions,2023,Computer-Aided Design and Applications,Article,1,5,0.10520269468606262,0.011359058782903853
Accelerating Entrepreneurship for Sustainable Tourism in Africa Through Co-Created Youth-Centered Innovation Ecosystem,2024,Developing University Entrepreneurial Ecosystems in Sub-Saharan Africa,Book chapter,1,6,0.05977752381324347,0.009177744673067523
AI-Driven Information Systems for Sustainable Tourism: A Review of IoT and Big Data Applications,2026,"Journal of Human, Earth, and Future",Review,1,5,0.11123046721244541,0.02090213248614784
"Evaluation of AI, communication, and social behavior in ancient Chinese villages: A systematic review of tourism's role in resident adaptation",2025,Environment and Social Psychology,Article,1,4,0.14854665904836256,0.04360341540400594
Analysis of network interaction in the context of physical education and sports activities of universities,2020,E3S Web of Conferences,Conference paper,1,1,0.15626470288273836,0.025756558271610414
"Telehealth as a catalyst for smart rural development and sustainable tourism: a feasibility case study from Agrafa, Greece",2026,Frontiers in Digital Health,Article,1,3,0.08695690719783955,0.017846854635639012
Indigenous Communities and Wildlife Tourism: Issues of Sustainability in Botswana’s Tourism Industry,2024,Geographies of Tourism and Global Change ,Book chapter,1,2,0.07394860520297608,0.006341352734516631
Local businesses as boundary actors shaping sustainable tourism futures in Biosphere Reserves,2025,Tourism Geographies,Article,1,7,0.05272297422649798,0.004546903980272866
Business models for nature-based tourism companies: The adoption of sustainable requirements,2026,Journal of Rural Studies,Article,1,7,0.06788009875213698,0.008996927861937199
"The Financial Impact of Tourism in Albania: Innovation, Digital Transformation, and Economic Growth",2025,Interdisciplinary Journal of Research and Development,Article,1,5,0.1537324190454849,0.029076949098966798
The Role of Community Based Tourism in Avoiding Overtourism,2022,"Overtourism, Technology Solutions and Decimated Destinations",Book chapter,1,2,0.1516798739327334,0.02384987196882564
Local Participation for a Higher Commitment to Destination Development,2024,De Gruyter Studies in Tourism,Book chapter,1,0,0.057897023141104,0.006669014269884041
Research on stakeholders' perception and evaluation on the commercialization of tourist ancient towns and its impact: A case study of Lijiang Ancient Town; [利益相关者对旅游古镇商业化的感知评价和 影响研究 ——以丽江古城为例],2025,World Regional Studies,Article,1,4,0.02925431245929844,0.0013746730536920194
NOvation and Indigenous struggle for land: Club Med’s failure in New Caledonia,2025,Tourism Geographies,Article,1,2,0.07879818027117919,0.007459956409535318
"Transcultural dissemination of Traditional Chinese Medicine through tourism: Pathways, challenges, and innovations",2025,New Techno Humanities,Article,1,4,0.09539727610254042,0.010665270742010154
Protected Area-Based Tourism as a Catalyst for Achieving Sustainable Development Goals,2025,"African Journal of Hospitality, Tourism and Leisure",Article,1,7,0.16072979973466192,0.029350114791158913
Research on Offline Classification and Counting Algorithm of Long Fitness Video,2022,"2022 7th International Conference on Image, Vision and Computing, ICIVC 2022",Conference paper,1,1,0.035282422645548976,0.0015677829731507531
OUTDOOR TOURISM DEVELOPMENT CONCEPT AS A GENERATOR OF DESTINATION COMPETITIVENESS,2023,Tourism and Hospitality Management,Article,1,0,0.09413148937382573,0.008860737291734666
"Community-based tourism and the development of local small businesses in rural Baja California, Mexico",2010,WIT Transactions on Ecology and the Environment,Article,1,3,0.11867665793771748,0.028103340676821492
Application of Knowledge Map Information Technology in Regional Tourism Innovation and Development,2022,Wireless Communications and Mobile Computing,Article,1,0,0.05890809558685181,0.005189610453648107
Farmers' land use adaptation under tourism on the Qinghai-Tibet plateau: based on the 'motivation-behaviour' framework,2026,"Environment, Development and Sustainability",Article,1,7,0.05545588283692938,0.004449918782893616
"From Tourism Growth to Sustainable Development: A Causality Analysis of Tourism, Exchange Rates, and Economic Growth in Asia",2026,Sustainable Development,Article,1,7,0.13757503902500096,0.02017326335357385
Strategy for the development of tourism as a tool for planning at a local level: The example of karlino commune (west pomeranian voivodeship),2020,Turyzm/Tourism,Article,1,0,0.04079524021000211,0.0036615766669801323
HUMAN RESOURCE COMPETENCE IN PROMOTING TOURISM INNOVATION AND TOURIST LOYALTY IN ACEH'S HALAL DESTINATIONS,2025,Geojournal of Tourism and Geosites,Article,1,0,0.06482598460893911,0.005634836961091698
Laser-Carved Legacy: Exploring the Scientific Construction and Cultural Significance of the World’s Largest Golden Buddha in Thailand Through a Tourist Perspective,2025,Tourism and Hospitality,Article,1,4,0.12139518922470308,0.016692724381093656
Provision of value innovation when creating tourism clusters based on the concept of sustainable construction,2019,E3S Web of Conferences,Conference paper,1,7,0.07058914348616949,0.007193753104418091
Contribution of women’s activity to development of agritourism on the island of Lesvos,2025,"Rethinking Gender, Tourism and Hospitality: The Sustainable Strategy Dimension",Book chapter,1,6,0.2959946258796364,0.08932883296136922
Determining priority strategies in realizing sustainable tourism on the island of Kalimantan: insights from a textual analysis,2026,Management and Sustainability,Article,1,7,0.20937673393180245,0.04461969086489159
The Hexa Helix Model for Sustainable Tourism Development: A Case Study of Belibis Island,2025,International Journal of Sustainable Development and Planning,Article,1,7,0.14549567339813527,0.022913484228129517
Workforce Planning for the Future of Sports Tourism,2024,International Journal of Sport Studies for Health,Article,1,1,0.09900678063712226,0.013992606617307368
"Ecotourism development strategies for Chua Chan Mountain, Vietnam: A SWOT–QSPM framework",2025,Asian Journal of Forestry,Article,1,7,0.1046734525683029,0.01685892899684178
ASSESSING THE ECONOMIC BENEFITS OF SUSTAINABLE TOURISM IN NORTH CHINA: FOCUS ON DESTINATION TRUST AND COMMUNITY DEVELOPMENT,2024,International Journal of Economics and Finance Studies,Article,1,2,0.11181240944018037,0.022075662796794286
Institutional innovation in tourism: a systematic review approach,2025,Journal of Enterprising Communities,Article,1,0,0.07737516382476382,0.006306100402523385
"Sport in smart cities: definition, review and future research agenda",2026,"Sport, Business and Management: An International Journal",Review,1,1,0.17536260728711475,0.04411364867335125
The context and future of tourism in Africa’s national parks: Could privatization within protected areas be the panacea?,2019,"Natural Resources, Tourism and Community Livelihoods in Southern Africa: Challenges of Sustainable Development",Book chapter,1,7,0.04369844564339072,0.003444489755849013
Exploring the Dynamics of Digital Applications in Icelandic Tourism: Insights from Stakeholders,2024,Sustainable Development Goals Series,Book chapter,1,5,0.1541234708799233,0.025633143382632215
Do intellectual property rights affect sports activities?,2024,Research Handbook on Intellectual Property Rights and Inclusivity,Book chapter,1,1,0.22318262125204155,0.04983378984955752
Technology Application in the Iranian Tourism Industry,2022,"Technology Application in Tourism in Asia: Innovations, Theories and Practices",Book chapter,1,5,0.11223688581808482,0.019112404929289995
Exploring the Mediating Role of Women’s Participation in the Relationship Between Rural Tourism and the Commercialisation and Preservation of Rural Culture and Natural Beauty,2026,International Research Journal of Multidisciplinary Scope,Article,1,6,0.22311889825882017,0.06083151169637829
EMPOWERING WOMEN IN RURAL MONTENEGRO: A PATHWAY TO SUSTAINABLE RURAL TOURISM DEVELOPMENT,2025,Geojournal of Tourism and Geosites,Article,1,3,0.25201096931105543,0.11977184967958479
Evaluating the strategies and solutions to improve cultural and national tourism services,2023,Iranian journal of Management Studies,Article,1,0,0.08694699025902555,0.014070096625281393
Research on the Innovation Strategy of Beijing Night Culture Tourist Area Based on Tourist Survey,2021,E3S Web of Conferences,Conference paper,1,4,0.04875186645151795,0.004749439976524113
Comparative analysis of digital marketing strategies for live streaming of sporting events,2020,Annals of Tropical Medicine and Public Health,Article,1,1,0.19326975646109024,0.04884621576993333
Decoding aesthetic perception in traditional canal settlements: An AI-driven analysis of built environment influence mechanisms based on streetscape images,2025,Frontiers of Architectural Research,Article,1,4,0.057662975213703345,0.003749892436621788
Profiling the typologies of nature sports organizations in Portugal,2017,Sports Management as an Emerging Economic Activity: Trends and Best Practices,Book chapter,1,1,0.16956208808431583,0.029582282757423306
Towards Tourism Management Platform for Culinary Tourism Management and Merchandise E- Catalogs,2022,"2022 7th International Conference on Informatics and Computing, ICIC 2022",Conference paper,1,5,0.09200388002524759,0.011931360347486203
Strategic ownership configurations to foster intangible cultural heritage in Japanese football events,2025,Frontiers in Sports and Active Living,Article,1,1,0.15190978230152272,0.04307758422492261
"Archelogy, architecture, City. Luxor between past and future",2018,Research for Development,Book chapter,1,4,0.0649837023430688,0.006082524765300334
Camino de Santiago's tourism impacts: Are resident perceptions shaped by rural-urban dynamics and personal pilgrimage experience?,2026,Journal of Rural Studies,Article,1,3,0.0847424806606427,0.013650839111160856
Artificial intelligence in sustainable tourism development a critical review of governance and managerial implications,2026,Discover Sustainability,Review,1,7,0.20245686971440596,0.0527336034266107
Analysis of the Tourism Revenue Sharing Status at the Aksu-Zhabagly Nature Reserve of Kazakhstan,2024,Economy: strategy and practice,Article,1,2,0.056923676796930014,0.005763241948132434
Creative Principles of Cultural Tourism Development in Ukraine,2022,WSEAS Transactions on Environment and Development,Article,1,4,0.07635460289188761,0.008698645878545339
Cultural and Creative Industries in the Brussels Region: Challenges and Opportunities of the Ecosystem,2022,Contributions to Management Science,Book chapter,1,4,0.056051801763133006,0.0067771494611984315
Bridging Digital Geographies and Socially Smart Villages: Participatory Action Research in Rural Place Design,2026,Media and Communication,Article,1,5,0.16783210713663085,0.056628462039072514
Analysis and Prospect of Traditional Tibetan Settlement Landscape Knowledge Mapping Based on the Citespace Method,2021,"2021 IEEE International Conference on Artificial Intelligence and Computer Applications, ICAICA 2021",Conference paper,1,0,0.022326735022573447,0.0012561100942308394
Digital transformation and rural tourism: Rural smtes' dynamics in Cyprus,2025,"Niche Tourism and Sustainability: Perspectives, Practices and Prospects",Book chapter,1,3,0.19264852950424388,0.05182500589853667
"Geotourism and Local Development in Rural Areas: Geomorphosites as Geotouristic Resources in Sierras de la Paramera y Serrota, Spain",2025,Land,Article,1,4,0.10683613444412139,0.013022517289933356
"From mining consideration to mindful tourism in Melmoth, KwaZulu-Natal, South Africa: reimagining sustainable futures",2026,Local Environment,Article,1,3,0.09871949515067688,0.021174862782566146
A Model of Enhancing Innovation and Technology and Competition Systems in the Fuzhou Dragon Boat: An Event Management and Service Quality Perspective,2025,"Journal of Logistics, Informatics and Service Science",Article,1,1,0.1400286231214313,0.020987048923397273
Time–Money Segment Differences in Ideation and Collaboration Readiness in Sustainable Tourism Education,2026,Sustainability (Switzerland),Article,1,7,0.06317961013167941,0.004507359774153309
Enhancing sustainable development in the tourism sharing economy: value co-creation in the service ecosystem,2026,Consumer Behavior in Tourism and Hospitality,Article,1,7,0.04515955880584642,0.004048588319439614
Maritime Disaster Risk Reduction Management in Local Development Planning: A Case Study of the 2023 Mindoro Oil Spill,2026,IOP Conference Series: Earth and Environmental Science,Conference paper,1,7,0.04379138420082332,0.0033431636432593175
Innovating the Social Pillar for Engaging Local Inhabitants in Urban and Mountain Destinations,2024,Springer Proceedings in Business and Economics,Conference paper,1,0,0.04277582099133007,0.002715170202368657
Mobile GIS for Smart Urban Tourism: Multi-Stop Route Optimization in Abu Dhabi,2026,"ISPRS Annals of the Photogrammetry, Remote Sensing and Spatial Information Sciences",Conference paper,1,5,0.07025759072112225,0.006216460476131947
"Research on the High-quality Development Mode and Path of Rural “Culture and Tourism +” Integration Based on Data Analysis-Taking Bengbu City, Anhui Province as an Example",2024,Applied Mathematics and Nonlinear Sciences,Article,1,4,0.08456152772865269,0.012586400323401588
From shadows to spotlight: NGO pollution disclosure and the dual transformation of environmental and tourism landscapes,2025,Environmental Science and Policy,Article,1,7,0.09506483891980054,0.009878515530975303
"Sustainable Cultural Heritage Experiences Through Spatial Augmented Reality: The Effects of Scene Interactivity on Presence, Mental Simulation, and Tourist Word-of-Mouth",2026,Sustainability (Switzerland),Article,1,4,0.165762944889821,0.030412753538062668
Agrotourism Business Innovation: By Modelling and Ranking Success Factors Using ISM-MICMAC Analysis,2025,Journal of Scientific and Industrial Research,Article,1,0,0.05178447336001289,0.004749544376639613
Balancing Interests in Rural Tourism: An Evolutionary Game Analysis of Stakeholder Under Dynamic Punishment Mechanism; [乡村旅游利益平衡:动态惩罚机制下利益相关者演化博弈分析],2026,Journal of China Tourism Research,Article,1,3,0.10119055315480258,0.013055456436506407
EXPLORING THE NEXUS BETWEEN TOURISM DEVELOPMENT AND HANDICRAFT ENTREPRENEURSHIP: THE MEDIATING ROLE OF GOVERNMENT INITIATIVES IN KASHMIR VALLEY,2026,Geojournal of Tourism and Geosites,Article,1,6,0.05322574618163403,0.004433819117203107
Has Promotion of Community-based Tourism been A Successful Rural Development Strategy in Northeast Thailand?,2025,Forest and Society,Article,1,2,0.1678344029404031,0.03703717228881143
Smart Tourism Technology Evolution a Bibliometric Analysis of Trends and Future Research Directions,2025,"Proceeding - 2025 4th International Conference on Creative Communication and Innovative Technology: Empowering Transformative MATURE LEADERSHIP: Harnessing Technological Advancement for Global Sustainability, ICCIT 2025",Conference paper,1,5,0.21348929379763923,0.04887209759735423
"Entrepreneurial intentions, career expectations, and life satisfaction of hospitality and tourism students",2026,Current Issues in Tourism,Article,1,6,0.043651792892911184,0.0025462044086182792
Redefining Tourism in Rural and Protected Areas: A Practical and Policy Perspective,2025,Sustainable Development Goals Series,Book chapter,1,3,0.18827963575541118,0.047638538985435026
Sports Tourism,2025,International Encyclopedia of Business Management,Book chapter,1,1,0.23963365906930698,0.059180059804856563
Sports as a Competitive Factor for Tourism Destinations: The Case of Porto,2021,"Smart Innovation, Systems and Technologies",Conference paper,1,1,0.10164584531782261,0.019011559913374203
"INNOVATIVE AND SUSTAINABLE PATHWAYS IN HOSPITALITY AND TOURISM BUSINESSES: HOW AI, DIGITAL INNOVATION, AND ORGANIZATIONAL AGILITY ENHANCE MARKETING PERFORMANCE",2026,Geojournal of Tourism and Geosites,Article,1,5,0.0960437207503518,0.011295450134675734
Breaking boundaries: empowering women for sustainable tourism in Bačko Podunavlje biosphere reserve,2025,"Environment, Development and Sustainability",Article,1,6,0.29521415327870065,0.09116085850771927
Overtourism in Goa: Analyzing the resident's perception using social Exchange theory,2024,IOP Conference Series: Earth and Environmental Science,Conference paper,1,2,0.0912338823324962,0.010609604906239212
Artificial Intelligence-Based Architectural Design (AIAD): An Influence Mechanism Analysis for the New Technology Using the Hybrid Multi-Criteria Decision-Making Framework,2025,Buildings,Article,1,5,0.11184316444554704,0.013476623341549069
"Exploring the Protection of Ancient Buildings Using BIM Technology—Taking the Han Family Compound in Shangli Ancient Town, Sichuan Province, as an Example †",2023,Engineering Proceedings,Article,1,5,0.04515970342896375,0.004197704719111886
What are the key innovative strategies needed for future tourism in Guyana?,2018,Worldwide Hospitality and Tourism Themes,Review,1,2,0.04045681963726418,0.0047625642128473564
The Dilem Wilis Agro Tourism Community's Development Using the Sociopreneurship Model to Achieve Sustainable Tourism Development,2023,IOP Conference Series: Earth and Environmental Science,Conference paper,1,7,0.0805177914733332,0.010651084239952945
ANALYSIS OF INNOVATIVE MARKETING IN SPORTS TOURISM AND IDENTIFICATION OF OBSTACLES TO ITS IMPROVEMENT (CASE STUDY: IRAN); [Analiza innowacyjnego marketingu w turystyce sportowej oraz określenie przeszkód uniemożliwiających jego doskonalenie (na przykładzie Iranu)],2024,Sport i Turystyka,Article,1,1,0.21285395625268064,0.04602718329441596
Reproductive agencies in regional economic resilience: insights from Covid-19 in Tyrol,2025,European Planning Studies,Article,1,0,0.05965952320989122,0.004120034417739924
THE PERCEPTION OF MAYORS OF THE DOURO DEMARCATED REGION ABOUT TOURISM DEVELOPMENT; [POSTRZEGANIE ROZWOJU TURYSTYKI PRZEZ BURMISTRZÓW REGIONU DOURO],2024,Czasopismo Geograficzne,Article,1,7,0.0666750878864156,0.013026353672505517
Rural Tourism Development Under Weak Governance in Lebanon: Challenges and Opportunities,2026,Tourism and Hospitality,Article,1,3,0.2198693211539589,0.055901066093757446
Feasibility data of traditional sports industrialization development and informatization development based on big data,2021,E3S Web of Conferences,Conference paper,1,1,0.1785688251719926,0.03205994574214183
Rooted in Strength: Female Empowerment in Agrotourism. Local Perspective from the Polish Carpathians,2024,Advances in Geographical and Environmental Sciences,Book chapter,1,6,0.23507818593157703,0.05908194125670708
"Research on Cultural Tourism Product Development of ""impression Liu Sanjie"" Based on the Law of Diminishing Marginal Utility",2021,E3S Web of Conferences,Conference paper,1,4,0.03936998075743322,0.0026883418977270168
Exploring the Application of a Co-Creation Model in Archaeological Tourism: Two Case Studies Developed Under TURARQ’s Project Within the Frame of Link Me Up - 1000 Ideas Project; [Explorando a Aplicação de um Modelo de Cocriação no Turismo Arqueológico: Dois Estudos de Caso Desenvolvidos no Âmbito do Projeto TURARQ Sob a Égide do Projeto Link Me Up - 1000 Ideias],2025,Revista Portuguesa de Estudos Regionais,Article,1,4,0.04041863332386059,0.005166976179129626
From contemplation to co-action: turning disused heritage lines into slow-mobility tourism ecosystems,2026,Journal of Heritage Tourism,Article,1,4,0.14829311510689736,0.023277756634469182
Designing Thematic Tourist Trails for Local Development: A Framework Based on Territorial Heritage,2025,Land,Article,1,4,0.11004633860054638,0.01891787282648152
Action to promote research and development (R and D) activities in tourism within Spain and the EU,2002,Anatolia,Article,1,0,0.07338184855646311,0.006001924129824026
A systematic bibliometric review on tourism prosperity: is it worthwhile?,2024,Cogent Social Sciences,Review,1,2,0.06297195389629791,0.0053365217841320305
Digitalization is a driving factor of developing tourism industry,2025,ACM International Conference Proceeding Series,Conference paper,1,5,0.16098220360090004,0.028082300237655854
Sustaining Coastal Cultural Tourism Through Community-Based Approaches: The Role of Heritage and Cultural Value,2025,International Journal of Sustainable Development and Planning,Article,1,4,0.22900300797590478,0.061426557966918816
Mechanism innovation and evaluation model of wisdom tourism under the new situation based on survey of Wuxi,2016,"Proceedings - 14th International Symposium on Distributed Computing and Applications for Business, Engineering and Science, DCABES 2015",Conference paper,1,0,0.04060773081348576,0.0022193680622864436
"The interplay and parallel between urban landscape usage, smart city concepts and tourism development in modern cities",2024,E3S Web of Conferences,Conference paper,1,5,0.11377450505676061,0.015908422279358604
First Time in the European Rally Championship: What’s Next for Residents’ Perceptions of Urban Sustainability?,2025,Urban Science,Article,1,1,0.10643948740133582,0.019583265672502775
Ireland and the Marshall Plan: E.C.A.'s Manoeuvring to Promote Dollar Tourism,2022,Irish Economic and Social History,Article,1,0,0.03285492356187388,0.0012828283590047894
Female Entrepreneurship in the Tourism Industry: A Ghanaian Outlook,2023,The Future of Entrepreneurship in Africa: Cross-Sectoral Perspectives Post COVID-19,Book chapter,1,6,0.11702541563290993,0.015142004093367361
Multidimensional Value Creation Through Cultural Programmes? Challenges for Veszprém-Balaton ECoC 2023,2022,Contributions to Management Science,Book chapter,1,4,0.11567000021438455,0.019235746520136307
EXPLORING THE INTEGRATION OF ARTIFICIAL INTELLIGENCE IN THE SPORTS TOURISM INDUSTRY,2024,Revista Internacional de Medicina y Ciencias de la Actividad Fisica y del Deporte,Article,1,1,0.11550359558568138,0.02369517048294137
"LEVERAGING HERITAGE, TOURISM AND PARTNERSHIPS IN DEVELOPMENT",2022,Critical Approaches to Heritage for Development,Book chapter,1,4,0.09293166431350121,0.01611381607639411
Marine policies’ Efficacy on Tourism Economy High-Quality Development: Empirical Evidence from China’s Coastal Region,2025,Journal of Quality Assurance in Hospitality and Tourism,Article,1,7,0.04898642134776263,0.004341124690590239
"Tourism Workers and Entrepreneurs during the 1950s and 1960s in Sant Antoni de Portmany (Ibiza, Spain)",2022,Social Sciences,Article,1,0,0.04724363032627748,0.0029621876144396114
Tourism Development and Local Community Welfare: A Case Study of the Mandalika Special Economic Zone,2023,Journal of Environmental Management and Tourism,Article,1,2,0.11719610525098227,0.015808632479843994
Golf Club Management Challenges towards Sustainability: Opportunities and Innovations during and after the COVID-19 Pandemic: A Qualitative Perspective,2023,Sustainability (Switzerland),Article,1,1,0.06351317623206996,0.006342968023577895
Can low-carbon city pilot policy boost tourism development? Empirical evidence from China,2024,Environmental Science and Pollution Research,Article,1,7,0.0945495836911006,0.009479936195342748
"Development of ""tari Pencak Silat Nusantara"" for Developing and Conserving Pencak Silat as a Nation Cultural Asset towards Globalization",2017,IOP Conference Series: Materials Science and Engineering,Conference paper,1,1,0.06836593688050968,0.00561026482350599
Navigating Tourism Innovations in the Post-COVID-19 Era: A Case Study of Lithuania,2024,Quaestiones Geographicae,Article,1,0,0.08499735514668176,0.007395275341358889
The mechanism of municipal public-private partnership as a driver of ethnic tourism development in the Krasnodar territory,2024,BIO Web of Conferences,Conference paper,1,0,0.04015251147307072,0.0021133663430760257
Research on financing patterns of China's public sports venues,2012,Advanced Materials Research,Conference paper,1,1,0.13269816622377711,0.017636812122623528
INNOVATIVE CHANGES IN HISTORICAL TOURISM OBJECTS IN THE CONTEXT OF THE NEED FOR THE IMPLEMENTATION OF DIGITAL TOOLS,2024,Geojournal of Tourism and Geosites,Article,1,5,0.11956417667013457,0.014810496937801561
SUSTAINABILITY AND GEOGRAPHIES OF TOURISM,2024,"The Routledge Handbook of Tourism Geographies, 2nd Edition",Book chapter,1,7,0.2543189337911324,0.06494211322726746
Reindustrializing the Hidden Gems: A Systematic Review of Creative Efforts in Second-Tier Cities,2025,Urban Science,Review,1,4,0.07376113569915946,0.009762565712112361
Research on the development situation and countermeasures of Intelligent Equestrian Sport in China,2021,"Proceedings - 2021 International Conference on Information Technology and Contemporary Sports, TCS 2021",Conference paper,1,1,0.17176077641511153,0.029960662580041812
The Impact of Digital Entrepreneurship on Strategic Vigilance at Five-Star Hotels Operating in the Hashemite Kingdom of Jordan,2025,Technological Horizons: Technological Skills and Knowledge for Practitioners within Business Environment,Book chapter,1,5,0.06446435736411088,0.005294812420555335
Airbnb a Decade on: A Literature Review of Airbnb in South Africa,2025,"African Journal of Hospitality, Tourism and Leisure",Article,1,0,0.026076899099580518,0.0013647212666123604
"Using an ethical management framework for regenerative tourism: A case study of resident and visitor perceptions in Húnaþing vestra, Iceland",2025,The Routledge Handbook of Regenerative Tourism,Book chapter,1,2,0.08735977743219878,0.008471745490160151
"Sustainable development frictions: lifestyle migration on the coast of Jalisco, Mexico",2020,Journal of Political Ecology,Article,1,7,0.12776842944295222,0.019182361498378254
The Analysis of the Artistic Innovation of LED Lighting in Gymnasiums Based on Intelligent Lighting Control Systems,2023,International Journal of Information Technologies and Systems Approach,Article,1,1,0.04309529623638031,0.002162718915051663
Exploring Tourism Potential in Muş: Embracing Unique Experiences in an Undeveloped Region,2024,"Smart Innovation, Systems and Technologies",Conference paper,1,5,0.055925620257040565,0.008260396020331753
"Battle lines in the Hot Lakes District, New Zealand, c.1900: Tourism development and the contested nature of place",2015,Journal of Tourism History,Review,1,0,0.029364407968092223,0.001470269044784967
Towards the Construction of Territorial Intelligence Tourism Concept in Latin America,2024,International Journal of Sustainable Development and Planning,Article,1,7,0.04431020150025531,0.0028786449599797056
Research on Sports and Health Education for College Students in the Internet Era-Taking Media Integration as an Example,2021,"Proceedings - 2021 International Conference on Internet, Education and Information Technology, IEIT 2021",Conference paper,1,1,0.13593460922305609,0.01912365691641214
Sport Events and Tourism for the Sustainable Local Development Post COVID,2021,Tourism Destination Management in a Post-Pandemic Context: Global Issues and Destination Management Solutions,Book chapter,1,1,0.2390678778624459,0.058690341372765485
Reconceptualizing nostalgia-driven tourist experiences: A systematic review and future research,2026,Acta Psychologica,Article,1,5,0.04516624596312563,0.004129785839895394
A benchmarked step by step community-based tourism (CBT) toolkit for developing countries,2019,"Community-Based Tourism in the Developing World: Community Learning, Development & Enterprise",Book chapter,1,2,0.13045748688097245,0.027706322707192012
Foodies' movement fostering stakeholders' networks: A regional case study,2020,Economia Agro-Alimentare,Article,1,0,0.059233475019781906,0.004386373129744407
"Tourism development, educational attainment, and the achievement of Sustainable Development Goals in the West Coast of Tasmania",2024,The Elgar Companion to Tourism and the Sustainable Development Goals,Book chapter,1,2,0.11386808946700437,0.015548696151021512
The challenge of sustainability in territorial development: The impact of Blue Flag on tourism – the Italian context,2023,"Blue Flag Beaches: Economic Growth, Tourism and Sustainable Management",Book chapter,1,7,0.06953243823641118,0.008398583333140603
Financial feasibility of the sunda strait bridge conceptual design using the value engineering method,2014,Proceedings of International Structural Engineering and Construction,Conference paper,1,0,0.039916537224814926,0.002254020204965987
Corporate Social Responsibility and Social Entrepreneurship in the Small States of Europe,2025,International Encyclopedia of Business Management,Book chapter,1,1,0.14982890249201655,0.028605569781073502
Users’ perception as a tool for an integrated coastal management and beach quality assessment,2018,Pomorstvo,Review,1,7,0.04489123103217449,0.0027414211874931477
A Study on the Coupling and Coordination Between Urban Economic Resilience and High-Quality Development of Tourism in the Yangtze River Economic Belt,2025,Sustainability (Switzerland),Article,1,7,0.06601209094122,0.005560300371216662
Sustainable Tourism as Potential Development in the Region of Peja,2024,International Journal of Sustainable Development and Planning,Article,1,7,0.06924089223057162,0.013283333499700498
Teachers’ Digital Skills in Tourism Sector to Tackle the Challenges of Tourism Enterprises,2023,Lecture Notes in Networks and Systems,Conference paper,1,6,0.05356741486770927,0.005557593247544207
"Tourism Development Forms: A sociological approach to the management of nature-based destinations. The case of Aysén, Chilean Patagonia",2023,Loisir et Societe,Article,1,0,0.04403953274142791,0.003414062791921234
Building ingenuity in tourism organizations during crises,2025,Tourism Management,Article,1,0,0.05039638389538315,0.003051477251578265
An agenda for tourism: priorities for action,2023,Worldwide Hospitality and Tourism Themes,Article,1,0,0.0295818684867912,0.001207416639227095
A Sustainable Analysis Regarding the Impact of Tourism on Food Preferences in European Capitals,2023,Sustainability (Switzerland),Article,1,7,0.039657086115860524,0.0025344644382652433
"Navigating touristification through social entrepreneurship: Community-based tourism in the Yucatan Peninsula, Mexico",2026,Tourist Studies,Article,1,2,0.0845980937321512,0.008839263135855119
The territorial economy of enrichment (TEE) in mountain areas,2019,Revue de Geographie Alpine,Article,1,0,0.04719722129008288,0.002749266296570645
Development Trend of Blockchain Technology in Large-Scale Sports Events in the Information Age,2021,Advances in Intelligent Systems and Computing,Conference paper,1,1,0.13230596878033007,0.02384997670059297
"MEASURING THE RELATIONSHIP BETWEEN KNOWLEDGE MANAGEMENT, ORGANIZATIONAL LEARNING, AND INNOVATION: A STUDY OF JAMMU & KASHMIR TOURISM DEVELOPMENT CORPORATION, INDIA",2022,Enlightening Tourism,Article,1,0,0.043777848784859484,0.002132762879924955
Deep Learning Algorithm in the Investigation of Low-Altitude Tourism Development Status and Innovation Path Exploration,2024,"2024 Asian Conference on Intelligent Technologies, ACOIT 2024",Conference paper,1,0,0.040034096268390267,0.0019277771442565712
Exploring the Shared Vulnerabilities of Tourist Ski Resorts and Small Islands Destinations—Applying Actor Network and Resource Dependence Theory,2026,Sustainability (Switzerland),Article,1,0,0.07546483666419952,0.00635354831564577
Brain-computer interfaces in accessible tourism,2026,Tourism Management,Article,1,5,0.06366668805454917,0.004163265415375383
Constructing a Sustainable Entrepreneurial Opportunity in Rural Tourism: A Case Study From China,2026,Sustainable Development,Article,1,3,0.19101482303430783,0.042687828045175194
Hegemony and identity: The evolution of American women’s participation in active sport tourism,2016,The Routledge History of American Sport,Book chapter,1,1,0.24355675041732294,0.060130869617963274
Beyond Reality: The Role of Innovation in Virtual Sport Events,2025,Engineering Economics,Article,1,1,0.1762269732343666,0.03450168349497412
Activating Culture for Innovation: A Resource-Based Framework for Cultural Tourism Development in Indonesia,2025,International Review of Management and Marketing ,Article,1,4,0.15274351380046838,0.026074866727742445
Geo-Marine Tourism Development for Luxury Yacht Tourist Markets: Indonesia’s Post-COVID Recovery Strategy,2021,"Luxury Yachting: Perspectives on Tourism, Practice and Context",Book chapter,1,0,0.036194908496001356,0.0022792562309526337
Women's Knowledge Empowerment and Elimination of Implicit Gender Discrimination in Chinese Rural Tourism Entrepreneurship,2026,International Journal of Tourism Research,Article,1,6,0.3207056796051873,0.10756887302941923
"Tourism, coworking spaces, and knowledge services: urban-rural co-agglomeration as local innovation proxy",2026,Tourism Geographies,Article,1,0,0.0626321435916848,0.009991115328655244
Exploring accommodation cluster and tourism development based on GPS positioning and GIS analysis,2020,Destination Management and Marketing: Breakthroughs in Research and Practice,Book chapter,1,0,0.05371599501182766,0.003078077295869282
"The role of nature sports guides to sustainable local development: A case study in the Coimbra Region, Portugal",2020,Handbook of Research on Human Capital and People Management in the Tourism Industry,Book chapter,1,1,0.11598385339529053,0.014204540530661062
Cultural Context Analysis of Case Study Research,2017,"Tourism, Hospitality and Event Management",Book chapter,1,4,0.06157158358543158,0.005337073038018808
Medical Evidence of Alpine Natural Resources as a Base for Health Tourism,2023,SpringerBriefs in Applied Sciences and Technology,Book chapter,1,7,0.03645730347343141,0.0023216942721821726
Models of cultural tourism development in peripheral territories. Insights from the In Luce funding program; [Promoting the cultural and tourist development of peripheral territories: insights from the “In Luce” funding program],2024,Capitale Culturale,Article,1,4,0.13521233826387474,0.019456927190747878
Big data policy and urban tourism development: a catalyst or a hindrance?,2026,Current Issues in Tourism,Article,1,5,0.08784814009783186,0.00973792134035133
"Developing Nature-Based Tourist Villages in Boyolali, Indonesia",2024,International Journal of Sustainable Development and Planning,Article,1,2,0.06667718017347966,0.006529836903411664
"Fostering Collaborative Cross-Border Regions Relationships With Tourists, Residents, and Stakeholders Concerning SDG 17",2025,Cross-Border Regions Cooperation and Implications for Organizations,Book chapter,1,7,0.11609860734380134,0.018700571318145273
A Novel Framework for Reimagining Agricultural Heritage Tourism: Ancient Irrigation Systems in South Asia,2026,Land,Article,1,4,0.1386851538780335,0.019277717546859186
"AI, Precision Agriculture and Tourism for Sustainable Regional Development: The Case of the Aegean Islands and Crete, Greece",2026,Sustainability (Switzerland),Article,1,7,0.09282311992475349,0.010912467273008585
Association of tourism sector with sustainable development and its drivers,2025,Open Innovation and Technology in Tourism and Hospitality,Book chapter,1,7,0.19320177304236874,0.03849835478625746
Process innovations in tourist companies,2018,International Journal for Quality Research,Article,1,0,0.062422407501898675,0.003896556958333096
Open Innovation in Tourism,2025,International Encyclopedia of Business Management,Book chapter,1,0,0.0785522165864351,0.006988271220800893
"Exploring the lord's propitiatory food mahaprasad: A catalyst for gastronomy tourism development in jagannath temple region Puri, Odisha, India",2024,Global Sustainable Practices in Gastronomic Tourism,Book chapter,1,4,0.07453071998879571,0.008236039918704391
"Conclusion: Tourism, Digitalisation, and Sustainable Development",2025,Tourism and Hospitality for Sustainable Development: Volume One: Technological Innovations and Development Realities,Book chapter,1,7,0.05827980412174062,0.007142595055540525
Tourism Innovation: Theoretical and Empirical Review,2017,Springer Proceedings in Business and Economics,Conference paper,1,0,0.10488313637843147,0.011930304272705129
Rural tourism and supply chain: Features and components and the contribution towards sustainable development goals in the indian context,2023,Implementing Sustainable Development Goals in the Service Sector,Book chapter,1,3,0.21405253055923637,0.05452125322913375
Mega sport events as drivers of entrepreneurship: bridging the gap between economics and psychology,2023,International Journal of Entrepreneurship and Small Business,Article,1,1,0.14085632842234966,0.02261820550976636
Religious Tourism and Local Development: Case Study of Samos Island,2025,"Tourism, Hospitality and Event Management",Book chapter,1,2,0.02761254072505498,0.001970720604166522
Frameworks for tourism as a development strategy,2015,Reframing Sustainable Tourism,Book chapter,1,2,0.09385969720706762,0.011812495468636075
SUSTAINABLE TOURISM DEVELOPMENT IN INDUSTRIAL AREAS,2024,"Advances in the Study of Entrepreneurship, Innovation, and Economic Growth",Book chapter,1,7,0.0953610675690873,0.010537906852317595
"One of the first rock art sites discovered and now protected in Morocco: The case of Azrou Iklane (Assa Region, Morocco)",2019,UNESCO Global Geoparks: Tension Between Territorial Development and Heritage Enhancement,Book chapter,1,4,0.1492542692040991,0.02239915545223038
Unveiling the Social Sustainability of Sport Tourism: Qatar’s Journey as Host of the 2022 FIFA World Cup,2025,Gulf Studies,Book chapter,1,1,0.1338921230669579,0.01913183881164539
Sustainable Tourism Development through Knowledge Transfer,2016,"Tourism Management, Marketing, and Development: Performance, Strategies, and Sustainability",Book chapter,1,0,0.09565433747050293,0.009787022675368346
Digital twin,2024,"Encyclopedia of Sport Management, Second Edition",Book chapter,1,1,0.13475127805720952,0.0353102422288077
Tourism as a women's empowerment tool: The interrelated factors and issues,2023,Women's Empowerment Within the Tourism Industry,Book chapter,1,6,0.4079647162717564,0.16645065399642597
Agrotourism and well-being sustainability: A communication approach to 'what matters and better life',2017,Rivista di Studi sulla Sostenibilita,Review,1,7,0.10146218491655448,0.013423310436145494
Destination management organisations as the outcome of institutional innovations in the tourism sector,2018,Forum Scientiae Oeconomia,Article,1,0,0.09769454824089709,0.009544224755992968
A Review of the Role of Digital Innovation in Sport Management,2024,Frontiers in Artificial Intelligence and Applications,Conference paper,1,1,0.142115690818478,0.03399072524259585
Research on Transformation and Upgrading of Sports Industry in Wuhan Economic and Technological Development Zone under Low Carbon Concept,2021,E3S Web of Conferences,Conference paper,1,1,0.18769267809804074,0.03626174564098727
Educating of Entrepreneurship Competence in Pre-university Education System: An Effective Way for Tourism Development and Innovation,2019,Springer Proceedings in Business and Economics,Conference paper,1,6,0.05591802227409819,0.0037448900962019117
Degrowing the Commoditization Process in Community-based Tourism and Local Entrepreneurship,2021,Issues and Cases of Degrowth in Tourism,Book chapter,1,2,0.10569372177868423,0.012177349076001601
"Partnerships in archaeotourism: The future of Cueva Borbón, Dominican Republic",2012,Chungara,Article,1,2,0.053654450223679886,0.005277724056190767
Creative tourism development and innovation in Kenya: An entrepreneurship perspective,2021,Creative Tourism: Activating Cultural Resources and Engaging Creative Travellers,Book chapter,1,0,0.030528028200898717,0.0016540739657136421
Development of tourism in a coastal gmina in terms of objective data and the inhabitants’ opinions: The example of the gmina of krokowa,2014,Turyzm/Tourism,Article,1,0,0.029981899895234816,0.0012551051920044346
The Relationship Between Motivation and Destination Characteristics as Drivers of Tourism Entrepreneurship: Insights from the Central Region of Portugal,2024,International Studies in Entrepreneurship,Book chapter,1,0,0.09416433198968993,0.01133281848598384
GUESTHOUSES AS CATALYSTS FOR RESPONSIBLE TOURIST BEHAVIOR AND DESTINATION SUSTAINABILITY,2025,Geojournal of Tourism and Geosites,Article,0,7,0.10117671712417171,0.015521142883466997
ENGLISH LANGUAGE AND SOCIAL LIFE INNOVATIONS (2010-2021),2023,Visnyk Universitetu Imeni Alfreda Nobelya. Seriya: Filologichni Nauki,Article,0,0,0.06096291150404599,0.006101412297296964
Digitally constructed gastronomy routes: a stakeholder-based qualitative exploration across Türkiye,2026,Worldwide Hospitality and Tourism Themes,Article,0,5,0.034855252571712333,0.004079282896184278
"Green innovation strategies in ecotourism: the role of knowledge sharing, digital adoption, and government policies on sustainable financial performance",2026,VINE Journal of Information and Knowledge Management Systems,Article,0,7,0.1064382235236483,0.019605866836924234
Spatial Spillover Effects of Village Planning on Rural Tourism Resource Development: Evidence from Hainan Province; [村庄规划对乡村旅游资源开发的空间溢出效应 ——以海南省为例],2026,Tropical Geography,Article,0,3,0.18147361020622021,0.03405099415325816
Sustainable Development Using Deep Learning and Big Data Analysis: Innovative Development of Music Events and Cultural Tourism,2025,Journal of Information Science and Engineering,Article,0,4,0.05832902226063255,0.0055895330033515
Sustaining mangrove-based silvofishery to support coastal landscape resilience and explore ecotourism potential,2026,Global Journal of Environmental Science and Management,Article,0,7,0.10956343284710243,0.013097304357772909
Indigenous Entrepreneurship and Communityfocused Rural Tourism: A Case Evident from Tadom Hill Resorts' Development with the Orang Asli Community,2026,Entrepreneurship for Rural Tourism Growth: New Perspectives and Future Directions,Book chapter,0,2,0.1560761170798862,0.040154866231051314
Potential for Tourism Based on Sustainable Livelihood in the Ngarai Sianok Geopark Area,2025,"Studies in Systems, Decision and Control",Book chapter,0,7,0.11807994686792475,0.022355148857868476
Harnessing Big Data Analytics for Sustainable Innovation in Green Guesthouses,2026,Springer Proceedings in Business and Economics,Conference paper,0,7,0.11684924496670837,0.016380956853000055
Empowering Community Entrepreneurs in Rural Tourism through Digital Marketing in Bangladesh,2026,Responsible Rural Tourism: Multidimensional Aspects of Tourism-Based Growth and Development in Rural Areas,Book chapter,0,3,0.20997835139720802,0.05809692106913175
Marina Business in Relation to Development,2022,Pomorstvo,Article,0,0,0.037762920156607566,0.001486246228800761
PROBLEMS AND PROSPECTS FOR INNOVATION-DRIVEN DEVELOPMENT OF THE TOURISM INDUSTRY IN UKRAINE; [ПРОБЛЕМИ ТА ПЕРСПЕКТИВИ ІННОВАЦІЙНОГО РОЗВИТКУ ТУРИСТИЧНОЇ ГАЛУЗІ В УКРАЇНІ],2022,Science and Innovation,Article,0,0,0.06594685952262469,0.005678390464181977
Thermodynamic Modeling and Energy Efficiency Optimization of Energy Systems in Tourist Attractions,2025,International Journal of Heat and Technology,Article,0,7,0.07751405913129229,0.0064770584232838905
Territorial Edge Computing Enabling Green Tourism and Green Development of CIPP Model Analytics,2023,EAI Endorsed Transactions on Energy Web,Article,0,7,0.08957733396010563,0.009350697165301658
Conclusion,2016,Palgrave Studies in the History of the Media,Book chapter,0,1,0.1946372433579937,0.038219973482915136
Football tourism legacies of mega-events: a systematic literature review on sustainable development goals,2026,Journal of Sport and Tourism,Review,0,7,0.13071807014387174,0.01915736346531484
FACTORS INFLUENCING THE USE OF MODERN MANAGEMENT METHODS IN TOURISM ORGANIZATIONS,2025,Geojournal of Tourism and Geosites,Article,0,0,0.06313950893918731,0.004461737402566066
Rethinking Agritourism Marketing in Africa: A Look Through the Lens of Artificial Intelligence,2025,Agritourism Marketing in Africa: Exploring Digital and Social Media Strategy,Book chapter,0,7,0.06722489910844826,0.008166069650781715
Ensuring the Competitiveness of Coastal Regions Through the Development of the Tourism Business,2026,Lecture Notes on Data Engineering and Communications Technologies,Book chapter,0,0,0.07879927193591217,0.007957879122552757
"Leveraging gastronomy tourism in selected districts of Masvingo Province, Zimbabwe",2026,SN Social Sciences,Article,0,4,0.046376114503247724,0.004317009492861737
RESIDENT COMMUNITIES AND PERCEPTION OF TOURISM SUSTAINABILITY IN SUN AND BEACH DESTINATIONS: AN EMPIRICAL ANALYSIS IN THE PROVINCE OF MANABÍ (ECUADOR); [COMUNIDADES RESIDENTES E PERCEÇÃO DA SUSTENTABILIDADE DO TURISMO EM DESTINOS DE SOL E PRAIA: UMA ANÁLISE EMPÍRICA NA PROVÍNCIA DE MANABÍ (EQUADOR)]; [COMUNIDADES RESIDENTES Y PERCEPCIÓN DE LA SOSTENIBILIDAD DEL TURISMO EN DESTINOS DE SOL Y PLAYA: UN ANÁLISIS EMPÍRICO EN LA PROVINCIA DE MANABÍ (ECUADOR)],2024,Revista de Gestao Social e Ambiental,Article,0,7,0.11071069711555674,0.016043132239437794
Tourism start-ups and youth innovations: the new wave of entrepreneurs in Kazakhstan,2026,Worldwide Hospitality and Tourism Themes,Article,0,5,0.08267566384124417,0.012735028728422621
Effects of perceived tourism benefits on residents’ ecological conservation behaviors in national parks: A case study of Shennongjia National Park; [旅游利益感知对国家公园社区居民生态保护行为的影响——以神农架国家公园为例],2026,Resources Science,Article,0,2,0.07650313755362918,0.0078017218789906565
Drivers and dynamic mechanisms of sports tourism integration in cross-border regions: Evidence from the Guangdong-Hong Kong-Macao Greater Bay Area,2026,PLOS ONE,Article,0,1,0.062101558140195155,0.0101011273555966
"Toward a sustainable future: Exploring the interplay between social capital, entrepreneurial orientation, and sustainable rural tourism entrepreneurship",2026,Intangible Capital,Article,0,3,0.2538033514829248,0.07041743157257609
Towards sustainable agricultural systems: a TOE-based configurational analysis of sports-tourism-agriculture integration,2026,Frontiers in Sustainable Food Systems,Article,0,5,0.10145189663576579,0.01791937127339512
Economic Aspects of Sustainable Tourism in Ukraine and Worldwide: Problems and Opportunities,2025,Lecture Notes in Networks and Systems,Conference paper,0,7,0.23424807234677947,0.056855883605836904
Operationalising sustainable tourism at UNESCO World Heritage Sites: the Sustainability Prism 4.0 in Oman and Uzbekistan,2026,Journal of Cultural Heritage Management and Sustainable Development,Article,0,4,0.17918401252254443,0.04094668559363768
DIGITAL NOMADISM ASPECTS AT THE CURRENT TOURISM MARKET OF SLOVAKIA,2025,Geojournal of Tourism and Geosites,Article,0,5,0.14251088512428117,0.022766189901841965
From Digitization of Services to Formation of a Tourism Ecosystem in Russia,2025,Lecture Notes in Networks and Systems,Book chapter,0,5,0.13935629016650425,0.020877665759148085
Destination Play: A Phigital Model for Sustainable Tourism Development in Peripheral Areas,2026,Proceedings of the International Conference on Tourism Research,Conference paper,0,4,0.0764126894802097,0.01336383788840352
International Experience in the Development of Digital Tourism and Its Influence on Kazakhstan,2026,Montenegrin Journal of Economics,Article,0,5,0.2288696481063443,0.052838985746317006
Mapping the transformative impact of technology on experiential tourism: a systematic literature review,2025,Journal of Tourism Futures,Review,0,5,0.20308548636721074,0.04153305126040927
The Missing Link in Guesthouse Sustainability: Institutional Factors Beyond the Triple Bottom Line,2026,Journal of Intelligent Decision Making and Information Science,Article,0,7,0.1177706309209603,0.014704507771432026
THEORETICAL AND PRACTICAL MODELING INNOVATION AND TRENDS DEVELOPEMENT IN THE COMPETITIVENESS OF THE MARKET OF TOURIST SERVICES: REGIONAL ASPECT,2020,Technology Audit and Production Reserves,Article,0,0,0.08248422585506361,0.008015014350025627
"Solar-Powered IoT Water-Supply Robot for Sustainable Tourism Villages and Integrated Aquaculture in Wonosalam, Indonesia",2025,International Journal of Operations and Quantitative Management,Article,0,3,0.05299371702228727,0.005494516507949736
Logistics Service Centers as Drivers of Innovation and Competitiveness in Nautical Tourism Ports – Case Study of ACI Marina Šimuni,2025,Transactions on Maritime Science,Article,0,7,0.11064511515164499,0.013498349305927745
Smart Tourism Revolution: Harnessing AI-Driven Information Systems for Sustainable Cultural Heritage and Destination Innovation,2026,Springer Proceedings in Business and Economics,Conference paper,0,4,0.1818223870357952,0.06597729236822131
"TOURIST DESTINATIONS WITH ASYMMETRICAL LOCAL DEVELOPMENT: THE ‘INTEGRALLY PLANNED TOURIST CENTRES’ OF LOS CABOS AND LORETO, BAJA CALIFORNIA SUR (MEXICO); [DESTINOS TURÍSTICOS COM DESENVOLVIMENTO LOCAL ASSIMÉTRICO: OS “CENTROS TURÍSTICOS PLANEJADOS INTEGRALMENTE” DE LOS CABOS E LORETO, BAJA CALIFORNIA SUR (MÉXICO)]; [DESTINOS TURÍSTICOS CON DESARROLLO LOCAL ASIMÉTRICO: LOS ‘CENTROS TURÍSTICOS INTEGRALMENTE PLANIFICADOS’ DE LOS CABOS Y LORETO, BAJA CALIFORNIA SUR (MÉXICO)]",2024,Revista de Gestao Social e Ambiental,Article,0,0,0.05063822684863242,0.0033345850673760545
Geographical information systems as a modern tool for tourism development,2020,"International Multidisciplinary Scientific GeoConference Surveying Geology and Mining Ecology Management, SGEM",Conference paper,0,0,0.08838340597785264,0.009245498213241523
"YOUTH, ENTREPRENEURSHIP, AND TOURISM IN PERIPHERAL AREAS",2025,Piccola Impresa,Article,0,2,0.05246885022696925,0.007319441091193983
"Synergy of Artificial Intelligence and SDG 16: Peace, Justice and Strong Institutions for Sustainable Event Tourism",2025,Technological Innovation and AI for Sustainable Development in Events and Festivals,Book chapter,0,5,0.08752303360101805,0.017958475777091157
A survey on big data and machine learning in tourism and economic development,2026,Multidisciplinary Science Journal,Article,0,5,0.05943637227195039,0.008401398586036949
Rural Tourism and Ecosystem Recovery in the Yangtze River Delta: Spatial Coupling and Influencing Factors,2026,Sustainability (Switzerland),Article,0,3,0.2065247305492024,0.04570844352847884
From Tin Mining to Green Tourism—Sungai Lembing's Inspiring Ecological Transformation,2025,Corporate Social Responsibility and Environmental Management,Article,0,7,0.113235118925026,0.015147189233575485
"Examination of the Connotations, Model Construction, and Pathways for Spatial Production for Winter Tourism in Ethnic Villages; [民族村寨冰雪旅游空间生产内涵、模式构建及路径研究]",2026,Journal of Resources and Ecology,Article,0,4,0.04555718090442617,0.0042679405321444045
How Data Trading Platforms Empower New Forms of Digital Tourism in China: A Causal Inference Based on Double/Debiased Machine Learning,2026,Sustainability (Switzerland),Article,0,5,0.11900190058746411,0.015173732171959076
Potential for Innovation in Polish Regions in the Context of Smart Tourism,2026,Springer Proceedings in Business and Economics,Conference paper,0,0,0.07170170527193703,0.00892485181160651
Assessment of the Impact of Green Sports Policies on Waste Management Performance in Sports Events: A Case Study of China,2026,Journal of Solid Waste Technology and Management,Article,0,1,0.15249527952278913,0.035597846621764594
Knowledge evolution and future directions of sustainable tourism research: Evidence from R-based bibliometric analysis,2026,Multidisciplinary Reviews,Article,0,7,0.16624819027977425,0.039704861149718364
Assessment of Sustainable Management Actions for Underwater Cultural and Natural Heritage Sites,2024,"Advances in Science, Technology and Innovation",Conference paper,0,4,0.1173602342702507,0.017764500751297912
"Wildflowers valorise sustainable agriculture, local cultural identity, and territorial development",2023,Acta Horticulturae,Conference paper,0,3,0.08330485926019775,0.01388927944522575
Analysis of tourism behaviors: A study of hotel units in Portugal,2024,Examining Tourist Behaviors and Community Involvement in Destination Rejuvenation,Book chapter,0,0,0.06482671573022258,0.007290881137544848
From Fire to Light: Technological Innovation and Sustainability in Christmas Celebrations of Domestic Regenerative Tourism; [Do Fogo à Luz: Inovação Tecnológica e Sustentabilidade nas Celebrações Natalinas do Turismo Regenerativo Doméstico],2026,Revista Portuguesa de Estudos Regionais,Article,0,7,0.1538401161496945,0.029037765033246687
"Sustainable Water Management in the ITDC Nusa Dua Area, Bali: Strategies, Impacts, and Hotel Awareness Levels",2025,IOP Conference Series: Earth and Environmental Science,Conference paper,0,7,0.08895092206353578,0.008600807265368717
Spatial Heterogeneity in Carbon Footprint from Belt and Road Investments Assessed Through a Cross-Sectional Autoregressive Distributed Lag Model,2025,Journal of Visualized Experiments,Article,0,7,0.11417423724774418,0.01320815672479337
Evaluating Social Impact in Thailand’s Responsible Tourism Community,2025,IOP Conference Series: Earth and Environmental Science,Conference paper,0,2,0.0879323853228926,0.012437422396573864
The role of sports tourism in promoting talent cultivation in the tourism industry with research on the construction of evaluation models based on deep learning,2026,Journal of Big Data,Article,0,1,0.08495682633615144,0.00841758594529363
THE IMPACT OF TOURISM ON ECONOMIC STABILITY: ADAPTIVE BUSINESS APPROACHES IN AN UNSTABLE ENVIRONMENT,2026,Geojournal of Tourism and Geosites,Article,0,0,0.06378887534530678,0.007762463545605922
Cultural Vitality and Community-Based Tourism Development: Evidence from Peripheral Areas in Greece,2025,"Advances in Science, Technology and Innovation",Conference paper,0,2,0.17128978245512178,0.04413451163985921
The orchestrator and its role in the birth and development of a niche-tourism ecosystem,2024,Sinergie,Article,0,0,0.04905885298165093,0.003824998717635761
Optimization of Tourism Destination Road Network Layout Based on MCR and Circuit Theory Model,2026,"Journal of Engineering, Project, and Production Management",Article,0,7,0.049323844004453006,0.004111838883534561
The impact of smart city construction on urban tourism ecological resilience: A quasi-natural experiment from China's smart city pilot policy,2026,Sustainable Cities and Society,Article,0,5,0.10820867790854019,0.01659376176840752
THE ROLE OF ENTREPRENEURSHIP AND INNOVATION IN SUSTAINABLE TOURISM DEVELOPMENT,2026,Geojournal of Tourism and Geosites,Article,0,7,0.1564570072795409,0.029963550096517313
Smart tourism and Hospitality 4.0 in Kazakhstan: a systematic review and Smart–Creative Integration Framework,2026,Worldwide Hospitality and Tourism Themes,Review,0,5,0.2184600598676798,0.049102698294844864
Exploring the Knowledge Domain of Halal Tourism: A Bibliometric Analysis of Scopus-indexed Publications,2026,International Research Journal of Multidisciplinary Scope,Article,0,0,0.036372027147378416,0.0035560922084906534
"Innovation, digitalization, and sustainability as drivers of performance in tourism MSMEs: A multigroup evidence from the Pacific Alliance",2025,"Journal of Entrepreneurship, Management and Innovation",Article,0,0,0.04691087332237991,0.003842065594163735
"A Sustainable Local-Culture-Based Design Innovation Model for Tourism Facilities in Volcanic Landscapes: Evidence from Kintamani, Bali",2026,Civil Engineering and Architecture,Article,0,7,0.0699501514424688,0.010927865933319446
Township Tourism Marketing in South Africa: Challenges and Opportunities,2026,Proceedings of the International Conference on Tourism Research,Conference paper,0,0,0.03764387641463708,0.0021058345439067643
Sustainable Development of the Tourism Business in Rural Areas of Kyrgyzstan: Trends and Priorities in the Use of Climate-“Smart” Technologies,2026,Climate Change Management,Book chapter,0,3,0.1480178274150663,0.02987163955968332
Understanding the influence of wine tourism on digital green technology orientation and the role of internal organizational mechanisms,2026,Discover Sustainability,Article,0,5,0.11461929315883242,0.019118685192888635
Generative Design and Evaluation of Industrial Heritage for Tourism Development Based on Kansei Engineering-KANO Model-TOPSIS Method: The Case of Shanghai Libo Brewery,2026,Information (Switzerland),Article,0,4,0.15612972439061845,0.026112200351874365
"Apennines in Transitions: Between Tourism Monoculture, Depopulation and Emerging Community-Based Practices",2026,Revue de Geographie Alpine,Article,0,2,0.06091067178784934,0.005678193837763517
Disruption and symbiosis: Bidirectional interactions and spatiotemporal evolution in the synergistic integration of digital economy and tourism,2026,Journal of Destination Marketing and Management,Article,0,5,0.09013207089650077,0.010263383673505265
Exploring Bangladesh Through the Metaverse: Revolutionizing Sustainable Tourism With Immersive Virtual Experiences,2026,Human Behavior and Emerging Technologies,Article,0,5,0.14698204076975419,0.03059194562741726
Scientific Mapping of Gender in Sustainable Tourism Research: A Bibliometric Approach,2025,Navigating Gender Identity in India: Social and Cultural Perspectives on Gender Sustainability,Book chapter,0,7,0.1441111643824203,0.029208625831444915
"How is a regional wine destination constructed? Exploring storytelling through stakeholder narratives in Yoichi-Niki, Japan",2026,Tourism Management Perspectives,Article,0,0,0.050487437464246006,0.003505146269635304
Spatiotemporal dynamics of geotourism resilience: Machine learning methodologies and key insights,2026,International Journal of Geoheritage and Parks,Article,0,3,0.03233836968863725,0.0028314928420074157
Cultural Entrepreneurship in the “Shadow” of Vesuvius: A Comprehensive Analysis Within the National Park,2025,"International Journal of Politics, Culture and Society",Article,0,4,0.11680392817069889,0.02144141081324679
Sustainable tourism development in the digital era: Assessing the impact of competitive strategies and community participation,2026,European Journal of Sustainable Development Research,Article,0,5,0.15749577627081585,0.0345501122764741
Innovations in the Integration of Sport Events into the Organism of a Paris Metropolis,2024,Inzynieria Mineralna,Article,0,1,0.10103604946918615,0.011681145304576354
Sustainable Tourism Practices in Jordan’s Protected Areas: Carrying Capacity Strategies and Perspectives of Protected Area Managers,2025,"Advances in Science, Technology and Innovation",Conference paper,0,7,0.1646342311826081,0.02784636180926322
Strategies used by international sports federations in the field of technology,2026,Frontiers in Sports and Active Living,Article,0,1,0.1262158199518622,0.031804936901074
The Liberty Network in Varese Province: Strategies for Its Knowledge and Enhancement,2019,Lecture Notes in Civil Engineering,Book chapter,0,4,0.048051608033392014,0.006577161270244285
Tourism and coastal fisheries interaction: impacts and mechanism on social-ecological coastal ecosystems,2026,Frontiers in Marine Science,Review,0,7,0.07111321437366848,0.0060939390677847045
"Nature-Based Wellness Micro-Interventions as Experience-Based Service Innovation in Coastal Resorts: A Modified SERVPERF Study of Quality, Satisfaction, Added Value and Recommendation Intention",2026,Tourism and Hospitality,Article,0,0,0.05464154089555521,0.0035857783359505156
"Understanding and advancing sustainable tourism: a case study of tourism stakeholders in western province, Sri Lanka",2026,Applied Research in Business and Education,Book chapter,0,7,0.2468122620983953,0.061153184381617494
Conceptual Framework for Implementation of Green Tourism for Infrastructure Development in India,2025,Lecture Notes in Civil Engineering,Conference paper,0,7,0.11159798934834801,0.01649977745543322
The interplay between tourism and the quality of life in host communities,2026,Humanities and Social Sciences Communications,Article,0,2,0.09411485609443426,0.010441336112925397
Is tourism regulation catalyst for Abuja FCT Nigeria hotels business performance innovation?,2023,Contextualising African Studies: Challenges and the Way Forward,Book chapter,0,0,0.05132783448974243,0.0026666686078366587
"A Review of Studies of Small-Scale Sport Tourism in Rural Communities and Regions, with Focus on Leverage, and the Role the Organization of Small-Scale Sport Tourism Events Play in Business and Community Development in the Host Communities",2022,International Perspectives on Sport for Sustainable Development,Book chapter,0,1,0.20853472285437064,0.061066040483204166
Tourism Social Transformation: Improving Living Standards and Economic Development Through Stokvels in Rural Areas,2025,Sustainable Development Goals Series,Book chapter,0,3,0.09816523513151962,0.01289696477207675
The Synergistic Development and Influencing Factors of High-quality Development of Tourism and Common Prosperity; [旅游业高质量发展与共同富裕协同发展及影响因素研究],2025,Journal of Resources and Ecology,Article,0,0,0.029002160614901948,0.0013388551625890192
Research on the Revitalization of Cultural Tourism Spaces and AI Interactive Strategies in Traditional Settlements of Lingnan Water Towns Based on the Theory of Symbiosis,2026,Lecture Notes in Computer Science,Conference paper,0,4,0.08019689430521686,0.00816130145991356
"Tourism Sector Sustainable Development: Evidence from Kuakata, Bangladesh",2024,Green Management: A New Paradigm in the World of Business,Book chapter,0,2,0.16527549245942097,0.02837452204866752
Assessing the impact of inbound tourism on carbon emissions: Evidence from the Belt and Road Initiative countries,2025,Global Nest Journal,Article,0,7,0.09831873092329116,0.009970535112221334
Houseboat Tourism and Sustainable Development Goals: Integrating Local Community of Kumarakom,2023,Lecture Notes in Networks and Systems,Conference paper,0,7,0.09859605279939945,0.01724347314315799
"Heritage Assets, Cultural Significance, and Sustainable Community-Based Coastal Tourism: The Role of Authentic Experience",2026,International Journal of Sustainable Development and Planning,Article,0,4,0.15968525789352556,0.04417255578095247
Tourism education in Europe and the road to Net-Zero: Are universities doing enough?,2025,Journal of Cleaner Production,Article,0,7,0.11044212428764062,0.012691198148250128
TRIZ-based Study on Service Innovation of Certified Environmetal Education Facility; [以TRIZ 為基礎探討環境教育認證場所之服務創新],2022,International Journal of Systematic Innovation,Article,0,7,0.060894453061630785,0.00426073796153722
Fintech-driven sport event sponsorship: how commercial banks’ innovative marketing strategies shape destination branding and inclusive tourism,2026,Frontiers in Sports and Active Living,Review,0,1,0.11169616645719765,0.018370328816812484
Sports Tourism and Community Development: Exploring the Links and Sentiments,2024,Springer International Handbooks of Education,Book chapter,0,1,0.1645825155436135,0.03657373739585784
Evaluating transport service quality metrics in tourism: a technological innovation-driven approach,2026,Frontiers in Future Transportation,Article,0,5,0.16428457286068313,0.02953382794402402
Regenerating Khedival Cairo: tourism gentrification in the nexus of state-led regeneration and real estate entrepreneurship,2025,"Handbook on Tourism Gentrification: Concepts, Spaces, Features",Book chapter,0,4,0.09503285782514673,0.00989669613980301
Digital Technology for High-Quality Cultural-Tourism Development: Insights From Wuhan Residents’ Satisfaction With the Zhiyin Cultural-Tourism Area,2026,SAGE Open,Article,0,5,0.18867689055064166,0.047870032349910205
"Sustainable Tourism Development through a Comprehensive Approach: Evidence from Natural Attractions of Sunamganj, Bangladesh",2026,Responsible Rural Tourism: Multidimensional Aspects of Tourism-Based Growth and Development in Rural Areas,Book chapter,0,7,0.2045929948106834,0.05018709507257056
Media-Driven Tourism: Nigeria’s National Female Football League as a Catalyst,2025,Nsukka Journal of the Humanities,Article,0,6,0.089892080584996,0.00931124119931497
"Same well-being, different meanings? A generational analysis of psychological, physical, and relational well-being",2026,Cogent Psychology,Article,0,7,0.0650293650437732,0.00601025881519171
Evaluation of the Tourism Consumption Environment for Generation Z in China’s Major Tourist Cities,2026,Chinese Geographical Science,Article,0,5,0.06116200615151901,0.006044437882943579
INSTITUTIONAL CHALLENGES AND OPPORTUNITIES FOR TOURISM DEVELOPMENT: ARMENIA’S CASE,2026,Geojournal of Tourism and Geosites,Article,0,7,0.06605804559570166,0.007475271732765666
Unveiling the digital pathways: exploring the key drivers behind travelers’ decision-making in smart tourism – a systematic literature review,2025,Journal of Hospitality and Tourism Insights,Review,0,5,0.2470291620321139,0.06122644269880335
Metaverse of Tourism and Problems of Digitalization in the Context of Sustainable Development of Regions,2025,Lecture Notes in Networks and Systems,Book chapter,0,5,0.20271191980366346,0.0417632780803978
The evolution of the entertainment sector in the metaverse: the case of sports event management,2026,Journal of Intellectual Capital,Article,0,1,0.1799703710436269,0.033249827289422176
The Impact of Websites on the Survival and Growth of the Tourism Industry in Pakistan,2026,"Studies in Systems, Decision and Control",Book chapter,0,0,0.050952828276904095,0.004462214609157307
The role of gastronomic identity in the development of sustainable gastronomy tourism: A PLS-SEM approach,2026,International Journal of Gastronomy and Food Science,Article,0,7,0.08595352855647874,0.011763839643435574
The Mediating Role of External Factors and Managerial Innovation Level on the Relationship of Emotional Intelligence and Human Capital Performance,2025,International Journal of Innovation and Technology Management,Article,0,0,0.026433626027867346,0.0019502375951201848
"Empirical Analysis of Co-Production Results of Tourism Development Components in the Innovation of Independent Tourism Village, Pulesari, Sleman, Yogyakarta.",2025,IOP Conference Series: Earth and Environmental Science,Conference paper,0,0,0.033209734491952345,0.0021324168332123986
Microbreweries as Entities Stimulating the Development of the Tourist Offer in the Visegrad Group Countries,2025,Cultural Management: Science and Education,Article,0,0,0.0520409630454063,0.003370875662398091
"Exploration of the Application of Society 5.0 Development Concept in Tamansari Tourism Village, Banyuwangi to Support Sustainable Tourism in Ijen Geopark",2025,IOP Conference Series: Earth and Environmental Science,Conference paper,0,7,0.10145552718421648,0.011411156061584767
How e-WOM shapes young tourists’ perceptions of heritage destinations: An extended UTAUT-3 approach,2026,"Journal of Open Innovation: Technology, Market, and Complexity",Article,0,4,0.09670902388087263,0.011716375528008287
"The role of digital technologies in the development of cultural heritage tourism, Sheikh Safi al-Din Khanegah and shrine ensemble – registered by UNESCO",2026,Journal of Hospitality and Tourism Technology,Article,0,4,0.23092385315964414,0.07971722639904585
Scholar-institutional entrepreneurs in rural tourism path innovation: the case of Azheke plan in China,2026,Journal of Rural Studies,Article,0,3,0.08841327207588572,0.011438509359355573
The Contribution of Rural Tourism to Rural Revitalization: A Sustainable Approach to Community Development,2026,Sustainable Development,Article,0,3,0.1791281047228842,0.04534594728608491
"DEVELOPING CREATIVE TOURISM ROUTES TO PROMOTE AGRICULTURAL TOURISM IN SAKHU SUBDISTRICT, THALANG DISTRICT, PHUKET PROVINCE, THAILAND",2025,Geojournal of Tourism and Geosites,Article,0,4,0.04260937918543189,0.005150204693080353
"Sport Tourism, Event Tourism, and Accessible Tourism Making Students Be Ready to Grab New Courses",2024,Springer International Handbooks of Education,Book chapter,0,1,0.2095544470690349,0.044374824244436326
Agritourism: A Bibliometric Insight into Sustainability and Rural Development,2025,International Journal of Sustainable Development and Planning,Article,0,3,0.16237377717958512,0.033624304217892656
Research on Data-Driven Public Service Innovation Practice of Rural Tourism Culture,2024,Applied Mathematics and Nonlinear Sciences,Article,0,3,0.2167945330372577,0.047520013342635545
Understanding the relationship between bicycle tourism and sustainable mobility at the destination level,2026,Sustainable Futures,Article,0,7,0.07188802864883558,0.005898027895646004
Developing craft communities in tourism villages: A systematic review of challenges and opportunities,2026,"African Journal of Hospitality, Tourism and Leisure",Article,0,2,0.10200473434134104,0.011636904203365906
Local perspectives on preferable tourism futures: insights from Finland and Japan,2025,Journal of Tourism Futures,Article,0,2,0.0964893091475247,0.017995658900971184
Culture-Led Regeneration Model for Built Heritage in Touristic Landscape,2024,Lecture Notes in Networks and Systems,Conference paper,0,4,0.10822843414697719,0.013221777440820882
Entrepreneurial Ecosystem in Crisis: Icelandic Tourism in Times of COVID-19,2024,Sustainable Development Goals Series,Book chapter,0,0,0.06138141411865928,0.0056542716428430615
Space Accommodation Operations: Maximizing Efficiency in Orbital Facilities,2025,Pioneering the New Space Economy through AI and Immersive Technologies: Economic Development and Tourism Opportunities in Space,Book chapter,0,5,0.03747007925087023,0.003267019070843704
Development of Entrepreneurship in the Tourism and Recreation Sphere: Marketing Research,2024,"Studies in Systems, Decision and Control",Book chapter,0,0,0.07681355952441436,0.007067611477884846
Investment and entrepreneurship opportunities in the Omani sports industry,2026,"Sport, Business and Management: An International Journal",Article,0,1,0.1293429646801152,0.019564297655132505
"Collaborative tourism entrepreneurship as a community resilience strategy: A case study of castara, tobago",2021,Managing Crises in Tourism: Resilience Strategies from the Caribbean,Book chapter,0,2,0.08091746666215303,0.013662130402302807
CONCEPTUALISING SUSTAINABLE TOURISM: The interplay of digital technologies and emotional dynamics,2026,"Services, Experiences, and Sustainability",Book chapter,0,5,0.21342342394502925,0.053108028003333266
A study of Factor Analysis Approach of Consumer Awareness and Perception of Online Services Offered by Haryana Tourism Corporation Towards Achieving Sustainable Development Goals,2026,International Journal of Computer Information Systems and Industrial Management Applications,Article,0,5,0.09122743557179168,0.01603212507729654
"Exploring the Coordinated Linkage of Climatic Environment Comfort, Urban Sprawl, and Quality of Innovation: Cases from 283 Cities in China",2026,Journal of Urban Planning and Development,Article,0,7,0.042464442847682866,0.0036640993347314297
KNOWLEDGE MAPPING OF CULTURAL IDENTITY PRESERVATION IN AGRITOURISM,2026,Scientific Culture,Article,0,4,0.21122259988908268,0.05542376383699159
"MEASUREMENT, TEMPORAL AND SPATIAL EVOLUTION OF TOURISM ECO-EFFICIENCY IN CHINA BASED ON DATA MINING",2025,Applied Ecology and Environmental Research,Article,0,7,0.11709895477428924,0.013987658649833324
Digital technologies as enablers of open innovation in sports tourism: mapping competing innovation narratives in Iran through Q methodology,2026,Tourism Recreation Research,Article,0,5,0.11320463808915174,0.017800006606547958
Digital Tourism: Legal Regulations and Economic Benefits for Sustainable Growth,2025,Digital Transformation in Tourism and Hospitality: Sustainable Management Strategies for Long-Term Excellence,Book chapter,0,5,0.170507967238128,0.03398940570310009
When Communities Become Infrastructure: A Human-Centered Perspective on Resilient Tourism Development,2026,Sustainability (Switzerland),Article,0,2,0.11880340235770576,0.024340329312284206
F-TransR: A sports event revenue prediction model integrating multi-modal and time-series data,2025,PLOS ONE,Article,0,1,0.1050348636893137,0.012007610107370387
The spatial dimensions of tourism’s energy footprint: comparing consumption patterns between tourist and non-tourist urban districts,2026,International Journal of Tourism Cities,Article,0,7,0.05785482921174243,0.005261464889008315
Industrialization and innovation strategy of event resources in ice and snow sports under the background of big data,2024,MCB Molecular and Cellular Biomechanics,Article,0,1,0.16998027768510135,0.029125240117803333
Prospects for Sustainable Tourism Product Diversification: The Creative Industries in Botswana,2022,"Smart Innovation, Systems and Technologies",Conference paper,0,0,0.04906252521427731,0.005842574333758746
Diverging development paths: Ecotourism vs. Mass tourism,2026,"Environment, Development and Sustainability",Article,0,2,0.0999276414928077,0.018197728456713025
Optimizing Sustainable Resource Integration in Cultural and Tourism Communities Considering Community Influence on Spatial Quality,2026,Sustainability (Switzerland),Article,0,4,0.14461425204587913,0.035363784275304844
Challenges and Opportunities in Rural Tourism Entrepreneurship,2026,Entrepreneurship for Rural Tourism Growth: New Perspectives and Future Directions (Part 2),Book chapter,0,3,0.24160557019822232,0.06308211613651368
A product service system design for fitness activities based on active ageing a proposal of fitness for xishan style council,2015,Lecture Notes in Computer Science (including subseries Lecture Notes in Artificial Intelligence and Lecture Notes in Bioinformatics),Conference paper,0,1,0.06513816084293203,0.005199152692479147
Developing a Sustainable Tourism Through Women Participation: The Role of Cultural Identity,2024,"African Journal of Hospitality, Tourism and Leisure",Article,0,6,0.379616776274587,0.14714731644996368
Three Decades of World Recreational Fishing Conferences: What Have We Learned About the Dynamics of Recreational Fisheries?,2025,Fisheries Management and Ecology,Article,0,7,0.038598022266302295,0.002849504990320195
"Social Entrepreneurship and Community Development in Rural Tourism: Lessons from Community-driven Models in Xidi Ancient Village, Anhui Province, China",2026,Entrepreneurship for Rural Tourism Growth: New Perspectives and Future Directions,Book chapter,0,3,0.1586800415799053,0.046014300872358985
Heritage and Creative Tourism Development in Inhambane Municipality (Mozambique),2026,Community Development Through Craft Heritage and Creative Tourism: Prospects and Challenges,Book chapter,0,4,0.2238741404254222,0.051903075988126934
Leveraging Pro-Poor Tourism for Poverty Alleviation in the Eastern Highlands of Zimbabwe,2024,Pro-Poor Mountain Tourism,Book chapter,0,2,0.04390746494489755,0.0026313819025420905
"Sustainable Tourism Industry through Support System Area, Open Innovation and Organizational Performance: System Modelling Approach",2024,ACM International Conference Proceeding Series,Conference paper,0,7,0.12220885678090457,0.018092106594606562
Analyzing the Effects of Innovation on Tourists’ Destination Selection,2026,Springer Proceedings in Business and Economics,Conference paper,0,5,0.10019906485032898,0.01903635043414563
"Uncharted legal territories: harmonizing administrative law for space tourism in Saudi Arabia, Europe, and the United States",2025,Discover Space,Article,0,0,0.030685713916279254,0.0019137526026029728
Effect of Digital Economy on Green Innovation Efficiency of the Chinese Tourism and the Mechanism,2025,Journal of Resources and Ecology,Article,0,5,0.13847002237449227,0.021136890453689945
COMPARATIVE EVALUATION OF TOURISM ATTRACTIVENESS USING MONTE CARLO SIMULATION AND CROWDSOURCED DATA. CASE STUDY FOR SEVERAL TRANSYLVANIAN CITIES,2025,Geographia Technica,Article,0,0,0.040922582669295327,0.0043645078577816705
Exploring the High-Quality Development of Smart City Tourism in the Information Age,2024,Applied Mathematics and Nonlinear Sciences,Article,0,5,0.08023807103352394,0.007034578815463786
Navigating Challenges: The Role of Psychological Ownership in Tourism Entrepreneurship Intentions Among Rural Youth,2026,Responsible Rural Tourism: Multidimensional Aspects of Tourism-Based Growth and Development in Rural Areas,Book chapter,0,3,0.1434459676542783,0.03483894569555022
Namibia's Damara culture center: a case study,2011,Emerald Emerging Markets Case Studies,Article,0,0,0.05490705227202262,0.0038333743087449203
Digitalization and Innovations in the Tourism Industry,2026,Integrated Systems: AI-Augmented Engineering,Book chapter,0,5,0.2343827437942144,0.05589415124998248
Challenges and opportunities to improve environmental sustainability in sport: systematic literature review,2025,Managing Sport and Leisure,Article,0,1,0.16478187689886784,0.044961375049216615
Visualization Mapping of the Socio-Technical Architecture based on Tongkonan Traditional House,2023,International Journal on Informatics Visualization,Article,0,4,0.052655509879116214,0.00503869010005234
Tourism and Mega Events for Local Development: The Ryder Cup Case Study in Rome,2024,Lecture Notes in Networks and Systems,Conference paper,0,1,0.10013905206270408,0.012166733530871178
Imagined Geographies of Sustainability: Rethinking Responsible Tourism Consumption Through the Utopias of Generation Z,2025,Sustainability (Switzerland),Article,0,7,0.10815391404791114,0.012617727583215504
Spatial proximity to national 5A tourist attractions and corporate environmental governance: Evidence from China,2026,PLOS ONE,Article,0,7,0.10056557413759439,0.011141132644903616
Community-Driven Development: How Transformational Public Leadership Shapes Marine Tourism,2026,Tourism in Marine Environments,Article,0,2,0.12099742914145517,0.015003679850072884
Post-conflict revival of tourism: Sustainable models for communities and regions in Ukraine,2024,Multidisciplinary Reviews,Review,0,7,0.05080935406736159,0.006251800384444758
Community-Driven Events as Engines of Destination Regeneration: Lessons from Practitioners,2026,Springer Proceedings in Business and Economics,Conference paper,0,1,0.077015728697813,0.011578963681136013
Innovation and Sustainability in Chilean Tourism Cooperatives; [Innovación y Sostenibilidad en las Cooperativas de Turismo de Chile],2026,"Revista de Estudos Constitucionais, Hermeneutica e Teoria do Direito",Article,0,7,0.05635937324014086,0.00500128767702933
"Biophilic Urbanism for Sustainable and Resilient Neighborhood. The Case of Al Murabba, Riyadh",2025,Lecture Notes in Civil Engineering,Conference paper,0,7,0.05997335301603609,0.004481469649875539
A Two-stage hybrid SEM-ANN approach to assessing the impact of digital marketing platforms in the development of ecotourism behaviour,2025,Environment and Social Psychology,Article,0,5,0.08720249279227742,0.01765842927682824
Gender Mainstreaming and Dynamics of Women Participation in Tourism in African Rural Conservation Landscapes,2025,Sustainable Development Goals Series,Book chapter,0,6,0.31827061433592135,0.10223768211083642
The Role of Football Clubs as a Driver of Tourism Marketing Management and Local Development: A Preliminary Study in Minho (Portugal),2023,"Smart Innovation, Systems and Technologies",Conference paper,0,1,0.08949712792104585,0.009154469149015389
EVALUATION OF KNOWLEDGE MANAGEMENT IN RELIGIOUS TOURISM: A CASE STUDY IN SOME TOURISM COMPANIES IN KARBALA,2024,Journal of Modern Project Management,Article,0,0,0.03581951900645115,0.001520054095179924
Public-Private Partnerships for Sustainable Tourism: A Case Study of Vietnam's World's Best Tourism Villages,2026,"Reimagining Tourism Finance: Technology, Sustainability, and Global Innovation",Book chapter,0,7,0.0808114696128804,0.008470846597328729
"SUSTAINABLE COMMUNITY DEVELOPMENT AND ETHICS IN TOURISM: CASE STUDIES FROM DURRËS, VELIPOJA, AND VLORA, ALBANIA",2025,International Journal of Ecosystems and Ecology Science,Article,0,2,0.06671148255523576,0.009472398069963653
Introduction: Why a focus on Sustainable Development Goal (SDG) 12?,2025,"Responsible Consumption and Production in the Creative and Cultural Industries: Actions, Policies, and Strategies for a Sustainable Future",Book chapter,0,7,0.15159788357369774,0.024695186950647
Ecological innovations in the development of sustainable tourism,2024,BIO Web of Conferences,Conference paper,0,7,0.17419094342062943,0.03141202850372936
"Geoheritage, geotourism and Fibrex functional foods: A case study of Montenegro",2026,Open Geosciences,Article,0,7,0.0808016283669412,0.00852819744763301
"Potentials and Values of Major Religious Festivals for Sustainable Tourism Development in Guraghe Zone, Ethiopia",2025,Israel Journal of Ecology and Evolution,Article,0,4,0.07611809113985142,0.011209536163580384
Technology and Innovation in Marketing Strategies in Hospitality Industry,2026,Communications in Computer and Information Science,Conference paper,0,5,0.07351974736487883,0.009531871407798355
Sustainable Tourism Management in Uzbekistan Through Digital and Environmental Development of Transport and Logistics Infrastructure,2026,Lecture Notes in Intelligent Transportation and Infrastructure,Book chapter,0,7,0.1775446439959059,0.033629095890248116
Strengthening community interaction and sustainable tourism through digital marketing,2026,"African Journal of Hospitality, Tourism and Leisure",Article,0,5,0.19388472454947742,0.04674826265187414
Policy Regimes: An Absent Actor in Wine Business and Tourism Studies,2026,"Tourism, Hospitality and Event Management",Book chapter,0,0,0.08323962801985378,0.006981758040925059
The Contemporary Expansion of Tourism as Third “Tourism Revolution”?,2021,Geographies of Tourism and Global Change,Book chapter,0,0,0.029913164190595094,0.0017058606257511653
Empirical Analysis of Tourism Digitalization and MSME Innovation on Sustainable Tourism Through MSME Performance in Developing Regions,2026,International Journal of Sustainable Development and Planning,Article,0,7,0.07392092317175676,0.006243945994133266
A Spatial Decision Support System to Assess the Nature-Based Tourism Development Potential in the Centro Interior Region of Portugal,2025,"Smart Innovation, Systems and Technologies",Conference paper,0,2,0.052147311621336415,0.0071168292171787575
"Impacts of Events’ Tourism in Local Development: The Case of Águeda, Portugal",2023,"Smart Innovation, Systems and Technologies",Conference paper,0,1,0.10319513492253146,0.015242723754818747
Top 10 hot topics in the development of China’s cruise industry in 2018-2019,2020,Report on the Development of Cruise Industry in China (2019),Book chapter,0,0,0.018827391227478507,0.00046046735719183903
"Tourism enhancement of small historic centers in seismic areas: the case study of Popoli Terme (Pescara, Italy)",2026,Procedia Structural Integrity,Conference paper,0,4,0.10033861444057039,0.012072055491148453
STRATEGIC SUSTAINABILITY IN DESIGN-LED GEOSITES: ENHANCING HUMAN CAPITAL FOR TOURISM AND REGIONAL COMPETITIVENESS,2026,Geojournal of Tourism and Geosites,Article,0,7,0.1139677175392342,0.014532627414122957
"Entrepreneurial Characteristics of Managers of Forest and Plantation Based Rural Tourism Villages in Yogyakarta, Indonesia",2025,E3S Web of Conferences,Conference paper,0,3,0.06758839925492799,0.008664396864220091
BRIDGING GENDER GAPS IN TOURISM: EXPLORING WOMEN’S EMPOWERMENT AND ITS IMPACT ON SUSTAINABLE TOURISM DEVELOPMENT,2026,Geojournal of Tourism and Geosites,Article,0,6,0.3909217306284752,0.15971276304949564
"Generative AI for health-vulnerable tourists: Well-being, service innovation, and empowerment",2026,Journal of Destination Marketing and Management,Article,0,5,0.06586316683068043,0.007235967956354359
Innovative Strategies for Sustainable Tourism in the Mediterranean: Comparative Insights from four Transnational Projects,2026,Springer Proceedings in Business and Economics,Conference paper,0,7,0.14382037714193743,0.025137692650679166
The impact of sport events on the brand image of the country–focusing on mega-events: Signaling nation brand value through sport events in a comparative analysis of Hungarian and international cases,2026,Journal of Convention and Event Tourism,Article,0,1,0.13371337710065317,0.018633421706627337
"Artificial Intelligence Applications in Tourism: Innovations, Challenges and Opportunities",2026,Lecture Notes in Networks and Systems,Conference paper,0,5,0.11135433156225409,0.016534631268689832
"Differences in Tourism Ecological Resilience and Its Asymmetric Driving Mechanisms in the Chengdu-Chongqing Economic Circle, China",2025,Land,Article,0,7,0.05493585643735419,0.005135530073267167
DESTINATION MANAGEMENT AND PUBLIC-PRIVATE NETWORKS: THE CASE OF LAMBAYEQUE,2026,Geojournal of Tourism and Geosites,Article,0,0,0.06664937355480989,0.006914338228887715
Argentina and Its Approach to Environmental Quality in Tourism: From Hotels to Destinations,2010,Tourism Enterprises and Sustainable Development: International Perspectives on Responses to the Sustainability Agenda,Book chapter,0,0,0.07235935535331503,0.008300142545082637
Between authenticity and innovation: a multi-dimensional analysis of high-quality development of ethnic tourism and digital innovation,2026,Current Issues in Tourism,Article,0,5,0.06839531941252767,0.006512342194540536
THE TANGIBLE HERITAGE OF ANTIFASCISM IN SOUTHERN ISTRIA AS A BASIS OF THE MEMORIAL TOURISM DEVELOPMENT; [MATERIJALNA BAŠTINA ANTIFAŠIZMA U JUŽNOJ ISTRI KAO TEMELJ RAZVOJA MEMORIJALNOG TURIZMA],2023,Geoadria,Review,0,4,0.09311799806413654,0.009359050276876004
Acceptance of Digital Sports: A Study Showing the Rising Acceptance of Digital Health Activities Based on Deep Learning,2022,Journal of Commercial Biotechnology,Article,0,1,0.06366970573603782,0.007480020641895136
A Study on the Evaluation of the Effect of Theme Songs in Sports Events: The Construction of Index System,2024,Lecture Notes on Data Engineering and Communications Technologies,Book chapter,0,1,0.24263189021290388,0.05914732183375917
TTDI-based longitudinal assessment of COVID-19 disruptions in Thailand and Southeast Asian tourism,2026,Results in Engineering,Article,0,7,0.07185858323209794,0.00757476116424614
Sustainability Environmental and Ecotourism Development in Bangkalan: The Role of Academia in Quintuple Helix Collaboration,2026,IOP Conference Series: Earth and Environmental Science,Conference paper,0,7,0.0827129943897706,0.008601722764511266
TISM-based framework for understanding barriers to spa tourism development in India,2025,International Journal of Spa and Wellness,Article,0,0,0.03874789065057411,0.003227148775657081
"Research on Rural Zero-Carbon Sports Events Based on Remote Sensing Big Data and Carbon Footprint: Assessment with Evidence from the ""Village Super League""(Cun Chao) in Rongjiang County, Guizhou Province",2025,"Proceedings of 2025 5th International Symposium on Artificial Intelligence and Big Data, AIBDF 2025",Conference paper,0,1,0.09640795977663963,0.01390232644152796
Comparative review on the sports tourism research in Chinese and international journals: a bibliometric and content analysis,2025,Journal of Sport and Tourism,Article,0,1,0.1145286733281307,0.017779984408840745
Airbnb Hosts and Their Contribution to Sustainability Through Entrepreneurship and Consumption: Research Gaps and an Exploratory Study in Nordic Tourist Destinations,2024,Sustainable Development Goals Series,Book chapter,0,3,0.0961846289959671,0.010578463615314585
Why Education of Undergraduate Tourism Students Is a Key Factor for Climate Change Mitigation,2025,"Advances in Science, Technology and Innovation",Conference paper,0,7,0.07809369270286996,0.007093346453185661
Sustainability Practices in Lebanese Wineries and Their Impact on Tourism Development and Economic Growth,2026,Proceedings of the International Conference on Tourism Research,Conference paper,0,7,0.09742483092308532,0.012033196904962861
Sport Policy: Analysis of the Implementation of Sporting Events on Tourism in the City of Bandung,2025,Balneo and PRM Research Journal,Article,0,1,0.2538631424275758,0.06464447053824504
"The Impact of IoT, Community Engagement, and Social Media on Social Innovation in the Digital Era",2025,"Proceeding - 2025 4th International Conference on Creative Communication and Innovative Technology: Empowering Transformative MATURE LEADERSHIP: Harnessing Technological Advancement for Global Sustainability, ICCIT 2025",Conference paper,0,2,0.10101201822347514,0.017949773480824847
Artificial Intelligence and Gastronomic Tourism: A New Frontier for Culinary Experiences,2025,ETCM 2025 - 9th Ecuador Technical Chapters Meeting,Conference paper,0,5,0.09666834533983819,0.01057178504177031
Rural Roma cultural heritage-based tourism in Central and Eastern Europe,2026,Open Research Europe,Article,0,4,0.2180968023671796,0.04886151186827168
Sustaining Religious Tourism Economy from Below: Informality and Micro-Entrepreneurship in Indian Temple-Towns,2026,Tourism and Hospitality,Article,0,6,0.04649813853493593,0.004193174451498423
The Olympic Agenda 2020 as a Tool for Promoting Sustainable Development through Sports:Organisational Innovation at the Forefront?,2026,"Olympic and Paralympic Sport in Transition: Innovation, Sustainability, and Future Directions",Book chapter,0,1,0.08036909229086371,0.013104501241111392
Impact of digital trade on tourism carbon emission reduction in China under industrial agglomeration and low carbon pilot policies,2026,Scientific Reports,Article,0,7,0.10209641806179158,0.011978583863711248
Air Connectivity as a Driver of Destination Competitiveness: An Empirical Analysis of European Cities,2025,Studies in Business and Economics,Article,0,0,0.05708896676206826,0.003871090483717813
"Tourism Growth and Local (Sustainable) Development: The Role of Background Landscapes in Pre-crisis Attica, Greece",2025,Strategic Planning for Energy and the Environment,Article,0,7,0.07342720550272125,0.00847990068622985
Blockchain-based LocalToken for community empowerment in tourism,2026,Tourism Review,Article,0,2,0.0852119034770955,0.012797917745564276
Water based tourism planning in kerala context with focus on tourism circuit developments,2019,"Recent Advances in Materials, Mechanics and Management - Proceedings of the 3rd International Conference on Materials, Mechanics and Management, IMMM 2017",Conference paper,0,0,0.0674719176106369,0.005024058877535711
PERCEPTION OF A RECREATIONAL VOUCHER AS AN INNOVATION AND SUSTAINABLE TOOL OF TOURISM DEVELOPMENT,2023,Journal of the Geographical Institute Jovan Cvijic SASA,Article,0,7,0.04376161476583309,0.002536259626786378
Current State and Prospects of Development of Innovation Management System in the Sphere of Tourism,2026,Journal of Environmental Accounting and Management,Article,0,0,0.055192284017066516,0.005613527573954323
"Strengthening Institutional Capacity of the Hulun Hyang Farmer Group for Advancing the Edelweiss Flower Agroecosystem: a Case Study in Edelweiss Park, Bromo Tengger Semeru National Park, Indonesia",2024,Jurnal Presipitasi,Article,0,2,0.05321548079396979,0.0034523988419927266
Evolutionary process and mechanism of rural residents' tourism entrepreneurship: A community perspective,2026,Journal of Hospitality and Tourism Management,Article,0,3,0.14687113031113244,0.030122912357343143
Impacts of major sports events on air pollution in host cities: A case study of the Nanjing Youth Olympic games,2025,Urban Climate,Article,0,1,0.12460027083034309,0.01685395344828552
Inquiries into critical success factors in governing small tourism firm in sustainable rural economics,2020,IOP Conference Series: Earth and Environmental Science,Conference paper,0,0,0.047840049119017035,0.005191471175530114
Didactic principles from alternative sports: the voice of educators working in non-formal settings; [Principios Didácticos desde los deportes alternativos: la voz de educadores que trabajan en espacios no formales],2026,Sport TK,Article,0,1,0.13888322879422452,0.019657838533554645
Interactive Enhancement of Tourism Product Design Using Machine Vision and CAD Technology,2024,Computer-Aided Design and Applications,Article,0,5,0.07221936888427867,0.005535983501928204
Host cities and sport federations’ perceptions of a national bundled sport event–more than meets the eye,2025,Managing Sport and Leisure,Article,0,1,0.2644093865289777,0.06996678783032843
Strategies for Enhancing the Organizational and Economic Sustainability of Entrepreneurship in Tourist Regions,2025,The Role of Entrepreneurship in Resolving Modern Global Economic Problems: A Systemic Review,Book chapter,0,7,0.06856021887627721,0.008881341134039752
Complex impact assessment of coastal development in the United Arab Emirates using GIS: A case study of Wurayah Biosphere Reserve,2013,Arabian Journal of Geosciences,Article,0,7,0.07229266351938787,0.005892022876740483
DEVELOPING TOURISM IN RURAL AREAS OF WESTERN PARANÁ: POTENTIALS FOR IMPLEMENTATION; [DESENVOLVIMENTO DO TURISMO EM ESPAÇO RURAL NO OESTE DO PARANÁ: POTENCIALIDADES PARA IMPLEMENTAÇÃO],2025,Revista Brasileira de Gestao e Desenvolvimento Regional,Article,0,3,0.15201426928233946,0.02530068730205252
Conceptual Strategies for Managing Innovation Processes in the Life Cycle of the EU Tourism Industry,2026,Lecture Notes on Data Engineering and Communications Technologies,Book chapter,0,0,0.06404274080270916,0.004624789599372306
"Challenges and Opportunities in Heritage Conservation and Tourism Development: A Case Study of Jagdishpur (Formerly Islamnagar), Madhya Pradesh, India",2025,Journal of The Institution of Engineers (India): Series A,Article,0,4,0.2159308717693748,0.046900101973175026
"The role of infrastructure investment, tourism development, and technological innovation in decarbonizing the Belt and Road Initiative economies",2026,Energy Strategy Reviews,Review,0,7,0.10959725681319878,0.012307868965005431
Regenerative Heritage Tourism in Practice: A Framework for Cultural and Economic Revitalization in Historic Cairo,2026,Journal of Engineering Sciences,Article,0,4,0.1780709192665353,0.036749037302963125
"Challenges and Pathways for Sustainable Experiential Cultural Tourism Development: Stakeholder Perspectives on Chăm Heritage in Khánh Hoà Province, Vietnam",2026,"Tourism, Hospitality and Event Management",Book chapter,0,4,0.1473744488197096,0.02707854387149387
"The Diffused Hotel as an Innovative Form of Tourism Development (Case of the Sub-basin of the Gjanica River. Fier Region, Albania)",2023,Lecture Notes in Networks and Systems,Conference paper,0,0,0.06889300339598349,0.005230304169459722
Role of Impact Investing in Enhancing Sustainable Tourism Practices,2020,Building Sustainable Tourism Communities: A Blueprint for the Future,Book chapter,0,7,0.20532495668858053,0.04289396320665424
TECHNOLOGICAL INNOVATIONS IN TOURISM BASED ON CIRCULAR ECONOMY,2024,"International Conference on Business, Management and Economics Engineering Future-BME",Book chapter,0,7,0.12197528533379588,0.01811415429919426
Critical Success Factors for Sustainable Village Tourism Development: A Conceptual Framework,2026,"2026 ASU International Conference in Emerging Technologies for Sustainability and Intelligent Systems, ICETSIS 2026",Conference paper,0,7,0.1087093117924333,0.020000760989611607
THE IMPORTANCE OF REHABILITATING TOURISM INFRA-STRUCTURE FOR LOCAL DEVELOPMENT IN TIZI OUZOU,2025,Bulletin of the Serbian Geographical Society,Article,0,0,0.07457806449617796,0.007310666721651301
"Sustainable Tourism Development in Natura 2000 Sites: Ecotourism, Governance, and Local Empowerment",2026,Springer Proceedings in Business and Economics,Conference paper,0,7,0.16581465928591385,0.03243294416429734
Understanding how social entrepreneurship fit into the eco-tourism discourse,2023,Social Entrepreneurship and Social Innovation in Eco-Tourism,Book chapter,0,2,0.06633158796401348,0.010836210196253242
A Knowledge-Based Framework for Sustainable Tourism: Conceptualizing Innovation Capability and Open Innovation,2026,Lecture Notes in Educational Technology,Book chapter,0,7,0.14145479104128908,0.02323207907098254
"Technological Innovations for Developing Sustainable Ecotourism in High Mountain Region of Jamshedpur, Jharkhand: - A case study of Dalma Wildlife Sanctuary",2020,"ICRITO 2020 - IEEE 8th International Conference on Reliability, Infocom Technologies and Optimization (Trends and Future Directions)",Conference paper,0,7,0.07708029454889317,0.0067252301747698345
Exploring Value Creation Fields of Social Entrepreneurship Through Gastronomy Tourism in Destinations,2025,"Purpose-Driven Tourism: The Intersection of Cultural Cuisine, Gender Equality, and Sustainable Community Building",Book chapter,0,6,0.07031220248008867,0.01315309755757162
Tourism development: An economic recovery opportunity for câmpulung muscel depression,2012,Human Geographies,Article,0,0,0.06894792736701907,0.008188814382318535
Ecological sports tourism based on multi population evolutionary algorithm and entrepreneurship environment for sustainable development,2025,Scientific Reports,Article,0,1,0.10933934762914548,0.013920337716279606
Analysis of Knowledge Map on Rural Culture Tourism in China,2023,"Lecture Notes of the Institute for Computer Sciences, Social-Informatics and Telecommunications Engineering, LNICST",Conference paper,0,3,0.18535367674057163,0.051135924853887904
Cross-Domain Data Mining on Learning Outcomes in Mazu-Inspired Sports Events: Marathons and Blessing Runs,2026,"Proceedings of 2025 4th International Conference on Artificial Intelligence and Education, ICAIE 2025",Conference paper,0,1,0.16375587563978264,0.030694939221085817
Open Data Accessibility Mechanisms for Tourism Development in South Africa,2023,Communications in Computer and Information Science,Conference paper,0,0,0.0397527171342525,0.003636922344402968
Research on the present situation and countermeasures of Baijiu tourism development in Renhuai; [仁怀市白酒旅游开发现状及对策研究],2025,China Brewing,Article,0,0,0.06372417626426793,0.0060855789980527476
Perceptions of Residents of the North of Portugal on Traditional Gastronomy with a Generalized Q Analysis,2025,Revista Portuguesa de Estudos Regionais,Article,0,4,0.10374446653605196,0.011899949845916137
ETHNIC-BASED HERITAGIZATION AND INTERPRETATION OF PAST CULTURAL LEGACIES IN ETHIOPIA: ITS DISCOURSE AND IMPACTS,2025,"Dynamics of Heritage Management and Tourism Development: Trends, Practices, and Approaches",Book chapter,0,4,0.2144875451209635,0.04608017312595523
Cultural Sensitivity within Norwegian Sámi Tourism,2025,Arctic Anthropology,Article,0,4,0.062486058700320535,0.004379610174526972
"Negotiating collaboration in community-based tourism development: a study from Mangunan, Indonesia",2026,Asian Anthropology,Article,0,2,0.10079619243650317,0.011073420012492742
"Circularity and Regenerative Tourism as Key Instruments for Sustainability in the Rural Areas of Manabí, Ecuador",2026,Challenges in Sustainability,Article,0,3,0.11155412868283843,0.019081330435204776
Spatial Dynamics of Environmental Efficiency in Tourism: A Stochastic Frontier and Spatial Durbin Investigation,2025,Journal of Quality Assurance in Hospitality and Tourism,Article,0,7,0.1689851204348778,0.028800465991160887
Integrating Public Health Marketing in the Digital Age: Innovations and Impacts on Tourism Development,2026,Marketing Public Health in a Digital Age,Book chapter,0,5,0.1219100436799233,0.015483979717478578
Reaching the edge of the Arctic: tourism mobilities in rural Iceland,2025,Polar Geography,Article,0,3,0.07765663286461902,0.007617601637257516
"Broadcasting Sports Events in India: An Interplay of Artificial Intelligence, Engineering and Sports",2025,"2025 International Conference on Computational Engineering, Sensing Technology and Management, ICCETM 2025",Conference paper,0,1,0.15121303429386718,0.03072698591977998
"Degree and socio-demographic predictors of residents' willingness to participate in mountain tourism: The case of ado-awaye suspended Lake, Nigeria",2020,"African Journal of Hospitality, Tourism and Leisure",Article,0,2,0.04585811048696272,0.0031337791436710483
Perpetuation is the key to preservation: Encouraging local development and valuing indigenous culture as the sole bastion against Bagan’s museification,2018,"Indigenous Perspectives on Sacred Natural Sites: Culture, Governance and Conservation",Book chapter,0,2,0.0483092959477821,0.00497297414318104
Sustainable Development of Traditional Settlement Space of Thai People in Northwest Vietnam: A Case Study of Vang Pheo Village,2026,Civil Engineering and Architecture,Article,0,4,0.0715183394827173,0.009682712229659763
Modernising Italian hotel industry: the touring club Italiano and the Mostra delle Forniture Alberghiere in the interwar period (1922-1939),2026,Journal of Tourism History,Article,0,0,0.050579066795054396,0.002566844354662192
Data Analytics in Sport Science—Current Applications and Opportunities in an Unexplored Frontiers,2026,Lecture Notes in Bioengineering,Conference paper,0,1,0.18549181484122057,0.03569503927510344
LDA Theme Extraction and Emotional Tendency Research for High Quality Development Path Analysis of Cultural Tourism Integration,2024,"Proceedings of 2024 8th Asian Conference on Artificial Intelligence Technology, ACAIT 2024",Conference paper,0,4,0.05577617132420261,0.006037384344273634
"Ethnic Tourism: Challenges and Opportunities for Poverty Alleviation Based on Highlands of Lao Cai, Northwest Vietnam",2024,Pro-Poor Mountain Tourism,Book chapter,0,2,0.095608766945468,0.014351796470608733
Sustainable tourism and local development in Quang Nam Province: Policy analysis and strategic recommendations,2026,European Journal of Sustainable Development Research,Article,0,7,0.11260890214488634,0.01785200463271036
Understanding Generational Differences in Multiple Place Identities and the Visitor Economy: The Case of Migrants’ Descendants in China,2021,"Managing Events, Festivals and the Visitor Economy: Concepts, Collaborations and Cases",Book chapter,0,2,0.045932710318663326,0.0039101108933502216
"Revitalization of the Sanur Special Economic Zone (SEZ): Integrating Regional Planning, Sustainable Architecture, and Adaptive Interior Design for a Culturally-based Health Tourism Destination",2025,Journal of Regional and City Planning,Article,0,7,0.10909756645074051,0.01779599581401678
Knowledge in entrepreneurial intentions toward rural tourism of higher education students: The moderating role of tourism major,2026,Journal of Innovation and Knowledge,Article,0,3,0.1454646748447622,0.023127457679591373
Local development and cultural policies: measuring the economic impact of regional film commissions,2026,Annals of Regional Science,Article,0,0,0.04253189074008341,0.0020215016161717683
Analysis of Motion Vectors in Ultra-High-Speed Video for Basketball Game Video Frames,2025,"Proceedings of the International Conference on Multi-Agent Systems for Collaborative Intelligence, ICMSCI 2025",Conference paper,0,1,0.023829923326601717,0.001069175282465467
Women Entrepreneurs Sense-Making of Policy Supports in Context of Rural Tourism in Kazakhstan,2024,"Gender, Tourism Entrepreneurship and Social Policy",Book chapter,0,6,0.2282333280052887,0.06846947405823729
Educating for the Circular Economy: The Key Competencies of Future Tourism Professionals,2025,"Tourism, Hospitality and Event Management",Book chapter,0,7,0.05942940462801993,0.0037158887590829463
Kerala's Responsible Tourism Model: A Blueprint for Sustainable Rural Tourism Development Across Indian States,2026,Responsible Rural Tourism: Multidimensional Aspects of Tourism-Based Growth and Development in Rural Areas,Book chapter,0,7,0.14238141437191013,0.03837660545249476
Digital Innovation in MSMEs Through Pentahelix Collaboration for Tourism Development,2025,Lecture Notes in Networks and Systems,Conference paper,0,5,0.0797363068851654,0.009633731208596735
"Analysis of the Influence of Supporting Factors, Security, and Comfort in Tourism Development of Regional Development of Karo Regency Creative Economy-Based MSMEs in North Sumatera, Indonesia",2025,IOP Conference Series: Earth and Environmental Science,Conference paper,0,0,0.05444834292955692,0.0030475046600819604
"Tourism development and planning: The Case of Kalkan, Antalya, Turkey",2012,"Journal of Policy Research in Tourism, Leisure and Events",Article,0,0,0.039346800319076426,0.0031617578647950076
"The Economic Impact of the Accommodation Sector for Tourism Development in the Braj Region, India",2026,Spiritual Tourism and Landscape: Indigenous Technique and Holistic Insights,Book chapter,0,0,0.0516324949386788,0.0028084073539956468
Decoding Innovation Growth: An Explainable AI Analysis of How Mega Sport Events Transform Financial Landscapes and Sustainability Metrics,2025,Procedia Computer Science,Conference paper,0,1,0.15180343172934985,0.026902766928205955
Microentrepreneurial Resilience After a Tourism Crisis: A Case of Street Food Tourism in Thailand,2026,International Journal of Tourism Research,Article,0,7,0.05820457650032358,0.006425994182817167
Integration and Innovation Mechanisms of Intangible Cultural Heritage Protection and Tourism Development Under China's Rural Revitalisation Strategy: A Convergent Mixed-Methods Multi-Case Study,2026,Sustainable Development,Article,0,4,0.18297642787248206,0.0385385115532393
Study on Countermeasures for Protection of Dietary Intangible Cultural Heritage in Henan Province in the Context of Rural Revitalization,2024,Applied Mathematics and Nonlinear Sciences,Article,0,4,0.16785488124764433,0.045799072595226344
Montalto di Castro - Sustainable tourism as an opportunity for urban and environmental regeneration,2019,"Smart Innovation, Systems and Technologies",Conference paper,0,7,0.10485125680972086,0.013198713495342062
From Standardised Compliance to Sustainable Tourism Entrepreneurship,2026,Sustainability (Switzerland),Article,0,7,0.07949652496611494,0.00840900729064263
"Storytelling, or Telling the Story, Cultural Elements for Tourist Websites",2025,International Encyclopedia of Business Management,Book chapter,0,4,0.11328031691030033,0.016392832557347425
Ambidexterity: Green Innovation and Technology for Collaborative Dynamism in The Environment Preservation of The Tourism Village,2025,International Journal of Basic and Applied Sciences,Article,0,2,0.06213432337946229,0.009724196013953548
Smart Tourism Development: The Case of Halkidiki,2019,"Social Entrepreneurship: Concepts, Methodologies, Tools, and Applications: Volume 1-3",Book chapter,0,5,0.09534965002658316,0.012292378304512117
Conceptualism of rural tourism community well-being from a bottom-up spillover perspective: scale development and validation,2026,Asia Pacific Journal of Marketing and Logistics,Article,0,3,0.17073505585605572,0.037780757291896915
Kayak Boy: an entrepreneurial venture in a blue ocean industry,2024,Emerald Emerging Markets Case Studies,Article,0,6,0.05459495952209973,0.007033377317578588
Gastronomic Identity as a Basis for Gastronomic Tourism’s Development. An Exploration of Coastal Cuisine in El Salvador,2025,Lecture Notes in Networks and Systems,Conference paper,0,4,0.046656829805228915,0.0033428447023772065
The Application of Mixed Reality in Sports Event Broadcasting,2023,"2023 International Conference on Consumer Electronics - Taiwan, ICCE-Taiwan 2023 - Proceedings",Conference paper,0,1,0.17612835806337337,0.03108312163173299
"The role of digital innovation, local wisdom, and human resources in developing Gayo coffee educational tourism in Takengon, Indonesia",2025,International Journal of Advanced and Applied Sciences,Article,0,5,0.06590563907814967,0.005338382356292499
Residents' needs and perspectives on the European City of science: A study of Katowice,2025,Technological Forecasting and Social Change,Article,0,1,0.07018528579388807,0.007402774142344656
Tourism and empowering women through handicrafts: A literature review of publications from the middle east and south asia in tourism journals,2024,Examining Barriers and Building Resiliency for Rural Women Entrepreneurs,Book chapter,0,6,0.2725108335862934,0.0781485022764949
"Geo-ecological Values and Sustainable Geotourism Potential of the İğneada Floodplain Forests and Lagoon Lakes, NW Türkiye",2026,Geoheritage,Article,0,4,0.1596289402136556,0.03237062643379094
Research on spatial pattern evolution of cultural industry based on computer software analysis,2021,ACM International Conference Proceeding Series,Conference paper,0,4,0.08624354627959321,0.009257325155850713
Comparative Bibliometric Analysis of Smart Tourism Destination Research in China and Abroad,2025,International Journal of Sustainable Development and Planning,Article,0,5,0.1722718361603634,0.03248972144044108
The impact of environmental perception of the world heritage site on public attitudes: a case study of the West Lake Cultural Landscape of Hangzhou,2026,Frontiers in Psychology,Article,0,4,0.17481844403330443,0.03181693916897699
"Spatiotemporal Evolution and Pathway Identification of Cultural Tourism in the Yellow River Basin, China",2026,Land,Article,0,4,0.06753715319785342,0.0062186598477536464
"Tourism potential mapping using ethnographic approach: A case of Margomulyo, Kabupaten Bojonegoro",2017,Journal of Engineering and Applied Sciences,Article,0,0,0.03862130545945628,0.0031469557346314437
Research on Humanistic Sustainable Innovation Design of Daur Folklore Digital Experience Space,2026,"Proceeding of the International Conference on Intelligent Engineering and Next-Gen Healthcare Systems, IEHNS 2026",Conference paper,0,4,0.11330584013227339,0.024167358508352995
Artistic Interventions as Urban Planning Tools: A Systematic Review of Community-Based Cultural Tourism in Cities,2026,Urban Science,Review,0,4,0.15164441248102659,0.03183127638387741
"Need for innovation in tourism development of the landscape during the mature stage of the destination: Pie de la Cuesta, Acapulco, Mexico",2020,WIT Transactions on Ecology and the Environment,Article,0,0,0.058815785654370754,0.004441544778979449
Enhancing Volunteer Management Using Preference Matching Algorithm,2026,Lecture Notes in Bioengineering,Conference paper,0,1,0.07494679949765173,0.0057964385789983945
Development of Innovative Creative Storytelling through Community Participation Processes to Enhance Income and Promote Tourism in Cultural Attractions in Nakhon Nayok Province,2026,Highlights of Sustainability,Article,0,4,0.15374698064690526,0.028583141305968812
Tourism Entrepreneurship,2024,"The Wiley Blackwell Companion to Tourism, Second Edition",Book chapter,0,6,0.12241373070305935,0.01782478421617059
Digital Image Restoration Technology Driven Innovative Development of Longnan Horse Spoon Facial Mask Images,2025,"Proceedings - 2025 International Conference on Culture-Oriented Science and Technology, CoST 2025",Conference paper,0,4,0.13176211998457815,0.034363543252909204
EXPLORING THE IMPACT OF NEW TECHNOLOGIES ON SPORT TOURISM: A COMPREHENSIVE REVIEW,2025,Polish Journal of Sport and Tourism,Review,0,1,0.1480589899714617,0.030366381330599164
The impact of the Beijing winter olympics on green technology innovation: an analysis using the synthetic control method,2025,"Environment, Development and Sustainability",Article,0,7,0.06398099666581346,0.006696115490222542
A Bibliometric Analysis of Wine Tourism Using VOSviewer,2026,Springer Proceedings in Business and Economics,Conference paper,0,0,0.04110750833432101,0.0024845937167755736
Tourism development in the context of ecological transformation: the role of governments’ environmental protection attention,2026,Journal of Sustainable Tourism,Article,0,7,0.10939693746765214,0.012692924060402715
Based on Bibliometric Method Research on Visualisation Analysis and Development Trend of Cultural Tourism,2026,"Proceeding of the International Conference on Intelligent Engineering and Next-Gen Healthcare Systems, IEHNS 2026",Conference paper,0,4,0.10086482399120404,0.02164512459912402
Transformational atmospheres of international sporting events,2022,A Research Agenda for Event Impacts,Book chapter,0,1,0.14319268451500422,0.021183387289220996
Barriers to Wine Tourism Entrepreneurship: Institutional and Regional Challenges in a Post-Socialist Context,2026,Tourism Planning and Development,Article,0,3,0.11735888348589589,0.01912857017845225
"Emissions trading scheme, carbon price and tourism specialization",2026,Journal of Sustainable Tourism,Article,0,7,0.07533638519016125,0.007913393639091477
From Creativity to Wealth Creation: The Role of Innovation Processes in Nigerian Hospitality Firms,2026,Tourism and Hospitality,Article,0,0,0.06095160306216007,0.004958403035380695
Local development of small islands with intense specialisation in tourism: Cost and benefits in the framework of sustainable development,2006,WIT Transactions on Ecology and the Environment,Article,0,7,0.05814787786229398,0.006873527704227685
Exploring the impact of Triple Helix and innovation workshops on Uttarakhand's tourism industry,2024,International Journal of Tourism Policy,Article,0,0,0.08007575155167423,0.006575925637801167
"Enhancing Sustainable Tourism Industry Performance through Open Innovation, Innovation Capability, and Organizational Creativity in Indonesian Tourism Villages",2025,IEEE International Conference on Industrial Engineering and Engineering Management,Conference paper,0,7,0.12386222933453604,0.01718330466677094
Exploring the Role of Technology in Sustainable Tourism: A Bibliometric Perspective on Smart Tourism,2026,AIP Conference Proceedings,Conference paper,0,5,0.21013505965413506,0.04770751617360995
Quintuple helix model for tourism development in Banyuwangi regency,2021,IOP Conference Series: Earth and Environmental Science,Conference paper,0,0,0.04223008024327182,0.0023243597863978824
Valorization of Batana Salvorina in the development and brand identity of Umag; [Valorizacija Batane Salvorine u funkciji razvoja i prepoznatljivosti turizma grada Umaga],2015,Nase More,Article,0,0,0.05859419923593799,0.005661216244754266
Empowering Indigenous and Rural Women through Community-Based Sustainable Tourism Development: Building Resilient Communities,2026,"Agripreneurship, Digital Inclusion and Sustainability: Rural Innovation and Growth in the Global South",Book chapter,0,6,0.23979204957512673,0.07795138108457722
Dream or Opportunity? Urban–Rural Migration and Rural Tourism Entrepreneurship Through the Lens of Istanbul’s Tourism Workforce,2026,Sustainability (Switzerland),Article,0,3,0.24094647536047487,0.06108692202016363
Collective social entrepreneurship in rural tourism destinations: Perceiving the role of governments,2026,Journal of Rural Studies,Article,0,3,0.1511791423173415,0.02798466611164773
Research on Virtual Technology Systems for Tourism Development Based on Computer AI Visualization,2025,Proceedings of SPIE - The International Society for Optical Engineering,Conference paper,0,5,0.15423326038167048,0.023874014646931577
Geographies of Smart Tourism Development,2026,Smart Tourism and Destination Marketing,Book chapter,0,5,0.13646641508379576,0.019286189372202524
Social–Behavioral Determinants of Sustainable Community-Based Tourism Business Management: An Integrated Structural Equation Approach,2026,Tourism Planning and Development,Article,0,2,0.08147470195709725,0.009242135455455294
Communal Tourism Proposal in a Common Assets Wildlife Use and Management Unit of the Mixteca Poblana as a Sustainable Development Strategy,2018,World Sustainability Series,Book chapter,0,3,0.1303757394733077,0.02348196132545253
"Testing causal relationships of smart tourism destinationsdeterminants: An application to an emerging tourism region, Extremadura (Spain); [Análisis de las relaciones causales entre los determinantes de los destinos turísticosinteligentes: Una aplicación a una región turística emergente, Extremadura (España)]",2026,PASOS Revista de Turismo y Patrimonio Cultural,Article,0,5,0.09626705442341542,0.015985074501806654
Sustainable Tourism Development: Enhancing Economic Growth and Improving Living Standards,2025,"Advances in Science, Technology and Innovation",Book chapter,0,7,0.0738267452984828,0.008765359145366398
Theories and models on Thai tourism,2010,Japanese Journal of Human Geography,Article,0,0,0.0321651238967146,0.003119605837967037
Nature-Based Tourism in the Digital Era: A Conceptual Framework for Sustainable Digital Transformation,2026,Lecture Notes in Networks and Systems,Conference paper,0,5,0.21265228997124824,0.05727028155775608
Spatial Differentiation and Interaction Mechanisms of Red Tourism Resource Conversion Efficiency: Evidence from Hunan Province; [湖南省红色旅游资源转化效率的空间分异特征及其交互影响机制],2026,Journal of Resources and Ecology,Article,0,0,0.04758990031029138,0.002736514730447139
"Exploring Behavioral Intention Toward Sustainable Ecotourism Development among Local Residents Working in the Mekong Delta, Vietnam",2026,Geographica Pannonica,Article,0,7,0.0928153800461564,0.015482324807009465
Barriers and Success Factors of Tourism Entrepreneurship for Returned Migrant Workers—A Geographical Mobility Perspective,2026,International Journal of Tourism Research,Article,0,6,0.11057804437146845,0.012872841157393516
Charting the Uncertain Voyage Ahead: The Sustainability and Resiliency Challenges Confronting Africa’s Tourism Industry,2022,Sustainable Development in Post-Pandemic Africa: Effective Strategies for Resource Mobilization,Book chapter,0,0,0.046831600287599494,0.0036852548625980926
Eco-Innovation Technologies for Sustainable Tourism in Society 5.0: Integrating Human-Centric Digitalization and Green Transformation,2026,EAI/Springer Innovations in Communication and Computing,Conference paper,0,5,0.17158422135390672,0.041338430137502706
How to focus on the upgrading of cultural and tourism industry management policies ——A Chinese example of digitalization promoting sustainable development of of Hangzhou,2025,E3S Web of Conferences,Conference paper,0,5,0.14408643062166798,0.02330822525010409
Dynamics and tensions of innovation paths in the French tourism economy in the 20th century (1890–1980),2025,Tourism and Economic Development: Southern Europe through the 20th Century,Book chapter,0,0,0.06812329223246356,0.006036380402149948
Smart Tourism Development in the Peripheral Areas: The Opportunity of Startups,2024,Lecture Notes in Networks and Systems,Conference paper,0,5,0.09059867717279482,0.011107987613750557
Female entrepreneurship and women’s empowerment in tourism: Exploring the mediating role of creating shared value,2025,Tourism and Hospitality for Humanity: Moving Beyond Consumerism,Book chapter,0,6,0.3633992854966252,0.1320590406994577
Establishment and Application of Taekwondo Intelligent Learning and Skill Analysis Based on Sensor Technology in the Context of Big Data,2026,International Journal of Humanoid Robotics,Article,0,1,0.10661389241833162,0.01884426541422574
Research on the Mechanism of Empowering Technological Innovation and Driving Cultural Tourism Integration Through University Students’ Social Practice,2026,Sustainability (Switzerland),Article,0,4,0.10890179204459302,0.01691256174309017
The optimistic research of spatial form of Zhaohua ancient city in China,2012,Advanced Materials Research,Conference paper,0,4,0.03288813558539642,0.0021431345975884237
"Two Hours from the Unbelievable Island: Coastal Tourism in Two Local Communities in Suðuroy, Faroe Islands",2024,"Nordic Coastal Tourism: Sustainability, Trends, Practices, and Opportunities",Book chapter,0,2,0.04573825720072236,0.0029941381515576674
"Alternative tourism: A pathway for sustainability in the Cabo Pulmo National Park, Baja California Sur, Mexico: A SWOT analysis",2010,WIT Transactions on Ecology and the Environment,Article,0,7,0.08905060422978861,0.009932317773534413
Marketing Strategies for Integrating Urban Air Mobility into Sustainable Tourism,2025,Innovative Strategies in Aviation Management and Marketing,Book chapter,0,7,0.11168049436941807,0.014252588498455765
"Developing Organisational Agility to Overcome the Challenges of the COVID-19 Pandemic (Empirical studies on SME Tourism Industries in Jakarta, Indonesia)",2025,International Journal of Electronic Commerce Studies,Article,0,0,0.04985138815018553,0.0027745733377563617
Necessity is the Mother of Innovation—Crisis as a Catalyst for Line Extension in Sports Events,2026,International Journal of Tourism Research,Article,0,1,0.1230756800638655,0.016157776854712487
Tourism Development and Regional Economic Resilience: Nonlinear Effects under Regional Innovation System Conditions,2026,Tourism Planning and Development,Article,0,0,0.05347177544276954,0.0030787379759857976
Tourism Ecosystems New Challenges,2026,Lecture Notes in Computer Science,Conference paper,0,7,0.12714537304540055,0.017196784388724226
The Contribution of a Thematic Museum to Sustainable Tourism Development Case Study: Chios Mastiha Museum,2025,Multidimensional Perspectives and Approaches to Museum Sustainability,Book chapter,0,4,0.11366651529761203,0.018607711255434874
Stadium operations,2024,"Encyclopedia of Sport Management, Second Edition",Book chapter,0,1,0.10320580209618756,0.01110514146848345
Exploration of Big Data-Driven Rural Tourism Development and Intelligent System Architecture,2025,"2025 IEEE 3rd International Conference on Control, Electronics and Computer Technology, ICCECT 2025",Conference paper,0,3,0.15771252248958573,0.029636809876505875
Major Sports Events as Prospects for Green Innovation,2026,"Olympic and Paralympic Sport in Transition: Innovation, Sustainability, and Future Directions",Book chapter,0,1,0.2022035720126069,0.04274282649041567
MECHANISMS OF PUBLIC ADMINISTRATION OF THE SMALL AND MEDIUM-SIZED ENTERPRISES,2021,Public Policy and Administration,Article,0,0,0.054766608766286744,0.003311022505394543
Ranking the Development Potential of Alternative Tourism in Low-Density Territories: A PROMETHEE Approach,2025,Tourism Planning and Development,Article,0,0,0.045854433535737024,0.0026241411366884466
Coopetition Local Index (i-COOL): A Tool to Measure Coopetition Level at Tourism Destinations,2024,Value Proposition to Tourism Coopetition: Cases and Tools,Book chapter,0,0,0.0718683207705292,0.005388442452068445
"Artificial Intelligence for Sustainable Tourism and Heritage Management: Balancing Preservation, Innovation, and Global Accessibility",2026,AIP Conference Proceedings,Conference paper,0,4,0.1266203912315442,0.03277139582899555
Commissions,2024,"Encyclopedia of Sport Management, Second Edition",Book chapter,0,1,0.254200847763297,0.0661891086829806
Overtourism,2025,International Encyclopedia of Business Management,Book chapter,0,7,0.09286251030686316,0.009217408953089836
The Development of Health Tourism in Senegal’s Coastal Region,2023,"African Journal of Hospitality, Tourism and Leisure",Article,0,0,0.04100053036469884,0.0016846030171638732
Keep It Smart and Sustainable: A Bibliometric Analysis,2020,Springer Proceedings in Business and Economics,Conference paper,0,5,0.11178631536855017,0.025000753115851034
Understanding the dynamics shaping sports tourism ventures: a mixed method approach,2025,International Journal of Globalisation and Small Business,Article,0,1,0.14164400846930272,0.025314640631435004
Productive Structure and Territorial Development: Evidence from Smart Specialization in Chiquinquirá,2026,Sustainability (Switzerland),Article,0,0,0.05263776376004081,0.0047152183593661655
"The Role of Women From Entre Serras: Tradition, Responsible Production, and Leadership at Sitio Primavera and Paiol Velho",2025,Cross-Border Regions Cooperation and Implications for Organizations,Book chapter,0,6,0.20218080131440708,0.06211833687033967
A Study on the Digital Economy-Enabled Model for the Upgrading of the Low-Altitude Tourism Industry: A Case Study of Anhui Province,2026,International Journal of Agricultural and Environmental Information Systems,Article,0,5,0.12607461257825456,0.017188279382355873
Tourist product as a local development factor of Myoelenice and Bochnia districts' communes,2009,Annales Universitatis Mariae Curie-Sklodowska. Sectio B,Article,0,0,0.0724145400026982,0.006094240919837742
"Leveraging the EU-Funded Project CULTURAD for Tourism Development: A Model for Youth Participation, Cultural Co-Creation, and Social Cohesion",2026,Springer Proceedings in Business and Economics,Conference paper,0,4,0.1236398385697419,0.022192654453621712
Legacy of France - Montenegro Relations in Value Creation of Experiential Tourism Destinations in Montenegro,2026,International Journal of Hospitality and Tourism Systems,Article,0,0,0.025542019496878992,0.0017405558201814796
"Augmented Reality Applied to the “Balneario Paso de la Danta” in Manaure Cesar, an Interactive Experience of ICT and Cultural Heritage",2024,Communications in Computer and Information Science,Conference paper,0,5,0.06204872824192566,0.006863793219855944
"Gliding down the slopes: Women skiers: A national, athletic and tourism issue from 1927 and 1939; [Dévaler les montagnes: Les skieuses au centre des intérêts territoriaux, touristiques et sportifs entre 1927 et 1939]",2013,Revue de Geographie Alpine,Article,0,6,0.17959348921455293,0.04343944643930227
"Tourism, Energy Consumption and Environmental Quality: Role of Financial Development and Technological Innovations in the Ten Most-Visited Countries",2025,Sustainability (Switzerland),Article,0,7,0.0951862206225131,0.009419826546095227
Climate Change Resilience in Tourism Destinations: An Exploratory Study of Tan Hoa Weather-Adaptive Tourism Village in Vietnam,2025,"Tourism, Hospitality and Event Management",Book chapter,0,0,0.051294034415635445,0.006689888699966401
Influence of Perceived Value and Innovation on the Propensity to Use Sports Tourism Websites among University Students: The Moderating Effects of Age and Education,2021,Asian Journal of University Education,Article,0,1,0.14343838294860728,0.02139465958866362
Data Mining Research on High Quality Development of Tourism Industry in Jiangsu Province,2023,IEEE Joint International Information Technology and Artificial Intelligence Conference (ITAIC),Conference paper,0,0,0.024817859878866522,0.0008406741165638443
Destination development performances: Or how we learn to love tourism,2016,Tourism Destination Development: Turns and Tactics,Book chapter,0,2,0.09054632873527181,0.01101532790399044
A Study on the Sense of Place of Rural Sojourner,2025,International Journal of Tourism Research,Article,0,3,0.13135835455207423,0.01750512702237519
The Great Opportunity for Tourism Intelligence: Smart Tourist Destinations,2026,Tourism Intelligence for Destination Management,Book chapter,0,5,0.18799920821934848,0.03643388934959752
"Customer value, regional resources, and ICT adaptation: An integrated view and case studies in in-depth tourism",2008,"Proceedings of the 4th IEEE International Conference on Management of Innovation and Technology, ICMIT",Conference paper,0,0,0.04956468309739832,0.003317364175734326
Innovative Analysis of Sports Competition Training Integrating Interactive Digital Media,2023,"Lecture Notes of the Institute for Computer Sciences, Social-Informatics and Telecommunications Engineering, LNICST",Conference paper,0,1,0.1768681823520283,0.06255828975071438
Generative ai empowers guangxi sugar cane cultural tourism ip: Cultural narrative reconstruction and immersive experience innovation,2026,Frontiers in Artificial Intelligence and Applications,Conference paper,0,4,0.10776959705507785,0.018107046931882868
"Introduction: Rethinking Gender, Tourism and Hospitality",2025,"Rethinking Gender, Tourism and Hospitality: The Sustainable Strategy Dimension",Book chapter,0,6,0.18438266889143937,0.043157009213580025
Olympics and Economy: Paris 2024,2025,"SACI, IEEE International Symposium on Applied Computational Intelligence and Informatics",Conference paper,0,1,0.2385400628953712,0.05777404240431137
Matching tourism entrepreneurs and their first employees,2026,Current Issues in Tourism,Article,0,6,0.06350798428975933,0.0055486231877085995
Evaluating the Role of AI in Promoting Responsible and Sustainable Tourism Development,2026,"Artificial Intelligence in Hospitality and Tourism in Africa: Prospects, Opportunities and Challenges",Book chapter,0,7,0.18808264567679092,0.039696295311693594
"Innovation and Creativity of Stakeholders Toward Sustainable Tourism Development in the Time of Crisis: A Case of Special Economic Zone, Indonesia",2024,International Journal of Sustainable Development and Planning,Article,0,7,0.11824444390298403,0.014644732041664176
Research on the development of Sichuan traditional rural fair's landscape under the guidance of tourism development,2012,Advanced Materials Research,Conference paper,0,3,0.05472807748367147,0.004583098158576984
"Sustainability and Revitalization: Insights From a Multifaceted Tourist Data Survey of the Grand Canal, Hangzhou, China",2026,International Journal of Tourism Research,Article,0,7,0.07199023312251415,0.008171531127554036
Transforming tourism through policy innovation: Regenerative governance and circular economy strategies for sustainable destinations,2025,Regenerative Tourism for Social Development,Book chapter,0,7,0.10530134739828795,0.011630987711320599
Analysis of Environmental Projects Financed by Fisheries Local Action Groups (FLAGs) in Spain During the Period of the European Maritime and Fisheries Fund (EMFF),2025,Fisheries Management and Ecology,Article,0,7,0.037349508727088844,0.0025497346185460734
Sports for tourism: Developing windsurfing in Taiwan,2024,International Perspectives in Sport Tourism Management,Book chapter,0,1,0.14748600444447396,0.024112967660284163
Heritage-Oriented Agrotourism as a Driver of Agricultural and Cultural Ecosystem Recovery in War-Affected Ukraine,2025,Cultural Heritage Protection and Restoration in Conflict and Post-Conflict Zones,Book chapter,0,3,0.20722585885806416,0.04497315318240523
Mechanisms and effects of green finance on rural ecological tourism development: Evidence from 30 Chinese provinces,2026,Finance Research Letters,Article,0,3,0.1205550489615026,0.020957529942344132
Impact of Tourism Development on Employer Share: A Gendered Perspective,2025,Tourism Analysis,Article,0,6,0.08178618073421268,0.007735731069356416
Slovenia as an attractive destination for foreign film shooting? The case of the Indian film industry; [SLOVENIJA KOT PRIVLAČNA DESTINACIJA ZA SNEMANJE TUJIH FILMOV? PRIMER INDIJSKE FILMSKE INDUSTRIJE],2025,Geografski Vestnik,Article,0,0,0.04388080374867015,0.0026298116661161892
City branding and sustainability: The role of social media innovation in promoting tourism as a sustainable development,2026,IOP Conference Series: Earth and Environmental Science,Conference paper,0,7,0.10753890608517575,0.013064553676677535
"One reservoir and different views on local development: text mining analyses for the Mucharz Reservoir, Poland",2025,Miscellanea Geographica,Article,0,2,0.06324685620909427,0.004165861998519514
"TECHNOLOGY, SPORT VENUES, AND EVENT MANAGEMENT",2025,"Technology, Sport and Recreation",Book chapter,0,5,0.1580394433261971,0.03696309789854346
"Bridging the Global–Local Divide: Lessons from Indigenous Entrepreneurship on Vatulele Island, Fiji",2017,Tourism and Entrepreneurship: International Perspectives,Book chapter,0,7,0.06349558818513606,0.006630991437025914
Rural Coffee Tourism and Sustainable Local Development: Perceptions of the Inhabitants of San Antonio de las Aradas Parish,2025,"Smart Innovation, Systems and Technologies",Conference paper,0,3,0.08538224005788182,0.008192829005777884
Carpathian Sustainability: Linking Local Actions and Regional Visions,2013,Environmental Science and Engineering,Book chapter,0,4,0.04055599647921809,0.003489197968690212
"Agrifood businesses and digital narratives on the island of Menorca (Balearic Islands, Spain)",2025,Food and Beverage Tourism on Islands,Book chapter,0,7,0.07049827640137869,0.013295166537822985
Artificial Intelligence and Tourism Development: How Family Business Hotels in Europe Are Transforming,2026,Embracing the AI Frontier: Perspectives on Business and Organizational Development,Book chapter,0,0,0.056780836726502706,0.0050460397776102926
Destination Marketing and Sport: A Bibliometric Review,2025,Cases on Effective Destination Management,Book chapter,0,1,0.15193740232214417,0.02572255816454028
PM2.5 Density Prediction Based on a Two-Stage Rolling Forecast Model Using LightGBM,2021,Communications in Computer and Information Science,Conference paper,0,1,0.05335113656361846,0.0037602764743620808
Does high-speed railway promote hospitality and tourism entrepreneurship? New evidence from China,2026,Asia Pacific Journal of Tourism Research,Article,0,6,0.059383536981853335,0.005266732727363764
Dance event aesthetic and aesthetic education value analysis,2016,Journal of Computational and Theoretical Nanoscience,Article,0,1,0.07284781015859035,0.005697969647352499
Green innovation for sustainable tourism development: evidence from quantile ARDL,2025,Anatolia,Article,0,7,0.15860601279030961,0.025375130070869837
Study on managing the environment under mass tourism,2013,"Proceedings of 2013 6th International Conference on Information Management, Innovation Management and Industrial Engineering, ICIII 2013",Conference paper,0,7,0.1818127519665882,0.03328649368244616
"Building Institutional, Economic and Social Capacities: The Role of NGOs in the Context of Bosnia–Herzegovina & Serbia",2017,Tourism and Entrepreneurship: International Perspectives,Book chapter,0,6,0.05262443536352609,0.00734183159203987
Related variety and spatial distribution of tourism activities in the “Pueblos Mágicos” of the state of Mexico,2026,Quality and Quantity,Article,0,0,0.051294691391638426,0.0028907281328955656
Application and Prospect of Generative AI in the Tourism and Hospitality Industry,2025,Journal of Systems Science and Information,Article,0,5,0.04303927650233939,0.003469310597655778
Leadership in tourist destinations' competition and its social and economic impact,2019,E3S Web of Conferences,Conference paper,0,0,0.08483864943577508,0.00996397872889368
Value creation through communities of practice in Ushuaia and Punta Arenas as Antarctic gateway cities,2024,"Polar Tourism and Communities: Experiences, Knowledge Building, Challenges and Opportunities",Book chapter,0,2,0.08442167719000218,0.008019753065315936
"Lost in translation?: Ant, power and tourism development",2026,Annals of Tourism Research,Article,0,4,0.03326208756501856,0.0024185809102513093
Innovation in tourism service development in Budapest: The creative synergy of literature and gastronomy,2020,Destination Management and Marketing: Breakthroughs in Research and Practice,Book chapter,0,0,0.06228610282370823,0.003932531924229908
Overall image shaping in tourist development of industrial towns based on human geography and physical geography contexts - Taking Xiaolan in Zhongshan city as an example,2012,Advanced Materials Research,Conference paper,0,0,0.040066486266260845,0.0022810461808283554
Big data analytics in tourism development and marketing: Theoretical perspectives on big data analytics in tourism marketing,2025,Redefining Tourism With AI and the Metaverse,Book chapter,0,5,0.06388608137808081,0.004731762962786776
The Influence of TQM and Innovation on Perceived Financial Performance in Sport and Recreation Industry,2024,Springer Proceedings in Business and Economics,Conference paper,0,1,0.07722298874972533,0.007102941687988919
Entrepreneurship in Cultural and Adventure Tourism,2025,Sustainable Tourism: Entrepreneurial Cases and Narratives (Volume 3),Book chapter,0,7,0.0882005756122913,0.016817431433348476
"Strategic Planning for Sustainable Tourism Development, Circular Economy, and Sustainable Tourism",2026,"International Handbook of Sustainable Tourism Economy: Theories, Practices and Applications",Book chapter,0,7,0.2514569942678694,0.06345944100074422
Tourism perspectives and local communities’ development within two different Countries,2015,Lex Localis,Article,0,2,0.06313382648640023,0.005001041227686144
Inclusive growth and rural tourism market development,2012,"Proceeding of 2012 International Conference on Information Management, Innovation Management and Industrial Engineering, ICIII 2012",Conference paper,0,3,0.21774855142675598,0.047973287080990405
Tourism Meets AI: Leveraging Large Language Models to Support Community-Based Food Tourism Development,2025,GCCE 2025 - 2025 IEEE 14th Global Conference on Consumer Electronics,Conference paper,0,2,0.09313185053058744,0.01244566864013721
How Does New Quality Productive Forces Affect High-Quality Development in Tourism Industry,2024,E3S Web of Conferences,Conference paper,0,7,0.041943939952421565,0.003278630622103333
Introduction,2017,Tourism and Entrepreneurship: International Perspectives,Book chapter,0,6,0.09832588423837811,0.012766262191784727
Assessing the Role of Natural Attractions in Economic Development: The Case of Pacitan Regency,2025,IOP Conference Series: Earth and Environmental Science,Conference paper,0,7,0.047035421245906234,0.003891393024316834
The Public Policy Context of Tourism Entrepreneurship,2017,Tourism and Entrepreneurship: International Perspectives,Book chapter,0,0,0.07962218758656751,0.007844861098366003
Legacy and Innovation: Integrating Cultural Heritage Conservation with Contemporary Tourism Management,2025,"Advances in Science, Technology and Innovation",Conference paper,0,4,0.2342252963372011,0.05755010920103241
Emerging technologies for sustainable tourism development in Singapore,2024,Cases on Innovation and Sustainability in Tourism,Book chapter,0,7,0.1328046052976956,0.018942307300112596
Research on the integrated development of stadiums and stadiums under the background of 'Internet +',2021,"Proceedings - 2021 International Conference on Computer Engineering and Artificial Intelligence, ICCEAI 2021",Conference paper,0,1,0.08751884889810148,0.00935793508776709
"Empowering women through enterprise: grassroots tourism in North Sulawesi, Indonesia",2025,Cases on Startups and Enterprise,Book chapter,0,6,0.16738839055483926,0.036131387523798
Mathematical Model Construction and Innovative Management Strategies for Tourism Development in the Post Pandemic Era Empowered by Artificial Intelligence,2025,"Proceedings of the 2nd Guangdong-Hong Kong-Macao Greater Bay Area International  Conference on Digital Economy and Artificial Intelligence, DEAI 2025",Conference paper,0,5,0.06621084554838827,0.005507844621510375
Smart Tourism Development Strategy Under the Background of Big Data,2021,Advances in Intelligent Systems and Computing,Conference paper,0,5,0.17533129091957694,0.03074625083573036
Wisdom Tourism System Design in Shaanxi Province of China on Network Technology,2023,ACM International Conference Proceeding Series,Conference paper,0,0,0.02612584112239608,0.0012365020567768588
Sustainable tourism through architectural hybridization,2023,E3S Web of Conferences,Conference paper,0,7,0.11877670695654279,0.020487232374624003
Sustaining Creative Entrepreneurship: The Role of Innovation Systems,2017,Tourism and Entrepreneurship: International Perspectives,Book chapter,0,0,0.0718766106753702,0.008357231442146023
Packaging Innovation Design of Regional Guochao Products Based on S-O-R and Grounded Theory,2026,Frontiers in Artificial Intelligence and Applications,Conference paper,0,0,0.04421057700264122,0.0023053019631554764
Carbon management strategy of tourism in response to climate change,2010,"Proceedings - 3rd International Conference on Information Management, Innovation Management and Industrial Engineering, ICIII 2010",Conference paper,0,7,0.0680622358827056,0.00573374629288298
Clean industry? Tourism development and household energy poverty,2025,Applied Economics Letters,Article,0,7,0.05336984867295915,0.0035998465904099556
"Culture,Tourism and Community Development",2026,An Introduction to Community Development,Book chapter,0,4,0.11752860484950986,0.021174054759275175
The role of mountain culture in the development of tourism: the example of Azerbaijan,2025,BIO Web of Conferences,Conference paper,0,0,0.043562934138523655,0.0026321232376749723
Brand Co-Creation in Tourism and Hospitality,2023,Brand Co-Creation Tourism Research: Contemporary Issues and Challenges,Book chapter,0,5,0.04513567124872927,0.002906869777823685
Large-scale sports events optimization management based on value chain,2012,Advances in Intelligent and Soft Computing,Conference paper,0,1,0.15448927251946865,0.024113990093502898
Spatial strategic research on tourism development of Bohai Circle,2013,"LISS 2012 - Proceedings of 2nd International Conference on Logistics, Informatics and Service Science",Conference paper,0,0,0.05468313022959444,0.0030172829443352424
Realization of safety technology of the network system server in sports event,2010,"Proceedings - 3rd International Conference on Information Management, Innovation Management and Industrial Engineering, ICIII 2010",Conference paper,0,1,0.2244179928376522,0.05065615141185103
Encounters and misunderstandings in tourism development in buenos aires province (argentina); [Encuentros y desencuentros en el desarrollo turístico de la provincia de buenos aires (argentina)],2015,Cuadernos de Turismo,Article,0,4,0.0964426809132712,0.009450245909299902
