term,cut,n_early,n_late,tokens_early,tokens_late,presence_early,presence_late,rate_per_1k_early,rate_per_1k_late,rate_ratio,relfreq_early,relfreq_late,relfreq_ratio,log_odds,z_log_odds,cohens_d,abs_z
covid,2019,701,1564,73186,187801,0.0,0.07289,0.0,0.0747,,0.0,0.008971,,8.539,0.85,0.389,0.85
pandemic,2019,701,1564,73186,187801,0.0,0.05882,0.0,0.0626,,0.0,0.007518,,8.3246,0.83,0.3482,0.83
digital transformation,2019,701,1564,73186,187801,0.0,0.03964,0.0,0.0326,,0.0,0.003916,,7.93,0.79,0.2844,0.79
covid pandemic,2019,701,1564,73186,187801,0.0,0.039,0.0,0.0287,,0.0,0.00344,,7.9137,0.79,0.2821,0.79
optimize,2019,701,1564,73186,187801,0.0,0.039,0.0,0.0203,,0.0,0.002439,,7.9137,0.79,0.2821,0.79
actionable,2019,701,1564,73186,187801,0.0,0.03581,0.0,0.0194,,0.0,0.002326,,7.8282,0.78,0.27,0.78
quality development,2019,701,1564,73186,187801,0.0,0.03197,0.0,0.0331,,0.0,0.003972,,7.7149,0.77,0.2549,0.77
scopus,2019,701,1564,73186,187801,0.0,0.02941,0.0,0.018,,0.0,0.002167,,7.6316,0.76,0.2443,0.76
digitalization,2019,701,1564,73186,187801,0.0,0.02749,0.0,0.0294,,0.0,0.003526,,7.5641,0.76,0.2361,0.76
license,2019,701,1564,73186,187801,0.0,0.02302,0.0,0.0196,,0.0,0.002359,,7.3865,0.74,0.2158,0.74
tourism digital,2019,701,1564,73186,187801,0.0,0.01918,0.0,0.0131,,0.0,0.001573,,7.2042,0.72,0.1968,0.72
carbon emission,2019,701,1564,73186,187801,0.0,0.01726,0.0,0.0264,,0.0,0.003165,,7.0989,0.71,0.1866,0.71
green innovation,2019,701,1564,73186,187801,0.0,0.01726,0.0,0.0252,,0.0,0.003031,,7.0989,0.71,0.1866,0.71
digital tourism,2019,701,1564,73186,187801,0.0,0.01662,0.0,0.0194,,0.0,0.002327,,7.0612,0.71,0.1831,0.71
technological advancement,2019,701,1564,73186,187801,0.0,0.01662,0.0,0.0135,,0.0,0.001618,,7.0612,0.71,0.1831,0.71
attribution,2019,701,1564,73186,187801,0.0,0.01662,0.0,0.0102,,0.0,0.001221,,7.0612,0.71,0.1831,0.71
entropy,2019,701,1564,73186,187801,0.0,0.01598,0.0,0.0153,,0.0,0.001841,,7.022,0.7,0.1795,0.7
personalize,2019,701,1564,73186,187801,0.0,0.01598,0.0,0.0133,,0.0,0.001601,,7.022,0.7,0.1795,0.7
actionable insight,2019,701,1564,73186,187801,0.0,0.01598,0.0,0.0091,,0.0,0.001087,,7.022,0.7,0.1795,0.7
digital platform,2019,701,1564,73186,187801,0.0,0.01535,0.0,0.0099,,0.0,0.001184,,6.9812,0.7,0.1759,0.7
sdg,2019,701,1564,73186,187801,0.0,0.01535,0.0,0.0261,,0.0,0.003132,,6.9812,0.7,0.1759,0.7
post covid,2019,701,1564,73186,187801,0.0,0.01535,0.0,0.0136,,0.0,0.001638,,6.9812,0.7,0.1759,0.7
insight policymakers,2019,701,1564,73186,187801,0.0,0.01471,0.0,0.0087,,0.0,0.001048,,6.9386,0.69,0.1721,0.69
coefficient,2019,701,1564,73186,187801,0.0,0.01471,0.0,0.011,,0.0,0.001326,,6.9386,0.69,0.1721,0.69
scopus database,2019,701,1564,73186,187801,0.0,0.01471,0.0,0.0097,,0.0,0.001166,,6.9386,0.69,0.1721,0.69
creative common,2019,701,1564,73186,187801,0.0,0.01471,0.0,0.0095,,0.0,0.001146,,6.9386,0.69,0.1721,0.69
common attribution,2019,701,1564,73186,187801,0.0,0.01407,0.0,0.0084,,0.0,0.00101,,6.8942,0.69,0.1683,0.69
open access,2019,701,1564,73186,187801,0.0,0.01407,0.0,0.01,,0.0,0.001205,,6.8942,0.69,0.1683,0.69
interconnect,2019,701,1564,73186,187801,0.0,0.01343,0.0,0.0088,,0.0,0.001053,,6.8477,0.68,0.1644,0.68
digital economy,2019,701,1564,73186,187801,0.0,0.01279,0.0,0.0237,,0.0,0.00284,,6.7989,0.68,0.1604,0.68
blockchain,2019,701,1564,73186,187801,0.0,0.01279,0.0,0.0293,,0.0,0.00352,,6.7989,0.68,0.1604,0.68
western region,2019,701,1564,73186,187801,0.0,0.01279,0.0,0.009,,0.0,0.00108,,6.7989,0.68,0.1604,0.68
digital market,2019,701,1564,73186,187801,0.0,0.01279,0.0,0.0176,,0.0,0.002117,,6.7989,0.68,0.1604,0.68
machine learn,2019,701,1564,73186,187801,0.0,0.01279,0.0,0.0139,,0.0,0.001669,,6.7989,0.68,0.1604,0.68
post pandemic,2019,701,1564,73186,187801,0.0,0.01215,0.0,0.0106,,0.0,0.001274,,6.7477,0.67,0.1563,0.67
gastronomic,2019,701,1564,73186,187801,0.0,0.01215,0.0,0.0184,,0.0,0.002204,,6.7477,0.67,0.1563,0.67
sustainability goal,2019,701,1564,73186,187801,0.0,0.01215,0.0,0.008,,0.0,0.000959,,6.7477,0.67,0.1563,0.67
regenerative,2019,701,1564,73186,187801,0.0,0.01215,0.0,0.0234,,0.0,0.002811,,6.7477,0.67,0.1563,0.67
delf,2019,701,1564,73186,187801,0.0,0.01215,0.0,0.008,,0.0,0.000956,,6.7477,0.67,0.1563,0.67
couple coordination,2019,701,1564,73186,187801,0.0,0.01151,0.0,0.0198,,0.0,0.002378,,6.6936,0.67,0.1522,0.67
digital tool,2019,701,1564,73186,187801,0.0,0.01151,0.0,0.0105,,0.0,0.001262,,6.6936,0.67,0.1522,0.67
navigate,2019,701,1564,73186,187801,0.0,0.01151,0.0,0.0092,,0.0,0.001107,,6.6936,0.67,0.1522,0.67
unveil,2019,701,1564,73186,187801,0.0,0.01151,0.0,0.009,,0.0,0.00108,,6.6936,0.67,0.1522,0.67
economic sustainability,2019,701,1564,73186,187801,0.0,0.01151,0.0,0.0104,,0.0,0.001244,,6.6936,0.67,0.1522,0.67
social inclusion,2019,701,1564,73186,187801,0.0,0.01151,0.0,0.0082,,0.0,0.000987,,6.6936,0.67,0.1522,0.67
clean,2019,701,1564,73186,187801,0.0,0.01087,0.0,0.0078,,0.0,0.00094,,6.6365,0.66,0.1478,0.66
strategy promote,2019,701,1564,73186,187801,0.0,0.01087,0.0,0.0074,,0.0,0.00089,,6.6365,0.66,0.1478,0.66
development challenge,2019,701,1564,73186,187801,0.0,0.01087,0.0,0.0075,,0.0,0.000897,,6.6365,0.66,0.1478,0.66
personalization,2019,701,1564,73186,187801,0.0,0.01087,0.0,0.009,,0.0,0.001085,,6.6365,0.66,0.1478,0.66
circular,2019,701,1564,73186,187801,0.0,0.01087,0.0,0.0208,,0.0,0.002492,,6.6365,0.66,0.1478,0.66
vosviewer,2019,701,1564,73186,187801,0.0,0.01023,0.0,0.0096,,0.0,0.001149,,6.5759,0.66,0.1434,0.66
circular economy,2019,701,1564,73186,187801,0.0,0.01023,0.0,0.0185,,0.0,0.002225,,6.5759,0.66,0.1434,0.66
access distribute,2019,701,1564,73186,187801,0.0,0.01023,0.0,0.0065,,0.0,0.000781,,6.5759,0.66,0.1434,0.66
upward trend,2019,701,1564,73186,187801,0.0,0.01023,0.0,0.0052,,0.0,0.00063,,6.5759,0.66,0.1434,0.66
green development,2019,701,1564,73186,187801,0.0,0.01023,0.0,0.0071,,0.0,0.000848,,6.5759,0.66,0.1434,0.66
purposive,2019,701,1564,73186,187801,0.0,0.01023,0.0,0.007,,0.0,0.000835,,6.5759,0.66,0.1434,0.66
strongest,2019,701,1564,73186,187801,0.0,0.01023,0.0,0.0071,,0.0,0.000857,,6.5759,0.66,0.1434,0.66
transmission,2019,701,1564,73186,187801,0.0,0.01023,0.0,0.0076,,0.0,0.000916,,6.5759,0.66,0.1434,0.66
storytelling,2019,701,1564,73186,187801,0.0,0.01023,0.0,0.0107,,0.0,0.001286,,6.5759,0.66,0.1434,0.66
policymakers tourism,2019,701,1564,73186,187801,0.0,0.01023,0.0,0.0071,,0.0,0.000855,,6.5759,0.66,0.1434,0.66
belt,2019,701,1564,73186,187801,0.0,0.01023,0.0,0.0111,,0.0,0.001332,,6.5759,0.66,0.1434,0.66
ai,2019,701,1564,73186,187801,0.0,0.00959,0.0,0.0128,,0.0,0.001537,,6.5114,0.65,0.1388,0.65
innovation driven,2019,701,1564,73186,187801,0.0,0.00959,0.0,0.0088,,0.0,0.00106,,6.5114,0.65,0.1388,0.65
intricate,2019,701,1564,73186,187801,0.0,0.00959,0.0,0.0061,,0.0,0.000736,,6.5114,0.65,0.1388,0.65
prisma,2019,701,1564,73186,187801,0.0,0.00959,0.0,0.0068,,0.0,0.000823,,6.5114,0.65,0.1388,0.65
elevate,2019,701,1564,73186,187801,0.0,0.00959,0.0,0.0076,,0.0,0.000915,,6.5114,0.65,0.1388,0.65
citation,2019,701,1564,73186,187801,0.0,0.00959,0.0,0.0116,,0.0,0.001389,,6.5114,0.65,0.1388,0.65
chinese city,2019,701,1564,73186,187801,0.0,0.00959,0.0,0.0074,,0.0,0.000891,,6.5114,0.65,0.1388,0.65
digital infrastructure,2019,701,1564,73186,187801,0.0,0.00959,0.0,0.007,,0.0,0.000835,,6.5114,0.65,0.1388,0.65
policymakers practitioner,2019,701,1564,73186,187801,0.0,0.00959,0.0,0.0078,,0.0,0.000934,,6.5114,0.65,0.1388,0.65
underexplored,2019,701,1564,73186,187801,0.0,0.00959,0.0,0.007,,0.0,0.000845,,6.5114,0.65,0.1388,0.65
spatial temporal,2019,701,1564,73186,187801,0.0,0.00959,0.0,0.0059,,0.0,0.000703,,6.5114,0.65,0.1388,0.65
promote quality,2019,701,1564,73186,187801,0.0,0.00959,0.0,0.0058,,0.0,0.0007,,6.5114,0.65,0.1388,0.65
literacy,2019,701,1564,73186,187801,0.0,0.00895,0.0,0.0089,,0.0,0.001066,,6.4425,0.64,0.1341,0.64
causality,2019,701,1564,73186,187801,0.0,0.00895,0.0,0.0093,,0.0,0.001114,,6.4425,0.64,0.1341,0.64
central western,2019,701,1564,73186,187801,0.0,0.00895,0.0,0.0055,,0.0,0.000659,,6.4425,0.64,0.1341,0.64
eastern region,2019,701,1564,73186,187801,0.0,0.00895,0.0,0.0056,,0.0,0.00067,,6.4425,0.64,0.1341,0.64
historic preservation,2019,701,1564,73186,187801,0.0,0.00895,0.0,0.0051,,0.0,0.000617,,6.4425,0.64,0.1341,0.64
promote green,2019,701,1564,73186,187801,0.0,0.00895,0.0,0.0044,,0.0,0.000524,,6.4425,0.64,0.1341,0.64
co occurrence,2019,701,1564,73186,187801,0.0,0.00895,0.0,0.0062,,0.0,0.000746,,6.4425,0.64,0.1341,0.64
coordination degree,2019,701,1564,73186,187801,0.0,0.00895,0.0,0.0073,,0.0,0.00088,,6.4425,0.64,0.1341,0.64
ukraine,2019,701,1564,73186,187801,0.0,0.00895,0.0,0.0206,,0.0,0.002472,,6.4425,0.64,0.1341,0.64
entrepreneurial ecosystem,2019,701,1564,73186,187801,0.0,0.00895,0.0,0.0111,,0.0,0.001334,,6.4425,0.64,0.1341,0.64
entropy weight,2019,701,1564,73186,187801,0.0,0.00895,0.0,0.0065,,0.0,0.000781,,6.4425,0.64,0.1341,0.64
quantile,2019,701,1564,73186,187801,0.0,0.00895,0.0,0.0103,,0.0,0.001233,,6.4425,0.64,0.1341,0.64
participatory governance,2019,701,1564,73186,187801,0.0,0.00895,0.0,0.0073,,0.0,0.000878,,6.4425,0.64,0.1341,0.64
sustainability innovation,2019,701,1564,73186,187801,0.0,0.00895,0.0,0.0117,,0.0,0.001403,,6.4425,0.64,0.1341,0.64
influence sustainable,2019,701,1564,73186,187801,0.0,0.00895,0.0,0.0065,,0.0,0.000781,,6.4425,0.64,0.1341,0.64
distribute term,2019,701,1564,73186,187801,0.0,0.00831,0.0,0.0051,,0.0,0.000613,,6.3684,0.64,0.1292,0.64
pronounce,2019,701,1564,73186,187801,0.0,0.00831,0.0,0.0064,,0.0,0.000763,,6.3684,0.64,0.1292,0.64
sensor,2019,701,1564,73186,187801,0.0,0.00831,0.0,0.0123,,0.0,0.001472,,6.3684,0.64,0.1292,0.64
tourism bibliometric,2019,701,1564,73186,187801,0.0,0.00831,0.0,0.0067,,0.0,0.000808,,6.3684,0.64,0.1292,0.64
digitization,2019,701,1564,73186,187801,0.0,0.00831,0.0,0.0081,,0.0,0.000971,,6.3684,0.64,0.1292,0.64
evaluation index,2019,701,1564,73186,187801,0.0,0.00831,0.0,0.0044,,0.0,0.00053,,6.3684,0.64,0.1292,0.64
stream,2019,701,1564,73186,187801,0.0,0.00831,0.0,0.0075,,0.0,0.000903,,6.3684,0.64,0.1292,0.64
stakeholder sustainable,2019,701,1564,73186,187801,0.0,0.00831,0.0,0.0064,,0.0,0.000774,,6.3684,0.64,0.1292,0.64
attribution license,2019,701,1564,73186,187801,0.0,0.00831,0.0,0.0053,,0.0,0.000639,,6.3684,0.64,0.1292,0.64
revolutionize,2019,701,1564,73186,187801,0.0,0.00831,0.0,0.0058,,0.0,0.000694,,6.3684,0.64,0.1292,0.64
sustainability practice,2019,701,1564,73186,187801,0.0,0.00831,0.0,0.0077,,0.0,0.00093,,6.3684,0.64,0.1292,0.64
unlock,2019,701,1564,73186,187801,0.0,0.00831,0.0,0.0066,,0.0,0.000798,,6.3684,0.64,0.1292,0.64
tourism insight,2019,701,1564,73186,187801,0.0,0.00831,0.0,0.0056,,0.0,0.00067,,6.3684,0.64,0.1292,0.64
decent,2019,701,1564,73186,187801,0.0,0.00831,0.0,0.0081,,0.0,0.000976,,6.3684,0.64,0.1292,0.64
optimise,2019,701,1564,73186,187801,0.0,0.00767,0.0,0.006,,0.0,0.000722,,6.2884,0.63,0.1241,0.63
topsis,2019,701,1564,73186,187801,0.0,0.00767,0.0,0.0074,,0.0,0.000889,,6.2884,0.63,0.1241,0.63
tourism covid,2019,701,1564,73186,187801,0.0,0.00767,0.0,0.006,,0.0,0.000715,,6.2884,0.63,0.1241,0.63
sciendo,2019,701,1564,73186,187801,0.0,0.00767,0.0,0.0046,,0.0,0.000553,,6.2884,0.63,0.1241,0.63
geo,2019,701,1564,73186,187801,0.0,0.00767,0.0,0.0068,,0.0,0.000817,,6.2884,0.63,0.1241,0.63
industry sustainable,2019,701,1564,73186,187801,0.0,0.00767,0.0,0.0053,,0.0,0.000633,,6.2884,0.63,0.1241,0.63
enabled,2019,701,1564,73186,187801,0.0,0.00767,0.0,0.0061,,0.0,0.00073,,6.2884,0.63,0.1241,0.63
gender equality,2019,701,1564,73186,187801,0.0,0.00767,0.0,0.0076,,0.0,0.000909,,6.2884,0.63,0.1241,0.63
innovation infrastructure,2019,701,1564,73186,187801,0.0,0.00767,0.0,0.0063,,0.0,0.000762,,6.2884,0.63,0.1241,0.63
publish sciendo,2019,701,1564,73186,187801,0.0,0.00767,0.0,0.0046,,0.0,0.000553,,6.2884,0.63,0.1241,0.63
bottom line,2019,701,1564,73186,187801,0.0,0.00767,0.0,0.0081,,0.0,0.00097,,6.2884,0.63,0.1241,0.63
tourism resilience,2019,701,1564,73186,187801,0.0,0.00767,0.0,0.0072,,0.0,0.000859,,6.2884,0.63,0.1241,0.63
covid crisis,2019,701,1564,73186,187801,0.0,0.00767,0.0,0.0092,,0.0,0.00111,,6.2884,0.63,0.1241,0.63
regenerative tourism,2019,701,1564,73186,187801,0.0,0.00767,0.0,0.0176,,0.0,0.002114,,6.2884,0.63,0.1241,0.63
refine,2019,701,1564,73186,187801,0.0,0.00767,0.0,0.0046,,0.0,0.000548,,6.2884,0.63,0.1241,0.63
tourist village,2019,701,1564,73186,187801,0.0,0.00767,0.0,0.0133,,0.0,0.0016,,6.2884,0.63,0.1241,0.63
bangladesh,2019,701,1564,73186,187801,0.0,0.00767,0.0,0.017,,0.0,0.002045,,6.2884,0.63,0.1241,0.63
yangtze,2019,701,1564,73186,187801,0.0,0.00767,0.0,0.011,,0.0,0.001326,,6.2884,0.63,0.1241,0.63
digitally,2019,701,1564,73186,187801,0.0,0.00767,0.0,0.0057,,0.0,0.000684,,6.2884,0.63,0.1241,0.63
ahp,2019,701,1564,73186,187801,0.0,0.00767,0.0,0.0083,,0.0,0.001001,,6.2884,0.63,0.1241,0.63
economic dimension,2019,701,1564,73186,187801,0.0,0.00703,0.0,0.0052,,0.0,0.00063,,6.2015,0.62,0.1188,0.62
metaverse,2019,701,1564,73186,187801,0.0,0.00703,0.0,0.0251,,0.0,0.003016,,6.2015,0.62,0.1188,0.62
community rural,2019,701,1564,73186,187801,0.0,0.00703,0.0,0.0061,,0.0,0.000738,,6.2015,0.62,0.1188,0.62
triple bottom,2019,701,1564,73186,187801,0.0,0.00703,0.0,0.0077,,0.0,0.000927,,6.2015,0.62,0.1188,0.62
creativecommons,2019,701,1564,73186,187801,0.0,0.00703,0.0,0.0045,,0.0,0.000544,,6.2015,0.62,0.1188,0.62
creativecommons license,2019,701,1564,73186,187801,0.0,0.00703,0.0,0.0045,,0.0,0.000544,,6.2015,0.62,0.1188,0.62
credit,2019,701,1564,73186,187801,0.0,0.00703,0.0,0.0045,,0.0,0.000536,,6.2015,0.62,0.1188,0.62
disruptive,2019,701,1564,73186,187801,0.0,0.00703,0.0,0.0065,,0.0,0.000777,,6.2015,0.62,0.1188,0.62
decent work,2019,701,1564,73186,187801,0.0,0.00703,0.0,0.0073,,0.0,0.000876,,6.2015,0.62,0.1188,0.62
overtourism,2019,701,1564,73186,187801,0.0,0.00703,0.0,0.0156,,0.0,0.001876,,6.2015,0.62,0.1188,0.62
driven tourism,2019,701,1564,73186,187801,0.0,0.00703,0.0,0.0054,,0.0,0.000653,,6.2015,0.62,0.1188,0.62
industry stakeholder,2019,701,1564,73186,187801,0.0,0.00703,0.0,0.0048,,0.0,0.000574,,6.2015,0.62,0.1188,0.62
emerge trend,2019,701,1564,73186,187801,0.0,0.00703,0.0,0.0082,,0.0,0.000987,,6.2015,0.62,0.1188,0.62
regional difference,2019,701,1564,73186,187801,0.0,0.00703,0.0,0.007,,0.0,0.000839,,6.2015,0.62,0.1188,0.62
node,2019,701,1564,73186,187801,0.0,0.00703,0.0,0.0052,,0.0,0.000629,,6.2015,0.62,0.1188,0.62
blockchain technology,2019,701,1564,73186,187801,0.0,0.00639,0.0,0.0105,,0.0,0.001263,,6.1063,0.61,0.1133,0.61
resilient tourism,2019,701,1564,73186,187801,0.0,0.00639,0.0,0.0055,,0.0,0.000657,,6.1063,0.61,0.1133,0.61
uzbekistan,2019,701,1564,73186,187801,0.0,0.00639,0.0,0.0108,,0.0,0.001297,,6.1063,0.61,0.1133,0.61
ardl,2019,701,1564,73186,187801,0.0,0.00639,0.0,0.008,,0.0,0.000959,,6.1063,0.61,0.1133,0.61
cultivation,2019,701,1564,73186,187801,0.0,0.00639,0.0,0.0066,,0.0,0.000788,,6.1063,0.61,0.1133,0.61
ai driven,2019,701,1564,73186,187801,0.0,0.00639,0.0,0.0058,,0.0,0.000691,,6.1063,0.61,0.1133,0.61
hospitality sector,2019,701,1564,73186,187801,0.0,0.00639,0.0,0.0064,,0.0,0.000771,,6.1063,0.61,0.1133,0.61
innovation drive,2019,701,1564,73186,187801,0.0,0.00639,0.0,0.0042,,0.0,0.000503,,6.1063,0.61,0.1133,0.61
paris,2019,701,1564,73186,187801,0.0,0.00639,0.0,0.0076,,0.0,0.00091,,6.1063,0.61,0.1133,0.61
tourism virtual,2019,701,1564,73186,187801,0.0,0.00639,0.0,0.0053,,0.0,0.000635,,6.1063,0.61,0.1133,0.61
drive mechanism,2019,701,1564,73186,187801,0.0,0.00639,0.0,0.0045,,0.0,0.00054,,6.1063,0.61,0.1133,0.61
dioxide,2019,701,1564,73186,187801,0.0,0.00639,0.0,0.0057,,0.0,0.000683,,6.1063,0.61,0.1133,0.61
female entrepreneurship,2019,701,1564,73186,187801,0.0,0.00639,0.0,0.0075,,0.0,0.000906,,6.1063,0.61,0.1133,0.61
customer experience,2019,701,1564,73186,187801,0.0,0.00639,0.0,0.0065,,0.0,0.000776,,6.1063,0.61,0.1133,0.61
carbon dioxide,2019,701,1564,73186,187801,0.0,0.00639,0.0,0.0057,,0.0,0.000683,,6.1063,0.61,0.1133,0.61
subsystem,2019,701,1564,73186,187801,0.0,0.00639,0.0,0.0064,,0.0,0.000772,,6.1063,0.61,0.1133,0.61
innovation resource,2019,701,1564,73186,187801,0.0,0.00639,0.0,0.0054,,0.0,0.000648,,6.1063,0.61,0.1133,0.61
tourism efficiency,2019,701,1564,73186,187801,0.0,0.00639,0.0,0.0099,,0.0,0.001184,,6.1063,0.61,0.1133,0.61
guangdong,2019,701,1564,73186,187801,0.0,0.00639,0.0,0.0076,,0.0,0.000911,,6.1063,0.61,0.1133,0.61
steadily,2019,701,1564,73186,187801,0.0,0.00639,0.0,0.0041,,0.0,0.000487,,6.1063,0.61,0.1133,0.61
news,2019,701,1564,73186,187801,0.0,0.00639,0.0,0.0052,,0.0,0.000626,,6.1063,0.61,0.1133,0.61
fuzzy set,2019,701,1564,73186,187801,0.0,0.00639,0.0,0.0058,,0.0,0.000698,,6.1063,0.61,0.1133,0.61
evolution characteristic,2019,701,1564,73186,187801,0.0,0.00639,0.0,0.0037,,0.0,0.000439,,6.1063,0.61,0.1133,0.61
yangtze river,2019,701,1564,73186,187801,0.0,0.00639,0.0,0.0093,,0.0,0.001117,,6.1063,0.61,0.1133,0.61
technology development,2019,701,1564,73186,187801,0.0,0.00639,0.0,0.0045,,0.0,0.000545,,6.1063,0.61,0.1133,0.61
tourism digitalization,2019,701,1564,73186,187801,0.0,0.00575,0.0,0.0047,,0.0,0.00056,,6.001,0.6,0.1074,0.6
set comparative,2019,701,1564,73186,187801,0.0,0.00575,0.0,0.0052,,0.0,0.000626,,6.001,0.6,0.1074,0.6
affective,2019,701,1564,73186,187801,0.0,0.00575,0.0,0.0061,,0.0,0.000727,,6.001,0.6,0.1074,0.6
road initiative,2019,701,1564,73186,187801,0.0,0.00575,0.0,0.0063,,0.0,0.000758,,6.001,0.6,0.1074,0.6
neural,2019,701,1564,73186,187801,0.0,0.00575,0.0,0.0065,,0.0,0.000776,,6.001,0.6,0.1074,0.6
sbm,2019,701,1564,73186,187801,0.0,0.00575,0.0,0.0058,,0.0,0.000698,,6.001,0.6,0.1074,0.6
crisis management,2019,701,1564,73186,187801,0.0,0.00575,0.0,0.0054,,0.0,0.000648,,6.001,0.6,0.1074,0.6
gastronomy tourism,2019,701,1564,73186,187801,0.0,0.00575,0.0,0.0118,,0.0,0.001418,,6.001,0.6,0.1074,0.6
neural network,2019,701,1564,73186,187801,0.0,0.00575,0.0,0.0065,,0.0,0.000776,,6.001,0.6,0.1074,0.6
stakeholder participation,2019,701,1564,73186,187801,0.0,0.00512,0.0,0.005,,0.0,0.000605,,5.8834,0.59,0.1013,0.59
cultural historical,2019,701,1564,73186,187801,0.0,0.00512,0.0,0.0051,,0.0,0.000616,,5.8834,0.59,0.1013,0.59
user experience,2019,701,1564,73186,187801,0.0,0.00512,0.0,0.0071,,0.0,0.000853,,5.8834,0.59,0.1013,0.59
fan engagement,2019,701,1564,73186,187801,0.0,0.00512,0.0,0.0054,,0.0,0.000649,,5.8834,0.59,0.1013,0.59
spatio,2019,701,1564,73186,187801,0.0,0.00512,0.0,0.0054,,0.0,0.000647,,5.8834,0.59,0.1013,0.59
spatio temporal,2019,701,1564,73186,187801,0.0,0.00512,0.0,0.0054,,0.0,0.000647,,5.8834,0.59,0.1013,0.59
gastronomic tourism,2019,701,1564,73186,187801,0.0,0.00512,0.0,0.0094,,0.0,0.001131,,5.8834,0.59,0.1013,0.59
spatial correlation,2019,701,1564,73186,187801,0.0,0.00512,0.0,0.0042,,0.0,0.00051,,5.8834,0.59,0.1013,0.59
gender inequality,2019,701,1564,73186,187801,0.0,0.00512,0.0,0.0052,,0.0,0.000624,,5.8834,0.59,0.1013,0.59
learn algorithm,2019,701,1564,73186,187801,0.0,0.00512,0.0,0.0047,,0.0,0.00057,,5.8834,0.59,0.1013,0.59
neutrality,2019,701,1564,73186,187801,0.0,0.00512,0.0,0.0039,,0.0,0.000472,,5.8834,0.59,0.1013,0.59
saudi arabia,2019,701,1564,73186,187801,0.0,0.00512,0.0,0.0057,,0.0,0.000685,,5.8834,0.59,0.1013,0.59
belt road,2019,701,1564,73186,187801,0.0,0.00512,0.0,0.0063,,0.0,0.000761,,5.8834,0.59,0.1013,0.59
sector support,2019,701,1564,73186,187801,0.0,0.00512,0.0,0.0065,,0.0,0.000781,,5.8834,0.59,0.1013,0.59
suitability,2019,701,1564,73186,187801,0.0,0.00512,0.0,0.0063,,0.0,0.000761,,5.8834,0.59,0.1013,0.59
arabia,2019,701,1564,73186,187801,0.0,0.00512,0.0,0.0057,,0.0,0.000685,,5.8834,0.59,0.1013,0.59
intangible heritage,2019,701,1564,73186,187801,0.0,0.00512,0.0,0.0075,,0.0,0.000906,,5.8834,0.59,0.1013,0.59
msmes,2019,701,1564,73186,187801,0.0,0.00512,0.0,0.0093,,0.0,0.001121,,5.8834,0.59,0.1013,0.59
msme,2019,701,1564,73186,187801,0.0,0.00512,0.0,0.0118,,0.0,0.001419,,5.8834,0.59,0.1013,0.59
woman tourism,2019,701,1564,73186,187801,0.0,0.00512,0.0,0.0064,,0.0,0.00077,,5.8834,0.59,0.1013,0.59
sharing,2019,701,1564,73186,187801,0.0,0.00512,0.0,0.0044,,0.0,0.000526,,5.8834,0.59,0.1013,0.59
cruise,2019,701,1564,73186,187801,0.0,0.00512,0.0,0.0187,,0.0,0.002242,,5.8834,0.59,0.1013,0.59
fashion,2019,701,1564,73186,187801,0.0,0.00512,0.0,0.0072,,0.0,0.00086,,5.8834,0.59,0.1013,0.59
carbon neutrality,2019,701,1564,73186,187801,0.0,0.00512,0.0,0.0039,,0.0,0.000472,,5.8834,0.59,0.1013,0.59
teacher,2019,701,1564,73186,187801,0.0,0.00512,0.0,0.0056,,0.0,0.000673,,5.8834,0.59,0.1013,0.59
cuisine,2019,701,1564,73186,187801,0.0,0.00512,0.0,0.0057,,0.0,0.00069,,5.8834,0.59,0.1013,0.59
influence mechanism,2019,701,1564,73186,187801,0.0,0.00512,0.0,0.0044,,0.0,0.000528,,5.8834,0.59,0.1013,0.59
yuan,2019,701,1564,73186,187801,0.0,0.00512,0.0,0.0042,,0.0,0.00051,,5.8834,0.59,0.1013,0.59
shanghai,2019,701,1564,73186,187801,0.0,0.00448,0.0,0.0045,,0.0,0.000539,,5.75,0.57,0.0947,0.57
dmos,2019,701,1564,73186,187801,0.0,0.00448,0.0,0.0099,,0.0,0.001186,,5.75,0.57,0.0947,0.57
fsqca,2019,701,1564,73186,187801,0.0,0.00448,0.0,0.0052,,0.0,0.00062,,5.75,0.57,0.0947,0.57
co production,2019,701,1564,73186,187801,0.0,0.00448,0.0,0.0074,,0.0,0.000885,,5.75,0.57,0.0947,0.57
vector,2019,701,1564,73186,187801,0.0,0.00448,0.0,0.0052,,0.0,0.000629,,5.75,0.57,0.0947,0.57
musina municipality,2019,701,1564,73186,187801,0.0,0.00448,0.0,0.0143,,0.0,0.001719,,5.75,0.57,0.0947,0.57
sustainable integration,2019,701,1564,73186,187801,0.0,0.00448,0.0,0.005,,0.0,0.000599,,5.75,0.57,0.0947,0.57
blue,2019,701,1564,73186,187801,0.0,0.00448,0.0,0.0072,,0.0,0.000861,,5.75,0.57,0.0947,0.57
criteria decision,2019,701,1564,73186,187801,0.0,0.00448,0.0,0.0054,,0.0,0.000648,,5.75,0.57,0.0947,0.57
geospatial,2019,701,1564,73186,187801,0.0,0.00448,0.0,0.0071,,0.0,0.000847,,5.75,0.57,0.0947,0.57
geodiversity,2019,701,1564,73186,187801,0.0,0.00448,0.0,0.0102,,0.0,0.001229,,5.75,0.57,0.0947,0.57
automation,2019,701,1564,73186,187801,0.0,0.00448,0.0,0.0067,,0.0,0.000802,,5.75,0.57,0.0947,0.57
luxury,2019,701,1564,73186,187801,0.0,0.00448,0.0,0.0079,,0.0,0.000951,,5.75,0.57,0.0947,0.57
digital literacy,2019,701,1564,73186,187801,0.0,0.00448,0.0,0.0054,,0.0,0.000645,,5.75,0.57,0.0947,0.57
winter olympics,2019,701,1564,73186,187801,0.0,0.00448,0.0,0.0049,,0.0,0.000584,,5.75,0.57,0.0947,0.57
landmark,2019,701,1564,73186,187801,0.0,0.00448,0.0,0.0055,,0.0,0.000657,,5.75,0.57,0.0947,0.57
tourism route,2019,701,1564,73186,187801,0.0,0.00448,0.0,0.0065,,0.0,0.00078,,5.75,0.57,0.0947,0.57
fdi,2019,701,1564,73186,187801,0.0,0.00448,0.0,0.0084,,0.0,0.001004,,5.75,0.57,0.0947,0.57
super sbm,2019,701,1564,73186,187801,0.0,0.00448,0.0,0.0046,,0.0,0.000548,,5.75,0.57,0.0947,0.57
entrepreneurial intention,2019,701,1564,73186,187801,0.0,0.00448,0.0,0.0087,,0.0,0.001047,,5.75,0.57,0.0947,0.57
dea,2019,701,1564,73186,187801,0.0,0.00448,0.0,0.0042,,0.0,0.000508,,5.75,0.57,0.0947,0.57
empowerment woman,2019,701,1564,73186,187801,0.0,0.00448,0.0,0.0047,,0.0,0.000561,,5.75,0.57,0.0947,0.57
urban agglomeration,2019,701,1564,73186,187801,0.0,0.00448,0.0,0.0067,,0.0,0.000807,,5.75,0.57,0.0947,0.57
generative artificial,2019,701,1564,73186,187801,0.0,0.00448,0.0,0.0053,,0.0,0.000632,,5.75,0.57,0.0947,0.57
basin,2019,701,1564,73186,187801,0.0,0.00448,0.0,0.009,,0.0,0.001083,,5.75,0.57,0.0947,0.57
entrepreneurship education,2019,701,1564,73186,187801,0.0,0.00448,0.0,0.0046,,0.0,0.000551,,5.75,0.57,0.0947,0.57
governance capacity,2019,701,1564,73186,187801,0.0,0.00448,0.0,0.0053,,0.0,0.000639,,5.75,0.57,0.0947,0.57
musina,2019,701,1564,73186,187801,0.0,0.00448,0.0,0.0147,,0.0,0.001761,,5.75,0.57,0.0947,0.57
autocorrelation,2019,701,1564,73186,187801,0.0,0.00448,0.0,0.0043,,0.0,0.000512,,5.75,0.57,0.0947,0.57
macao,2019,701,1564,73186,187801,0.0,0.00384,0.0,0.0091,,0.0,0.001091,,5.5961,0.56,0.0877,0.56
artisan,2019,701,1564,73186,187801,0.0,0.00384,0.0,0.0074,,0.0,0.000883,,5.5961,0.56,0.0877,0.56
algeria,2019,701,1564,73186,187801,0.0,0.00384,0.0,0.0081,,0.0,0.000967,,5.5961,0.56,0.0877,0.56
energy efficiency,2019,701,1564,73186,187801,0.0,0.00384,0.0,0.004,,0.0,0.000486,,5.5961,0.56,0.0877,0.56
tourism ecological,2019,701,1564,73186,187801,0.0,0.00384,0.0,0.0064,,0.0,0.000774,,5.5961,0.56,0.0877,0.56
industrial heritage,2019,701,1564,73186,187801,0.0,0.00384,0.0,0.0095,,0.0,0.001137,,5.5961,0.56,0.0877,0.56
jiangsu,2019,701,1564,73186,187801,0.0,0.00384,0.0,0.0069,,0.0,0.000826,,5.5961,0.56,0.0877,0.56
barcelona,2019,701,1564,73186,187801,0.0,0.00384,0.0,0.0069,,0.0,0.000834,,5.5961,0.56,0.0877,0.56
woman work,2019,701,1564,73186,187801,0.0,0.00384,0.0,0.0043,,0.0,0.000513,,5.5961,0.56,0.0877,0.56
carbon footprint,2019,701,1564,73186,187801,0.0,0.00384,0.0,0.0041,,0.0,0.000493,,5.5961,0.56,0.0877,0.56
peninsula,2019,701,1564,73186,187801,0.0,0.00384,0.0,0.0074,,0.0,0.000889,,5.5961,0.56,0.0877,0.56
sport sector,2019,701,1564,73186,187801,0.0,0.00384,0.0,0.0062,,0.0,0.00074,,5.5961,0.56,0.0877,0.56
virtual tourism,2019,701,1564,73186,187801,0.0,0.00384,0.0,0.0059,,0.0,0.000704,,5.5961,0.56,0.0877,0.56
green finance,2019,701,1564,73186,187801,0.0,0.00384,0.0,0.0087,,0.0,0.00104,,5.5961,0.56,0.0877,0.56
coastal city,2019,701,1564,73186,187801,0.0,0.00384,0.0,0.0071,,0.0,0.00085,,5.5961,0.56,0.0877,0.56
knowledge share,2019,701,1564,73186,187801,0.0,0.00384,0.0,0.0049,,0.0,0.000592,,5.5961,0.56,0.0877,0.56
revisit intention,2019,701,1564,73186,187801,0.0,0.00384,0.0,0.0061,,0.0,0.000732,,5.5961,0.56,0.0877,0.56
ibiza,2019,701,1564,73186,187801,0.0,0.0032,0.0,0.0127,,0.0,0.001528,,5.4141,0.54,0.08,0.54
green carbon,2019,701,1564,73186,187801,0.0,0.0032,0.0,0.0037,,0.0,0.000445,,5.4141,0.54,0.08,0.54
nigeria,2019,701,1564,73186,187801,0.0,0.0032,0.0,0.0065,,0.0,0.000782,,5.4141,0.54,0.08,0.54
ethno,2019,701,1564,73186,187801,0.0,0.0032,0.0,0.0076,,0.0,0.00091,,5.4141,0.54,0.08,0.54
trade openness,2019,701,1564,73186,187801,0.0,0.0032,0.0,0.0049,,0.0,0.000591,,5.4141,0.54,0.08,0.54
central asia,2019,701,1564,73186,187801,0.0,0.0032,0.0,0.0051,,0.0,0.000617,,5.4141,0.54,0.08,0.54
nepal,2019,701,1564,73186,187801,0.0,0.0032,0.0,0.0079,,0.0,0.000944,,5.4141,0.54,0.08,0.54
ccd,2019,701,1564,73186,187801,0.0,0.0032,0.0,0.0052,,0.0,0.000619,,5.4141,0.54,0.08,0.54
family business,2019,701,1564,73186,187801,0.0,0.0032,0.0,0.0078,,0.0,0.000938,,5.4141,0.54,0.08,0.54
outdoor tourism,2019,701,1564,73186,187801,0.0,0.0032,0.0,0.0098,,0.0,0.001172,,5.4141,0.54,0.08,0.54
bri,2019,701,1564,73186,187801,0.0,0.0032,0.0,0.0046,,0.0,0.000557,,5.4141,0.54,0.08,0.54
knowledge map,2019,701,1564,73186,187801,0.0,0.0032,0.0,0.005,,0.0,0.000599,,5.4141,0.54,0.08,0.54
esg,2019,701,1564,73186,187801,0.0,0.0032,0.0,0.0073,,0.0,0.000871,,5.4141,0.54,0.08,0.54
decouple,2019,701,1564,73186,187801,0.0,0.0032,0.0,0.0081,,0.0,0.000976,,5.4141,0.54,0.08,0.54
architectural heritage,2019,701,1564,73186,187801,0.0,0.0032,0.0,0.0052,,0.0,0.000623,,5.4141,0.54,0.08,0.54
flower,2019,701,1564,73186,187801,0.0,0.0032,0.0,0.0062,,0.0,0.000745,,5.4141,0.54,0.08,0.54
silk road,2019,701,1564,73186,187801,0.0,0.0032,0.0,0.0063,,0.0,0.000758,,5.4141,0.54,0.08,0.54
health wellness,2019,701,1564,73186,187801,0.0,0.0032,0.0,0.0081,,0.0,0.000971,,5.4141,0.54,0.08,0.54
historical heritage,2019,701,1564,73186,187801,0.0,0.0032,0.0,0.0053,,0.0,0.000636,,5.4141,0.54,0.08,0.54
agility,2019,701,1564,73186,187801,0.0,0.0032,0.0,0.0076,,0.0,0.00091,,5.4141,0.54,0.08,0.54
ancient town,2019,701,1564,73186,187801,0.0,0.0032,0.0,0.0087,,0.0,0.001042,,5.4141,0.54,0.08,0.54
eco efficiency,2019,701,1564,73186,187801,0.0,0.0032,0.0,0.006,,0.0,0.000718,,5.4141,0.54,0.08,0.54
shaanxi,2019,701,1564,73186,187801,0.0,0.0032,0.0,0.0052,,0.0,0.000628,,5.4141,0.54,0.08,0.54
sierra,2019,701,1564,73186,187801,0.0,0.0032,0.0,0.0098,,0.0,0.001181,,5.4141,0.54,0.08,0.54
silk,2019,701,1564,73186,187801,0.0,0.0032,0.0,0.0077,,0.0,0.000923,,5.4141,0.54,0.08,0.54
agricultural sector,2019,701,1564,73186,187801,0.0,0.00256,0.0,0.0048,,0.0,0.000574,,5.1915,0.52,0.0716,0.52
hubei,2019,701,1564,73186,187801,0.0,0.00256,0.0,0.0046,,0.0,0.000552,,5.1915,0.52,0.0716,0.52
placemaking,2019,701,1564,73186,187801,0.0,0.00256,0.0,0.0078,,0.0,0.000934,,5.1915,0.52,0.0716,0.52
place identity,2019,701,1564,73186,187801,0.0,0.00256,0.0,0.0052,,0.0,0.000623,,5.1915,0.52,0.0716,0.52
asean,2019,701,1564,73186,187801,0.0,0.00256,0.0,0.0063,,0.0,0.000757,,5.1915,0.52,0.0716,0.52
yellow,2019,701,1564,73186,187801,0.0,0.00256,0.0,0.0078,,0.0,0.000934,,5.1915,0.52,0.0716,0.52
intellectual property,2019,701,1564,73186,187801,0.0,0.00256,0.0,0.006,,0.0,0.000722,,5.1915,0.52,0.0716,0.52
uae,2019,701,1564,73186,187801,0.0,0.00256,0.0,0.0064,,0.0,0.000767,,5.1915,0.52,0.0716,0.52
river basin,2019,701,1564,73186,187801,0.0,0.00256,0.0,0.005,,0.0,0.000603,,5.1915,0.52,0.0716,0.52
design think,2019,701,1564,73186,187801,0.0,0.00256,0.0,0.006,,0.0,0.000725,,5.1915,0.52,0.0716,0.52
jiangsu province,2019,701,1564,73186,187801,0.0,0.00256,0.0,0.0045,,0.0,0.000539,,5.1915,0.52,0.0716,0.52
sport culture,2019,701,1564,73186,187801,0.0,0.00256,0.0,0.0057,,0.0,0.000687,,5.1915,0.52,0.0716,0.52
quantiles,2019,701,1564,73186,187801,0.0,0.00256,0.0,0.0068,,0.0,0.000819,,5.1915,0.52,0.0716,0.52
mangrove,2019,701,1564,73186,187801,0.0,0.00256,0.0,0.0102,,0.0,0.001225,,5.1915,0.52,0.0716,0.52
underwater,2019,701,1564,73186,187801,0.0,0.00256,0.0,0.0099,,0.0,0.001194,,5.1915,0.52,0.0716,0.52
yellow river,2019,701,1564,73186,187801,0.0,0.00256,0.0,0.0078,,0.0,0.000934,,5.1915,0.52,0.0716,0.52
digital entrepreneurship,2019,701,1564,73186,187801,0.0,0.00192,0.0,0.0061,,0.0,0.000734,,4.9046,0.49,0.062,0.49
rural sport,2019,701,1564,73186,187801,0.0,0.00192,0.0,0.0048,,0.0,0.000575,,4.9046,0.49,0.062,0.49
ice snow,2019,701,1564,73186,187801,0.0,0.00192,0.0,0.007,,0.0,0.000843,,4.9046,0.49,0.062,0.49
lebanon,2019,701,1564,73186,187801,0.0,0.00192,0.0,0.0061,,0.0,0.00073,,4.9046,0.49,0.062,0.49
ecological efficiency,2019,701,1564,73186,187801,0.0,0.00192,0.0,0.0065,,0.0,0.00078,,4.9046,0.49,0.062,0.49
mobile communication,2019,701,1564,73186,187801,0.0,0.00192,0.0,0.0039,,0.0,0.000472,,4.9046,0.49,0.062,0.49
nostalgia,2019,701,1564,73186,187801,0.0,0.00192,0.0,0.0057,,0.0,0.000685,,4.9046,0.49,0.062,0.49
tourism talent,2019,701,1564,73186,187801,0.0,0.00192,0.0,0.0028,,0.0,0.000337,,4.9046,0.49,0.062,0.49
hqdt,2019,701,1564,73186,187801,0.0,0.00192,0.0,0.0108,,0.0,0.0013,,4.9046,0.49,0.062,0.49
digital governance,2019,701,1564,73186,187801,0.0,0.00192,0.0,0.0042,,0.0,0.000507,,4.9046,0.49,0.062,0.49
armenia,2019,701,1564,73186,187801,0.0,0.00192,0.0,0.0061,,0.0,0.00073,,4.9046,0.49,0.062,0.49
sport equipment,2019,701,1564,73186,187801,0.0,0.00192,0.0,0.0043,,0.0,0.00052,,4.9046,0.49,0.062,0.49
agricultural heritage,2019,701,1564,73186,187801,0.0,0.00192,0.0,0.0067,,0.0,0.000804,,4.9046,0.49,0.062,0.49
pnal,2019,701,1564,73186,187801,0.0,0.00192,0.0,0.007,,0.0,0.000836,,4.9046,0.49,0.062,0.49
reservoir,2019,701,1564,73186,187801,0.0,0.00192,0.0,0.0105,,0.0,0.001265,,4.9046,0.49,0.062,0.49
edelweiss,2019,701,1564,73186,187801,0.0,0.00192,0.0,0.0066,,0.0,0.000793,,4.9046,0.49,0.062,0.49
gansu,2019,701,1564,73186,187801,0.0,0.00192,0.0,0.0043,,0.0,0.000511,,4.9046,0.49,0.062,0.49
henan province,2019,701,1564,73186,187801,0.0,0.00192,0.0,0.0038,,0.0,0.00046,,4.9046,0.49,0.062,0.49
brics,2019,701,1564,73186,187801,0.0,0.00192,0.0,0.0064,,0.0,0.000774,,4.9046,0.49,0.062,0.49
carbon development,2019,701,1564,73186,187801,0.0,0.00192,0.0,0.004,,0.0,0.000481,,4.9046,0.49,0.062,0.49
tennis,2019,701,1564,73186,187801,0.0,0.00192,0.0,0.0051,,0.0,0.00061,,4.9046,0.49,0.062,0.49
emission efficiency,2019,701,1564,73186,187801,0.0,0.00192,0.0,0.0036,,0.0,0.000431,,4.9046,0.49,0.062,0.49
ghg,2019,701,1564,73186,187801,0.0,0.00128,0.0,0.0046,,0.0,0.000553,,4.5008,0.45,0.0506,0.45
snow tourism,2019,701,1564,73186,187801,0.0,0.00128,0.0,0.0043,,0.0,0.000511,,4.5008,0.45,0.0506,0.45
coopetition,2019,701,1564,73186,187801,0.0,0.00128,0.0,0.008,,0.0,0.000957,,4.5008,0.45,0.0506,0.45
homestay tourism,2019,701,1564,73186,187801,0.0,0.00128,0.0,0.0045,,0.0,0.000543,,4.5008,0.45,0.0506,0.45
rural cultural,2019,701,1564,73186,187801,0.0,0.00128,0.0,0.0055,,0.0,0.000656,,4.5008,0.45,0.0506,0.45
spa,2019,701,1564,73186,187801,0.0,0.00128,0.0,0.0068,,0.0,0.000819,,4.5008,0.45,0.0506,0.45
basketball,2019,701,1564,73186,187801,0.0,0.00128,0.0,0.0047,,0.0,0.000559,,4.5008,0.45,0.0506,0.45
bim,2019,701,1564,73186,187801,0.0,0.00128,0.0,0.0065,,0.0,0.000786,,4.5008,0.45,0.0506,0.45
oleotourism,2019,701,1564,73186,187801,0.0,0.00128,0.0,0.0061,,0.0,0.000734,,4.5008,0.45,0.0506,0.45
gie,2019,701,1564,73186,187801,0.0,0.00128,0.0,0.0045,,0.0,0.000536,,4.5008,0.45,0.0506,0.45
suzhou,2019,701,1564,73186,187801,0.0,0.00128,0.0,0.0043,,0.0,0.00052,,4.5008,0.45,0.0506,0.45
plastic,2019,701,1564,73186,187801,0.0,0.00128,0.0,0.0046,,0.0,0.00055,,4.5008,0.45,0.0506,0.45
digital financial,2019,701,1564,73186,187801,0.0,0.00128,0.0,0.0057,,0.0,0.000683,,4.5008,0.45,0.0506,0.45
ijen,2019,701,1564,73186,187801,0.0,0.00128,0.0,0.0059,,0.0,0.000707,,4.5008,0.45,0.0506,0.45
ghg emission,2019,701,1564,73186,187801,0.0,0.00128,0.0,0.0046,,0.0,0.000553,,4.5008,0.45,0.0506,0.45
green entrepreneurial,2019,701,1564,73186,187801,0.0,0.00128,0.0,0.0051,,0.0,0.000612,,4.5008,0.45,0.0506,0.45
bibliometric,2019,701,1564,73186,187801,0.00143,0.02877,0.0033,0.0369,11.15,0.000346,0.004431,12.824,2.9945,2.98,0.2242,2.98
valuable insight,2019,701,1564,73186,187801,0.00143,0.02621,0.0009,0.0156,17.729,9.2e-05,0.001877,20.391,2.9014,2.88,0.2123,2.88
digital,2019,701,1564,73186,187801,0.00856,0.15537,0.0084,0.2007,23.873,0.000878,0.024098,27.457,2.8972,7.06,0.5352,7.06
mixed,2019,701,1564,73186,187801,0.00143,0.02558,0.001,0.016,15.499,0.000108,0.001916,17.826,2.8767,2.86,0.2093,2.86
support sustainable,2019,701,1564,73186,187801,0.00143,0.02558,0.0012,0.0158,12.758,0.00013,0.001901,14.673,2.8767,2.86,0.2093,2.86
intersection,2019,701,1564,73186,187801,0.00143,0.02366,0.001,0.0156,16.22,0.0001,0.001869,18.655,2.7988,2.78,0.1998,2.78
digital innovation,2019,701,1564,73186,187801,0.00143,0.02302,0.0016,0.0284,18.252,0.000162,0.003408,20.992,2.7714,2.75,0.1965,2.75
couple,2019,701,1564,73186,187801,0.00143,0.02302,0.0022,0.0293,13.355,0.000229,0.003516,15.36,2.7714,2.75,0.1965,2.75
spatiotemporal,2019,701,1564,73186,187801,0.00143,0.02174,0.0013,0.0202,14.993,0.000141,0.002425,17.244,2.7142,2.69,0.1898,2.69
reshape,2019,701,1564,73186,187801,0.00143,0.0211,0.0032,0.0156,4.922,0.000331,0.001871,5.661,2.6844,2.66,0.1864,2.66
artificial intelligence,2019,701,1564,73186,187801,0.00285,0.04156,0.0049,0.0412,8.46,0.000508,0.004943,9.73,2.6739,3.74,0.2627,3.74
heritage preservation,2019,701,1564,73186,187801,0.00143,0.01918,0.0016,0.0135,8.544,0.000165,0.001618,9.826,2.5891,2.56,0.1758,2.56
behavioral,2019,701,1564,73186,187801,0.00143,0.01854,0.0009,0.018,19.51,9.6e-05,0.002161,22.439,2.5552,2.53,0.1722,2.53
digital technology,2019,701,1564,73186,187801,0.00285,0.03645,0.0043,0.0355,8.18,0.000453,0.004265,9.408,2.5426,3.55,0.242,3.55
transformation tourism,2019,701,1564,73186,187801,0.00143,0.0179,0.0013,0.0145,11.026,0.000137,0.001738,12.681,2.5201,2.49,0.1684,2.49
transformative,2019,701,1564,73186,187801,0.00285,0.03389,0.0088,0.0229,2.604,0.00092,0.002755,2.995,2.4699,3.44,0.2311,3.44
intelligence,2019,701,1564,73186,187801,0.00428,0.04987,0.0066,0.0505,7.691,0.000686,0.006068,8.846,2.4524,4.19,0.2809,4.19
virtual reality,2019,701,1564,73186,187801,0.00143,0.01662,0.0022,0.0199,9.104,0.000228,0.002388,10.47,2.4461,2.41,0.1607,2.41
virtual,2019,701,1564,73186,187801,0.00285,0.03197,0.004,0.0382,9.568,0.000417,0.004586,11.004,2.4116,3.36,0.2226,3.36
machine,2019,701,1564,73186,187801,0.00143,0.01598,0.0008,0.0171,20.412,8.8e-05,0.002057,23.477,2.4068,2.37,0.1567,2.37
cultural preservation,2019,701,1564,73186,187801,0.00143,0.01598,0.0013,0.0111,8.306,0.00014,0.001339,9.553,2.4068,2.37,0.1567,2.37
trend tourism,2019,701,1564,73186,187801,0.00143,0.01535,0.0023,0.0108,4.708,0.000239,0.001295,5.414,2.366,2.33,0.1526,2.33
sustainable growth,2019,701,1564,73186,187801,0.00143,0.01535,0.0014,0.0101,7.038,0.00015,0.001211,8.094,2.366,2.33,0.1526,2.33
development digital,2019,701,1564,73186,187801,0.00143,0.01535,0.0017,0.0116,6.666,0.000182,0.001396,7.667,2.366,2.33,0.1526,2.33
artificial,2019,701,1564,73186,187801,0.00428,0.0454,0.0059,0.0426,7.174,0.00062,0.00512,8.251,2.3584,4.02,0.2642,4.02
mitigate,2019,701,1564,73186,187801,0.00285,0.02941,0.003,0.0187,6.24,0.000313,0.002245,7.176,2.3282,3.24,0.2108,3.24
hub,2019,701,1564,73186,187801,0.00143,0.01471,0.0024,0.0112,4.779,0.000246,0.00135,5.497,2.3235,2.29,0.1485,2.29
convenience,2019,701,1564,73186,187801,0.00143,0.01471,0.001,0.0087,8.45,0.000108,0.001046,9.719,2.3235,2.29,0.1485,2.29
harness,2019,701,1564,73186,187801,0.00143,0.01407,0.0012,0.0093,7.409,0.00013,0.001112,8.522,2.2791,2.24,0.1442,2.24
visualization,2019,701,1564,73186,187801,0.00143,0.01407,0.0009,0.0166,18.15,9.6e-05,0.001995,20.875,2.2791,2.24,0.1442,2.24
gastronomy,2019,701,1564,73186,187801,0.00143,0.01407,0.0011,0.0281,25.885,0.000114,0.003379,29.772,2.2791,2.24,0.1442,2.24
balance economic,2019,701,1564,73186,187801,0.00143,0.01407,0.0014,0.0097,7.086,0.000143,0.001164,8.15,2.2791,2.24,0.1442,2.24
profound,2019,701,1564,73186,187801,0.00143,0.01407,0.0008,0.0093,12.05,8e-05,0.001113,13.859,2.2791,2.24,0.1442,2.24
advance sustainable,2019,701,1564,73186,187801,0.00143,0.01407,0.0008,0.0103,13.668,7.8e-05,0.001233,15.72,2.2791,2.24,0.1442,2.24
policymakers,2019,701,1564,73186,187801,0.00999,0.09591,0.0093,0.0422,4.535,0.000972,0.005072,5.215,2.2609,5.89,0.3837,5.89
promise,2019,701,1564,73186,187801,0.00285,0.02685,0.0018,0.0165,9.406,0.000184,0.001986,10.818,2.2373,3.1,0.1984,3.1
robustness,2019,701,1564,73186,187801,0.00143,0.01343,0.0003,0.0081,24.904,3.4e-05,0.00097,28.643,2.2326,2.19,0.1398,2.19
talent,2019,701,1564,73186,187801,0.00143,0.01343,0.001,0.0108,10.948,0.000103,0.001295,12.592,2.2326,2.19,0.1398,2.19
rural revitalization,2019,701,1564,73186,187801,0.00143,0.01343,0.0009,0.011,12.194,9.4e-05,0.001319,14.025,2.2326,2.19,0.1398,2.19
iot,2019,701,1564,73186,187801,0.00143,0.01343,0.0011,0.0212,18.692,0.000118,0.002541,21.498,2.2326,2.19,0.1398,2.19
align,2019,701,1564,73186,187801,0.00571,0.05179,0.0043,0.0275,6.322,0.000454,0.003301,7.272,2.2033,4.32,0.2758,4.32
inclusivity,2019,701,1564,73186,187801,0.00143,0.01279,0.0011,0.0095,8.577,0.000116,0.001147,9.865,2.1838,2.14,0.1352,2.14
tourism technology,2019,701,1564,73186,187801,0.00143,0.01279,0.0024,0.0134,5.51,0.000253,0.001605,6.338,2.1838,2.14,0.1352,2.14
upward,2019,701,1564,73186,187801,0.00143,0.01279,0.0015,0.0067,4.486,0.000157,0.00081,5.16,2.1838,2.14,0.1352,2.14
travel experience,2019,701,1564,73186,187801,0.00143,0.01279,0.0015,0.0118,7.83,0.000158,0.001419,9.006,2.1838,2.14,0.1352,2.14
web,2019,701,1564,73186,187801,0.00285,0.0243,0.0024,0.0182,7.611,0.000249,0.002183,8.754,2.1372,2.96,0.1853,2.96
service quality,2019,701,1564,73186,187801,0.00143,0.01215,0.0014,0.0111,7.856,0.000147,0.001331,9.036,2.1325,2.09,0.1306,2.09
emphasize importance,2019,701,1564,73186,187801,0.00143,0.01215,0.0005,0.0072,14.079,5.3e-05,0.000862,16.193,2.1325,2.09,0.1306,2.09
regency,2019,701,1564,73186,187801,0.00143,0.01215,0.0025,0.0153,6.009,0.000266,0.001838,6.912,2.1325,2.09,0.1306,2.09
replicable,2019,701,1564,73186,187801,0.00143,0.01215,0.0011,0.0084,7.404,0.000119,0.001013,8.516,2.1325,2.09,0.1306,2.09
community engagement,2019,701,1564,73186,187801,0.00285,0.02366,0.0039,0.0182,4.645,0.00041,0.002188,5.343,2.1106,2.92,0.1819,2.92
disparity,2019,701,1564,73186,187801,0.00285,0.02302,0.0026,0.0161,6.269,0.000269,0.001936,7.21,2.0832,2.88,0.1785,2.88
development trend,2019,701,1564,73186,187801,0.00143,0.01151,0.0008,0.009,11.111,8.4e-05,0.00108,12.779,2.0785,2.03,0.1258,2.03
comprehensively,2019,701,1564,73186,187801,0.00143,0.01151,0.0015,0.0068,4.589,0.000156,0.000822,5.278,2.0785,2.03,0.1258,2.03
exert,2019,701,1564,73186,187801,0.00143,0.01151,0.0006,0.0068,11.214,6.4e-05,0.000821,12.898,2.0785,2.03,0.1258,2.03
eco friendly,2019,701,1564,73186,187801,0.00143,0.01151,0.0009,0.0081,9.254,9.1e-05,0.000973,10.644,2.0785,2.03,0.1258,2.03
imbalance,2019,701,1564,73186,187801,0.00143,0.01151,0.0017,0.0075,4.311,0.000182,0.000903,4.959,2.0785,2.03,0.1258,2.03
threshold,2019,701,1564,73186,187801,0.00143,0.01151,0.0018,0.0102,5.582,0.000191,0.001228,6.42,2.0785,2.03,0.1258,2.03
play crucial,2019,701,1564,73186,187801,0.00143,0.01151,0.0017,0.0088,5.198,0.000176,0.001055,5.979,2.0785,2.03,0.1258,2.03
tourism environmental,2019,701,1564,73186,187801,0.00143,0.01151,0.0019,0.0086,4.511,0.000199,0.001031,5.189,2.0785,2.03,0.1258,2.03
equality,2019,701,1564,73186,187801,0.00143,0.01151,0.0012,0.0111,9.579,0.000121,0.001331,11.017,2.0785,2.03,0.1258,2.03
technology adoption,2019,701,1564,73186,187801,0.00143,0.01151,0.0007,0.0109,14.756,7.7e-05,0.001313,16.971,2.0785,2.03,0.1258,2.03
peer reviewed,2019,701,1564,73186,187801,0.00143,0.01151,0.0008,0.0069,8.41,8.5e-05,0.000824,9.673,2.0785,2.03,0.1258,2.03
reviewed,2019,701,1564,73186,187801,0.00143,0.01151,0.0008,0.0069,8.41,8.5e-05,0.000824,9.673,2.0785,2.03,0.1258,2.03
technological innovation,2019,701,1564,73186,187801,0.01141,0.08951,0.0087,0.0568,6.554,0.000905,0.00682,7.539,2.0585,5.71,0.3568,5.71
interplay,2019,701,1564,73186,187801,0.00285,0.02238,0.0032,0.0135,4.249,0.000332,0.00162,4.887,2.055,2.84,0.1749,2.84
encompass,2019,701,1564,73186,187801,0.00285,0.02238,0.0019,0.0154,7.933,0.000203,0.001849,9.124,2.055,2.84,0.1749,2.84
development quality,2019,701,1564,73186,187801,0.00143,0.01087,0.0019,0.0091,4.776,0.000198,0.00109,5.494,2.0214,1.98,0.1208,1.98
operational efficiency,2019,701,1564,73186,187801,0.00143,0.01087,0.0016,0.0079,4.838,0.00017,0.000947,5.565,2.0214,1.98,0.1208,1.98
estimation,2019,701,1564,73186,187801,0.00143,0.01087,0.0008,0.0072,8.704,8.7e-05,0.000867,10.011,2.0214,1.98,0.1208,1.98
permit,2019,701,1564,73186,187801,0.00143,0.01087,0.0014,0.0079,5.753,0.000144,0.000954,6.617,2.0214,1.98,0.1208,1.98
coordinate development,2019,701,1564,73186,187801,0.00143,0.01087,0.0009,0.0063,6.73,9.7e-05,0.000753,7.74,2.0214,1.98,0.1208,1.98
curve,2019,701,1564,73186,187801,0.00143,0.01087,0.002,0.0103,5.095,0.00021,0.001231,5.86,2.0214,1.98,0.1208,1.98
green technology,2019,701,1564,73186,187801,0.00143,0.01087,0.0031,0.0124,4.03,0.000322,0.001495,4.635,2.0214,1.98,0.1208,1.98
remain limit,2019,701,1564,73186,187801,0.00143,0.01087,0.002,0.0066,3.404,0.000204,0.000797,3.915,2.0214,1.98,0.1208,1.98
sustainable city,2019,701,1564,73186,187801,0.00143,0.01087,0.0011,0.0078,6.874,0.000119,0.000939,7.906,2.0214,1.98,0.1208,1.98
emerge economy,2019,701,1564,73186,187801,0.00143,0.01087,0.0009,0.0108,11.779,9.6e-05,0.001298,13.547,2.0214,1.98,0.1208,1.98
kazakhstan,2019,701,1564,73186,187801,0.00143,0.01087,0.0076,0.0225,2.972,0.000789,0.002697,3.418,2.0214,1.98,0.1208,1.98
fuzzy,2019,701,1564,73186,187801,0.00143,0.01087,0.0013,0.015,11.136,0.00014,0.001796,12.807,2.0214,1.98,0.1208,1.98
innovation digital,2019,701,1564,73186,187801,0.00143,0.01087,0.0009,0.0069,7.803,9.2e-05,0.000828,8.974,2.0214,1.98,0.1208,1.98
mediate,2019,701,1564,73186,187801,0.00571,0.04156,0.0049,0.0314,6.401,0.000512,0.003773,7.362,1.9833,3.87,0.236,3.87
vitality,2019,701,1564,73186,187801,0.00143,0.01023,0.0012,0.0082,6.579,0.00013,0.00098,7.567,1.9608,1.91,0.1157,1.91
segmentation,2019,701,1564,73186,187801,0.00143,0.01023,0.0021,0.0093,4.542,0.000215,0.001122,5.224,1.9608,1.91,0.1157,1.91
usage,2019,701,1564,73186,187801,0.00143,0.01023,0.0016,0.0101,6.114,0.000172,0.001208,7.032,1.9608,1.91,0.1157,1.91
spatial spillover,2019,701,1564,73186,187801,0.00143,0.01023,0.002,0.0091,4.479,0.000213,0.001097,5.152,1.9608,1.91,0.1157,1.91
ensure long,2019,701,1564,73186,187801,0.00143,0.01023,0.0012,0.0065,5.334,0.000127,0.000779,6.135,1.9608,1.91,0.1157,1.91
adaptability,2019,701,1564,73186,187801,0.00143,0.01023,0.0035,0.0068,1.961,0.000363,0.000819,2.256,1.9608,1.91,0.1157,1.91
sustainable management,2019,701,1564,73186,187801,0.00143,0.01023,0.0005,0.0079,15.659,5.2e-05,0.000945,18.01,1.9608,1.91,0.1157,1.91
emission,2019,701,1564,73186,187801,0.00428,0.03005,0.0047,0.0482,10.276,0.000489,0.005785,11.819,1.9459,3.28,0.1984,3.28
authentic,2019,701,1564,73186,187801,0.00285,0.01982,0.0027,0.0175,6.424,0.000285,0.002104,7.389,1.9337,2.66,0.1603,2.66
analytics,2019,701,1564,73186,187801,0.00285,0.01982,0.0068,0.0211,3.108,0.00071,0.002537,3.574,1.9337,2.66,0.1603,2.66
engine,2019,701,1564,73186,187801,0.00143,0.00959,0.0012,0.0063,5.267,0.000125,0.00076,6.057,1.8963,1.85,0.1103,1.85
obvious,2019,701,1564,73186,187801,0.00143,0.00959,0.0009,0.0054,5.87,9.6e-05,0.000646,6.751,1.8963,1.85,0.1103,1.85
unesco world,2019,701,1564,73186,187801,0.00143,0.00959,0.0026,0.0078,2.951,0.000274,0.000931,3.394,1.8963,1.85,0.1103,1.85
sustainability rural,2019,701,1564,73186,187801,0.00143,0.00959,0.0013,0.0086,6.532,0.000137,0.001033,7.512,1.8963,1.85,0.1103,1.85
moment,2019,701,1564,73186,187801,0.00143,0.00959,0.0009,0.0074,7.951,9.7e-05,0.000883,9.145,1.8963,1.85,0.1103,1.85
development index,2019,701,1564,73186,187801,0.00143,0.00959,0.0019,0.007,3.685,0.000198,0.000839,4.238,1.8963,1.85,0.1103,1.85
development technology,2019,701,1564,73186,187801,0.00143,0.00959,0.0008,0.0068,8.872,8e-05,0.000812,10.204,1.8963,1.85,0.1103,1.85
alignment,2019,701,1564,73186,187801,0.00143,0.00959,0.0015,0.0066,4.407,0.000155,0.000788,5.068,1.8963,1.85,0.1103,1.85
efficiency,2019,701,1564,73186,187801,0.00999,0.0665,0.0071,0.064,8.979,0.000744,0.007682,10.328,1.8947,4.89,0.2947,4.89
pathway,2019,701,1564,73186,187801,0.00713,0.04668,0.0044,0.0303,6.814,0.000464,0.003636,7.837,1.8767,4.08,0.2444,4.08
foster sustainable,2019,701,1564,73186,187801,0.00285,0.01854,0.0018,0.0113,6.364,0.000185,0.001354,7.32,1.867,2.56,0.1525,2.56
technology tourism,2019,701,1564,73186,187801,0.00428,0.02749,0.0056,0.0207,3.713,0.000583,0.002491,4.271,1.857,3.12,0.1857,3.12
driven,2019,701,1564,73186,187801,0.01284,0.08056,0.0086,0.0473,5.47,0.000903,0.005679,6.291,1.8355,5.37,0.321,5.37
innovation economic,2019,701,1564,73186,187801,0.00143,0.00895,0.0008,0.0066,8.021,8.6e-05,0.000795,9.225,1.8273,1.78,0.1047,1.78
nation sustainable,2019,701,1564,73186,187801,0.00143,0.00895,0.001,0.0064,6.698,0.0001,0.000769,7.704,1.8273,1.78,0.1047,1.78
super,2019,701,1564,73186,187801,0.00143,0.00895,0.0017,0.009,5.425,0.000173,0.001082,6.24,1.8273,1.78,0.1047,1.78
mediation,2019,701,1564,73186,187801,0.00143,0.00895,0.0014,0.0059,4.217,0.000146,0.000707,4.85,1.8273,1.78,0.1047,1.78
disruption,2019,701,1564,73186,187801,0.00143,0.00895,0.0011,0.007,6.554,0.000111,0.000836,7.538,1.8273,1.78,0.1047,1.78
civilization,2019,701,1564,73186,187801,0.00143,0.00895,0.0008,0.0073,8.628,8.8e-05,0.000873,9.923,1.8273,1.78,0.1047,1.78
nonlinear,2019,701,1564,73186,187801,0.00143,0.00895,0.0003,0.0073,21.095,3.6e-05,0.000875,24.262,1.8273,1.78,0.1047,1.78
crowd,2019,701,1564,73186,187801,0.00143,0.00895,0.0014,0.0066,4.799,0.000144,0.000797,5.52,1.8273,1.78,0.1047,1.78
integrate local,2019,701,1564,73186,187801,0.00143,0.00895,0.001,0.0062,5.953,0.000109,0.000748,6.847,1.8273,1.78,0.1047,1.78
development influence,2019,701,1564,73186,187801,0.00143,0.00895,0.0013,0.006,4.479,0.00014,0.000722,5.152,1.8273,1.78,0.1047,1.78
immediate,2019,701,1564,73186,187801,0.00143,0.00895,0.0017,0.006,3.468,0.000181,0.000722,3.989,1.8273,1.78,0.1047,1.78
adoption tourism,2019,701,1564,73186,187801,0.00143,0.00895,0.0008,0.007,9.131,8e-05,0.000844,10.502,1.8273,1.78,0.1047,1.78
least square,2019,701,1564,73186,187801,0.00428,0.02621,0.003,0.0162,5.424,0.000312,0.001946,6.239,1.8094,3.04,0.179,3.04
algorithm,2019,701,1564,73186,187801,0.00285,0.01726,0.0044,0.0202,4.615,0.000457,0.002424,5.308,1.7956,2.46,0.1444,2.46
interdisciplinary,2019,701,1564,73186,187801,0.00285,0.01726,0.0023,0.0123,5.364,0.000239,0.001473,6.169,1.7956,2.46,0.1444,2.46
transformation,2019,701,1564,73186,187801,0.01712,0.10166,0.0147,0.067,4.561,0.001534,0.008044,5.245,1.7807,6.02,0.3577,6.02
carbon,2019,701,1564,73186,187801,0.00571,0.03389,0.0166,0.0632,3.817,0.001729,0.007591,4.391,1.7792,3.45,0.2023,3.45
panel,2019,701,1564,73186,187801,0.00856,0.04987,0.009,0.0366,4.056,0.000942,0.004396,4.665,1.7609,4.18,0.2453,4.18
dual,2019,701,1564,73186,187801,0.00428,0.02494,0.0036,0.015,4.149,0.000377,0.0018,4.772,1.7594,2.95,0.1722,2.95
tourism china,2019,701,1564,73186,187801,0.00428,0.02494,0.0032,0.0139,4.359,0.000332,0.001666,5.013,1.7594,2.95,0.1722,2.95
visitor experience,2019,701,1564,73186,187801,0.00285,0.01662,0.0021,0.0112,5.296,0.000221,0.001346,6.091,1.7579,2.41,0.1402,2.41
square structural,2019,701,1564,73186,187801,0.00285,0.01662,0.0016,0.0099,6.054,0.000171,0.001188,6.963,1.7579,2.41,0.1402,2.41
openness,2019,701,1564,73186,187801,0.00285,0.01662,0.0029,0.0196,6.71,0.000304,0.002348,7.718,1.7579,2.41,0.1402,2.41
constantly,2019,701,1564,73186,187801,0.00143,0.00831,0.0017,0.0062,3.68,0.000177,0.000748,4.232,1.7533,1.7,0.0989,1.7
community driven,2019,701,1564,73186,187801,0.00143,0.00831,0.0037,0.0071,1.911,0.000387,0.000851,2.198,1.7533,1.7,0.0989,1.7
economic resilience,2019,701,1564,73186,187801,0.00143,0.00831,0.0053,0.0084,1.604,0.000549,0.001014,1.845,1.7533,1.7,0.0989,1.7
foreign direct,2019,701,1564,73186,187801,0.00143,0.00831,0.0038,0.0105,2.745,0.0004,0.001263,3.157,1.7533,1.7,0.0989,1.7
quantify,2019,701,1564,73186,187801,0.00143,0.00831,0.0009,0.006,6.708,9.3e-05,0.00072,7.715,1.7533,1.7,0.0989,1.7
fragile,2019,701,1564,73186,187801,0.00143,0.00831,0.0013,0.0068,5.37,0.000132,0.000817,6.177,1.7533,1.7,0.0989,1.7
growth environmental,2019,701,1564,73186,187801,0.00143,0.00831,0.0005,0.0061,11.027,5.7e-05,0.000728,12.683,1.7533,1.7,0.0989,1.7
innovation management,2019,701,1564,73186,187801,0.00143,0.00831,0.001,0.0073,7.243,0.000105,0.000878,8.33,1.7533,1.7,0.0989,1.7
gradual,2019,701,1564,73186,187801,0.00143,0.00831,0.0009,0.0055,6.449,8.9e-05,0.00066,7.417,1.7533,1.7,0.0989,1.7
calculate,2019,701,1564,73186,187801,0.00143,0.00831,0.001,0.005,5.218,9.9e-05,0.000595,6.002,1.7533,1.7,0.0989,1.7
urban rural,2019,701,1564,73186,187801,0.00143,0.00831,0.001,0.0095,9.41,0.000105,0.00114,10.823,1.7533,1.7,0.0989,1.7
pioneer,2019,701,1564,73186,187801,0.00143,0.00831,0.0014,0.0071,4.999,0.000148,0.000853,5.75,1.7533,1.7,0.0989,1.7
smart technology,2019,701,1564,73186,187801,0.00143,0.00831,0.0014,0.0094,6.839,0.000144,0.001131,7.865,1.7533,1.7,0.0989,1.7
woman empowerment,2019,701,1564,73186,187801,0.00143,0.00831,0.0024,0.0185,7.621,0.000254,0.002225,8.765,1.7533,1.7,0.0989,1.7
woman entrepreneur,2019,701,1564,73186,187801,0.00143,0.00831,0.0017,0.0126,7.224,0.000182,0.001516,8.309,1.7533,1.7,0.0989,1.7
exhibition,2019,701,1564,73186,187801,0.00143,0.00831,0.0054,0.0108,1.976,0.000569,0.001293,2.273,1.7533,1.7,0.0989,1.7
empower woman,2019,701,1564,73186,187801,0.00143,0.00831,0.001,0.0082,8.002,0.000107,0.000981,9.204,1.7533,1.7,0.0989,1.7
balance tourism,2019,701,1564,73186,187801,0.00143,0.00831,0.0013,0.0061,4.805,0.000133,0.000734,5.527,1.7533,1.7,0.0989,1.7
efficiency tourism,2019,701,1564,73186,187801,0.00143,0.00831,0.0006,0.0079,12.396,6.7e-05,0.000953,14.257,1.7533,1.7,0.0989,1.7
advancement,2019,701,1564,73186,187801,0.00713,0.04028,0.0052,0.024,4.591,0.000545,0.002876,5.28,1.7294,3.74,0.2179,3.74
platform,2019,701,1564,73186,187801,0.01141,0.06394,0.014,0.0385,2.754,0.001458,0.004617,3.168,1.7221,4.73,0.2759,4.73
tourism sustainability,2019,701,1564,73186,187801,0.00571,0.03197,0.0042,0.0202,4.836,0.000436,0.002428,5.562,1.721,3.33,0.1932,3.33
consistent,2019,701,1564,73186,187801,0.00285,0.01598,0.0025,0.0095,3.81,0.000261,0.001142,4.382,1.7187,2.35,0.1359,2.35
extract,2019,701,1564,73186,187801,0.00285,0.01598,0.0024,0.0093,3.924,0.000248,0.00112,4.513,1.7187,2.35,0.1359,2.35
tailor,2019,701,1564,73186,187801,0.00285,0.01598,0.0024,0.0102,4.32,0.000246,0.001222,4.969,1.7187,2.35,0.1359,2.35
thematic,2019,701,1564,73186,187801,0.00999,0.05499,0.0053,0.0377,7.081,0.000556,0.00453,8.144,1.7046,4.37,0.2538,4.37
promote sustainable,2019,701,1564,73186,187801,0.00856,0.04668,0.0062,0.0242,3.926,0.000642,0.002901,4.516,1.6947,4.02,0.2326,4.02
database,2019,701,1564,73186,187801,0.00713,0.03836,0.0056,0.0213,3.815,0.000584,0.002561,4.388,1.6806,3.63,0.2095,3.63
simultaneously,2019,701,1564,73186,187801,0.00285,0.01535,0.0024,0.0086,3.563,0.000252,0.001031,4.098,1.6779,2.29,0.1316,2.29
tourism village,2019,701,1564,73186,187801,0.00285,0.01535,0.0032,0.0252,7.773,0.000338,0.003025,8.94,1.6779,2.29,0.1316,2.29
industrial structure,2019,701,1564,73186,187801,0.00285,0.01535,0.0023,0.0129,5.535,0.000244,0.001552,6.366,1.6779,2.29,0.1316,2.29
city china,2019,701,1564,73186,187801,0.00143,0.00767,0.0009,0.0058,6.377,9.5e-05,0.000697,7.335,1.6733,1.62,0.0928,1.62
policy intervention,2019,701,1564,73186,187801,0.00143,0.00767,0.0012,0.0059,4.963,0.000125,0.000714,5.708,1.6733,1.62,0.0928,1.62
criteria,2019,701,1564,73186,187801,0.00143,0.00767,0.0017,0.0081,4.817,0.000176,0.000974,5.54,1.6733,1.62,0.0928,1.62
policymaking,2019,701,1564,73186,187801,0.00143,0.00767,0.002,0.0053,2.623,0.000212,0.000641,3.017,1.6733,1.62,0.0928,1.62
autoregressive,2019,701,1564,73186,187801,0.00143,0.00767,0.001,0.0056,5.31,0.00011,0.000669,6.108,1.6733,1.62,0.0928,1.62
travel agency,2019,701,1564,73186,187801,0.00143,0.00767,0.0041,0.007,1.697,0.000428,0.000835,1.952,1.6733,1.62,0.0928,1.62
intellectual,2019,701,1564,73186,187801,0.00143,0.00767,0.001,0.0108,10.547,0.000107,0.001293,12.131,1.6733,1.62,0.0928,1.62
development ecological,2019,701,1564,73186,187801,0.00143,0.00767,0.0009,0.0058,6.27,9.7e-05,0.0007,7.211,1.6733,1.62,0.0928,1.62
development carbon,2019,701,1564,73186,187801,0.00143,0.00767,0.0017,0.0054,3.215,0.000174,0.000643,3.697,1.6733,1.62,0.0928,1.62
revisit,2019,701,1564,73186,187801,0.00143,0.00767,0.0017,0.0088,5.028,0.000182,0.001051,5.783,1.6733,1.62,0.0928,1.62
edge,2019,701,1564,73186,187801,0.00143,0.00767,0.0012,0.0085,7.024,0.000126,0.001017,8.079,1.6733,1.62,0.0928,1.62
environmental regulation,2019,701,1564,73186,187801,0.00143,0.00767,0.0011,0.0097,9.157,0.000111,0.001171,10.532,1.6733,1.62,0.0928,1.62
direct investment,2019,701,1564,73186,187801,0.00143,0.00767,0.0039,0.0101,2.605,0.000405,0.001213,2.997,1.6733,1.62,0.0928,1.62
sustainable inclusive,2019,701,1564,73186,187801,0.00143,0.00767,0.0013,0.0064,4.915,0.000136,0.000769,5.653,1.6733,1.62,0.0928,1.62
confirmatory,2019,701,1564,73186,187801,0.00143,0.00767,0.0018,0.0062,3.431,0.000189,0.000747,3.946,1.6733,1.62,0.0928,1.62
gentrification,2019,701,1564,73186,187801,0.00143,0.00767,0.0062,0.0136,2.203,0.000645,0.001633,2.534,1.6733,1.62,0.0928,1.62
industry develop,2019,701,1564,73186,187801,0.00143,0.00767,0.0011,0.0049,4.353,0.000117,0.000587,5.007,1.6733,1.62,0.0928,1.62
innovation capability,2019,701,1564,73186,187801,0.00143,0.00767,0.0012,0.0078,6.421,0.000127,0.000934,7.385,1.6733,1.62,0.0928,1.62
likert scale,2019,701,1564,73186,187801,0.00143,0.00767,0.0015,0.005,3.4,0.000155,0.000606,3.911,1.6733,1.62,0.0928,1.62
interpretive,2019,701,1564,73186,187801,0.00143,0.00767,0.0009,0.0057,6.143,9.7e-05,0.000686,7.065,1.6733,1.62,0.0928,1.62
influence tourist,2019,701,1564,73186,187801,0.00143,0.00767,0.0007,0.0062,8.732,7.4e-05,0.000746,10.043,1.6733,1.62,0.0928,1.62
tourism driven,2019,701,1564,73186,187801,0.00143,0.00767,0.0006,0.0083,14.579,5.9e-05,0.000995,16.768,1.6733,1.62,0.0928,1.62
sustainability community,2019,701,1564,73186,187801,0.00143,0.00767,0.0023,0.0053,2.314,0.000241,0.00064,2.662,1.6733,1.62,0.0928,1.62
emerge technology,2019,701,1564,73186,187801,0.00143,0.00767,0.002,0.0073,3.651,0.000207,0.000871,4.199,1.6733,1.62,0.0928,1.62
innovation promote,2019,701,1564,73186,187801,0.00143,0.00767,0.0016,0.0054,3.428,0.000164,0.000648,3.943,1.6733,1.62,0.0928,1.62
fluctuate,2019,701,1564,73186,187801,0.00143,0.00767,0.0011,0.0036,3.35,0.000111,0.000429,3.853,1.6733,1.62,0.0928,1.62
likert,2019,701,1564,73186,187801,0.00143,0.00767,0.0015,0.005,3.4,0.000155,0.000606,3.911,1.6733,1.62,0.0928,1.62
green,2019,701,1564,73186,187801,0.01427,0.07545,0.0225,0.0959,4.264,0.002348,0.011516,4.904,1.6647,5.11,0.2956,5.11
resilience,2019,701,1564,73186,187801,0.01427,0.07353,0.0258,0.075,2.902,0.002698,0.009006,3.338,1.639,5.02,0.2893,5.02
square,2019,701,1564,73186,187801,0.00571,0.02941,0.0038,0.0175,4.544,0.000402,0.002099,5.227,1.6376,3.16,0.1805,3.16
sdgs,2019,701,1564,73186,187801,0.00571,0.02941,0.0133,0.0272,2.045,0.001388,0.003264,2.352,1.6376,3.16,0.1805,3.16
undergo,2019,701,1564,73186,187801,0.00285,0.01471,0.002,0.0097,4.945,0.000205,0.001164,5.687,1.6353,2.23,0.1271,2.23
conceptualize,2019,701,1564,73186,187801,0.00285,0.01471,0.002,0.0098,4.809,0.000213,0.001176,5.532,1.6353,2.23,0.1271,2.23
inclusion,2019,701,1564,73186,187801,0.00713,0.03645,0.0055,0.0245,4.464,0.000573,0.002944,5.134,1.6293,3.51,0.2008,3.51
engagement,2019,701,1564,73186,187801,0.01854,0.09399,0.0194,0.0548,2.826,0.002026,0.006585,3.251,1.6223,5.68,0.3274,5.68
intelligent,2019,701,1564,73186,187801,0.00428,0.02174,0.0034,0.0261,7.76,0.000351,0.003133,8.925,1.6222,2.71,0.1541,2.71
development goal,2019,701,1564,73186,187801,0.00999,0.04923,0.0078,0.0356,4.552,0.000816,0.004274,5.236,1.5941,4.07,0.2315,4.07
quality tourism,2019,701,1564,73186,187801,0.00428,0.0211,0.0036,0.0156,4.288,0.00038,0.001872,4.932,1.5924,2.65,0.1503,2.65
immersive,2019,701,1564,73186,187801,0.00285,0.01407,0.0026,0.0124,4.726,0.000274,0.001492,5.436,1.5909,2.16,0.1224,2.16
renewable,2019,701,1564,73186,187801,0.00285,0.01407,0.002,0.0178,8.683,0.000214,0.002135,9.986,1.5909,2.16,0.1224,2.16
address challenge,2019,701,1564,73186,187801,0.00285,0.01407,0.0022,0.0084,3.898,0.000224,0.001006,4.483,1.5909,2.16,0.1224,2.16
multifaceted,2019,701,1564,73186,187801,0.00285,0.01407,0.0031,0.0098,3.194,0.000321,0.00118,3.673,1.5909,2.16,0.1224,2.16
march,2019,701,1564,73186,187801,0.00143,0.00703,0.0011,0.0059,5.143,0.000119,0.000703,5.915,1.5864,1.53,0.0864,1.53
social equity,2019,701,1564,73186,187801,0.00143,0.00703,0.0012,0.0052,4.244,0.000128,0.000623,4.881,1.5864,1.53,0.0864,1.53
foster local,2019,701,1564,73186,187801,0.00143,0.00703,0.0015,0.0046,3.011,0.00016,0.000554,3.463,1.5864,1.53,0.0864,1.53
foster economic,2019,701,1564,73186,187801,0.00143,0.00703,0.0013,0.0049,3.852,0.000132,0.000586,4.43,1.5864,1.53,0.0864,1.53
marine tourism,2019,701,1564,73186,187801,0.00143,0.00703,0.0013,0.0156,11.717,0.000139,0.001877,13.476,1.5864,1.53,0.0864,1.53
disrupt,2019,701,1564,73186,187801,0.00143,0.00703,0.0013,0.0051,3.8,0.00014,0.000614,4.37,1.5864,1.53,0.0864,1.53
curriculum,2019,701,1564,73186,187801,0.00143,0.00703,0.0053,0.0075,1.41,0.000557,0.000904,1.621,1.5864,1.53,0.0864,1.53
circle,2019,701,1564,73186,187801,0.00143,0.00703,0.0052,0.0054,1.036,0.000548,0.000653,1.192,1.5864,1.53,0.0864,1.53
tourism consumption,2019,701,1564,73186,187801,0.00143,0.00703,0.004,0.0082,2.067,0.000414,0.000983,2.377,1.5864,1.53,0.0864,1.53
tourism integration,2019,701,1564,73186,187801,0.00143,0.00703,0.0013,0.0088,6.7,0.000138,0.001061,7.706,1.5864,1.53,0.0864,1.53
comprehensive framework,2019,701,1564,73186,187801,0.00143,0.00703,0.0011,0.0045,4.043,0.000115,0.000535,4.65,1.5864,1.53,0.0864,1.53
sustainable cultural,2019,701,1564,73186,187801,0.00143,0.00703,0.0016,0.0057,3.604,0.000164,0.000679,4.145,1.5864,1.53,0.0864,1.53
instrumental,2019,701,1564,73186,187801,0.00143,0.00703,0.002,0.0047,2.313,0.000213,0.000566,2.66,1.5864,1.53,0.0864,1.53
consistently,2019,701,1564,73186,187801,0.00143,0.00703,0.0016,0.0046,2.884,0.000166,0.00055,3.317,1.5864,1.53,0.0864,1.53
multi criteria,2019,701,1564,73186,187801,0.00143,0.00703,0.0017,0.0077,4.537,0.000178,0.000928,5.218,1.5864,1.53,0.0864,1.53
revival,2019,701,1564,73186,187801,0.00143,0.00703,0.0014,0.0063,4.663,0.000142,0.00076,5.363,1.5864,1.53,0.0864,1.53
revolution,2019,701,1564,73186,187801,0.00143,0.00703,0.0006,0.0093,16.818,5.8e-05,0.001116,19.343,1.5864,1.53,0.0864,1.53
privacy,2019,701,1564,73186,187801,0.00143,0.00703,0.0017,0.0063,3.765,0.000175,0.000757,4.33,1.5864,1.53,0.0864,1.53
development coastal,2019,701,1564,73186,187801,0.00143,0.00703,0.001,0.0067,7.022,0.0001,0.000806,8.076,1.5864,1.53,0.0864,1.53
format,2019,701,1564,73186,187801,0.00143,0.00703,0.0008,0.0078,9.857,8.3e-05,0.000939,11.337,1.5864,1.53,0.0864,1.53
turismo,2019,701,1564,73186,187801,0.00143,0.00703,0.0008,0.0084,10.579,8.3e-05,0.001008,12.167,1.5864,1.53,0.0864,1.53
macroeconomic,2019,701,1564,73186,187801,0.00143,0.00703,0.0011,0.0092,8.476,0.000113,0.001105,9.749,1.5864,1.53,0.0864,1.53
tourism carbon,2019,701,1564,73186,187801,0.00143,0.00703,0.0017,0.008,4.719,0.000176,0.000955,5.428,1.5864,1.53,0.0864,1.53
wellness tourism,2019,701,1564,73186,187801,0.00143,0.00703,0.0049,0.0163,3.319,0.000512,0.001954,3.817,1.5864,1.53,0.0864,1.53
nuanced,2019,701,1564,73186,187801,0.00143,0.00703,0.0014,0.0045,3.334,0.000141,0.000542,3.834,1.5864,1.53,0.0864,1.53
recover,2019,701,1564,73186,187801,0.00143,0.00703,0.002,0.0062,3.147,0.000207,0.000748,3.619,1.5864,1.53,0.0864,1.53
interdependence,2019,701,1564,73186,187801,0.00143,0.00703,0.0018,0.0059,3.296,0.000187,0.000708,3.791,1.5864,1.53,0.0864,1.53
green tourism,2019,701,1564,73186,187801,0.00143,0.00703,0.001,0.0111,11.007,0.000105,0.001335,12.659,1.5864,1.53,0.0864,1.53
index tourism,2019,701,1564,73186,187801,0.00143,0.00703,0.0018,0.004,2.162,0.000191,0.000476,2.487,1.5864,1.53,0.0864,1.53
live standard,2019,701,1564,73186,187801,0.00143,0.00703,0.0016,0.0072,4.442,0.000169,0.000862,5.108,1.5864,1.53,0.0864,1.53
strive,2019,701,1564,73186,187801,0.00143,0.00703,0.0017,0.0051,2.954,0.000181,0.000614,3.397,1.5864,1.53,0.0864,1.53
sustainability oriented,2019,701,1564,73186,187801,0.00143,0.00703,0.0019,0.0055,2.84,0.000201,0.000658,3.266,1.5864,1.53,0.0864,1.53
sustainability economic,2019,701,1564,73186,187801,0.00143,0.00703,0.001,0.0053,5.31,0.000103,0.000631,6.107,1.5864,1.53,0.0864,1.53
unify,2019,701,1564,73186,187801,0.00143,0.00703,0.0013,0.005,3.913,0.000133,0.0006,4.5,1.5864,1.53,0.0864,1.53
asymmetric,2019,701,1564,73186,187801,0.00143,0.00703,0.0004,0.0054,15.081,3.7e-05,0.000647,17.345,1.5864,1.53,0.0864,1.53
index,2019,701,1564,73186,187801,0.01141,0.05435,0.0108,0.04,3.718,0.001123,0.004804,4.276,1.5596,4.25,0.2408,4.25
technological,2019,701,1564,73186,187801,0.03138,0.14898,0.0202,0.0904,4.477,0.002108,0.010853,5.15,1.5571,7.13,0.4105,7.13
globally,2019,701,1564,73186,187801,0.00571,0.02685,0.0052,0.0161,3.074,0.000546,0.001932,3.535,1.5466,2.97,0.1671,2.97
interact,2019,701,1564,73186,187801,0.00285,0.01343,0.0019,0.0086,4.647,0.000193,0.001033,5.345,1.5444,2.1,0.1177,2.1
productivity,2019,701,1564,73186,187801,0.00285,0.01343,0.003,0.0142,4.718,0.000315,0.001707,5.426,1.5444,2.1,0.1177,2.1
stakeholder engagement,2019,701,1564,73186,187801,0.00285,0.01343,0.0025,0.0097,3.967,0.000257,0.001171,4.563,1.5444,2.1,0.1177,2.1
validity,2019,701,1564,73186,187801,0.00285,0.01343,0.0028,0.0087,3.151,0.000288,0.001045,3.624,1.5444,2.1,0.1177,2.1
augment reality,2019,701,1564,73186,187801,0.00285,0.01343,0.0074,0.0142,1.926,0.000772,0.00171,2.215,1.5444,2.1,0.1177,2.1
tourism support,2019,701,1564,73186,187801,0.00285,0.01343,0.0018,0.011,6.05,0.00019,0.001323,6.958,1.5444,2.1,0.1177,2.1
environmental degradation,2019,701,1564,73186,187801,0.00428,0.01982,0.0036,0.0158,4.441,0.000372,0.001899,5.108,1.5299,2.54,0.1424,2.54
lag,2019,701,1564,73186,187801,0.00428,0.01982,0.0051,0.0116,2.268,0.000533,0.001391,2.608,1.5299,2.54,0.1424,2.54
underscore,2019,701,1564,73186,187801,0.00999,0.04604,0.0057,0.023,4.02,0.000597,0.00276,4.623,1.527,3.89,0.2185,3.89
augment,2019,701,1564,73186,187801,0.00571,0.02621,0.0086,0.0204,2.374,0.000897,0.002449,2.731,1.5225,2.92,0.1636,2.92
pivotal,2019,701,1564,73186,187801,0.00571,0.02558,0.0048,0.0151,3.164,0.000497,0.00181,3.639,1.4979,2.87,0.1601,2.87
variation,2019,701,1564,73186,187801,0.00428,0.01918,0.0039,0.0104,2.668,0.000406,0.001247,3.068,1.4971,2.48,0.1384,2.48
route,2019,701,1564,73186,187801,0.00428,0.01918,0.006,0.0301,5.04,0.000624,0.003615,5.797,1.4971,2.48,0.1384,2.48
predictive,2019,701,1564,73186,187801,0.00285,0.01279,0.0029,0.0113,3.929,0.000299,0.001353,4.518,1.4956,2.03,0.1128,2.03
employment opportunity,2019,701,1564,73186,187801,0.00285,0.01279,0.0029,0.0088,2.993,0.000306,0.001055,3.442,1.4956,2.03,0.1128,2.03
goal tourism,2019,701,1564,73186,187801,0.00285,0.01279,0.0027,0.0078,2.886,0.000284,0.000943,3.319,1.4956,2.03,0.1128,2.03
sport industry,2019,701,1564,73186,187801,0.00285,0.01279,0.0027,0.0164,6.127,0.00028,0.00197,7.047,1.4956,2.03,0.1128,2.03
value creation,2019,701,1564,73186,187801,0.00285,0.01279,0.0022,0.0109,4.933,0.00023,0.001304,5.674,1.4956,2.03,0.1128,2.03
accuracy,2019,701,1564,73186,187801,0.00285,0.01279,0.0035,0.0092,2.615,0.000368,0.001107,3.007,1.4956,2.03,0.1128,2.03
shortcoming,2019,701,1564,73186,187801,0.00143,0.00639,0.0014,0.0046,3.254,0.000146,0.000547,3.743,1.4912,1.43,0.0796,1.43
sequential,2019,701,1564,73186,187801,0.00143,0.00639,0.0029,0.0065,2.255,0.000299,0.000775,2.594,1.4912,1.43,0.0796,1.43
persistent,2019,701,1564,73186,187801,0.00143,0.00639,0.0012,0.0051,4.24,0.000125,0.000612,4.877,1.4912,1.43,0.0796,1.43
sustainable ecotourism,2019,701,1564,73186,187801,0.00143,0.00639,0.0018,0.0108,5.907,0.000191,0.001298,6.794,1.4912,1.43,0.0796,1.43
modern tourism,2019,701,1564,73186,187801,0.00143,0.00639,0.0015,0.0059,3.918,0.000157,0.000707,4.506,1.4912,1.43,0.0796,1.43
tourism green,2019,701,1564,73186,187801,0.00143,0.00639,0.0008,0.007,8.497,8.6e-05,0.000839,9.773,1.4912,1.43,0.0796,1.43
cumulative,2019,701,1564,73186,187801,0.00143,0.00639,0.0012,0.0048,4.143,0.00012,0.000572,4.766,1.4912,1.43,0.0796,1.43
necessitate,2019,701,1564,73186,187801,0.00143,0.00639,0.0013,0.0041,3.164,0.000134,0.000488,3.639,1.4912,1.43,0.0796,1.43
intermediary,2019,701,1564,73186,187801,0.00143,0.00639,0.0016,0.0068,4.121,0.000172,0.000814,4.74,1.4912,1.43,0.0796,1.43
fifth,2019,701,1564,73186,187801,0.00143,0.00639,0.0018,0.0042,2.356,0.000187,0.000507,2.709,1.4912,1.43,0.0796,1.43
public health,2019,701,1564,73186,187801,0.00143,0.00639,0.0033,0.0061,1.87,0.000342,0.000735,2.151,1.4912,1.43,0.0796,1.43
model test,2019,701,1564,73186,187801,0.00143,0.00639,0.0019,0.0053,2.833,0.000197,0.000642,3.258,1.4912,1.43,0.0796,1.43
sentiment,2019,701,1564,73186,187801,0.00143,0.00639,0.0009,0.0081,9.095,9.3e-05,0.000971,10.461,1.4912,1.43,0.0796,1.43
measure tourism,2019,701,1564,73186,187801,0.00143,0.00639,0.0016,0.0053,3.361,0.000166,0.00064,3.865,1.4912,1.43,0.0796,1.43
industry growth,2019,701,1564,73186,187801,0.00143,0.00639,0.0021,0.0037,1.784,0.000215,0.000441,2.052,1.4912,1.43,0.0796,1.43
enablers,2019,701,1564,73186,187801,0.00143,0.00639,0.0045,0.0048,1.065,0.000472,0.000579,1.225,1.4912,1.43,0.0796,1.43
frontier,2019,701,1564,73186,187801,0.00143,0.00639,0.0004,0.0059,16.324,3.8e-05,0.00071,18.775,1.4912,1.43,0.0796,1.43
dynamic capability,2019,701,1564,73186,187801,0.00143,0.00639,0.0022,0.0114,5.107,0.000232,0.001365,5.874,1.4912,1.43,0.0796,1.43
product tourism,2019,701,1564,73186,187801,0.00143,0.00639,0.0024,0.0052,2.213,0.000246,0.000625,2.546,1.4912,1.43,0.0796,1.43
delphi,2019,701,1564,73186,187801,0.00143,0.00639,0.0014,0.0084,5.77,0.000151,0.001004,6.636,1.4912,1.43,0.0796,1.43
innovation stakeholder,2019,701,1564,73186,187801,0.00143,0.00639,0.0015,0.0058,3.785,0.000161,0.0007,4.353,1.4912,1.43,0.0796,1.43
environmental dimension,2019,701,1564,73186,187801,0.00143,0.00639,0.0012,0.005,4.014,0.00013,0.000599,4.617,1.4912,1.43,0.0796,1.43
central region,2019,701,1564,73186,187801,0.00143,0.00639,0.0013,0.0057,4.295,0.000139,0.000687,4.94,1.4912,1.43,0.0796,1.43
private partnership,2019,701,1564,73186,187801,0.00143,0.00639,0.0009,0.008,9.427,8.9e-05,0.000965,10.843,1.4912,1.43,0.0796,1.43
block,2019,701,1564,73186,187801,0.00143,0.00639,0.0017,0.0061,3.63,0.000175,0.00073,4.175,1.4912,1.43,0.0796,1.43
workforce,2019,701,1564,73186,187801,0.00143,0.00639,0.0021,0.0074,3.506,0.000221,0.000892,4.033,1.4912,1.43,0.0796,1.43
hotspot,2019,701,1564,73186,187801,0.00143,0.00639,0.0018,0.0043,2.369,0.00019,0.000518,2.725,1.4912,1.43,0.0796,1.43
management sport,2019,701,1564,73186,187801,0.00143,0.00639,0.0017,0.0045,2.701,0.000174,0.000541,3.107,1.4912,1.43,0.0796,1.43
temporal evolution,2019,701,1564,73186,187801,0.00143,0.00639,0.0019,0.0038,2.041,0.000194,0.000455,2.348,1.4912,1.43,0.0796,1.43
precision,2019,701,1564,73186,187801,0.00143,0.00639,0.0012,0.0052,4.227,0.000128,0.000624,4.861,1.4912,1.43,0.0796,1.43
benefit challenge,2019,701,1564,73186,187801,0.00143,0.00639,0.0012,0.0052,4.484,0.000122,0.000629,5.157,1.4912,1.43,0.0796,1.43
billion,2019,701,1564,73186,187801,0.00143,0.00639,0.0029,0.0049,1.661,0.000306,0.000585,1.91,1.4912,1.43,0.0796,1.43
systematic,2019,701,1564,73186,187801,0.01141,0.05051,0.01,0.0412,4.107,0.001048,0.004951,4.723,1.4864,4.04,0.2257,4.04
exhibit,2019,701,1564,73186,187801,0.00713,0.03133,0.006,0.0183,3.052,0.000627,0.002201,3.51,1.4781,3.17,0.1762,3.17
correlation,2019,701,1564,73186,187801,0.00713,0.03133,0.007,0.0209,2.993,0.000728,0.002507,3.442,1.4781,3.17,0.1762,3.17
environmental sustainability,2019,701,1564,73186,187801,0.00856,0.03708,0.0051,0.0234,4.598,0.000532,0.002814,5.289,1.4647,3.44,0.191,3.44
emphasize,2019,701,1564,73186,187801,0.0214,0.09143,0.0124,0.0428,3.452,0.001295,0.005143,3.97,1.4517,5.43,0.3035,5.43
guidance,2019,701,1564,73186,187801,0.00856,0.03645,0.0058,0.0186,3.217,0.000605,0.002239,3.7,1.4473,3.39,0.188,3.39
temporal,2019,701,1564,73186,187801,0.00571,0.0243,0.005,0.0141,2.833,0.00052,0.001694,3.259,1.4466,2.77,0.1529,2.77
tourism city,2019,701,1564,73186,187801,0.00285,0.01215,0.0036,0.0144,3.979,0.000377,0.001726,4.576,1.4444,1.95,0.1077,1.95
environmental management,2019,701,1564,73186,187801,0.00285,0.01215,0.0023,0.0105,4.513,0.000243,0.001263,5.191,1.4444,1.95,0.1077,1.95
renewable energy,2019,701,1564,73186,187801,0.00285,0.01215,0.0021,0.0164,7.805,0.000219,0.001964,8.977,1.4444,1.95,0.1077,1.95
woman entrepreneurship,2019,701,1564,73186,187801,0.00285,0.01215,0.0039,0.0112,2.904,0.000403,0.001348,3.34,1.4444,1.95,0.1077,1.95
workshop,2019,701,1564,73186,187801,0.00285,0.01215,0.006,0.0112,1.861,0.000628,0.001344,2.14,1.4444,1.95,0.1077,1.95
revitalization,2019,701,1564,73186,187801,0.00713,0.03005,0.0057,0.0253,4.444,0.000595,0.003039,5.111,1.4364,3.07,0.1697,3.07
robust,2019,701,1564,73186,187801,0.00713,0.03005,0.0044,0.0166,3.74,0.000462,0.001989,4.302,1.4364,3.07,0.1697,3.07
balance,2019,701,1564,73186,187801,0.0214,0.08887,0.0105,0.0423,4.039,0.001093,0.005079,4.646,1.4234,5.31,0.2956,5.31
optimization,2019,701,1564,73186,187801,0.00571,0.02366,0.0056,0.017,3.058,0.000581,0.002044,3.517,1.4199,2.71,0.1493,2.71
recovery,2019,701,1564,73186,187801,0.00713,0.02877,0.0079,0.0261,3.318,0.000822,0.003137,3.816,1.393,2.97,0.163,2.97
goal sdgs,2019,701,1564,73186,187801,0.00571,0.02302,0.0046,0.0132,2.846,0.000485,0.001589,3.274,1.3925,2.66,0.1455,2.66
architecture,2019,701,1564,73186,187801,0.00428,0.01726,0.0052,0.0184,3.533,0.000543,0.002208,4.063,1.3918,2.3,0.1258,2.3
gdp,2019,701,1564,73186,187801,0.00428,0.01726,0.0051,0.0123,2.419,0.000532,0.00148,2.782,1.3918,2.3,0.1258,2.3
occurrence,2019,701,1564,73186,187801,0.00285,0.01151,0.0037,0.0071,1.94,0.000383,0.000854,2.231,1.3903,1.87,0.1025,1.87
language,2019,701,1564,73186,187801,0.00285,0.01151,0.0022,0.0098,4.545,0.000226,0.00118,5.227,1.3903,1.87,0.1025,1.87
sectional,2019,701,1564,73186,187801,0.00285,0.01151,0.0013,0.0085,6.504,0.000137,0.001023,7.48,1.3903,1.87,0.1025,1.87
internet thing,2019,701,1564,73186,187801,0.00285,0.01151,0.0025,0.0109,4.463,0.000256,0.001313,5.133,1.3903,1.87,0.1025,1.87
deepen,2019,701,1564,73186,187801,0.00285,0.01151,0.0026,0.0068,2.649,0.000267,0.000814,3.046,1.3903,1.87,0.1025,1.87
tourism drive,2019,701,1564,73186,187801,0.00285,0.01151,0.0017,0.0072,4.105,0.000182,0.00086,4.722,1.3903,1.87,0.1025,1.87
entrepreneurship rural,2019,701,1564,73186,187801,0.00285,0.01151,0.0028,0.0096,3.419,0.000294,0.001156,3.932,1.3903,1.87,0.1025,1.87
tourism ecosystem,2019,701,1564,73186,187801,0.00285,0.01151,0.0043,0.0166,3.858,0.000449,0.001993,4.437,1.3903,1.87,0.1025,1.87
statistically,2019,701,1564,73186,187801,0.00285,0.01151,0.0012,0.0082,6.706,0.000128,0.000984,7.713,1.3903,1.87,0.1025,1.87
cross sectional,2019,701,1564,73186,187801,0.00285,0.01151,0.0013,0.0085,6.504,0.000137,0.001023,7.48,1.3903,1.87,0.1025,1.87
tourist service,2019,701,1564,73186,187801,0.00285,0.01151,0.0029,0.0132,4.624,0.000298,0.001583,5.318,1.3903,1.87,0.1025,1.87
growth sustainable,2019,701,1564,73186,187801,0.00285,0.01151,0.0031,0.0078,2.54,0.000322,0.000941,2.922,1.3903,1.87,0.1025,1.87
entrepreneurship opportunity,2019,701,1564,73186,187801,0.00143,0.00575,0.0032,0.0056,1.745,0.000335,0.000673,2.008,1.3859,1.32,0.0724,1.32
environment sustainable,2019,701,1564,73186,187801,0.00143,0.00575,0.0017,0.0047,2.796,0.000177,0.00057,3.215,1.3859,1.32,0.0724,1.32
governance model,2019,701,1564,73186,187801,0.00143,0.00575,0.0015,0.0055,3.549,0.000161,0.000659,4.082,1.3859,1.32,0.0724,1.32
autoregressive distribute,2019,701,1564,73186,187801,0.00143,0.00575,0.0011,0.0042,3.836,0.000114,0.000503,4.412,1.3859,1.32,0.0724,1.32
development eco,2019,701,1564,73186,187801,0.00143,0.00575,0.0031,0.0048,1.584,0.000319,0.00058,1.822,1.3859,1.32,0.0724,1.32
saudi,2019,701,1564,73186,187801,0.00143,0.00575,0.0008,0.0083,10.282,8.4e-05,0.000997,11.826,1.3859,1.32,0.0724,1.32
animal,2019,701,1564,73186,187801,0.00143,0.00575,0.0095,0.004,0.419,0.000989,0.000476,0.481,1.3859,1.32,0.0724,1.32
distribute lag,2019,701,1564,73186,187801,0.00143,0.00575,0.0011,0.0042,3.836,0.000114,0.000503,4.412,1.3859,1.32,0.0724,1.32
education sustainable,2019,701,1564,73186,187801,0.00143,0.00575,0.0033,0.0055,1.652,0.000346,0.000658,1.9,1.3859,1.32,0.0724,1.32
emotion,2019,701,1564,73186,187801,0.00143,0.00575,0.0025,0.0046,1.829,0.000265,0.000557,2.104,1.3859,1.32,0.0724,1.32
infrastructure investment,2019,701,1564,73186,187801,0.00143,0.00575,0.0013,0.0041,3.039,0.00014,0.00049,3.495,1.3859,1.32,0.0724,1.32
china rural,2019,701,1564,73186,187801,0.00143,0.00575,0.001,0.0043,4.342,0.000104,0.000519,4.994,1.3859,1.32,0.0724,1.32
local sustainable,2019,701,1564,73186,187801,0.00143,0.00575,0.0021,0.0058,2.782,0.000217,0.000696,3.2,1.3859,1.32,0.0724,1.32
signal,2019,701,1564,73186,187801,0.00143,0.00575,0.0019,0.0073,3.88,0.000196,0.000873,4.462,1.3859,1.32,0.0724,1.32
ajhtl,2019,701,1564,73186,187801,0.00143,0.00575,0.0011,0.0053,4.607,0.00012,0.000634,5.299,1.3859,1.32,0.0724,1.32
immersive experience,2019,701,1564,73186,187801,0.00143,0.00575,0.0017,0.005,2.856,0.000182,0.000596,3.284,1.3859,1.32,0.0724,1.32
automate,2019,701,1564,73186,187801,0.00143,0.00575,0.0019,0.0053,2.822,0.000195,0.000632,3.246,1.3859,1.32,0.0724,1.32
digital era,2019,701,1564,73186,187801,0.00143,0.00575,0.0021,0.0064,2.999,0.000224,0.000773,3.45,1.3859,1.32,0.0724,1.32
reconstruction,2019,701,1564,73186,187801,0.00143,0.00575,0.0012,0.0063,5.29,0.000125,0.00076,6.084,1.3859,1.32,0.0724,1.32
inclusive development,2019,701,1564,73186,187801,0.00143,0.00575,0.0013,0.0056,4.254,0.000138,0.000674,4.893,1.3859,1.32,0.0724,1.32
geographic information,2019,701,1564,73186,187801,0.00143,0.00575,0.0053,0.0056,1.055,0.000554,0.000672,1.213,1.3859,1.32,0.0724,1.32
meta,2019,701,1564,73186,187801,0.00143,0.00575,0.0012,0.0063,5.246,0.000126,0.000762,6.034,1.3859,1.32,0.0724,1.32
advance,2019,701,1564,73186,187801,0.02853,0.11125,0.0159,0.0499,3.132,0.001663,0.005989,3.602,1.3604,5.87,0.3244,5.87
tourism practice,2019,701,1564,73186,187801,0.00856,0.03261,0.0066,0.0234,3.561,0.000685,0.002807,4.096,1.3361,3.12,0.1694,3.12
integration tourism,2019,701,1564,73186,187801,0.00285,0.01087,0.003,0.0078,2.557,0.000317,0.000931,2.941,1.3332,1.79,0.0971,1.79
readiness,2019,701,1564,73186,187801,0.00285,0.01087,0.0027,0.0113,4.233,0.000279,0.001356,4.869,1.3332,1.79,0.0971,1.79
policy recommendation,2019,701,1564,73186,187801,0.00285,0.01087,0.0035,0.0075,2.158,0.000362,0.000899,2.482,1.3332,1.79,0.0971,1.79
vietnam,2019,701,1564,73186,187801,0.00285,0.01087,0.0045,0.0163,3.608,0.000472,0.001958,4.149,1.3332,1.79,0.0971,1.79
footprint,2019,701,1564,73186,187801,0.00285,0.01087,0.0032,0.0135,4.249,0.000331,0.001619,4.887,1.3332,1.79,0.0971,1.79
moderate,2019,701,1564,73186,187801,0.00999,0.03772,0.0081,0.0261,3.212,0.000848,0.003135,3.695,1.3279,3.35,0.1818,3.35
term sustainability,2019,701,1564,73186,187801,0.00428,0.01598,0.0032,0.01,3.121,0.000333,0.001197,3.59,1.3149,2.16,0.1169,2.16
comprehensive,2019,701,1564,73186,187801,0.02853,0.1055,0.0195,0.0463,2.371,0.002038,0.005558,2.727,1.3073,5.63,0.3078,5.63
systematically,2019,701,1564,73186,187801,0.00571,0.0211,0.0044,0.0112,2.542,0.000461,0.001348,2.924,1.3055,2.48,0.1339,2.48
sustainable practice,2019,701,1564,73186,187801,0.00571,0.0211,0.0048,0.0178,3.699,0.000501,0.002131,4.255,1.3055,2.48,0.1339,2.48
preference,2019,701,1564,73186,187801,0.00713,0.02621,0.0081,0.0191,2.358,0.000847,0.002297,2.712,1.2999,2.76,0.149,2.76
ground,2019,701,1564,73186,187801,0.00856,0.03069,0.0059,0.0206,3.48,0.000618,0.002472,4.002,1.2755,2.96,0.1596,2.96
big,2019,701,1564,73186,187801,0.00856,0.03069,0.009,0.0381,4.235,0.00094,0.004579,4.871,1.2755,2.96,0.1596,2.96
publication,2019,701,1564,73186,187801,0.00713,0.02558,0.004,0.0247,6.179,0.000417,0.002964,7.107,1.2752,2.7,0.1454,2.7
heterogeneity,2019,701,1564,73186,187801,0.00571,0.02046,0.0042,0.0145,3.422,0.000444,0.001746,3.936,1.2748,2.42,0.1298,2.42
multidimensional,2019,701,1564,73186,187801,0.00428,0.01535,0.0039,0.0118,2.983,0.000412,0.001413,3.43,1.2741,2.09,0.1123,2.09
uncertainty,2019,701,1564,73186,187801,0.00428,0.01535,0.0034,0.0111,3.235,0.000359,0.001336,3.72,1.2741,2.09,0.1123,2.09
focused,2019,701,1564,73186,187801,0.00285,0.01023,0.0023,0.0068,2.974,0.000237,0.000812,3.42,1.2726,1.7,0.0915,1.7
continuously,2019,701,1564,73186,187801,0.00285,0.01023,0.0027,0.0071,2.687,0.000278,0.000858,3.09,1.2726,1.7,0.0915,1.7
practically,2019,701,1564,73186,187801,0.00285,0.01023,0.0026,0.0061,2.37,0.000271,0.000738,2.726,1.2726,1.7,0.0915,1.7
smart destination,2019,701,1564,73186,187801,0.00285,0.01023,0.002,0.0108,5.479,0.000206,0.001298,6.301,1.2726,1.7,0.0915,1.7
urban regeneration,2019,701,1564,73186,187801,0.00143,0.00512,0.0008,0.0055,7.03,8.2e-05,0.000665,8.086,1.2683,1.2,0.0646,1.2
sector sustainable,2019,701,1564,73186,187801,0.00143,0.00512,0.0015,0.0058,3.849,0.000157,0.000694,4.427,1.2683,1.2,0.0646,1.2
self efficacy,2019,701,1564,73186,187801,0.00143,0.00512,0.0017,0.0077,4.614,0.000173,0.000921,5.307,1.2683,1.2,0.0646,1.2
market demand,2019,701,1564,73186,187801,0.00143,0.00512,0.0011,0.0045,3.944,0.000118,0.000536,4.536,1.2683,1.2,0.0646,1.2
behavioral intention,2019,701,1564,73186,187801,0.00143,0.00512,0.0011,0.0046,4.065,0.000117,0.000546,4.676,1.2683,1.2,0.0646,1.2
digitalisation,2019,701,1564,73186,187801,0.00143,0.00512,0.0016,0.0081,5.189,0.000163,0.000971,5.968,1.2683,1.2,0.0646,1.2
geosites,2019,701,1564,73186,187801,0.00143,0.00512,0.0034,0.0091,2.676,0.000356,0.001095,3.078,1.2683,1.2,0.0646,1.2
countermeasure,2019,701,1564,73186,187801,0.00143,0.00512,0.001,0.005,4.877,0.000108,0.000605,5.609,1.2683,1.2,0.0646,1.2
capacity building,2019,701,1564,73186,187801,0.00143,0.00512,0.0043,0.0037,0.846,0.000452,0.000439,0.973,1.2683,1.2,0.0646,1.2
insular,2019,701,1564,73186,187801,0.00143,0.00512,0.0011,0.0071,6.208,0.000119,0.000851,7.14,1.2683,1.2,0.0646,1.2
emission tourism,2019,701,1564,73186,187801,0.00143,0.00512,0.0013,0.0042,3.339,0.000132,0.000507,3.84,1.2683,1.2,0.0646,1.2
resilience sustainability,2019,701,1564,73186,187801,0.00143,0.00512,0.0061,0.0046,0.751,0.000635,0.000548,0.864,1.2683,1.2,0.0646,1.2
cultural industry,2019,701,1564,73186,187801,0.00143,0.00512,0.0016,0.0104,6.322,0.000172,0.001247,7.271,1.2683,1.2,0.0646,1.2
eco innovation,2019,701,1564,73186,187801,0.00143,0.00512,0.0026,0.0114,4.427,0.000269,0.001368,5.092,1.2683,1.2,0.0646,1.2
village development,2019,701,1564,73186,187801,0.00143,0.00512,0.0009,0.0046,5.297,9.1e-05,0.000553,6.093,1.2683,1.2,0.0646,1.2
sustainability outcome,2019,701,1564,73186,187801,0.00143,0.00512,0.0031,0.004,1.316,0.000319,0.000483,1.513,1.2683,1.2,0.0646,1.2
attainment,2019,701,1564,73186,187801,0.00143,0.00512,0.0016,0.0066,4.155,0.000167,0.000796,4.778,1.2683,1.2,0.0646,1.2
river delta,2019,701,1564,73186,187801,0.00143,0.00512,0.0027,0.0066,2.473,0.000279,0.000794,2.845,1.2683,1.2,0.0646,1.2
deep learn,2019,701,1564,73186,187801,0.00143,0.00512,0.0017,0.0061,3.499,0.000181,0.00073,4.024,1.2683,1.2,0.0646,1.2
population density,2019,701,1564,73186,187801,0.00143,0.00512,0.0024,0.0035,1.47,0.000251,0.000424,1.69,1.2683,1.2,0.0646,1.2
big analytics,2019,701,1564,73186,187801,0.00143,0.00512,0.0065,0.0087,1.336,0.000679,0.001044,1.537,1.2683,1.2,0.0646,1.2
health care,2019,701,1564,73186,187801,0.00143,0.00512,0.0073,0.0044,0.602,0.000762,0.000528,0.693,1.2683,1.2,0.0646,1.2
coffee,2019,701,1564,73186,187801,0.00143,0.00512,0.0092,0.0175,1.903,0.000962,0.002106,2.189,1.2683,1.2,0.0646,1.2
empower,2019,701,1564,73186,187801,0.01284,0.0454,0.0087,0.0295,3.378,0.000911,0.00354,3.885,1.262,3.6,0.1936,3.6
inclusive,2019,701,1564,73186,187801,0.01712,0.0601,0.0179,0.0407,2.27,0.001872,0.004887,2.611,1.2552,4.14,0.2231,4.14
software,2019,701,1564,73186,187801,0.00856,0.03005,0.0065,0.0196,2.994,0.000682,0.002349,3.443,1.2545,2.91,0.1562,2.91
partial least,2019,701,1564,73186,187801,0.00571,0.01982,0.0042,0.0119,2.799,0.000443,0.001427,3.22,1.243,2.35,0.1257,2.35
tourism emerge,2019,701,1564,73186,187801,0.00571,0.01982,0.0049,0.0135,2.735,0.000515,0.00162,3.145,1.243,2.35,0.1257,2.35
accessibility,2019,701,1564,73186,187801,0.00999,0.03453,0.0101,0.0205,2.03,0.001057,0.002467,2.335,1.2394,3.11,0.1664,3.11
vital,2019,701,1564,73186,187801,0.00999,0.03453,0.0059,0.0213,3.581,0.000621,0.002557,4.119,1.2394,3.11,0.1664,3.11
development promote,2019,701,1564,73186,187801,0.00428,0.01471,0.0043,0.0071,1.653,0.00045,0.000856,1.901,1.2315,2.01,0.1075,2.01
policy framework,2019,701,1564,73186,187801,0.00428,0.01471,0.0034,0.0098,2.884,0.000355,0.001178,3.317,1.2315,2.01,0.1075,2.01
stability,2019,701,1564,73186,187801,0.00428,0.01471,0.0031,0.0098,3.204,0.000319,0.001176,3.685,1.2315,2.01,0.1075,2.01
adaptive,2019,701,1564,73186,187801,0.00713,0.0243,0.0115,0.0228,1.976,0.001203,0.002734,2.273,1.2239,2.59,0.138,2.59
trend,2019,701,1564,73186,187801,0.03138,0.10614,0.0184,0.0623,3.378,0.001926,0.007483,3.885,1.2181,5.48,0.2954,5.48
matrix,2019,701,1564,73186,187801,0.00285,0.00959,0.0028,0.0075,2.724,0.000288,0.000903,3.133,1.2081,1.61,0.0857,1.61
fix,2019,701,1564,73186,187801,0.00285,0.00959,0.0016,0.0073,4.523,0.00017,0.000882,5.202,1.2081,1.61,0.0857,1.61
intensify,2019,701,1564,73186,187801,0.00285,0.00959,0.0036,0.0066,1.834,0.000373,0.000787,2.109,1.2081,1.61,0.0857,1.61
notably,2019,701,1564,73186,187801,0.00285,0.00959,0.0027,0.0068,2.575,0.000277,0.00082,2.962,1.2081,1.61,0.0857,1.61
ensure sustainable,2019,701,1564,73186,187801,0.00285,0.00959,0.0024,0.0057,2.347,0.000254,0.000686,2.699,1.2081,1.61,0.0857,1.61
innovative development,2019,701,1564,73186,187801,0.00285,0.00959,0.0024,0.0066,2.72,0.000255,0.000798,3.129,1.2081,1.61,0.0857,1.61
olympics,2019,701,1564,73186,187801,0.00285,0.00959,0.0055,0.0112,2.017,0.000579,0.001343,2.32,1.2081,1.61,0.0857,1.61
item,2019,701,1564,73186,187801,0.00285,0.00959,0.0027,0.0094,3.446,0.000285,0.001129,3.964,1.2081,1.61,0.0857,1.61
supply side,2019,701,1564,73186,187801,0.00285,0.00959,0.0022,0.0078,3.614,0.000225,0.000936,4.157,1.2081,1.61,0.0857,1.61
local tourist,2019,701,1564,73186,187801,0.00285,0.00959,0.0023,0.0073,3.122,0.000243,0.000871,3.591,1.2081,1.61,0.0857,1.61
ecuador,2019,701,1564,73186,187801,0.00285,0.00959,0.0046,0.0146,3.157,0.000482,0.001751,3.631,1.2081,1.61,0.0857,1.61
russia,2019,701,1564,73186,187801,0.00285,0.00959,0.0037,0.0089,2.41,0.000384,0.001065,2.772,1.2081,1.61,0.0857,1.61
ground theory,2019,701,1564,73186,187801,0.00285,0.00959,0.0019,0.0091,4.784,0.000198,0.00109,5.502,1.2081,1.61,0.0857,1.61
iii,2019,701,1564,73186,187801,0.00285,0.00959,0.0024,0.0075,3.128,0.000251,0.000903,3.597,1.2081,1.61,0.0857,1.61
tourism contribution,2019,701,1564,73186,187801,0.00285,0.00959,0.0039,0.0074,1.895,0.000408,0.00089,2.179,1.2081,1.61,0.0857,1.61
centric,2019,701,1564,73186,187801,0.00285,0.00959,0.0022,0.009,4.03,0.000234,0.001086,4.635,1.2081,1.61,0.0857,1.61
collaboration stakeholder,2019,701,1564,73186,187801,0.00285,0.00959,0.0024,0.0064,2.711,0.000247,0.000769,3.118,1.2081,1.61,0.0857,1.61
spatial pattern,2019,701,1564,73186,187801,0.00285,0.00959,0.004,0.0066,1.656,0.000418,0.000796,1.905,1.2081,1.61,0.0857,1.61
ecological environment,2019,701,1564,73186,187801,0.00285,0.00959,0.0031,0.0114,3.615,0.000328,0.001363,4.158,1.2081,1.61,0.0857,1.61
hierarchy,2019,701,1564,73186,187801,0.00285,0.00959,0.0036,0.0078,2.166,0.000377,0.00094,2.491,1.2081,1.61,0.0857,1.61
synergistic,2019,701,1564,73186,187801,0.00285,0.00959,0.0039,0.0079,2.036,0.000405,0.000949,2.342,1.2081,1.61,0.0857,1.61
resilient,2019,701,1564,73186,187801,0.00713,0.02366,0.0075,0.017,2.279,0.000781,0.002046,2.621,1.1973,2.53,0.1342,2.53
global tourism,2019,701,1564,73186,187801,0.00428,0.01407,0.008,0.0103,1.283,0.000834,0.001231,1.476,1.1871,1.94,0.1027,1.94
agglomeration,2019,701,1564,73186,187801,0.00428,0.01407,0.0047,0.015,3.201,0.000489,0.0018,3.682,1.1871,1.94,0.1027,1.94
nexus,2019,701,1564,73186,187801,0.00428,0.01407,0.0047,0.0101,2.169,0.000488,0.001219,2.495,1.1871,1.94,0.1027,1.94
mediator,2019,701,1564,73186,187801,0.00428,0.01407,0.0046,0.0085,1.872,0.000476,0.001024,2.153,1.1871,1.94,0.1027,1.94
conceptual model,2019,701,1564,73186,187801,0.00428,0.01407,0.0037,0.0098,2.616,0.00039,0.001175,3.009,1.1871,1.94,0.1027,1.94
tourism hospitality,2019,701,1564,73186,187801,0.01141,0.03708,0.0107,0.0386,3.601,0.001118,0.00463,4.142,1.1774,3.15,0.1669,3.15
synthesize,2019,701,1564,73186,187801,0.00571,0.01854,0.004,0.0121,3.016,0.000417,0.001448,3.469,1.1764,2.22,0.1173,2.22
hinder,2019,701,1564,73186,187801,0.00713,0.02302,0.0045,0.0127,2.813,0.000471,0.001524,3.236,1.1699,2.46,0.1304,2.46
insight,2019,701,1564,73186,187801,0.05278,0.16624,0.0236,0.0639,2.705,0.002467,0.007676,3.111,1.1471,6.76,0.3633,6.76
health,2019,701,1564,73186,187801,0.01427,0.04476,0.0206,0.0483,2.34,0.002154,0.005798,2.692,1.1426,3.41,0.1802,3.41
lens,2019,701,1564,73186,187801,0.00856,0.02685,0.0064,0.0162,2.535,0.000667,0.001944,2.915,1.142,2.63,0.1387,2.63
prosperity,2019,701,1564,73186,187801,0.00571,0.0179,0.009,0.0206,2.279,0.000943,0.00247,2.621,1.1413,2.15,0.1129,2.15
commerce,2019,701,1564,73186,187801,0.00428,0.01343,0.0036,0.0142,3.931,0.000376,0.001702,4.521,1.1406,1.86,0.0977,1.86
cultural identity,2019,701,1564,73186,187801,0.00428,0.01343,0.0029,0.0115,3.904,0.000306,0.001376,4.49,1.1406,1.86,0.0977,1.86
model sustainable,2019,701,1564,73186,187801,0.00428,0.01343,0.004,0.0087,2.177,0.000417,0.001044,2.503,1.1406,1.86,0.0977,1.86
technological development,2019,701,1564,73186,187801,0.00428,0.01343,0.0029,0.0089,3.106,0.000298,0.001065,3.572,1.1406,1.86,0.0977,1.86
prefecture,2019,701,1564,73186,187801,0.00285,0.00895,0.0021,0.0057,2.79,0.000215,0.00069,3.209,1.1392,1.51,0.0796,1.51
geoheritage,2019,701,1564,73186,187801,0.00285,0.00895,0.0024,0.0226,9.297,0.000254,0.002717,10.693,1.1392,1.51,0.0796,1.51
transform tourism,2019,701,1564,73186,187801,0.00285,0.00895,0.003,0.0072,2.397,0.000315,0.000869,2.757,1.1392,1.51,0.0796,1.51
mitigation,2019,701,1564,73186,187801,0.00285,0.00895,0.0044,0.0097,2.207,0.000461,0.001169,2.538,1.1392,1.51,0.0796,1.51
bolster,2019,701,1564,73186,187801,0.00285,0.00895,0.0027,0.0057,2.131,0.000282,0.00069,2.451,1.1392,1.51,0.0796,1.51
tourism performance,2019,701,1564,73186,187801,0.00285,0.00895,0.0019,0.0066,3.526,0.000195,0.000792,4.056,1.1392,1.51,0.0796,1.51
mega sport,2019,701,1564,73186,187801,0.00285,0.00895,0.0015,0.0119,7.823,0.000159,0.00143,8.998,1.1392,1.51,0.0796,1.51
endowment,2019,701,1564,73186,187801,0.00285,0.00895,0.003,0.0065,2.154,0.000314,0.000777,2.477,1.1392,1.51,0.0796,1.51
transparency,2019,701,1564,73186,187801,0.00285,0.00895,0.0023,0.0071,3.061,0.000242,0.000852,3.521,1.1392,1.51,0.0796,1.51
mediate relationship,2019,701,1564,73186,187801,0.00285,0.00895,0.002,0.0054,2.658,0.000212,0.000647,3.057,1.1392,1.51,0.0796,1.51
dynamic tourism,2019,701,1564,73186,187801,0.00285,0.00895,0.0029,0.0055,1.902,0.000302,0.00066,2.187,1.1392,1.51,0.0796,1.51
tse,2019,701,1564,73186,187801,0.00143,0.00448,0.0074,0.0108,1.467,0.000769,0.001298,1.688,1.1349,1.07,0.0562,1.07
propensity,2019,701,1564,73186,187801,0.00143,0.00448,0.0012,0.0055,4.468,0.000129,0.00066,5.139,1.1349,1.07,0.0562,1.07
music,2019,701,1564,73186,187801,0.00143,0.00448,0.0018,0.0077,4.188,0.000193,0.00093,4.817,1.1349,1.07,0.0562,1.07
graduate,2019,701,1564,73186,187801,0.00143,0.00448,0.002,0.0048,2.426,0.000205,0.000571,2.79,1.1349,1.07,0.0562,1.07
germany,2019,701,1564,73186,187801,0.00143,0.00448,0.0007,0.0055,8.082,7.1e-05,0.000657,9.296,1.1349,1.07,0.0562,1.07
laboratory,2019,701,1564,73186,187801,0.00143,0.00448,0.0073,0.0035,0.486,0.00076,0.000425,0.559,1.1349,1.07,0.0562,1.07
limpopo,2019,701,1564,73186,187801,0.00143,0.00448,0.0033,0.0073,2.194,0.000347,0.000876,2.523,1.1349,1.07,0.0562,1.07
development marine,2019,701,1564,73186,187801,0.00143,0.00448,0.0011,0.0076,6.604,0.00012,0.000908,7.596,1.1349,1.07,0.0562,1.07
ritual,2019,701,1564,73186,187801,0.00143,0.00448,0.0009,0.0064,6.964,9.6e-05,0.000773,8.01,1.1349,1.07,0.0562,1.07
experiential tourism,2019,701,1564,73186,187801,0.00143,0.00448,0.001,0.008,7.656,0.00011,0.000965,8.805,1.1349,1.07,0.0562,1.07
stadium,2019,701,1564,73186,187801,0.00143,0.00448,0.0018,0.0107,6.012,0.000186,0.001289,6.915,1.1349,1.07,0.0562,1.07
ecosystem service,2019,701,1564,73186,187801,0.00143,0.00448,0.0031,0.0077,2.507,0.00032,0.000921,2.884,1.1349,1.07,0.0562,1.07
tier,2019,701,1564,73186,187801,0.00143,0.00448,0.0031,0.0056,1.804,0.000326,0.000676,2.075,1.1349,1.07,0.0562,1.07
development cross,2019,701,1564,73186,187801,0.00143,0.00448,0.0017,0.0033,1.978,0.000176,0.000399,2.275,1.1349,1.07,0.0562,1.07
environmental governance,2019,701,1564,73186,187801,0.00143,0.00448,0.0013,0.0063,4.844,0.000136,0.00076,5.572,1.1349,1.07,0.0562,1.07
reality technology,2019,701,1564,73186,187801,0.00143,0.00448,0.0015,0.007,4.621,0.000158,0.00084,5.315,1.1349,1.07,0.0562,1.07
religious tourism,2019,701,1564,73186,187801,0.00143,0.00448,0.0023,0.012,5.204,0.000241,0.001444,5.986,1.1349,1.07,0.0562,1.07
institutional theory,2019,701,1564,73186,187801,0.00143,0.00448,0.0025,0.0046,1.821,0.000265,0.000556,2.094,1.1349,1.07,0.0562,1.07
transformational,2019,701,1564,73186,187801,0.00143,0.00448,0.0009,0.006,6.475,9.7e-05,0.000723,7.447,1.1349,1.07,0.0562,1.07
collaborative governance,2019,701,1564,73186,187801,0.00143,0.00448,0.0037,0.0046,1.244,0.00039,0.000558,1.431,1.1349,1.07,0.0562,1.07
discrimination,2019,701,1564,73186,187801,0.00143,0.00448,0.0013,0.006,4.722,0.000134,0.000726,5.431,1.1349,1.07,0.0562,1.07
airbnb,2019,701,1564,73186,187801,0.00143,0.00448,0.0037,0.0149,3.983,0.000391,0.00179,4.581,1.1349,1.07,0.0562,1.07
ship,2019,701,1564,73186,187801,0.00143,0.00448,0.0073,0.0053,0.722,0.000762,0.000633,0.831,1.1349,1.07,0.0562,1.07
rationality,2019,701,1564,73186,187801,0.00143,0.00448,0.0026,0.0071,2.689,0.000276,0.000853,3.093,1.1349,1.07,0.0562,1.07
mouth,2019,701,1564,73186,187801,0.00143,0.00448,0.0009,0.006,6.846,9.1e-05,0.000717,7.874,1.1349,1.07,0.0562,1.07
significantly,2019,701,1564,73186,187801,0.03709,0.11509,0.0222,0.0479,2.158,0.002316,0.005748,2.482,1.1321,5.53,0.2942,5.53
technique,2019,701,1564,73186,187801,0.02282,0.07033,0.0149,0.0366,2.453,0.001556,0.00439,2.821,1.1249,4.27,0.2254,4.27
address gap,2019,701,1564,73186,187801,0.00856,0.02621,0.0058,0.0149,2.548,0.000608,0.001783,2.931,1.1179,2.57,0.1351,2.57
narrative,2019,701,1564,73186,187801,0.00856,0.02621,0.0153,0.0237,1.553,0.001596,0.002849,1.786,1.1179,2.57,0.1351,2.57
china tourism,2019,701,1564,73186,187801,0.00713,0.02174,0.0081,0.0174,2.137,0.000848,0.002085,2.458,1.1127,2.34,0.1225,2.34
prioritize,2019,701,1564,73186,187801,0.00713,0.02174,0.0051,0.0138,2.681,0.000537,0.001654,3.083,1.1127,2.34,0.1225,2.34
classification,2019,701,1564,73186,187801,0.00571,0.01726,0.0034,0.0142,4.224,0.00035,0.001701,4.858,1.1049,2.07,0.1085,2.07
industry development,2019,701,1564,73186,187801,0.00571,0.01726,0.0045,0.0105,2.355,0.000465,0.00126,2.708,1.1049,2.07,0.1085,2.07
ecosystem,2019,701,1564,73186,187801,0.01997,0.0601,0.0164,0.0597,3.633,0.001715,0.007165,4.178,1.1012,3.89,0.2047,3.89
additionally,2019,701,1564,73186,187801,0.01427,0.04284,0.0086,0.0224,2.605,0.000899,0.002693,2.996,1.0988,3.27,0.1716,3.27
enrich,2019,701,1564,73186,187801,0.00856,0.02558,0.0064,0.0147,2.285,0.00067,0.001759,2.628,1.0932,2.51,0.1314,2.51
architectural,2019,701,1564,73186,187801,0.00428,0.01279,0.0058,0.0147,2.556,0.000602,0.00177,2.94,1.0918,1.77,0.0925,1.77
leave,2019,701,1564,73186,187801,0.00428,0.01279,0.0037,0.0081,2.198,0.000385,0.000972,2.528,1.0918,1.77,0.0925,1.77
provincial,2019,701,1564,73186,187801,0.00428,0.01279,0.0036,0.0118,3.302,0.000373,0.001415,3.798,1.0918,1.77,0.0925,1.77
cultural economic,2019,701,1564,73186,187801,0.00428,0.01279,0.0054,0.0077,1.427,0.000566,0.00093,1.642,1.0918,1.77,0.0925,1.77
preservation,2019,701,1564,73186,187801,0.02282,0.06777,0.018,0.0431,2.393,0.001881,0.005175,2.752,1.0878,4.12,0.2161,4.12
innovate,2019,701,1564,73186,187801,0.00571,0.01662,0.0059,0.0104,1.78,0.000611,0.001251,2.048,1.0672,2.0,0.1039,2.0
regulatory,2019,701,1564,73186,187801,0.00571,0.01662,0.005,0.0113,2.268,0.000521,0.001358,2.609,1.0672,2.0,0.1039,2.0
manifest,2019,701,1564,73186,187801,0.00285,0.00831,0.0022,0.0054,2.474,0.000228,0.000648,2.846,1.0651,1.41,0.0733,1.41
continuity,2019,701,1564,73186,187801,0.00285,0.00831,0.0048,0.0057,1.19,0.000504,0.00069,1.369,1.0651,1.41,0.0733,1.41
regional disparity,2019,701,1564,73186,187801,0.00285,0.00831,0.0021,0.0063,3.034,0.000218,0.00076,3.49,1.0651,1.41,0.0733,1.41
food tourism,2019,701,1564,73186,187801,0.00285,0.00831,0.0069,0.0122,1.78,0.000717,0.001467,2.047,1.0651,1.41,0.0733,1.41
cultural creative,2019,701,1564,73186,187801,0.00285,0.00831,0.0103,0.0085,0.826,0.001076,0.001023,0.95,1.0651,1.41,0.0733,1.41
development green,2019,701,1564,73186,187801,0.00285,0.00831,0.0018,0.0053,2.99,0.000185,0.000636,3.438,1.0651,1.41,0.0733,1.41
positively influence,2019,701,1564,73186,187801,0.00285,0.00831,0.0024,0.0063,2.584,0.000253,0.000753,2.972,1.0651,1.41,0.0733,1.41
economy sustainable,2019,701,1564,73186,187801,0.00285,0.00831,0.0022,0.0063,2.838,0.000231,0.000755,3.264,1.0651,1.41,0.0733,1.41
mechanism tourism,2019,701,1564,73186,187801,0.00285,0.00831,0.0024,0.0059,2.514,0.000246,0.000711,2.891,1.0651,1.41,0.0733,1.41
tourism woman,2019,701,1564,73186,187801,0.00285,0.00831,0.0036,0.0058,1.611,0.000374,0.000693,1.853,1.0651,1.41,0.0733,1.41
tourism quality,2019,701,1564,73186,187801,0.00285,0.00831,0.0015,0.0078,5.286,0.000154,0.000939,6.08,1.0651,1.41,0.0733,1.41
multi stakeholder,2019,701,1564,73186,187801,0.00285,0.00831,0.0078,0.007,0.899,0.000811,0.000839,1.034,1.0651,1.41,0.0733,1.41
geopark,2019,701,1564,73186,187801,0.00285,0.00831,0.0027,0.0165,6.096,0.000282,0.001978,7.011,1.0651,1.41,0.0733,1.41
explanatory,2019,701,1564,73186,187801,0.00285,0.00831,0.0021,0.0052,2.413,0.000224,0.000621,2.775,1.0651,1.41,0.0733,1.41
drive economic,2019,701,1564,73186,187801,0.00285,0.00831,0.0039,0.0049,1.251,0.000408,0.000587,1.439,1.0651,1.41,0.0733,1.41
resilience tourism,2019,701,1564,73186,187801,0.00285,0.00831,0.0022,0.0085,3.929,0.000225,0.001015,4.518,1.0651,1.41,0.0733,1.41
informant,2019,701,1564,73186,187801,0.00713,0.02046,0.0054,0.0134,2.481,0.000565,0.001613,2.853,1.0521,2.2,0.1143,2.2
thereby,2019,701,1564,73186,187801,0.01284,0.03645,0.0096,0.0189,1.972,0.001,0.002269,2.268,1.0424,2.93,0.1523,2.93
technology innovation,2019,701,1564,73186,187801,0.00856,0.0243,0.0073,0.0219,2.99,0.000765,0.002632,3.439,1.0419,2.39,0.1238,2.39
foster innovation,2019,701,1564,73186,187801,0.00428,0.01215,0.004,0.0069,1.712,0.000422,0.000831,1.969,1.0405,1.68,0.0872,1.68
smart city,2019,701,1564,73186,187801,0.00428,0.01215,0.0076,0.0206,2.701,0.000795,0.002471,3.107,1.0405,1.68,0.0872,1.68
crisis,2019,701,1564,73186,187801,0.01427,0.04028,0.017,0.0459,2.706,0.001773,0.005517,3.113,1.0372,3.08,0.1597,3.08
degree,2019,701,1564,73186,187801,0.01569,0.04412,0.0123,0.0291,2.359,0.001287,0.003492,2.713,1.033,3.21,0.1669,3.21
internet,2019,701,1564,73186,187801,0.01141,0.03197,0.0205,0.024,1.168,0.002142,0.002878,1.343,1.0291,2.72,0.1411,2.72
era,2019,701,1564,73186,187801,0.01141,0.03197,0.0098,0.0217,2.218,0.001021,0.002605,2.55,1.0291,2.72,0.1411,2.72
strategic plan,2019,701,1564,73186,187801,0.00571,0.01598,0.0081,0.0128,1.57,0.000851,0.001536,1.806,1.028,1.92,0.0992,1.92
revitalize,2019,701,1564,73186,187801,0.00571,0.01598,0.0067,0.012,1.802,0.000695,0.001441,2.073,1.028,1.92,0.0992,1.92
peer,2019,701,1564,73186,187801,0.00571,0.01598,0.0102,0.0113,1.107,0.001068,0.001359,1.273,1.028,1.92,0.0992,1.92
reliability,2019,701,1564,73186,187801,0.00571,0.01598,0.0062,0.0091,1.485,0.000643,0.001098,1.708,1.028,1.92,0.0992,1.92
convergence,2019,701,1564,73186,187801,0.00571,0.01598,0.0068,0.0144,2.129,0.000708,0.001733,2.449,1.028,1.92,0.0992,1.92
standard,2019,701,1564,73186,187801,0.01284,0.03581,0.0111,0.0235,2.111,0.001163,0.002823,2.428,1.0247,2.88,0.1491,2.88
unit,2019,701,1564,73186,187801,0.00713,0.01982,0.0096,0.0138,1.445,0.000998,0.001658,1.662,1.0204,2.13,0.11,2.13
technology,2019,701,1564,73186,187801,0.08131,0.22379,0.0684,0.1745,2.553,0.007139,0.020959,2.936,1.0123,7.48,0.3963,7.48
mechanism,2019,701,1564,73186,187801,0.04137,0.11381,0.0255,0.061,2.39,0.002667,0.00733,2.748,1.0117,5.19,0.2708,5.19
operational,2019,701,1564,73186,187801,0.01141,0.03133,0.0091,0.0209,2.303,0.000949,0.002515,2.649,1.0089,2.67,0.1377,2.67
reality,2019,701,1564,73186,187801,0.01712,0.04668,0.0209,0.0445,2.134,0.002178,0.005346,2.454,1.0024,3.25,0.1682,3.25
leverage,2019,701,1564,73186,187801,0.01997,0.05435,0.0315,0.0331,1.051,0.003293,0.00398,1.209,1.0005,3.51,0.1817,3.51
economic growth,2019,701,1564,73186,187801,0.03424,0.09271,0.022,0.0618,2.809,0.002296,0.007418,3.231,0.9959,4.62,0.2398,4.62
integration,2019,701,1564,73186,187801,0.0428,0.11509,0.0307,0.0712,2.323,0.0032,0.00855,2.672,0.989,5.15,0.2681,5.15
map,2019,701,1564,73186,187801,0.01569,0.0422,0.0188,0.0368,1.954,0.001967,0.00442,2.247,0.9885,3.07,0.1581,3.07
friendly,2019,701,1564,73186,187801,0.00999,0.02685,0.0075,0.0163,2.181,0.000782,0.001961,2.508,0.9881,2.44,0.1254,2.44
road,2019,701,1564,73186,187801,0.00856,0.02302,0.0109,0.0264,2.418,0.001138,0.003164,2.781,0.9879,2.25,0.116,2.25
challenge opportunity,2019,701,1564,73186,187801,0.00713,0.01918,0.0061,0.0136,2.236,0.000637,0.001638,2.572,0.9876,2.06,0.1057,2.06
policy support,2019,701,1564,73186,187801,0.00571,0.01535,0.0065,0.0119,1.836,0.000677,0.001429,2.112,0.9872,1.84,0.0945,1.84
norm,2019,701,1564,73186,187801,0.00571,0.01535,0.0046,0.0127,2.782,0.000476,0.001523,3.2,0.9872,1.84,0.0945,1.84
ten,2019,701,1564,73186,187801,0.00571,0.01535,0.0051,0.0093,1.825,0.00053,0.001113,2.099,0.9872,1.84,0.0945,1.84
emotional,2019,701,1564,73186,187801,0.00571,0.01535,0.0037,0.0137,3.698,0.000386,0.001641,4.253,0.9872,1.84,0.0945,1.84
stakeholder collaboration,2019,701,1564,73186,187801,0.00428,0.01151,0.007,0.0079,1.123,0.000734,0.000948,1.292,0.9865,1.59,0.0817,1.59
link tourism,2019,701,1564,73186,187801,0.00428,0.01151,0.0059,0.0074,1.25,0.00062,0.000891,1.437,0.9865,1.59,0.0817,1.59
feedback,2019,701,1564,73186,187801,0.00428,0.01151,0.0046,0.009,1.965,0.000478,0.001081,2.26,0.9865,1.59,0.0817,1.59
dataset,2019,701,1564,73186,187801,0.00428,0.01151,0.0035,0.0075,2.123,0.00037,0.000902,2.442,0.9865,1.59,0.0817,1.59
econometric,2019,701,1564,73186,187801,0.00428,0.01151,0.0047,0.0068,1.441,0.000495,0.00082,1.658,0.9865,1.59,0.0817,1.59
video,2019,701,1564,73186,187801,0.00285,0.00767,0.0036,0.012,3.348,0.000375,0.001444,3.85,0.9851,1.29,0.0666,1.29
tourism value,2019,701,1564,73186,187801,0.00285,0.00767,0.0027,0.0056,2.092,0.000278,0.00067,2.406,0.9851,1.29,0.0666,1.29
design employ,2019,701,1564,73186,187801,0.00285,0.00767,0.0027,0.0055,2.036,0.000281,0.000659,2.342,0.9851,1.29,0.0666,1.29
strategic tool,2019,701,1564,73186,187801,0.00285,0.00767,0.0054,0.0052,0.964,0.000566,0.000628,1.108,0.9851,1.29,0.0666,1.29
contextual,2019,701,1564,73186,187801,0.00285,0.00767,0.0027,0.0065,2.412,0.000283,0.000785,2.774,0.9851,1.29,0.0666,1.29
exacerbate,2019,701,1564,73186,187801,0.00285,0.00767,0.0022,0.0057,2.562,0.000233,0.000687,2.947,0.9851,1.29,0.0666,1.29
waste management,2019,701,1564,73186,187801,0.00285,0.00767,0.0033,0.0078,2.368,0.000345,0.000939,2.724,0.9851,1.29,0.0666,1.29
creative industry,2019,701,1564,73186,187801,0.00285,0.00767,0.0046,0.0079,1.708,0.00048,0.000943,1.964,0.9851,1.29,0.0666,1.29
energy consumption,2019,701,1564,73186,187801,0.00285,0.00767,0.0012,0.0086,6.882,0.00013,0.001031,7.916,0.9851,1.29,0.0666,1.29
underscore importance,2019,701,1564,73186,187801,0.00285,0.00767,0.0027,0.0044,1.606,0.000284,0.000524,1.848,0.9851,1.29,0.0666,1.29
tourism manager,2019,701,1564,73186,187801,0.00285,0.00767,0.003,0.0063,2.143,0.000309,0.000762,2.465,0.9851,1.29,0.0666,1.29
national strategy,2019,701,1564,73186,187801,0.00285,0.00767,0.0017,0.0069,3.999,0.00018,0.000826,4.599,0.9851,1.29,0.0666,1.29
natural heritage,2019,701,1564,73186,187801,0.00285,0.00767,0.0029,0.0066,2.309,0.000298,0.000791,2.656,0.9851,1.29,0.0666,1.29
tourism technological,2019,701,1564,73186,187801,0.00285,0.00767,0.0019,0.0064,3.313,0.000201,0.000767,3.81,0.9851,1.29,0.0666,1.29
sustainable innovation,2019,701,1564,73186,187801,0.00285,0.00767,0.0024,0.0049,2.057,0.000251,0.000593,2.366,0.9851,1.29,0.0666,1.29
independence,2019,701,1564,73186,187801,0.00285,0.00767,0.0029,0.006,2.097,0.000298,0.00072,2.412,0.9851,1.29,0.0666,1.29
tourism chapter,2019,701,1564,73186,187801,0.00285,0.00767,0.003,0.0052,1.703,0.000316,0.000619,1.959,0.9851,1.29,0.0666,1.29
greenhouse gas,2019,701,1564,73186,187801,0.00143,0.00384,0.0013,0.0037,2.807,0.000137,0.000441,3.228,0.981,0.91,0.047,0.91
greenhouse,2019,701,1564,73186,187801,0.00143,0.00384,0.0013,0.0037,2.807,0.000137,0.000441,3.228,0.981,0.91,0.047,0.91
smart village,2019,701,1564,73186,187801,0.00143,0.00384,0.0043,0.0079,1.853,0.000447,0.000953,2.131,0.981,0.91,0.047,0.91
ecological footprint,2019,701,1564,73186,187801,0.00143,0.00384,0.001,0.0073,7.126,0.000106,0.000871,8.195,0.981,0.91,0.047,0.91
service dominant,2019,701,1564,73186,187801,0.00143,0.00384,0.0047,0.0035,0.735,0.000494,0.000417,0.845,0.981,0.91,0.047,0.91
temple,2019,701,1564,73186,187801,0.00143,0.00384,0.0035,0.0084,2.417,0.000364,0.001011,2.779,0.981,0.91,0.047,0.91
mix reality,2019,701,1564,73186,187801,0.00143,0.00384,0.0027,0.0064,2.391,0.000281,0.000773,2.75,0.981,0.91,0.047,0.91
sustainable mobility,2019,701,1564,73186,187801,0.00143,0.00384,0.0015,0.005,3.316,0.000157,0.000597,3.814,0.981,0.91,0.047,0.91
dominant logic,2019,701,1564,73186,187801,0.00143,0.00384,0.0047,0.0035,0.735,0.000494,0.000417,0.845,0.981,0.91,0.047,0.91
memorable,2019,701,1564,73186,187801,0.00143,0.00384,0.0061,0.0035,0.576,0.000635,0.00042,0.662,0.981,0.91,0.047,0.91
tourism brand,2019,701,1564,73186,187801,0.00143,0.00384,0.0014,0.0059,4.16,0.000148,0.000708,4.784,0.981,0.91,0.047,0.91
european city,2019,701,1564,73186,187801,0.00143,0.00384,0.0009,0.0049,5.59,9.1e-05,0.000587,6.43,0.981,0.91,0.047,0.91
recycle,2019,701,1564,73186,187801,0.00143,0.00384,0.0012,0.005,4.12,0.000127,0.000601,4.739,0.981,0.91,0.047,0.91
net,2019,701,1564,73186,187801,0.00143,0.00384,0.0022,0.0048,2.193,0.000227,0.000572,2.523,0.981,0.91,0.047,0.91
word mouth,2019,701,1564,73186,187801,0.00143,0.00384,0.0009,0.0053,5.943,9.3e-05,0.000633,6.835,0.981,0.91,0.047,0.91
hotel business,2019,701,1564,73186,187801,0.00143,0.00384,0.0017,0.0054,3.113,0.00018,0.000643,3.58,0.981,0.91,0.047,0.91
business performance,2019,701,1564,73186,187801,0.00143,0.00384,0.0018,0.0082,4.588,0.000187,0.000989,5.277,0.981,0.91,0.047,0.91
multiplier,2019,701,1564,73186,187801,0.00143,0.00384,0.002,0.0058,2.968,0.000204,0.000695,3.413,0.981,0.91,0.047,0.91
natural park,2019,701,1564,73186,187801,0.00143,0.00384,0.0035,0.0083,2.358,0.000368,0.000999,2.712,0.981,0.91,0.047,0.91
surface,2019,701,1564,73186,187801,0.00143,0.00384,0.0009,0.0056,6.466,9e-05,0.000671,7.437,0.981,0.91,0.047,0.91
gendered,2019,701,1564,73186,187801,0.00143,0.00384,0.0014,0.0061,4.264,0.000148,0.000727,4.904,0.981,0.91,0.047,0.91
king,2019,701,1564,73186,187801,0.00143,0.00384,0.0033,0.0055,1.645,0.000348,0.000658,1.892,0.981,0.91,0.047,0.91
organizational learn,2019,701,1564,73186,187801,0.00143,0.00384,0.0015,0.0077,5.007,0.000161,0.00093,5.759,0.981,0.91,0.047,0.91
informatization,2019,701,1564,73186,187801,0.00143,0.00384,0.0022,0.0045,2.034,0.000229,0.000535,2.339,0.981,0.91,0.047,0.91
employ,2019,701,1564,73186,187801,0.04993,0.13235,0.0238,0.0514,2.158,0.002487,0.00617,2.481,0.9747,5.51,0.2864,5.51
capability,2019,701,1564,73186,187801,0.01569,0.04156,0.0121,0.0298,2.458,0.001267,0.003582,2.827,0.9733,3.02,0.1551,3.02
strengthen,2019,701,1564,73186,187801,0.03281,0.08632,0.0178,0.0378,2.131,0.001854,0.004543,2.45,0.9669,4.38,0.2261,4.38
trajectory,2019,701,1564,73186,187801,0.00856,0.02238,0.0073,0.0163,2.238,0.000761,0.00196,2.574,0.9597,2.19,0.112,2.19
intend,2019,701,1564,73186,187801,0.00713,0.01854,0.0061,0.0114,1.863,0.000637,0.001366,2.143,0.9537,1.98,0.1014,1.98
yield,2019,701,1564,73186,187801,0.00713,0.01854,0.0045,0.0117,2.599,0.000469,0.001401,2.99,0.9537,1.98,0.1014,1.98
necessity,2019,701,1564,73186,187801,0.00713,0.01854,0.0043,0.0112,2.598,0.000448,0.00134,2.988,0.9537,1.98,0.1014,1.98
structural model,2019,701,1564,73186,187801,0.01997,0.05179,0.0145,0.0249,1.719,0.001511,0.002988,1.977,0.9523,3.33,0.1711,3.33
descriptive,2019,701,1564,73186,187801,0.01284,0.03325,0.0099,0.0192,1.931,0.001036,0.002301,2.221,0.9506,2.66,0.136,2.66
validate,2019,701,1564,73186,187801,0.01141,0.02941,0.0083,0.0163,1.973,0.000862,0.001955,2.269,0.9457,2.49,0.1273,2.49
logic,2019,701,1564,73186,187801,0.00571,0.01471,0.0071,0.0113,1.604,0.000736,0.001359,1.845,0.9447,1.75,0.0895,1.75
innovation policy,2019,701,1564,73186,187801,0.00571,0.01471,0.0076,0.012,1.574,0.000797,0.001443,1.81,0.9447,1.75,0.0895,1.75
evaluation,2019,701,1564,73186,187801,0.0271,0.06969,0.028,0.0433,1.545,0.002927,0.005201,1.777,0.944,3.86,0.1985,3.86
smart,2019,701,1564,73186,187801,0.02568,0.06586,0.0608,0.1091,1.794,0.006348,0.013099,2.064,0.9414,3.75,0.1923,3.75
crucial,2019,701,1564,73186,187801,0.03138,0.07992,0.0204,0.0348,1.706,0.00213,0.00418,1.962,0.9344,4.12,0.2117,4.12
hospitality industry,2019,701,1564,73186,187801,0.00856,0.02174,0.0094,0.0178,1.884,0.000984,0.002132,2.167,0.9308,2.11,0.1079,2.11
employee,2019,701,1564,73186,187801,0.00856,0.02174,0.006,0.0187,3.131,0.000624,0.002247,3.601,0.9308,2.11,0.1079,2.11
sustainable rural,2019,701,1564,73186,187801,0.00856,0.02174,0.0081,0.0139,1.714,0.000847,0.001669,1.972,0.9308,2.11,0.1079,2.11
valid,2019,701,1564,73186,187801,0.00428,0.01087,0.0047,0.0066,1.388,0.000495,0.00079,1.597,0.9294,1.49,0.076,1.49
environmental cultural,2019,701,1564,73186,187801,0.00428,0.01087,0.0041,0.0066,1.612,0.00043,0.000797,1.854,0.9294,1.49,0.076,1.49
another,2019,701,1564,73186,187801,0.00428,0.01087,0.0034,0.0074,2.179,0.000355,0.000889,2.506,0.9294,1.49,0.076,1.49
deeply,2019,701,1564,73186,187801,0.00428,0.01087,0.0051,0.0064,1.244,0.000536,0.000767,1.431,0.9294,1.49,0.076,1.49
notable,2019,701,1564,73186,187801,0.00428,0.01087,0.0032,0.0073,2.258,0.000338,0.000879,2.597,0.9294,1.49,0.076,1.49
keep,2019,701,1564,73186,187801,0.00428,0.01087,0.0054,0.0071,1.322,0.00056,0.000852,1.521,0.9294,1.49,0.076,1.49
heritage conservation,2019,701,1564,73186,187801,0.00428,0.01087,0.0039,0.0138,3.508,0.000411,0.001658,4.035,0.9294,1.49,0.076,1.49
scholarly,2019,701,1564,73186,187801,0.00428,0.01087,0.0038,0.0084,2.191,0.000401,0.001012,2.52,0.9294,1.49,0.076,1.49
hierarchical,2019,701,1564,73186,187801,0.00428,0.01087,0.0036,0.0083,2.308,0.000376,0.000998,2.654,0.9294,1.49,0.076,1.49
preserve cultural,2019,701,1564,73186,187801,0.00428,0.01087,0.0034,0.0085,2.497,0.000357,0.001024,2.871,0.9294,1.49,0.076,1.49
accessible,2019,701,1564,73186,187801,0.00428,0.01087,0.0069,0.0097,1.405,0.000719,0.001163,1.616,0.9294,1.49,0.076,1.49
collect,2019,701,1564,73186,187801,0.04565,0.11509,0.0213,0.0479,2.248,0.002224,0.00575,2.585,0.9245,4.96,0.2554,4.96
methodological,2019,701,1564,73186,187801,0.01427,0.03581,0.012,0.0204,1.694,0.001255,0.002445,1.948,0.9195,2.7,0.1379,2.7
economic environmental,2019,701,1564,73186,187801,0.00999,0.02494,0.0066,0.0159,2.408,0.000687,0.001903,2.77,0.914,2.24,0.1141,2.24
urgent,2019,701,1564,73186,187801,0.00571,0.01407,0.0043,0.0085,1.963,0.000452,0.001021,2.258,0.9002,1.66,0.0845,1.66
promote local,2019,701,1564,73186,187801,0.00571,0.01407,0.0049,0.009,1.861,0.000507,0.001086,2.141,0.9002,1.66,0.0845,1.66
synthesis,2019,701,1564,73186,187801,0.00571,0.01407,0.008,0.0106,1.316,0.00084,0.001271,1.513,0.9002,1.66,0.0845,1.66
accept,2019,701,1564,73186,187801,0.00285,0.00703,0.0022,0.0063,2.826,0.000231,0.000752,3.25,0.8982,1.17,0.0596,1.17
jointly,2019,701,1564,73186,187801,0.00285,0.00703,0.003,0.004,1.326,0.000315,0.00048,1.526,0.8982,1.17,0.0596,1.17
pave,2019,701,1564,73186,187801,0.00285,0.00703,0.0026,0.0055,2.099,0.000275,0.000664,2.414,0.8982,1.17,0.0596,1.17
igi,2019,701,1564,73186,187801,0.00285,0.00703,0.003,0.0058,1.95,0.00031,0.000694,2.243,0.8982,1.17,0.0596,1.17
traveller,2019,701,1564,73186,187801,0.00285,0.00703,0.0031,0.0073,2.347,0.000327,0.000882,2.7,0.8982,1.17,0.0596,1.17
significantly affect,2019,701,1564,73186,187801,0.00285,0.00703,0.0028,0.0044,1.555,0.000292,0.000523,1.789,0.8982,1.17,0.0596,1.17
backdrop,2019,701,1564,73186,187801,0.00285,0.00703,0.0038,0.0043,1.122,0.0004,0.000515,1.29,0.8982,1.17,0.0596,1.17
reuse,2019,701,1564,73186,187801,0.00285,0.00703,0.0022,0.006,2.753,0.000229,0.000724,3.166,0.8982,1.17,0.0596,1.17
star,2019,701,1564,73186,187801,0.00285,0.00703,0.0021,0.0074,3.536,0.000219,0.000892,4.067,0.8982,1.17,0.0596,1.17
handicraft,2019,701,1564,73186,187801,0.00285,0.00703,0.0131,0.0116,0.887,0.001369,0.001397,1.02,0.8982,1.17,0.0596,1.17
igi global,2019,701,1564,73186,187801,0.00285,0.00703,0.003,0.0058,1.95,0.00031,0.000694,2.243,0.8982,1.17,0.0596,1.17
layer,2019,701,1564,73186,187801,0.00285,0.00703,0.006,0.0056,0.929,0.000631,0.000674,1.068,0.8982,1.17,0.0596,1.17
little know,2019,701,1564,73186,187801,0.00285,0.00703,0.002,0.0046,2.303,0.000209,0.000555,2.649,0.8982,1.17,0.0596,1.17
play critical,2019,701,1564,73186,187801,0.00285,0.00703,0.0026,0.0057,2.17,0.000275,0.000686,2.496,0.8982,1.17,0.0596,1.17
expression,2019,701,1564,73186,187801,0.00285,0.00703,0.0028,0.0061,2.169,0.000294,0.000733,2.495,0.8982,1.17,0.0596,1.17
federation,2019,701,1564,73186,187801,0.00285,0.00703,0.0026,0.0108,4.172,0.000271,0.0013,4.799,0.8982,1.17,0.0596,1.17
demonstration,2019,701,1564,73186,187801,0.00285,0.00703,0.0033,0.0046,1.409,0.00034,0.00055,1.62,0.8982,1.17,0.0596,1.17
development economy,2019,701,1564,73186,187801,0.00285,0.00703,0.0024,0.0055,2.264,0.000252,0.000656,2.604,0.8982,1.17,0.0596,1.17
tourist arrival,2019,701,1564,73186,187801,0.00285,0.00703,0.0016,0.0062,3.836,0.000168,0.000742,4.412,0.8982,1.17,0.0596,1.17
tendency,2019,701,1564,73186,187801,0.00285,0.00703,0.0022,0.0073,3.242,0.000234,0.000873,3.729,0.8982,1.17,0.0596,1.17
promote environmental,2019,701,1564,73186,187801,0.00285,0.00703,0.0027,0.0047,1.714,0.000284,0.000559,1.971,0.8982,1.17,0.0596,1.17
community resilience,2019,701,1564,73186,187801,0.00285,0.00703,0.0021,0.0089,4.163,0.000222,0.001064,4.788,0.8982,1.17,0.0596,1.17
globe,2019,701,1564,73186,187801,0.00285,0.00703,0.003,0.0051,1.673,0.000316,0.000609,1.925,0.8982,1.17,0.0596,1.17
hot,2019,701,1564,73186,187801,0.00285,0.00703,0.0037,0.0046,1.229,0.000391,0.000552,1.413,0.8982,1.17,0.0596,1.17
empower local,2019,701,1564,73186,187801,0.00285,0.00703,0.0032,0.0046,1.429,0.000337,0.000555,1.644,0.8982,1.17,0.0596,1.17
october,2019,701,1564,73186,187801,0.00285,0.00703,0.0023,0.0055,2.401,0.000237,0.000655,2.762,0.8982,1.17,0.0596,1.17
traditional tourism,2019,701,1564,73186,187801,0.00285,0.00703,0.0026,0.0062,2.364,0.000273,0.000743,2.719,0.8982,1.17,0.0596,1.17
winery,2019,701,1564,73186,187801,0.00285,0.00703,0.0111,0.0152,1.376,0.001154,0.001826,1.583,0.8982,1.17,0.0596,1.17
transport infrastructure,2019,701,1564,73186,187801,0.00285,0.00703,0.0019,0.0066,3.405,0.000202,0.000793,3.916,0.8982,1.17,0.0596,1.17
publish,2019,701,1564,73186,187801,0.02996,0.07353,0.0204,0.0418,2.054,0.002127,0.005024,2.362,0.8975,3.85,0.1967,3.85
innovation sustainable,2019,701,1564,73186,187801,0.01427,0.03453,0.0119,0.0219,1.844,0.001239,0.002627,2.12,0.8831,2.59,0.1313,2.59
entity,2019,701,1564,73186,187801,0.00713,0.01726,0.0092,0.0168,1.83,0.000957,0.002015,2.105,0.8823,1.82,0.0923,1.82
object,2019,701,1564,73186,187801,0.00713,0.01726,0.0086,0.0146,1.707,0.000895,0.001758,1.964,0.8823,1.82,0.0923,1.82
leisure industry,2019,701,1564,73186,187801,0.00713,0.01726,0.0056,0.0087,1.535,0.000589,0.00104,1.765,0.8823,1.82,0.0923,1.82
fill,2019,701,1564,73186,187801,0.00713,0.01726,0.0065,0.0102,1.568,0.000676,0.00122,1.803,0.8823,1.82,0.0923,1.82
equity,2019,701,1564,73186,187801,0.00713,0.01726,0.0044,0.0121,2.739,0.00046,0.001448,3.151,0.8823,1.82,0.0923,1.82
distinct,2019,701,1564,73186,187801,0.01141,0.02749,0.007,0.0153,2.196,0.000727,0.001835,2.525,0.8783,2.3,0.1164,2.3
development environmental,2019,701,1564,73186,187801,0.00856,0.02046,0.0051,0.0114,2.219,0.000538,0.001372,2.552,0.8701,1.97,0.0995,1.97
configuration,2019,701,1564,73186,187801,0.00428,0.01023,0.003,0.0122,4.022,0.000316,0.001461,4.625,0.8688,1.39,0.0701,1.39
local identity,2019,701,1564,73186,187801,0.00428,0.01023,0.0039,0.0073,1.882,0.000402,0.000871,2.165,0.8688,1.39,0.0701,1.39
opportunity challenge,2019,701,1564,73186,187801,0.00428,0.01023,0.004,0.0066,1.643,0.000417,0.000788,1.89,0.8688,1.39,0.0701,1.39
tourism competitiveness,2019,701,1564,73186,187801,0.00428,0.01023,0.0048,0.0123,2.533,0.000506,0.001475,2.913,0.8688,1.39,0.0701,1.39
tourism revenue,2019,701,1564,73186,187801,0.00428,0.01023,0.0035,0.0093,2.631,0.000367,0.001112,3.027,0.8688,1.39,0.0701,1.39
field observation,2019,701,1564,73186,187801,0.00428,0.01023,0.0048,0.007,1.46,0.000503,0.000844,1.679,0.8688,1.39,0.0701,1.39
comparative,2019,701,1564,73186,187801,0.01854,0.04412,0.0187,0.0261,1.397,0.001953,0.003137,1.607,0.8661,2.9,0.1468,2.9
construct,2019,701,1564,73186,187801,0.02996,0.07097,0.0186,0.0339,1.82,0.001945,0.004072,2.093,0.8621,3.69,0.1874,3.69
fully,2019,701,1564,73186,187801,0.01141,0.02685,0.0074,0.0144,1.938,0.000777,0.001731,2.229,0.8547,2.23,0.1127,2.23
uneven,2019,701,1564,73186,187801,0.00571,0.01343,0.0031,0.0094,3.003,0.000325,0.001123,3.454,0.8537,1.57,0.0793,1.57
spillover,2019,701,1564,73186,187801,0.00571,0.01343,0.0064,0.0135,2.094,0.000672,0.001619,2.408,0.8537,1.57,0.0793,1.57
policy tourism,2019,701,1564,73186,187801,0.00571,0.01343,0.0059,0.0102,1.73,0.000615,0.001224,1.99,0.8537,1.57,0.0793,1.57
promote development,2019,701,1564,73186,187801,0.00571,0.01343,0.005,0.0061,1.212,0.000525,0.000731,1.394,0.8537,1.57,0.0793,1.57
bridge,2019,701,1564,73186,187801,0.01284,0.03005,0.0132,0.0172,1.304,0.001376,0.002064,1.5,0.8495,2.35,0.1188,2.35
urbanization,2019,701,1564,73186,187801,0.00713,0.01662,0.0098,0.0195,1.996,0.001023,0.002347,2.296,0.8446,1.74,0.0876,1.74
rank,2019,701,1564,73186,187801,0.00713,0.01662,0.0053,0.0135,2.541,0.000555,0.001623,2.923,0.8446,1.74,0.0876,1.74
creative,2019,701,1564,73186,187801,0.02282,0.05307,0.0324,0.0554,1.711,0.003384,0.006658,1.967,0.8433,3.13,0.1583,3.13
oriented,2019,701,1564,73186,187801,0.01712,0.03964,0.0157,0.0251,1.596,0.001643,0.003015,1.836,0.8391,2.69,0.1356,2.69
historic,2019,701,1564,73186,187801,0.00856,0.01982,0.0125,0.0146,1.169,0.001307,0.001757,1.344,0.8384,1.89,0.0952,1.89
density,2019,701,1564,73186,187801,0.00856,0.01982,0.0072,0.0145,2.012,0.000754,0.001744,2.314,0.8384,1.89,0.0952,1.89
valuable,2019,701,1564,73186,187801,0.0271,0.06266,0.0166,0.0297,1.793,0.001731,0.003569,2.062,0.8376,3.4,0.1717,3.4
model tourism,2019,701,1564,73186,187801,0.00999,0.02302,0.0076,0.0141,1.86,0.00079,0.001689,2.139,0.834,2.03,0.1023,2.03
partial,2019,701,1564,73186,187801,0.01141,0.02621,0.0087,0.015,1.729,0.000908,0.001805,1.988,0.8306,2.17,0.1089,2.17
cross,2019,701,1564,73186,187801,0.02425,0.05563,0.0238,0.0357,1.503,0.002481,0.004289,1.728,0.8297,3.18,0.1602,3.18
smart tourism,2019,701,1564,73186,187801,0.01569,0.03581,0.0294,0.0537,1.823,0.003074,0.006444,2.096,0.8242,2.52,0.127,2.52
core,2019,701,1564,73186,187801,0.01712,0.039,0.0214,0.0201,0.938,0.002238,0.002415,1.079,0.8228,2.63,0.1325,2.63
adoption,2019,701,1564,73186,187801,0.02425,0.05499,0.0174,0.0385,2.215,0.001815,0.004624,2.547,0.8182,3.13,0.1576,3.13
expand,2019,701,1564,73186,187801,0.01997,0.04476,0.0145,0.0222,1.53,0.001517,0.00267,1.759,0.8064,2.79,0.1401,2.79
eastern,2019,701,1564,73186,187801,0.01569,0.03517,0.0131,0.0209,1.597,0.001368,0.002513,1.837,0.8062,2.47,0.1237,2.47
recommend,2019,701,1564,73186,187801,0.01141,0.02558,0.0101,0.0137,1.365,0.00105,0.001649,1.57,0.806,2.1,0.1051,2.1
significantly influence,2019,701,1564,73186,187801,0.00713,0.01598,0.006,0.0089,1.473,0.000628,0.001063,1.694,0.8054,1.65,0.0828,1.65
culturally,2019,701,1564,73186,187801,0.00713,0.01598,0.006,0.0106,1.763,0.000629,0.001276,2.028,0.8054,1.65,0.0828,1.65
deep,2019,701,1564,73186,187801,0.00713,0.01598,0.0057,0.0133,2.336,0.000594,0.001597,2.686,0.8054,1.65,0.0828,1.65
river,2019,701,1564,73186,187801,0.00713,0.01598,0.012,0.023,1.917,0.001252,0.002761,2.205,0.8054,1.65,0.0828,1.65
package,2019,701,1564,73186,187801,0.00571,0.01279,0.0047,0.0128,2.739,0.000488,0.001539,3.15,0.805,1.48,0.074,1.48
word,2019,701,1564,73186,187801,0.00571,0.01279,0.0033,0.0125,3.837,0.000341,0.001507,4.413,0.805,1.48,0.074,1.48
long run,2019,701,1564,73186,187801,0.00571,0.01279,0.0061,0.0101,1.663,0.000633,0.001212,1.913,0.805,1.48,0.074,1.48
fragment,2019,701,1564,73186,187801,0.00571,0.01279,0.0053,0.008,1.493,0.000557,0.000956,1.717,0.805,1.48,0.074,1.48
management practice,2019,701,1564,73186,187801,0.00428,0.00959,0.0036,0.0084,2.325,0.000377,0.001009,2.675,0.8043,1.28,0.064,1.28
restoration,2019,701,1564,73186,187801,0.00428,0.00959,0.0069,0.0109,1.575,0.00072,0.001305,1.811,0.8043,1.28,0.064,1.28
stakeholder involve,2019,701,1564,73186,187801,0.00428,0.00959,0.0028,0.0077,2.767,0.000289,0.00092,3.183,0.8043,1.28,0.064,1.28
framework integrate,2019,701,1564,73186,187801,0.00428,0.00959,0.0025,0.0066,2.593,0.000265,0.000789,2.983,0.8043,1.28,0.064,1.28
innovation sport,2019,701,1564,73186,187801,0.00428,0.00959,0.0051,0.0073,1.426,0.000534,0.000876,1.64,0.8043,1.28,0.064,1.28
deficiency,2019,701,1564,73186,187801,0.00428,0.00959,0.003,0.0067,2.199,0.000318,0.000804,2.529,0.8043,1.28,0.064,1.28
tool tourism,2019,701,1564,73186,187801,0.00428,0.00959,0.0035,0.0064,1.835,0.000364,0.000768,2.11,0.8043,1.28,0.064,1.28
safeguard,2019,701,1564,73186,187801,0.00428,0.00959,0.0043,0.0072,1.674,0.000452,0.000871,1.925,0.8043,1.28,0.064,1.28
tourism led,2019,701,1564,73186,187801,0.00428,0.00959,0.0049,0.0087,1.77,0.000514,0.001046,2.035,0.8043,1.28,0.064,1.28
promote economic,2019,701,1564,73186,187801,0.00428,0.00959,0.0032,0.005,1.593,0.000329,0.000603,1.832,0.8043,1.28,0.064,1.28
building,2019,701,1564,73186,187801,0.00428,0.00959,0.0062,0.0076,1.222,0.000647,0.000909,1.406,0.8043,1.28,0.064,1.28
sufficient,2019,701,1564,73186,187801,0.00428,0.00959,0.006,0.0069,1.135,0.000631,0.000824,1.306,0.8043,1.28,0.064,1.28
community livelihood,2019,701,1564,73186,187801,0.00285,0.00639,0.0056,0.0089,1.588,0.000587,0.001071,1.826,0.803,1.04,0.0522,1.04
generative,2019,701,1564,73186,187801,0.00285,0.00639,0.0036,0.0144,3.988,0.000378,0.001734,4.587,0.803,1.04,0.0522,1.04
hungary,2019,701,1564,73186,187801,0.00285,0.00639,0.0029,0.0077,2.63,0.000306,0.000926,3.024,0.803,1.04,0.0522,1.04
conversely,2019,701,1564,73186,187801,0.00285,0.00639,0.0031,0.0041,1.3,0.000327,0.000489,1.495,0.803,1.04,0.0522,1.04
management model,2019,701,1564,73186,187801,0.00285,0.00639,0.0061,0.0054,0.877,0.000638,0.000644,1.009,0.803,1.04,0.0522,1.04
caput,2019,701,1564,73186,187801,0.00285,0.00639,0.0025,0.0056,2.258,0.00026,0.000675,2.597,0.803,1.04,0.0522,1.04
induced,2019,701,1564,73186,187801,0.00285,0.00639,0.0018,0.0064,3.571,0.000186,0.000764,4.107,0.803,1.04,0.0522,1.04
foster community,2019,701,1564,73186,187801,0.00285,0.00639,0.0021,0.0051,2.43,0.000219,0.000612,2.795,0.803,1.04,0.0522,1.04
ecotourism innovation,2019,701,1564,73186,187801,0.00285,0.00639,0.0026,0.0038,1.444,0.000275,0.000457,1.661,0.803,1.04,0.0522,1.04
ease,2019,701,1564,73186,187801,0.00285,0.00639,0.0023,0.0051,2.246,0.000236,0.000609,2.583,0.803,1.04,0.0522,1.04
tourism information,2019,701,1564,73186,187801,0.00285,0.00639,0.0034,0.005,1.502,0.00035,0.000605,1.727,0.803,1.04,0.0522,1.04
pace,2019,701,1564,73186,187801,0.00285,0.00639,0.0025,0.0046,1.842,0.000263,0.000557,2.118,0.803,1.04,0.0522,1.04
sustainability issue,2019,701,1564,73186,187801,0.00285,0.00639,0.0027,0.004,1.511,0.000277,0.000482,1.738,0.803,1.04,0.0522,1.04
validation,2019,701,1564,73186,187801,0.00285,0.00639,0.0023,0.0047,2.046,0.000239,0.000563,2.353,0.803,1.04,0.0522,1.04
inc,2019,701,1564,73186,187801,0.00285,0.00639,0.0033,0.0045,1.393,0.00034,0.000544,1.602,0.803,1.04,0.0522,1.04
tourism especially,2019,701,1564,73186,187801,0.00285,0.00639,0.0025,0.0048,1.897,0.000263,0.000574,2.182,0.803,1.04,0.0522,1.04
sensitivity,2019,701,1564,73186,187801,0.00285,0.00639,0.003,0.0071,2.362,0.000313,0.00085,2.717,0.803,1.04,0.0522,1.04
share economy,2019,701,1564,73186,187801,0.00285,0.00639,0.004,0.0071,1.76,0.000419,0.000848,2.024,0.803,1.04,0.0522,1.04
certification,2019,701,1564,73186,187801,0.00285,0.00639,0.0037,0.0087,2.341,0.00039,0.00105,2.692,0.803,1.04,0.0522,1.04
environmental stewardship,2019,701,1564,73186,187801,0.00285,0.00639,0.0027,0.0043,1.555,0.000287,0.000513,1.789,0.803,1.04,0.0522,1.04
community stakeholder,2019,701,1564,73186,187801,0.00285,0.00639,0.0026,0.0051,1.985,0.000267,0.00061,2.284,0.803,1.04,0.0522,1.04
tourism conservation,2019,701,1564,73186,187801,0.00285,0.00639,0.0026,0.0045,1.721,0.000274,0.000543,1.98,0.803,1.04,0.0522,1.04
inner,2019,701,1564,73186,187801,0.00285,0.00639,0.0034,0.0131,3.855,0.000356,0.001579,4.434,0.803,1.04,0.0522,1.04
empowerment tourism,2019,701,1564,73186,187801,0.00285,0.00639,0.0037,0.007,1.911,0.000383,0.000843,2.198,0.803,1.04,0.0522,1.04
ascertain,2019,701,1564,73186,187801,0.00285,0.00639,0.0024,0.0052,2.15,0.000254,0.000629,2.473,0.803,1.04,0.0522,1.04
tourism design,2019,701,1564,73186,187801,0.00285,0.00639,0.0043,0.0037,0.862,0.000445,0.000442,0.992,0.803,1.04,0.0522,1.04
depopulation,2019,701,1564,73186,187801,0.00285,0.00639,0.0024,0.0055,2.297,0.00025,0.00066,2.642,0.803,1.04,0.0522,1.04
chinese province,2019,701,1564,73186,187801,0.00285,0.00639,0.002,0.0044,2.266,0.000205,0.000534,2.606,0.803,1.04,0.0522,1.04
spectator,2019,701,1564,73186,187801,0.00285,0.00639,0.0045,0.0067,1.504,0.000468,0.000809,1.73,0.803,1.04,0.0522,1.04
tourism post,2019,701,1564,73186,187801,0.00285,0.00639,0.0038,0.0046,1.219,0.000394,0.000553,1.402,0.803,1.04,0.0522,1.04
flourish,2019,701,1564,73186,187801,0.00285,0.00639,0.0028,0.0041,1.463,0.000294,0.000494,1.683,0.803,1.04,0.0522,1.04
inheritance,2019,701,1564,73186,187801,0.00285,0.00639,0.0017,0.006,3.46,0.00018,0.000717,3.979,0.803,1.04,0.0522,1.04
thorough,2019,701,1564,73186,187801,0.00285,0.00639,0.0033,0.0048,1.439,0.000347,0.000574,1.655,0.803,1.04,0.0522,1.04
broadcast,2019,701,1564,73186,187801,0.00285,0.00639,0.0036,0.0104,2.929,0.000371,0.001251,3.369,0.803,1.04,0.0522,1.04
broaden,2019,701,1564,73186,187801,0.00285,0.00639,0.0027,0.0038,1.426,0.000282,0.000462,1.64,0.803,1.04,0.0522,1.04
enterprise smes,2019,701,1564,73186,187801,0.00285,0.00639,0.0033,0.0037,1.123,0.000343,0.000443,1.291,0.803,1.04,0.0522,1.04
destination image,2019,701,1564,73186,187801,0.00285,0.00639,0.0035,0.0059,1.671,0.00037,0.00071,1.922,0.803,1.04,0.0522,1.04
development agenda,2019,701,1564,73186,187801,0.00285,0.00639,0.0032,0.0052,1.634,0.000332,0.000623,1.88,0.803,1.04,0.0522,1.04
theory tourism,2019,701,1564,73186,187801,0.00285,0.00639,0.0019,0.0048,2.457,0.000203,0.000572,2.825,0.803,1.04,0.0522,1.04
tourism strategic,2019,701,1564,73186,187801,0.00285,0.00639,0.0045,0.0066,1.451,0.000472,0.000787,1.669,0.803,1.04,0.0522,1.04
tourism site,2019,701,1564,73186,187801,0.00285,0.00639,0.0021,0.0054,2.593,0.000217,0.000646,2.982,0.803,1.04,0.0522,1.04
crime,2019,701,1564,73186,187801,0.00143,0.0032,0.008,0.0038,0.471,0.000839,0.000454,0.541,0.799,0.73,0.0369,0.73
creative city,2019,701,1564,73186,187801,0.00143,0.0032,0.0008,0.0046,5.476,8.7e-05,0.000546,6.298,0.799,0.73,0.0369,0.73
environmental innovation,2019,701,1564,73186,187801,0.00143,0.0032,0.006,0.008,1.342,0.000622,0.000959,1.543,0.799,0.73,0.0369,0.73
ethical tourism,2019,701,1564,73186,187801,0.00143,0.0032,0.0034,0.0051,1.476,0.000358,0.000608,1.697,0.799,0.73,0.0369,0.73
urban destination,2019,701,1564,73186,187801,0.00143,0.0032,0.0006,0.005,8.344,6.2e-05,0.000599,9.596,0.799,0.73,0.0369,0.73
government intervention,2019,701,1564,73186,187801,0.00143,0.0032,0.0051,0.0044,0.869,0.000529,0.000529,0.999,0.799,0.73,0.0369,0.73
zero,2019,701,1564,73186,187801,0.00143,0.0032,0.004,0.0051,1.277,0.000418,0.000613,1.469,0.799,0.73,0.0369,0.73
commission,2019,701,1564,73186,187801,0.00143,0.0032,0.0008,0.007,8.419,8.7e-05,0.000846,9.683,0.799,0.73,0.0369,0.73
symbiosis,2019,701,1564,73186,187801,0.00143,0.0032,0.0021,0.0054,2.605,0.000218,0.000654,2.996,0.799,0.73,0.0369,0.73
tourism agriculture,2019,701,1564,73186,187801,0.00143,0.0032,0.0059,0.0032,0.551,0.000611,0.000387,0.633,0.799,0.73,0.0369,0.73
interactivity,2019,701,1564,73186,187801,0.00143,0.0032,0.001,0.0045,4.656,0.000101,0.00054,5.355,0.799,0.73,0.0369,0.73
folk,2019,701,1564,73186,187801,0.00143,0.0032,0.0018,0.0043,2.392,0.00019,0.000522,2.751,0.799,0.73,0.0369,0.73
graph,2019,701,1564,73186,187801,0.00143,0.0032,0.0022,0.0048,2.182,0.000231,0.000579,2.51,0.799,0.73,0.0369,0.73
conversion,2019,701,1564,73186,187801,0.00143,0.0032,0.0008,0.0052,6.387,8.4e-05,0.000619,7.346,0.799,0.73,0.0369,0.73
chile,2019,701,1564,73186,187801,0.00143,0.0032,0.0035,0.0067,1.94,0.000362,0.000807,2.232,0.799,0.73,0.0369,0.73
police,2019,701,1564,73186,187801,0.00143,0.0032,0.0024,0.0063,2.653,0.000246,0.000751,3.051,0.799,0.73,0.0369,0.73
app,2019,701,1564,73186,187801,0.00143,0.0032,0.0017,0.0057,3.37,0.000178,0.00069,3.875,0.799,0.73,0.0369,0.73
anhui,2019,701,1564,73186,187801,0.00143,0.0032,0.0022,0.0078,3.527,0.000231,0.000936,4.056,0.799,0.73,0.0369,0.73
agricultural tourism,2019,701,1564,73186,187801,0.00143,0.0032,0.0017,0.0047,2.762,0.000178,0.000565,3.177,0.799,0.73,0.0369,0.73
swiss,2019,701,1564,73186,187801,0.00143,0.0032,0.0029,0.006,2.095,0.0003,0.000723,2.41,0.799,0.73,0.0369,0.73
gender tourism,2019,701,1564,73186,187801,0.00143,0.0032,0.0013,0.0054,4.233,0.000133,0.000645,4.869,0.799,0.73,0.0369,0.73
culinary tourism,2019,701,1564,73186,187801,0.00143,0.0032,0.0021,0.0048,2.35,0.000214,0.000579,2.703,0.799,0.73,0.0369,0.73
sport competition,2019,701,1564,73186,187801,0.00143,0.0032,0.0007,0.0041,5.774,7.3e-05,0.000487,6.64,0.799,0.73,0.0369,0.73
climate,2019,701,1564,73186,187801,0.02568,0.05691,0.054,0.0456,0.843,0.005638,0.00547,0.97,0.7953,3.13,0.157,3.13
tourism service,2019,701,1564,73186,187801,0.01284,0.02813,0.0089,0.0184,2.062,0.000931,0.002207,2.372,0.7836,2.16,0.108,2.16
dominant,2019,701,1564,73186,187801,0.01141,0.02494,0.0135,0.0146,1.078,0.001411,0.001749,1.24,0.7806,2.03,0.1012,2.03
india,2019,701,1564,73186,187801,0.01141,0.02494,0.014,0.0284,2.036,0.001458,0.003414,2.342,0.7806,2.03,0.1012,2.03
combine,2019,701,1564,73186,187801,0.04137,0.09015,0.023,0.0378,1.643,0.002401,0.004538,1.89,0.7787,3.92,0.1968,3.92
insufficient,2019,701,1564,73186,187801,0.00999,0.02174,0.0111,0.0123,1.114,0.001157,0.001483,1.281,0.7768,1.88,0.0941,1.88
diverse,2019,701,1564,73186,187801,0.0271,0.05882,0.0193,0.0288,1.489,0.002018,0.003454,1.712,0.7745,3.13,0.1564,3.13
verify,2019,701,1564,73186,187801,0.00856,0.01854,0.0066,0.011,1.657,0.000693,0.00132,1.905,0.7717,1.73,0.0863,1.73
regeneration,2019,701,1564,73186,187801,0.00856,0.01854,0.0101,0.0202,2.006,0.00105,0.002422,2.307,0.7717,1.73,0.0863,1.73
authenticity,2019,701,1564,73186,187801,0.01569,0.03389,0.0156,0.0247,1.579,0.001631,0.002963,1.816,0.7692,2.34,0.117,2.34
led,2019,701,1564,73186,187801,0.01569,0.03389,0.0155,0.0265,1.711,0.00162,0.003188,1.968,0.7692,2.34,0.117,2.34
innovation sustainability,2019,701,1564,73186,187801,0.00713,0.01535,0.0062,0.0124,2.007,0.000644,0.001486,2.308,0.7646,1.56,0.0779,1.56
highest,2019,701,1564,73186,187801,0.00713,0.01535,0.0049,0.0096,1.965,0.000511,0.001154,2.26,0.7646,1.56,0.0779,1.56
infrastructural,2019,701,1564,73186,187801,0.00713,0.01535,0.007,0.0094,1.335,0.000732,0.001125,1.536,0.7646,1.56,0.0779,1.56
sustainability,2019,701,1564,73186,187801,0.13695,0.29412,0.1005,0.1748,1.74,0.010493,0.020995,2.001,0.7643,7.45,0.3822,7.45
effectively,2019,701,1564,73186,187801,0.01997,0.04284,0.0123,0.0203,1.657,0.001282,0.002443,1.905,0.7626,2.63,0.1311,2.63
coverage,2019,701,1564,73186,187801,0.00571,0.01215,0.0043,0.0084,1.952,0.000449,0.001009,2.245,0.7537,1.38,0.0685,1.38
inadequate,2019,701,1564,73186,187801,0.00571,0.01215,0.0075,0.008,1.064,0.000787,0.000964,1.224,0.7537,1.38,0.0685,1.38
causal,2019,701,1564,73186,187801,0.00571,0.01215,0.0053,0.01,1.881,0.000556,0.001203,2.164,0.7537,1.38,0.0685,1.38
community empowerment,2019,701,1564,73186,187801,0.00571,0.01215,0.0063,0.0121,1.904,0.000661,0.001447,2.19,0.7537,1.38,0.0685,1.38
scenic,2019,701,1564,73186,187801,0.00571,0.01215,0.0059,0.0112,1.901,0.000616,0.001347,2.186,0.7537,1.38,0.0685,1.38
beyond,2019,701,1564,73186,187801,0.01569,0.03325,0.0111,0.0188,1.692,0.001158,0.002253,1.946,0.7502,2.28,0.1136,2.28
governance,2019,701,1564,73186,187801,0.04565,0.09655,0.0619,0.0831,1.343,0.006459,0.009977,1.545,0.7488,3.96,0.1981,3.96
gap,2019,701,1564,73186,187801,0.04708,0.0991,0.0254,0.0445,1.753,0.002649,0.005341,2.016,0.7442,4.0,0.1999,4.0
analytical,2019,701,1564,73186,187801,0.01712,0.03581,0.0118,0.0194,1.641,0.001234,0.002329,1.887,0.7373,2.34,0.1164,2.34
underdevelop,2019,701,1564,73186,187801,0.00856,0.0179,0.0069,0.009,1.309,0.000721,0.001086,1.506,0.7367,1.65,0.0818,1.65
safety,2019,701,1564,73186,187801,0.00856,0.0179,0.0146,0.0147,1.006,0.001522,0.001762,1.157,0.7367,1.65,0.0818,1.65
event tourism,2019,701,1564,73186,187801,0.00428,0.00895,0.0041,0.0137,3.382,0.000423,0.001645,3.89,0.7354,1.16,0.0576,1.16
shock,2019,701,1564,73186,187801,0.00428,0.00895,0.0026,0.0092,3.625,0.000266,0.00111,4.169,0.7354,1.16,0.0576,1.16
industrial development,2019,701,1564,73186,187801,0.00428,0.00895,0.0031,0.0054,1.756,0.00032,0.000646,2.02,0.7354,1.16,0.0576,1.16
environmentally friendly,2019,701,1564,73186,187801,0.00428,0.00895,0.0032,0.0058,1.796,0.000338,0.000698,2.066,0.7354,1.16,0.0576,1.16
restaurant,2019,701,1564,73186,187801,0.00428,0.00895,0.0039,0.0113,2.915,0.000404,0.001356,3.353,0.7354,1.16,0.0576,1.16
travel tourism,2019,701,1564,73186,187801,0.00428,0.00895,0.0047,0.0075,1.595,0.000493,0.000905,1.834,0.7354,1.16,0.0576,1.16
economy development,2019,701,1564,73186,187801,0.00428,0.00895,0.0037,0.007,1.881,0.000386,0.000835,2.164,0.7354,1.16,0.0576,1.16
knowledge management,2019,701,1564,73186,187801,0.00428,0.00895,0.0087,0.0131,1.508,0.000907,0.001573,1.734,0.7354,1.16,0.0576,1.16
tourist perception,2019,701,1564,73186,187801,0.00428,0.00895,0.0032,0.007,2.203,0.000333,0.000844,2.534,0.7354,1.16,0.0576,1.16
triple,2019,701,1564,73186,187801,0.00428,0.00895,0.0044,0.0095,2.145,0.000464,0.001145,2.466,0.7354,1.16,0.0576,1.16
experimental,2019,701,1564,73186,187801,0.00428,0.00895,0.0037,0.0076,2.033,0.000389,0.000909,2.338,0.7354,1.16,0.0576,1.16
spatially,2019,701,1564,73186,187801,0.00428,0.00895,0.0031,0.0051,1.633,0.000324,0.000609,1.878,0.7354,1.16,0.0576,1.16
innovation rural,2019,701,1564,73186,187801,0.00428,0.00895,0.0044,0.0068,1.545,0.000458,0.000814,1.778,0.7354,1.16,0.0576,1.16
innovative sustainable,2019,701,1564,73186,187801,0.00428,0.00895,0.0048,0.0066,1.385,0.0005,0.000796,1.593,0.7354,1.16,0.0576,1.16
span,2019,701,1564,73186,187801,0.00428,0.00895,0.0031,0.0059,1.896,0.000323,0.000704,2.181,0.7354,1.16,0.0576,1.16
modernization,2019,701,1564,73186,187801,0.00428,0.00895,0.0058,0.0086,1.483,0.000608,0.001036,1.705,0.7354,1.16,0.0576,1.16
worker,2019,701,1564,73186,187801,0.00428,0.00895,0.0049,0.0079,1.605,0.000511,0.000943,1.846,0.7354,1.16,0.0576,1.16
cluster,2019,701,1564,73186,187801,0.02425,0.05051,0.0409,0.0473,1.156,0.004269,0.005676,1.33,0.7333,2.78,0.1384,2.78
china,2019,701,1564,73186,187801,0.06705,0.13939,0.0801,0.1075,1.341,0.008364,0.012903,1.543,0.7317,4.74,0.2378,4.74
energy,2019,701,1564,73186,187801,0.01569,0.03261,0.0205,0.0471,2.294,0.002142,0.005651,2.638,0.7307,2.22,0.1102,2.22
promote,2019,701,1564,73186,187801,0.12553,0.26023,0.0602,0.0926,1.539,0.006283,0.011117,1.769,0.7289,6.72,0.3414,6.72
structural,2019,701,1564,73186,187801,0.03994,0.08248,0.0257,0.04,1.558,0.002682,0.004807,1.792,0.7249,3.56,0.1774,3.56
foster,2019,701,1564,73186,187801,0.06705,0.13811,0.0356,0.0576,1.618,0.003718,0.006917,1.861,0.7225,4.68,0.2342,4.68
geotourism,2019,701,1564,73186,187801,0.00713,0.01471,0.0198,0.0361,1.827,0.002065,0.004339,2.101,0.722,1.47,0.0729,1.47
human capital,2019,701,1564,73186,187801,0.00713,0.01471,0.0059,0.0163,2.79,0.000611,0.001961,3.209,0.722,1.47,0.0729,1.47
prevent,2019,701,1564,73186,187801,0.00713,0.01471,0.0057,0.0101,1.782,0.000593,0.001215,2.049,0.722,1.47,0.0729,1.47
differentiation,2019,701,1564,73186,187801,0.00713,0.01471,0.0128,0.0108,0.843,0.001341,0.0013,0.969,0.722,1.47,0.0729,1.47
ensure,2019,701,1564,73186,187801,0.0428,0.0876,0.0271,0.0383,1.412,0.002831,0.004598,1.624,0.716,3.65,0.1815,3.65
solution,2019,701,1564,73186,187801,0.03281,0.06714,0.0251,0.0398,1.59,0.002616,0.004784,1.829,0.7156,3.17,0.1575,3.17
scientific,2019,701,1564,73186,187801,0.02853,0.05818,0.0189,0.0346,1.833,0.001973,0.004158,2.108,0.7123,2.93,0.1456,2.93
ecological,2019,701,1564,73186,187801,0.04137,0.08376,0.0372,0.071,1.905,0.003889,0.00852,2.191,0.7052,3.52,0.175,3.52
expert,2019,701,1564,73186,187801,0.01712,0.03453,0.0164,0.0258,1.576,0.001711,0.003101,1.813,0.701,2.22,0.1098,2.22
accelerate,2019,701,1564,73186,187801,0.01141,0.02302,0.0082,0.0121,1.475,0.000858,0.001456,1.697,0.7006,1.81,0.0892,1.81
dependence,2019,701,1564,73186,187801,0.01141,0.02302,0.0143,0.0163,1.139,0.001494,0.001958,1.311,0.7006,1.81,0.0892,1.81
indirect,2019,701,1564,73186,187801,0.00856,0.01726,0.0067,0.0095,1.416,0.000703,0.001145,1.629,0.7003,1.56,0.0771,1.56
wine tourism,2019,701,1564,73186,187801,0.00571,0.01151,0.0112,0.029,2.586,0.001171,0.003483,2.974,0.6997,1.27,0.0628,1.27
random,2019,701,1564,73186,187801,0.00571,0.01151,0.004,0.0084,2.125,0.000413,0.00101,2.444,0.6997,1.27,0.0628,1.27
social cohesion,2019,701,1564,73186,187801,0.00571,0.01151,0.0051,0.0091,1.784,0.000531,0.001089,2.052,0.6997,1.27,0.0628,1.27
development evidence,2019,701,1564,73186,187801,0.00571,0.01151,0.0068,0.0078,1.133,0.000715,0.000931,1.303,0.6997,1.27,0.0628,1.27
model rural,2019,701,1564,73186,187801,0.00285,0.00575,0.0064,0.0042,0.662,0.000663,0.000505,0.762,0.6977,0.9,0.0443,0.9
temporary,2019,701,1564,73186,187801,0.00285,0.00575,0.0042,0.0044,1.036,0.000439,0.000524,1.192,0.6977,0.9,0.0443,0.9
technology acceptance,2019,701,1564,73186,187801,0.00285,0.00575,0.002,0.0053,2.607,0.000211,0.000633,2.998,0.6977,0.9,0.0443,0.9
community cultural,2019,701,1564,73186,187801,0.00285,0.00575,0.0023,0.0051,2.214,0.000242,0.000617,2.546,0.6977,0.9,0.0443,0.9
maturity,2019,701,1564,73186,187801,0.00285,0.00575,0.0018,0.0063,3.579,0.000185,0.000761,4.116,0.6977,0.9,0.0443,0.9
greatest,2019,701,1564,73186,187801,0.00285,0.00575,0.0021,0.0039,1.864,0.000216,0.000463,2.144,0.6977,0.9,0.0443,0.9
agro tourism,2019,701,1564,73186,187801,0.00285,0.00575,0.0069,0.0133,1.919,0.000726,0.001601,2.207,0.6977,0.9,0.0443,0.9
value tourism,2019,701,1564,73186,187801,0.00285,0.00575,0.0022,0.0043,1.921,0.000234,0.000518,2.209,0.6977,0.9,0.0443,0.9
governance innovation,2019,701,1564,73186,187801,0.00285,0.00575,0.0101,0.0048,0.473,0.001058,0.000576,0.544,0.6977,0.9,0.0443,0.9
inhibit,2019,701,1564,73186,187801,0.00285,0.00575,0.005,0.0054,1.082,0.000521,0.000649,1.244,0.6977,0.9,0.0443,0.9
development chinese,2019,701,1564,73186,187801,0.00285,0.00575,0.0022,0.0037,1.663,0.000234,0.000448,1.913,0.6977,0.9,0.0443,0.9
organizational innovation,2019,701,1564,73186,187801,0.00285,0.00575,0.0087,0.0054,0.624,0.000907,0.000652,0.718,0.6977,0.9,0.0443,0.9
tool sustainable,2019,701,1564,73186,187801,0.00285,0.00575,0.0034,0.0055,1.65,0.000351,0.000665,1.897,0.6977,0.9,0.0443,0.9
positively affect,2019,701,1564,73186,187801,0.00285,0.00575,0.0028,0.0046,1.661,0.000288,0.000551,1.911,0.6977,0.9,0.0443,0.9
resource conservation,2019,701,1564,73186,187801,0.00285,0.00575,0.0033,0.0047,1.407,0.000346,0.00056,1.619,0.6977,0.9,0.0443,0.9
tourism major,2019,701,1564,73186,187801,0.00285,0.00575,0.0029,0.0051,1.762,0.000302,0.000611,2.027,0.6977,0.9,0.0443,0.9
compute,2019,701,1564,73186,187801,0.00285,0.00575,0.0017,0.0059,3.397,0.000181,0.000706,3.907,0.6977,0.9,0.0443,0.9
environmental benefit,2019,701,1564,73186,187801,0.00285,0.00575,0.0022,0.0036,1.64,0.000232,0.000438,1.887,0.6977,0.9,0.0443,0.9
driven development,2019,701,1564,73186,187801,0.00285,0.00575,0.0044,0.0059,1.331,0.000462,0.000708,1.531,0.6977,0.9,0.0443,0.9
state art,2019,701,1564,73186,187801,0.00285,0.00575,0.0031,0.0057,1.843,0.000324,0.000687,2.12,0.6977,0.9,0.0443,0.9
senior,2019,701,1564,73186,187801,0.00285,0.00575,0.0038,0.0087,2.304,0.000394,0.001043,2.65,0.6977,0.9,0.0443,0.9
social sustainable,2019,701,1564,73186,187801,0.00285,0.00575,0.0026,0.005,1.963,0.000268,0.000605,2.258,0.6977,0.9,0.0443,0.9
tourism coastal,2019,701,1564,73186,187801,0.00285,0.00575,0.0033,0.0043,1.281,0.000349,0.000514,1.474,0.6977,0.9,0.0443,0.9
interface,2019,701,1564,73186,187801,0.00285,0.00575,0.0044,0.0072,1.639,0.000457,0.000862,1.885,0.6977,0.9,0.0443,0.9
combat,2019,701,1564,73186,187801,0.00285,0.00575,0.0029,0.0044,1.494,0.000305,0.000524,1.719,0.6977,0.9,0.0443,0.9
rational,2019,701,1564,73186,187801,0.00285,0.00575,0.003,0.0045,1.49,0.000313,0.000536,1.714,0.6977,0.9,0.0443,0.9
port,2019,701,1564,73186,187801,0.00285,0.00575,0.003,0.009,3.047,0.000309,0.001084,3.505,0.6977,0.9,0.0443,0.9
rigorous,2019,701,1564,73186,187801,0.00285,0.00575,0.0033,0.0044,1.341,0.000343,0.000529,1.542,0.6977,0.9,0.0443,0.9
tourism actor,2019,701,1564,73186,187801,0.00285,0.00575,0.0027,0.0049,1.86,0.000277,0.000593,2.139,0.6977,0.9,0.0443,0.9
integrate development,2019,701,1564,73186,187801,0.00285,0.00575,0.0029,0.0055,1.908,0.000302,0.000662,2.194,0.6977,0.9,0.0443,0.9
half,2019,701,1564,73186,187801,0.00285,0.00575,0.0023,0.005,2.191,0.000236,0.000596,2.52,0.6977,0.9,0.0443,0.9
analytic hierarchy,2019,701,1564,73186,187801,0.00285,0.00575,0.0024,0.0043,1.798,0.000252,0.000521,2.068,0.6977,0.9,0.0443,0.9
lesser,2019,701,1564,73186,187801,0.00285,0.00575,0.0022,0.0042,1.885,0.000234,0.000507,2.168,0.6977,0.9,0.0443,0.9
recommendation,2019,701,1564,73186,187801,0.03566,0.07161,0.0243,0.0364,1.498,0.002539,0.004374,1.723,0.6968,3.22,0.1596,3.22
evolution,2019,701,1564,73186,187801,0.03281,0.06586,0.0311,0.0428,1.379,0.003244,0.005143,1.586,0.6964,3.08,0.1526,3.08
decision making,2019,701,1564,73186,187801,0.0214,0.04284,0.0161,0.0274,1.698,0.001682,0.003285,1.953,0.6936,2.46,0.1216,2.46
shape,2019,701,1564,73186,187801,0.03994,0.07992,0.0265,0.0404,1.524,0.002766,0.00485,1.753,0.6934,3.4,0.1684,3.4
infrastructure,2019,701,1564,73186,187801,0.07418,0.14834,0.0439,0.0768,1.751,0.004581,0.009225,2.014,0.6929,4.73,0.2358,4.73
worldwide,2019,701,1564,73186,187801,0.01569,0.03133,0.0107,0.018,1.682,0.001116,0.00216,1.935,0.6907,2.09,0.1032,2.09
transform,2019,701,1564,73186,187801,0.02282,0.0454,0.0149,0.0251,1.683,0.001555,0.003011,1.936,0.6871,2.52,0.1244,2.52
remain,2019,701,1564,73186,187801,0.0428,0.08504,0.0295,0.0388,1.316,0.003078,0.004659,1.514,0.6864,3.49,0.1727,3.49
advocate,2019,701,1564,73186,187801,0.00999,0.01982,0.0078,0.0119,1.534,0.000812,0.001433,1.764,0.6845,1.65,0.0812,1.65
development china,2019,701,1564,73186,187801,0.00999,0.01982,0.0122,0.0114,0.933,0.001273,0.001366,1.073,0.6845,1.65,0.0812,1.65
topic,2019,701,1564,73186,187801,0.02853,0.05627,0.0241,0.0378,1.571,0.002511,0.004537,1.806,0.6787,2.79,0.1376,2.79
online,2019,701,1564,73186,187801,0.0214,0.0422,0.0231,0.0259,1.124,0.002407,0.00311,1.292,0.6786,2.4,0.1186,2.4
cover,2019,701,1564,73186,187801,0.01427,0.02813,0.0102,0.0173,1.695,0.001065,0.002075,1.949,0.6784,1.95,0.0963,1.95
conventional,2019,701,1564,73186,187801,0.00713,0.01407,0.0063,0.0092,1.467,0.000657,0.001108,1.687,0.6776,1.37,0.0677,1.37
farmer,2019,701,1564,73186,187801,0.00713,0.01407,0.0067,0.0179,2.654,0.000703,0.002145,3.052,0.6776,1.37,0.0677,1.37
loss,2019,701,1564,73186,187801,0.00713,0.01407,0.0063,0.0091,1.443,0.000656,0.001088,1.659,0.6776,1.37,0.0677,1.37
rapid development,2019,701,1564,73186,187801,0.00713,0.01407,0.0055,0.0078,1.409,0.000575,0.000931,1.62,0.6776,1.37,0.0677,1.37
powerful,2019,701,1564,73186,187801,0.00713,0.01407,0.0057,0.009,1.588,0.000593,0.001084,1.826,0.6776,1.37,0.0677,1.37
environmental conservation,2019,701,1564,73186,187801,0.00713,0.01407,0.0055,0.0108,1.959,0.000573,0.001292,2.253,0.6776,1.37,0.0677,1.37
traveler,2019,701,1564,73186,187801,0.00713,0.01407,0.0108,0.0118,1.092,0.001125,0.001412,1.255,0.6776,1.37,0.0677,1.37
emerge,2019,701,1564,73186,187801,0.07418,0.14578,0.0415,0.0676,1.627,0.004338,0.008117,1.871,0.6755,4.6,0.2289,4.6
co,2019,701,1564,73186,187801,0.03424,0.06714,0.0364,0.0633,1.74,0.003797,0.007599,2.001,0.6731,3.04,0.15,3.04
single,2019,701,1564,73186,187801,0.01141,0.02238,0.0121,0.0122,1.005,0.001262,0.001459,1.156,0.6725,1.73,0.0851,1.73
boost,2019,701,1564,73186,187801,0.01569,0.03069,0.0149,0.0183,1.226,0.001561,0.002201,1.41,0.6701,2.02,0.0997,2.02
higher,2019,701,1564,73186,187801,0.02853,0.05563,0.0237,0.0332,1.401,0.002471,0.003982,1.611,0.6673,2.74,0.135,2.74
consumption,2019,701,1564,73186,187801,0.02568,0.04987,0.0254,0.0356,1.406,0.002648,0.00428,1.617,0.6634,2.58,0.1269,2.58
ultimately,2019,701,1564,73186,187801,0.01284,0.02494,0.0102,0.0147,1.441,0.001067,0.001768,1.658,0.663,1.81,0.0889,1.81
efficient,2019,701,1564,73186,187801,0.01284,0.02494,0.0084,0.0133,1.586,0.000876,0.001598,1.824,0.663,1.81,0.0889,1.81
catalyst,2019,701,1564,73186,187801,0.01284,0.02494,0.0098,0.0159,1.616,0.001024,0.001904,1.858,0.663,1.81,0.0889,1.81
empirically,2019,701,1564,73186,187801,0.01284,0.02494,0.0098,0.0144,1.472,0.001021,0.001728,1.693,0.663,1.81,0.0889,1.81
face challenge,2019,701,1564,73186,187801,0.00856,0.01662,0.0063,0.0099,1.569,0.00066,0.001191,1.805,0.6626,1.47,0.0723,1.47
methodologically,2019,701,1564,73186,187801,0.00428,0.00831,0.0046,0.0061,1.326,0.000484,0.000738,1.525,0.6613,1.04,0.051,1.04
innovation theory,2019,701,1564,73186,187801,0.00428,0.00831,0.0037,0.0067,1.81,0.000387,0.000806,2.081,0.6613,1.04,0.051,1.04
visibility,2019,701,1564,73186,187801,0.00428,0.00831,0.003,0.0057,1.871,0.000318,0.000683,2.152,0.6613,1.04,0.051,1.04
business owner,2019,701,1564,73186,187801,0.00428,0.00831,0.0067,0.0064,0.964,0.000695,0.00077,1.108,0.6613,1.04,0.051,1.04
adverse,2019,701,1564,73186,187801,0.00428,0.00831,0.0041,0.0059,1.432,0.000429,0.000707,1.648,0.6613,1.04,0.051,1.04
cultural development,2019,701,1564,73186,187801,0.00428,0.00831,0.0034,0.0056,1.612,0.00036,0.000668,1.855,0.6613,1.04,0.051,1.04
heritage cultural,2019,701,1564,73186,187801,0.00428,0.00831,0.0028,0.0057,2.04,0.00029,0.00068,2.347,0.6613,1.04,0.051,1.04
culinary,2019,701,1564,73186,187801,0.00428,0.00831,0.0112,0.0135,1.207,0.001165,0.001618,1.388,0.6613,1.04,0.051,1.04
cater,2019,701,1564,73186,187801,0.00428,0.00831,0.0041,0.0057,1.369,0.000432,0.00068,1.575,0.6613,1.04,0.051,1.04
direct indirect,2019,701,1564,73186,187801,0.00428,0.00831,0.0039,0.0051,1.317,0.000407,0.000617,1.514,0.6613,1.04,0.051,1.04
monument,2019,701,1564,73186,187801,0.00428,0.00831,0.0049,0.0071,1.449,0.000511,0.000852,1.667,0.6613,1.04,0.051,1.04
foster social,2019,701,1564,73186,187801,0.00428,0.00831,0.0033,0.0055,1.696,0.000341,0.000665,1.95,0.6613,1.04,0.051,1.04
restore,2019,701,1564,73186,187801,0.00428,0.00831,0.0042,0.0061,1.427,0.000443,0.000727,1.642,0.6613,1.04,0.051,1.04
specialize,2019,701,1564,73186,187801,0.00428,0.00831,0.0042,0.0052,1.227,0.000441,0.000623,1.411,0.6613,1.04,0.051,1.04
scarce,2019,701,1564,73186,187801,0.00428,0.00831,0.0049,0.0065,1.329,0.000512,0.000783,1.528,0.6613,1.04,0.051,1.04
spot,2019,701,1564,73186,187801,0.00428,0.00831,0.0049,0.0092,1.877,0.000514,0.00111,2.159,0.6613,1.04,0.051,1.04
enjoy,2019,701,1564,73186,187801,0.00428,0.00831,0.003,0.0056,1.893,0.000309,0.000672,2.177,0.6613,1.04,0.051,1.04
province,2019,701,1564,73186,187801,0.04422,0.08568,0.0418,0.0617,1.475,0.004368,0.007413,1.697,0.6611,3.41,0.1682,3.41
utilize,2019,701,1564,73186,187801,0.02853,0.05499,0.0185,0.026,1.41,0.001929,0.003128,1.621,0.6558,2.69,0.1323,2.69
cultural tourism,2019,701,1564,73186,187801,0.02853,0.05499,0.0299,0.0697,2.327,0.003127,0.008367,2.676,0.6558,2.69,0.1323,2.69
co creation,2019,701,1564,73186,187801,0.00999,0.01918,0.0159,0.0263,1.65,0.001664,0.003157,1.897,0.6517,1.56,0.0767,1.56
essential,2019,701,1564,73186,187801,0.03709,0.07097,0.0234,0.0327,1.399,0.002443,0.003932,1.61,0.6487,3.04,0.1499,3.04
practitioner,2019,701,1564,73186,187801,0.0214,0.04092,0.0161,0.0231,1.432,0.001682,0.002771,1.647,0.6478,2.29,0.1124,2.29
making,2019,701,1564,73186,187801,0.0271,0.05179,0.0197,0.0319,1.618,0.00206,0.003832,1.861,0.6471,2.58,0.1268,2.58
degradation,2019,701,1564,73186,187801,0.01141,0.02174,0.0092,0.0167,1.814,0.000963,0.00201,2.087,0.6435,1.65,0.0809,1.65
monitor,2019,701,1564,73186,187801,0.01141,0.02174,0.0147,0.0133,0.906,0.00153,0.001595,1.042,0.6435,1.65,0.0809,1.65
utilise,2019,701,1564,73186,187801,0.01141,0.02174,0.008,0.0155,1.933,0.000838,0.001864,2.223,0.6435,1.65,0.0809,1.65
estimate,2019,701,1564,73186,187801,0.01141,0.02174,0.0101,0.0132,1.303,0.001056,0.001582,1.499,0.6435,1.65,0.0809,1.65
lie,2019,701,1564,73186,187801,0.01141,0.02174,0.0107,0.0131,1.226,0.001113,0.001569,1.41,0.6435,1.65,0.0809,1.65
analytic,2019,701,1564,73186,187801,0.00571,0.01087,0.0045,0.0094,2.102,0.000465,0.001125,2.417,0.6425,1.16,0.057,1.16
inclusive tourism,2019,701,1564,73186,187801,0.00571,0.01087,0.0078,0.0141,1.808,0.000812,0.001689,2.08,0.6425,1.16,0.057,1.16
categorize,2019,701,1564,73186,187801,0.00571,0.01087,0.0046,0.0076,1.647,0.000484,0.000916,1.895,0.6425,1.16,0.057,1.16
open innovation,2019,701,1564,73186,187801,0.00571,0.01087,0.0077,0.022,2.857,0.000806,0.002648,3.286,0.6425,1.16,0.057,1.16
competency,2019,701,1564,73186,187801,0.00571,0.01087,0.0071,0.0091,1.276,0.000742,0.00109,1.468,0.6425,1.16,0.057,1.16
correlate,2019,701,1564,73186,187801,0.00571,0.01087,0.0059,0.0082,1.391,0.000613,0.000981,1.6,0.6425,1.16,0.057,1.16
labor,2019,701,1564,73186,187801,0.00571,0.01087,0.0057,0.0109,1.928,0.000592,0.001314,2.218,0.6425,1.16,0.057,1.16
strong,2019,701,1564,73186,187801,0.03138,0.05946,0.0201,0.0297,1.478,0.002101,0.003571,1.7,0.6387,2.75,0.1348,2.75
chinese,2019,701,1564,73186,187801,0.02568,0.04859,0.0256,0.0328,1.28,0.002675,0.003937,1.472,0.6375,2.47,0.1212,2.47
goal,2019,701,1564,73186,187801,0.06134,0.11573,0.0385,0.0618,1.602,0.004024,0.007416,1.843,0.6346,3.88,0.1915,3.88
reduction,2019,701,1564,73186,187801,0.01427,0.02685,0.0171,0.0167,0.978,0.001783,0.002005,1.125,0.6318,1.81,0.0887,1.81
point view,2019,701,1564,73186,187801,0.00713,0.01343,0.0072,0.0089,1.234,0.000754,0.001069,1.419,0.6311,1.27,0.0624,1.27
custom,2019,701,1564,73186,187801,0.00713,0.01343,0.0061,0.0084,1.372,0.000638,0.001006,1.578,0.6311,1.27,0.0624,1.27
multi,2019,701,1564,73186,187801,0.03709,0.06969,0.0261,0.0375,1.436,0.002729,0.004509,1.652,0.6305,2.95,0.145,2.95
cultural heritage,2019,701,1564,73186,187801,0.0485,0.09079,0.0524,0.0699,1.334,0.005471,0.008394,1.534,0.6268,3.38,0.1661,3.38
develop sustainable,2019,701,1564,73186,187801,0.00856,0.01598,0.0115,0.01,0.87,0.001197,0.001198,1.001,0.6234,1.38,0.0674,1.38
youth,2019,701,1564,73186,187801,0.00856,0.01598,0.0155,0.0244,1.58,0.001616,0.002935,1.817,0.6234,1.38,0.0674,1.38
innovation development,2019,701,1564,73186,187801,0.00856,0.01598,0.0073,0.0099,1.345,0.000765,0.001183,1.547,0.6234,1.38,0.0674,1.38
interpret,2019,701,1564,73186,187801,0.00856,0.01598,0.0073,0.0115,1.574,0.00076,0.001377,1.811,0.6234,1.38,0.0674,1.38
unite nation,2019,701,1564,73186,187801,0.00856,0.01598,0.0073,0.0108,1.483,0.00076,0.001297,1.706,0.6234,1.38,0.0674,1.38
quality,2019,701,1564,73186,187801,0.08274,0.15409,0.0585,0.0956,1.634,0.006111,0.011484,1.879,0.6217,4.47,0.2208,4.47
period,2019,701,1564,73186,187801,0.02853,0.05307,0.0188,0.0281,1.499,0.00196,0.003379,1.724,0.6203,2.53,0.124,2.53
development sustainable,2019,701,1564,73186,187801,0.02853,0.05307,0.0218,0.0289,1.33,0.002271,0.003475,1.53,0.6203,2.53,0.124,2.53
stronger,2019,701,1564,73186,187801,0.00999,0.01854,0.0084,0.0123,1.47,0.000874,0.001478,1.691,0.6178,1.48,0.0722,1.48
rapidly,2019,701,1564,73186,187801,0.00999,0.01854,0.0077,0.0113,1.463,0.000806,0.001355,1.682,0.6178,1.48,0.0722,1.48
hybrid,2019,701,1564,73186,187801,0.00999,0.01854,0.0092,0.0138,1.497,0.000963,0.001659,1.722,0.6178,1.48,0.0722,1.48
integrate,2019,701,1564,73186,187801,0.10271,0.19054,0.0583,0.0748,1.285,0.006082,0.008985,1.477,0.6178,5.02,0.2483,5.02
environmentally,2019,701,1564,73186,187801,0.01141,0.0211,0.0093,0.0123,1.322,0.000971,0.001476,1.52,0.6136,1.57,0.0766,1.57
geographic,2019,701,1564,73186,187801,0.01141,0.0211,0.0153,0.0126,0.818,0.001601,0.001507,0.941,0.6136,1.57,0.0766,1.57
experiential,2019,701,1564,73186,187801,0.01141,0.0211,0.0152,0.0208,1.367,0.001587,0.002496,1.572,0.6136,1.57,0.0766,1.57
industrial,2019,701,1564,73186,187801,0.03852,0.07097,0.0264,0.0509,1.931,0.002753,0.006114,2.221,0.6109,2.91,0.1427,2.91
light,2019,701,1564,73186,187801,0.01427,0.02621,0.0118,0.0202,1.707,0.001234,0.002424,1.963,0.6078,1.74,0.0849,1.74
tourism strategy,2019,701,1564,73186,187801,0.01427,0.02621,0.0154,0.016,1.042,0.001603,0.001922,1.199,0.6078,1.74,0.0849,1.74
travel,2019,701,1564,73186,187801,0.04422,0.0812,0.043,0.0577,1.342,0.004487,0.006925,1.543,0.6075,3.11,0.1525,3.11
chain,2019,701,1564,73186,187801,0.01569,0.02877,0.015,0.0221,1.478,0.001562,0.002656,1.7,0.6056,1.82,0.0887,1.82
foundation,2019,701,1564,73186,187801,0.0214,0.039,0.0157,0.0206,1.311,0.001642,0.002476,1.508,0.5998,2.11,0.1029,2.11
risk,2019,701,1564,73186,187801,0.02853,0.05115,0.0208,0.0421,2.023,0.002173,0.005057,2.327,0.5834,2.37,0.1157,2.37
along,2019,701,1564,73186,187801,0.01997,0.03581,0.0133,0.0205,1.536,0.001392,0.002459,1.767,0.5833,1.98,0.0962,1.98
exploratory,2019,701,1564,73186,187801,0.0214,0.03836,0.0141,0.0226,1.595,0.001476,0.002708,1.834,0.5833,2.05,0.0996,2.05
novel,2019,701,1564,73186,187801,0.01997,0.03581,0.0159,0.0196,1.233,0.001659,0.002353,1.418,0.5833,1.98,0.0962,1.98
tourism experience,2019,701,1564,73186,187801,0.01712,0.03069,0.0204,0.0199,0.976,0.00213,0.002392,1.123,0.5832,1.83,0.0889,1.83
coordination,2019,701,1564,73186,187801,0.01712,0.03069,0.0152,0.0349,2.295,0.001588,0.004192,2.64,0.5832,1.83,0.0889,1.83
lower,2019,701,1564,73186,187801,0.01284,0.02302,0.0142,0.0159,1.121,0.001483,0.001913,1.29,0.583,1.58,0.0767,1.58
requirement,2019,701,1564,73186,187801,0.01141,0.02046,0.009,0.0128,1.43,0.000936,0.00154,1.645,0.5829,1.49,0.0723,1.49
weight,2019,701,1564,73186,187801,0.00999,0.0179,0.0124,0.0136,1.093,0.001298,0.001631,1.257,0.5827,1.39,0.0675,1.39
female,2019,701,1564,73186,187801,0.00999,0.0179,0.009,0.0226,2.504,0.000943,0.002716,2.88,0.5827,1.39,0.0675,1.39
environmental social,2019,701,1564,73186,187801,0.00999,0.0179,0.0067,0.0117,1.76,0.000697,0.00141,2.024,0.5827,1.39,0.0675,1.39
equitable,2019,701,1564,73186,187801,0.00999,0.0179,0.0104,0.0118,1.14,0.001082,0.001418,1.311,0.5827,1.39,0.0675,1.39
licence,2019,701,1564,73186,187801,0.00856,0.01535,0.0058,0.0096,1.654,0.000606,0.001153,1.902,0.5826,1.28,0.0624,1.28
mark,2019,701,1564,73186,187801,0.00713,0.01279,0.0048,0.0092,1.932,0.000497,0.001105,2.222,0.5823,1.17,0.0569,1.17
display,2019,701,1564,73186,187801,0.00713,0.01279,0.0054,0.0082,1.52,0.000561,0.000981,1.748,0.5823,1.17,0.0569,1.17
macro,2019,701,1564,73186,187801,0.00713,0.01279,0.0082,0.0112,1.37,0.000853,0.001344,1.576,0.5823,1.17,0.0569,1.17
acceptance,2019,701,1564,73186,187801,0.00713,0.01279,0.0049,0.0161,3.321,0.000507,0.001937,3.819,0.5823,1.17,0.0569,1.17
development ecotourism,2019,701,1564,73186,187801,0.00713,0.01279,0.0042,0.0099,2.372,0.000436,0.00119,2.728,0.5823,1.17,0.0569,1.17
job creation,2019,701,1564,73186,187801,0.00571,0.01023,0.0045,0.0072,1.593,0.000473,0.000867,1.832,0.5819,1.05,0.0509,1.05
efficacy,2019,701,1564,73186,187801,0.00571,0.01023,0.006,0.0103,1.696,0.000631,0.001231,1.95,0.5819,1.05,0.0509,1.05
publish edp,2019,701,1564,73186,187801,0.00571,0.01023,0.004,0.0068,1.677,0.000421,0.000812,1.929,0.5819,1.05,0.0509,1.05
fan,2019,701,1564,73186,187801,0.00571,0.01023,0.007,0.0142,2.026,0.000733,0.001707,2.331,0.5819,1.05,0.0509,1.05
edp,2019,701,1564,73186,187801,0.00571,0.01023,0.004,0.0068,1.677,0.000421,0.000812,1.929,0.5819,1.05,0.0509,1.05
village tourism,2019,701,1564,73186,187801,0.00571,0.01023,0.0085,0.0103,1.216,0.000886,0.001239,1.398,0.5819,1.05,0.0509,1.05
analytical framework,2019,701,1564,73186,187801,0.00571,0.01023,0.0046,0.0069,1.501,0.000481,0.000831,1.726,0.5819,1.05,0.0509,1.05
intangible cultural,2019,701,1564,73186,187801,0.00571,0.01023,0.0066,0.0176,2.671,0.000688,0.002114,3.072,0.5819,1.05,0.0509,1.05
protocol,2019,701,1564,73186,187801,0.00428,0.00767,0.0036,0.006,1.678,0.000371,0.000716,1.93,0.5813,0.9,0.044,0.9
creativity innovation,2019,701,1564,73186,187801,0.00428,0.00767,0.0046,0.0071,1.527,0.000482,0.000847,1.756,0.5813,0.9,0.044,0.9
development technological,2019,701,1564,73186,187801,0.00428,0.00767,0.0033,0.0067,2.042,0.000343,0.000806,2.349,0.5813,0.9,0.044,0.9
development traditional,2019,701,1564,73186,187801,0.00428,0.00767,0.0043,0.007,1.63,0.000451,0.000846,1.875,0.5813,0.9,0.044,0.9
delta,2019,701,1564,73186,187801,0.00428,0.00767,0.0078,0.0117,1.511,0.00081,0.001408,1.738,0.5813,0.9,0.044,0.9
amplify,2019,701,1564,73186,187801,0.00428,0.00767,0.004,0.005,1.254,0.000416,0.0006,1.442,0.5813,0.9,0.044,0.9
creation tourism,2019,701,1564,73186,187801,0.00428,0.00767,0.0065,0.0071,1.087,0.000682,0.000853,1.25,0.5813,0.9,0.044,0.9
delivery,2019,701,1564,73186,187801,0.00428,0.00767,0.0042,0.0055,1.309,0.000442,0.000665,1.505,0.5813,0.9,0.044,0.9
work tourism,2019,701,1564,73186,187801,0.00428,0.00767,0.0036,0.0052,1.44,0.000374,0.00062,1.656,0.5813,0.9,0.044,0.9
integral,2019,701,1564,73186,187801,0.00428,0.00767,0.006,0.0059,0.984,0.000622,0.000705,1.132,0.5813,0.9,0.044,0.9
concrete,2019,701,1564,73186,187801,0.00428,0.00767,0.0035,0.0057,1.651,0.000362,0.000688,1.899,0.5813,0.9,0.044,0.9
perceive tourism,2019,701,1564,73186,187801,0.00428,0.00767,0.0039,0.0064,1.627,0.00041,0.000767,1.871,0.5813,0.9,0.044,0.9
promotional,2019,701,1564,73186,187801,0.00428,0.00767,0.0043,0.0066,1.527,0.00045,0.000789,1.756,0.5813,0.9,0.044,0.9
neighbor,2019,701,1564,73186,187801,0.00428,0.00767,0.0026,0.0062,2.393,0.000271,0.000747,2.752,0.5813,0.9,0.044,0.9
regional economy,2019,701,1564,73186,187801,0.00428,0.00767,0.0063,0.0056,0.889,0.000658,0.000672,1.022,0.5813,0.9,0.044,0.9
elucidate,2019,701,1564,73186,187801,0.00428,0.00767,0.0034,0.0047,1.378,0.000356,0.000563,1.584,0.5813,0.9,0.044,0.9
field sport,2019,701,1564,73186,187801,0.00428,0.00767,0.0029,0.0058,2.006,0.000303,0.0007,2.307,0.5813,0.9,0.044,0.9
social tourism,2019,701,1564,73186,187801,0.00428,0.00767,0.0033,0.0059,1.807,0.000342,0.000711,2.078,0.5813,0.9,0.044,0.9
fluctuation,2019,701,1564,73186,187801,0.00428,0.00767,0.0037,0.0048,1.324,0.000382,0.000582,1.523,0.5813,0.9,0.044,0.9
term economic,2019,701,1564,73186,187801,0.00428,0.00767,0.0038,0.0056,1.471,0.000394,0.000667,1.692,0.5813,0.9,0.044,0.9
tourism trend,2019,701,1564,73186,187801,0.00428,0.00767,0.0033,0.0053,1.6,0.000345,0.000635,1.841,0.5813,0.9,0.044,0.9
social sustainability,2019,701,1564,73186,187801,0.00428,0.00767,0.007,0.0087,1.232,0.000736,0.001042,1.416,0.5813,0.9,0.044,0.9
development smart,2019,701,1564,73186,187801,0.00428,0.00767,0.0036,0.007,1.919,0.000378,0.000835,2.207,0.5813,0.9,0.044,0.9
extension,2019,701,1564,73186,187801,0.00428,0.00767,0.0036,0.0058,1.626,0.000375,0.000702,1.87,0.5813,0.9,0.044,0.9
renewal,2019,701,1564,73186,187801,0.00428,0.00767,0.0027,0.0051,1.863,0.000286,0.000613,2.143,0.5813,0.9,0.044,0.9
sustainable development,2019,701,1564,73186,187801,0.13124,0.23465,0.0751,0.119,1.583,0.007844,0.014285,1.821,0.581,5.41,0.2675,5.41
weather,2019,701,1564,73186,187801,0.00285,0.00512,0.0029,0.0083,2.82,0.000307,0.000997,3.243,0.5801,0.74,0.0359,0.74
habitat,2019,701,1564,73186,187801,0.00285,0.00512,0.0022,0.0048,2.224,0.000226,0.000579,2.558,0.5801,0.74,0.0359,0.74
permanent,2019,701,1564,73186,187801,0.00285,0.00512,0.0033,0.0047,1.439,0.000341,0.000564,1.655,0.5801,0.74,0.0359,0.74
cognition,2019,701,1564,73186,187801,0.00285,0.00512,0.0031,0.0039,1.251,0.000326,0.000469,1.438,0.5801,0.74,0.0359,0.74
neutral,2019,701,1564,73186,187801,0.00285,0.00512,0.0036,0.0035,0.984,0.000373,0.000422,1.132,0.5801,0.74,0.0359,0.74
handle,2019,701,1564,73186,187801,0.00285,0.00512,0.0047,0.0037,0.783,0.000489,0.00044,0.9,0.5801,0.74,0.0359,0.74
green economy,2019,701,1564,73186,187801,0.00285,0.00512,0.0065,0.0038,0.588,0.000675,0.000457,0.677,0.5801,0.74,0.0359,0.74
heritage resource,2019,701,1564,73186,187801,0.00285,0.00512,0.004,0.0048,1.187,0.00042,0.000573,1.365,0.5801,0.74,0.0359,0.74
russian,2019,701,1564,73186,187801,0.00285,0.00512,0.0076,0.0121,1.599,0.00079,0.001452,1.839,0.5801,0.74,0.0359,0.74
influence entrepreneurial,2019,701,1564,73186,187801,0.00285,0.00512,0.005,0.0046,0.908,0.000524,0.000547,1.045,0.5801,0.74,0.0359,0.74
comfort,2019,701,1564,73186,187801,0.00285,0.00512,0.0029,0.0058,2.008,0.000301,0.000695,2.309,0.5801,0.74,0.0359,0.74
tourism heritage,2019,701,1564,73186,187801,0.00285,0.00512,0.0023,0.0054,2.36,0.000239,0.000649,2.715,0.5801,0.74,0.0359,0.74
risk management,2019,701,1564,73186,187801,0.00285,0.00512,0.0029,0.0041,1.401,0.000307,0.000494,1.611,0.5801,0.74,0.0359,0.74
explicitly,2019,701,1564,73186,187801,0.00285,0.00512,0.0053,0.0042,0.802,0.00055,0.000507,0.922,0.5801,0.74,0.0359,0.74
instability,2019,701,1564,73186,187801,0.00285,0.00512,0.0054,0.0043,0.792,0.000562,0.000512,0.911,0.5801,0.74,0.0359,0.74
film,2019,701,1564,73186,187801,0.00285,0.00512,0.0101,0.0145,1.438,0.001054,0.001744,1.654,0.5801,0.74,0.0359,0.74
railway,2019,701,1564,73186,187801,0.00285,0.00512,0.0106,0.0128,1.211,0.001102,0.001534,1.392,0.5801,0.74,0.0359,0.74
rural destination,2019,701,1564,73186,187801,0.00285,0.00512,0.0038,0.0052,1.362,0.000401,0.000628,1.567,0.5801,0.74,0.0359,0.74
ecological tourism,2019,701,1564,73186,187801,0.00285,0.00512,0.0042,0.0047,1.134,0.000434,0.000566,1.304,0.5801,0.74,0.0359,0.74
influence social,2019,701,1564,73186,187801,0.00285,0.00512,0.0043,0.0035,0.816,0.00045,0.000423,0.939,0.5801,0.74,0.0359,0.74
scene,2019,701,1564,73186,187801,0.00285,0.00512,0.0021,0.0054,2.544,0.00022,0.000644,2.926,0.5801,0.74,0.0359,0.74
scenic spot,2019,701,1564,73186,187801,0.00285,0.00512,0.003,0.007,2.324,0.000315,0.000841,2.673,0.5801,0.74,0.0359,0.74
township,2019,701,1564,73186,187801,0.00285,0.00512,0.0112,0.0132,1.177,0.001172,0.001586,1.353,0.5801,0.74,0.0359,0.74
nordic,2019,701,1564,73186,187801,0.00285,0.00512,0.0091,0.0099,1.09,0.000952,0.001193,1.253,0.5801,0.74,0.0359,0.74
employment generation,2019,701,1564,73186,187801,0.00285,0.00512,0.0038,0.0051,1.361,0.000394,0.000616,1.566,0.5801,0.74,0.0359,0.74
special issue,2019,701,1564,73186,187801,0.00285,0.00512,0.0078,0.0055,0.71,0.00081,0.000661,0.816,0.5801,0.74,0.0359,0.74
double,2019,701,1564,73186,187801,0.00285,0.00512,0.0024,0.0039,1.591,0.000254,0.000466,1.83,0.5801,0.74,0.0359,0.74
generated,2019,701,1564,73186,187801,0.00285,0.00512,0.0026,0.005,1.931,0.000271,0.000601,2.22,0.5801,0.74,0.0359,0.74
symbiotic,2019,701,1564,73186,187801,0.00285,0.00512,0.002,0.0095,4.838,0.000205,0.001143,5.565,0.5801,0.74,0.0359,0.74
destination community,2019,701,1564,73186,187801,0.00285,0.00512,0.0047,0.0046,0.993,0.000488,0.000558,1.142,0.5801,0.74,0.0359,0.74
sports,2019,701,1564,73186,187801,0.00285,0.00512,0.0027,0.0042,1.553,0.000282,0.000504,1.786,0.5801,0.74,0.0359,0.74
resident support,2019,701,1564,73186,187801,0.00285,0.00512,0.0063,0.0061,0.957,0.000661,0.000727,1.101,0.5801,0.74,0.0359,0.74
paradigm shift,2019,701,1564,73186,187801,0.00285,0.00512,0.0035,0.0049,1.394,0.000367,0.000588,1.603,0.5801,0.74,0.0359,0.74
arab,2019,701,1564,73186,187801,0.00285,0.00512,0.0098,0.0071,0.72,0.001024,0.000848,0.828,0.5801,0.74,0.0359,0.74
local wisdom,2019,701,1564,73186,187801,0.00285,0.00512,0.0027,0.0067,2.497,0.000281,0.000807,2.872,0.5801,0.74,0.0359,0.74
advance tourism,2019,701,1564,73186,187801,0.00285,0.00512,0.0038,0.0055,1.449,0.000395,0.000658,1.667,0.5801,0.74,0.0359,0.74
event organizer,2019,701,1564,73186,187801,0.00285,0.00512,0.0019,0.0056,2.906,0.000201,0.000672,3.342,0.5801,0.74,0.0359,0.74
logistics,2019,701,1564,73186,187801,0.00285,0.00512,0.0026,0.0093,3.521,0.000276,0.001117,4.049,0.5801,0.74,0.0359,0.74
tackle,2019,701,1564,73186,187801,0.00285,0.00512,0.0033,0.0042,1.265,0.000348,0.000506,1.455,0.5801,0.74,0.0359,0.74
league,2019,701,1564,73186,187801,0.00285,0.00512,0.0015,0.0067,4.574,0.000152,0.000801,5.26,0.5801,0.74,0.0359,0.74
digital age,2019,701,1564,73186,187801,0.00285,0.00512,0.004,0.0039,0.964,0.00042,0.000466,1.109,0.5801,0.74,0.0359,0.74
shaped,2019,701,1564,73186,187801,0.00285,0.00512,0.0017,0.0038,2.245,0.000177,0.000458,2.582,0.5801,0.74,0.0359,0.74
air pollution,2019,701,1564,73186,187801,0.00143,0.00256,0.0012,0.004,3.4,0.000122,0.000477,3.91,0.5764,0.52,0.0254,0.52
arab emirate,2019,701,1564,73186,187801,0.00143,0.00256,0.0044,0.0037,0.835,0.000462,0.000444,0.961,0.5764,0.52,0.0254,0.52
government attention,2019,701,1564,73186,187801,0.00143,0.00256,0.0012,0.0054,4.503,0.000125,0.000647,5.179,0.5764,0.52,0.0254,0.52
emirate,2019,701,1564,73186,187801,0.00143,0.00256,0.0044,0.0037,0.835,0.000462,0.000444,0.961,0.5764,0.52,0.0254,0.52
unite arab,2019,701,1564,73186,187801,0.00143,0.00256,0.0044,0.0037,0.835,0.000462,0.000444,0.961,0.5764,0.52,0.0254,0.52
montenegro,2019,701,1564,73186,187801,0.00143,0.00256,0.0057,0.0074,1.291,0.000596,0.000885,1.485,0.5764,0.52,0.0254,0.52
rom,2019,701,1564,73186,187801,0.00143,0.00256,0.0014,0.0055,3.819,0.000151,0.000663,4.392,0.5764,0.52,0.0254,0.52
halal tourism,2019,701,1564,73186,187801,0.00143,0.00256,0.0019,0.0065,3.492,0.000195,0.000783,4.017,0.5764,0.52,0.0254,0.52
imaginary,2019,701,1564,73186,187801,0.00143,0.00256,0.0014,0.0077,5.585,0.000144,0.000928,6.423,0.5764,0.52,0.0254,0.52
startup,2019,701,1564,73186,187801,0.00143,0.00256,0.0007,0.0058,8.409,7.2e-05,0.000697,9.672,0.5764,0.52,0.0254,0.52
guesthouse,2019,701,1564,73186,187801,0.00143,0.00256,0.0032,0.0087,2.752,0.00033,0.001045,3.165,0.5764,0.52,0.0254,0.52
hangzhou,2019,701,1564,73186,187801,0.00143,0.00256,0.0053,0.0057,1.07,0.000553,0.00068,1.231,0.5764,0.52,0.0254,0.52
tourism gentrification,2019,701,1564,73186,187801,0.00143,0.00256,0.0023,0.0045,1.931,0.000245,0.000544,2.22,0.5764,0.52,0.0254,0.52
cultural route,2019,701,1564,73186,187801,0.00143,0.00256,0.0022,0.0059,2.693,0.000228,0.000707,3.097,0.5764,0.52,0.0254,0.52
market communication,2019,701,1564,73186,187801,0.00143,0.00256,0.0016,0.0051,3.106,0.00017,0.000608,3.573,0.5764,0.52,0.0254,0.52
bicycle,2019,701,1564,73186,187801,0.00143,0.00256,0.0091,0.0039,0.425,0.000953,0.000466,0.489,0.5764,0.52,0.0254,0.52
foresight,2019,701,1564,73186,187801,0.00143,0.00256,0.0019,0.0083,4.501,0.000193,0.001001,5.177,0.5764,0.52,0.0254,0.52
aviation,2019,701,1564,73186,187801,0.00143,0.00256,0.0019,0.0061,3.321,0.000193,0.000738,3.82,0.5764,0.52,0.0254,0.52
road network,2019,701,1564,73186,187801,0.00143,0.00256,0.0019,0.0058,3.08,0.000197,0.000697,3.543,0.5764,0.52,0.0254,0.52
oman,2019,701,1564,73186,187801,0.00143,0.00256,0.0018,0.0052,2.916,0.000185,0.00062,3.354,0.5764,0.52,0.0254,0.52
banyuwangi,2019,701,1564,73186,187801,0.00143,0.00256,0.0027,0.0061,2.282,0.000281,0.000737,2.624,0.5764,0.52,0.0254,0.52
cook,2019,701,1564,73186,187801,0.00143,0.00256,0.011,0.0027,0.246,0.001152,0.000325,0.283,0.5764,0.52,0.0254,0.52
halal,2019,701,1564,73186,187801,0.00143,0.00256,0.0019,0.0107,5.739,0.000195,0.001287,6.6,0.5764,0.52,0.0254,0.52
displacement,2019,701,1564,73186,187801,0.00143,0.00256,0.0016,0.005,3.092,0.00017,0.000606,3.556,0.5764,0.52,0.0254,0.52
sense place,2019,701,1564,73186,187801,0.00143,0.00256,0.0016,0.0059,3.715,0.000165,0.000704,4.272,0.5764,0.52,0.0254,0.52
post,2019,701,1564,73186,187801,0.03281,0.05818,0.0289,0.0416,1.438,0.003019,0.004992,1.654,0.5726,2.5,0.1218,2.5
total,2019,701,1564,73186,187801,0.02282,0.04028,0.0162,0.0211,1.298,0.001694,0.002528,1.492,0.5676,2.06,0.0999,2.06
distribute,2019,701,1564,73186,187801,0.01712,0.03005,0.0114,0.0152,1.334,0.001192,0.001828,1.534,0.5621,1.76,0.0852,1.76
paradigm,2019,701,1564,73186,187801,0.01712,0.03005,0.017,0.0206,1.208,0.001779,0.002472,1.389,0.5621,1.76,0.0852,1.76
exploration,2019,701,1564,73186,187801,0.01712,0.03005,0.0113,0.0166,1.475,0.001178,0.001999,1.696,0.5621,1.76,0.0852,1.76
direction,2019,701,1564,73186,187801,0.02996,0.05243,0.0192,0.0298,1.551,0.002007,0.00358,1.783,0.5594,2.33,0.1131,2.33
driver,2019,701,1564,73186,187801,0.04137,0.07225,0.0329,0.0403,1.227,0.003432,0.004842,1.411,0.5574,2.74,0.1334,2.74
share,2019,701,1564,73186,187801,0.03709,0.06458,0.024,0.0435,1.814,0.002502,0.005221,2.087,0.5543,2.58,0.1251,2.58
social innovation,2019,701,1564,73186,187801,0.01141,0.01982,0.0213,0.0374,1.76,0.002222,0.004496,2.024,0.5511,1.4,0.0678,1.4
sensitive,2019,701,1564,73186,187801,0.01141,0.01982,0.0083,0.0154,1.84,0.000871,0.001844,2.116,0.5511,1.4,0.0678,1.4
empowerment,2019,701,1564,73186,187801,0.03138,0.05435,0.0266,0.0528,1.981,0.00278,0.006335,2.279,0.5488,2.34,0.1134,2.34
overlook,2019,701,1564,73186,187801,0.00999,0.01726,0.0081,0.0108,1.322,0.000849,0.001292,1.521,0.5464,1.3,0.0628,1.3
drive,2019,701,1564,73186,187801,0.06562,0.11317,0.0389,0.0532,1.368,0.004058,0.006385,1.573,0.5449,3.42,0.1667,3.42
like,2019,701,1564,73186,187801,0.03424,0.05882,0.0204,0.0289,1.418,0.002128,0.00347,1.63,0.5409,2.41,0.1167,2.41
rich,2019,701,1564,73186,187801,0.01712,0.02941,0.0137,0.0173,1.262,0.001432,0.002079,1.451,0.5406,1.69,0.0816,1.69
province china,2019,701,1564,73186,187801,0.00856,0.01471,0.0083,0.0093,1.121,0.000865,0.001115,1.289,0.54,1.18,0.0573,1.18
stable,2019,701,1564,73186,187801,0.00856,0.01471,0.0069,0.0085,1.233,0.00072,0.001021,1.418,0.54,1.18,0.0573,1.18
destination tourism,2019,701,1564,73186,187801,0.00856,0.01471,0.0087,0.0109,1.247,0.00091,0.001305,1.434,0.54,1.18,0.0573,1.18
development framework,2019,701,1564,73186,187801,0.00856,0.01471,0.0075,0.0111,1.473,0.000783,0.001327,1.695,0.54,1.18,0.0573,1.18
representation,2019,701,1564,73186,187801,0.00856,0.01471,0.0116,0.0123,1.058,0.001213,0.001475,1.216,0.54,1.18,0.0573,1.18
conserve,2019,701,1564,73186,187801,0.00856,0.01471,0.0059,0.0095,1.604,0.000617,0.001138,1.845,0.54,1.18,0.0573,1.18
spatial,2019,701,1564,73186,187801,0.04993,0.08568,0.0517,0.0727,1.406,0.005394,0.008725,1.618,0.5398,2.93,0.1422,2.93
indicator,2019,701,1564,73186,187801,0.03138,0.05371,0.0595,0.0382,0.642,0.00621,0.004584,0.738,0.537,2.28,0.1106,2.28
theory,2019,701,1564,73186,187801,0.06705,0.11445,0.042,0.0721,1.718,0.004383,0.008659,1.975,0.5346,3.4,0.165,3.4
model,2019,701,1564,73186,187801,0.20257,0.34527,0.134,0.1661,1.24,0.013989,0.019947,1.426,0.5332,6.45,0.32,6.45
aesthetic,2019,701,1564,73186,187801,0.00713,0.01215,0.0121,0.0133,1.102,0.001261,0.001597,1.267,0.5311,1.06,0.0513,1.06
pillar,2019,701,1564,73186,187801,0.00713,0.01215,0.0114,0.0088,0.772,0.001188,0.001055,0.888,0.5311,1.06,0.0513,1.06
infrastructure development,2019,701,1564,73186,187801,0.00713,0.01215,0.0053,0.0099,1.873,0.00055,0.001185,2.154,0.5311,1.06,0.0513,1.06
fill gap,2019,701,1564,73186,187801,0.00713,0.01215,0.0068,0.0079,1.16,0.000712,0.00095,1.334,0.5311,1.06,0.0513,1.06
eco,2019,701,1564,73186,187801,0.0271,0.04604,0.0239,0.0436,1.824,0.002494,0.005232,2.098,0.5294,2.09,0.1009,2.09
real,2019,701,1564,73186,187801,0.01997,0.03389,0.0186,0.0231,1.243,0.001941,0.002776,1.43,0.5282,1.78,0.086,1.78
tourism resource,2019,701,1564,73186,187801,0.01854,0.03133,0.0196,0.0244,1.245,0.002043,0.002924,1.431,0.5238,1.7,0.082,1.7
representative,2019,701,1564,73186,187801,0.01712,0.02877,0.011,0.0163,1.487,0.001147,0.001962,1.71,0.5187,1.61,0.0778,1.61
upgrade,2019,701,1564,73186,187801,0.01141,0.01918,0.0108,0.0132,1.22,0.001131,0.001587,1.403,0.5184,1.31,0.0633,1.31
waste,2019,701,1564,73186,187801,0.01141,0.01918,0.02,0.0166,0.831,0.002086,0.001994,0.956,0.5184,1.31,0.0633,1.31
local business,2019,701,1564,73186,187801,0.00571,0.00959,0.0067,0.0078,1.17,0.000696,0.000937,1.346,0.5174,0.92,0.0446,0.92
reproduction,2019,701,1564,73186,187801,0.00571,0.00959,0.0051,0.0054,1.069,0.000528,0.000649,1.229,0.5174,0.92,0.0446,0.92
viewpoint,2019,701,1564,73186,187801,0.00571,0.00959,0.0043,0.0066,1.54,0.000449,0.000794,1.771,0.5174,0.92,0.0446,0.92
archaeological,2019,701,1564,73186,187801,0.00571,0.00959,0.0083,0.0102,1.231,0.000869,0.00123,1.416,0.5174,0.92,0.0446,0.92
stewardship,2019,701,1564,73186,187801,0.00571,0.00959,0.0052,0.0059,1.133,0.000543,0.000707,1.303,0.5174,0.92,0.0446,0.92
thrive,2019,701,1564,73186,187801,0.00571,0.00959,0.0047,0.0062,1.304,0.000494,0.000741,1.499,0.5174,0.92,0.0446,0.92
back,2019,701,1564,73186,187801,0.00571,0.00959,0.0068,0.0074,1.085,0.000713,0.000889,1.247,0.5174,0.92,0.0446,0.92
restrict,2019,701,1564,73186,187801,0.00571,0.00959,0.0047,0.0057,1.23,0.000488,0.00069,1.415,0.5174,0.92,0.0446,0.92
tourism play,2019,701,1564,73186,187801,0.00571,0.00959,0.0053,0.0064,1.196,0.000558,0.000768,1.376,0.5174,0.92,0.0446,0.92
evolve,2019,701,1564,73186,187801,0.0271,0.0454,0.0228,0.024,1.051,0.002381,0.002879,1.209,0.5154,2.03,0.0979,2.03
embed,2019,701,1564,73186,187801,0.01569,0.02621,0.013,0.016,1.229,0.001361,0.001925,1.414,0.5125,1.52,0.0735,1.52
incorporate,2019,701,1564,73186,187801,0.02996,0.04987,0.0186,0.0247,1.328,0.001941,0.002965,1.527,0.5094,2.11,0.1017,2.11
multiple,2019,701,1564,73186,187801,0.02996,0.04987,0.0185,0.0271,1.461,0.001935,0.003251,1.68,0.5094,2.11,0.1017,2.11
industry innovation,2019,701,1564,73186,187801,0.00999,0.01662,0.0086,0.0101,1.164,0.000902,0.001207,1.338,0.5087,1.2,0.0579,1.2
cohesion,2019,701,1564,73186,187801,0.00999,0.01662,0.0083,0.0132,1.589,0.000868,0.001586,1.828,0.5087,1.2,0.0579,1.2
development sustainability,2019,701,1564,73186,187801,0.00999,0.01662,0.008,0.0113,1.413,0.000832,0.001352,1.625,0.5087,1.2,0.0579,1.2
availability,2019,701,1564,73186,187801,0.00999,0.01662,0.0073,0.0097,1.339,0.000759,0.001168,1.54,0.5087,1.2,0.0579,1.2
strongly,2019,701,1564,73186,187801,0.00999,0.01662,0.0085,0.0094,1.112,0.000887,0.001134,1.278,0.5087,1.2,0.0579,1.2
seven,2019,701,1564,73186,187801,0.00999,0.01662,0.0111,0.0102,0.921,0.001157,0.001226,1.06,0.5087,1.2,0.0579,1.2
ethical,2019,701,1564,73186,187801,0.00999,0.01662,0.019,0.0189,0.994,0.001981,0.002264,1.143,0.5087,1.2,0.0579,1.2
regional economic,2019,701,1564,73186,187801,0.00999,0.01662,0.0129,0.0111,0.86,0.001343,0.001328,0.989,0.5087,1.2,0.0579,1.2
bottom,2019,701,1564,73186,187801,0.01427,0.02366,0.0146,0.0172,1.18,0.001522,0.002066,1.357,0.5051,1.43,0.0689,1.43
dynamic,2019,701,1564,73186,187801,0.07418,0.12276,0.0505,0.0631,1.251,0.005271,0.007583,1.439,0.5036,3.37,0.1631,3.37
user,2019,701,1564,73186,187801,0.01854,0.03069,0.0216,0.0265,1.227,0.002255,0.003183,1.411,0.5032,1.63,0.0784,1.63
collaboration,2019,701,1564,73186,187801,0.04565,0.07545,0.0363,0.0472,1.301,0.003789,0.005669,1.496,0.5022,2.59,0.1249,2.59
test,2019,701,1564,73186,187801,0.04565,0.07545,0.0273,0.0413,1.515,0.002848,0.004962,1.742,0.5022,2.59,0.1249,2.59
affect,2019,701,1564,73186,187801,0.05991,0.09847,0.0353,0.0443,1.254,0.003688,0.005317,1.442,0.4966,2.96,0.1428,2.96
observation,2019,701,1564,73186,187801,0.03424,0.05627,0.0203,0.0279,1.37,0.002123,0.003345,1.575,0.4965,2.2,0.106,2.2
gender,2019,701,1564,73186,187801,0.01712,0.02813,0.0271,0.0402,1.485,0.00283,0.004832,1.707,0.4962,1.54,0.0741,1.54
criterion,2019,701,1564,73186,187801,0.01712,0.02813,0.0171,0.0219,1.277,0.001788,0.002627,1.469,0.4962,1.54,0.0741,1.54
tourism growth,2019,701,1564,73186,187801,0.01712,0.02813,0.0165,0.0185,1.121,0.001722,0.002219,1.289,0.4962,1.54,0.0741,1.54
mobile,2019,701,1564,73186,187801,0.01284,0.0211,0.0177,0.0238,1.343,0.001849,0.002856,1.544,0.496,1.33,0.064,1.33
sustainable tourism,2019,701,1564,73186,187801,0.1612,0.26471,0.1356,0.1574,1.16,0.014158,0.018896,1.335,0.4959,5.17,0.2528,5.17
input,2019,701,1564,73186,187801,0.00856,0.01407,0.0106,0.01,0.949,0.001106,0.001206,1.091,0.4956,1.08,0.0521,1.08
alongside,2019,701,1564,73186,187801,0.00856,0.01407,0.0072,0.0087,1.204,0.000756,0.001047,1.385,0.4956,1.08,0.0521,1.08
intensity,2019,701,1564,73186,187801,0.00856,0.01407,0.0065,0.008,1.233,0.000679,0.000963,1.419,0.4956,1.08,0.0521,1.08
tension,2019,701,1564,73186,187801,0.00856,0.01407,0.0072,0.0106,1.46,0.000756,0.001269,1.679,0.4956,1.08,0.0521,1.08
envision,2019,701,1564,73186,187801,0.00428,0.00703,0.0024,0.0057,2.379,0.00025,0.000685,2.737,0.4944,0.76,0.0367,0.76
strategic management,2019,701,1564,73186,187801,0.00428,0.00703,0.0057,0.0062,1.102,0.000592,0.00075,1.268,0.4944,0.76,0.0367,0.76
play vital,2019,701,1564,73186,187801,0.00428,0.00703,0.0033,0.005,1.526,0.000341,0.000599,1.756,0.4944,0.76,0.0367,0.76
countryside,2019,701,1564,73186,187801,0.00428,0.00703,0.0054,0.0058,1.058,0.000568,0.000691,1.216,0.4944,0.76,0.0367,0.76
source income,2019,701,1564,73186,187801,0.00428,0.00703,0.0039,0.0058,1.488,0.000405,0.000694,1.711,0.4944,0.76,0.0367,0.76
tourism represent,2019,701,1564,73186,187801,0.00428,0.00703,0.0037,0.0045,1.205,0.000389,0.000539,1.386,0.4944,0.76,0.0367,0.76
dimension tourism,2019,701,1564,73186,187801,0.00428,0.00703,0.0041,0.0051,1.227,0.000433,0.000611,1.411,0.4944,0.76,0.0367,0.76
appreciate,2019,701,1564,73186,187801,0.00428,0.00703,0.0052,0.0052,0.997,0.000546,0.000626,1.147,0.4944,0.76,0.0367,0.76
value co,2019,701,1564,73186,187801,0.00428,0.00703,0.0041,0.008,1.936,0.000431,0.000959,2.227,0.4944,0.76,0.0367,0.76
extensively,2019,701,1564,73186,187801,0.00428,0.00703,0.0029,0.0043,1.491,0.000299,0.000514,1.715,0.4944,0.76,0.0367,0.76
tourism country,2019,701,1564,73186,187801,0.00428,0.00703,0.0046,0.0056,1.204,0.000484,0.000671,1.385,0.4944,0.76,0.0367,0.76
extraction,2019,701,1564,73186,187801,0.00428,0.00703,0.0056,0.0062,1.101,0.000584,0.00074,1.266,0.4944,0.76,0.0367,0.76
true,2019,701,1564,73186,187801,0.00428,0.00703,0.0033,0.0051,1.55,0.000343,0.000612,1.783,0.4944,0.76,0.0367,0.76
tourism foster,2019,701,1564,73186,187801,0.00428,0.00703,0.0038,0.0049,1.287,0.000395,0.000585,1.48,0.4944,0.76,0.0367,0.76
cultivate,2019,701,1564,73186,187801,0.00428,0.00703,0.004,0.0044,1.102,0.000419,0.000531,1.268,0.4944,0.76,0.0367,0.76
region development,2019,701,1564,73186,187801,0.00428,0.00703,0.0048,0.0063,1.322,0.000496,0.000755,1.521,0.4944,0.76,0.0367,0.76
cup,2019,701,1564,73186,187801,0.00428,0.00703,0.0092,0.0088,0.957,0.000956,0.001052,1.1,0.4944,0.76,0.0367,0.76
cultural natural,2019,701,1564,73186,187801,0.00428,0.00703,0.0049,0.0056,1.137,0.000512,0.00067,1.308,0.4944,0.76,0.0367,0.76
predictor,2019,701,1564,73186,187801,0.00428,0.00703,0.0033,0.0055,1.679,0.00034,0.000657,1.932,0.4944,0.76,0.0367,0.76
sustainable economic,2019,701,1564,73186,187801,0.00428,0.00703,0.004,0.0051,1.267,0.000423,0.000616,1.457,0.4944,0.76,0.0367,0.76
innovation local,2019,701,1564,73186,187801,0.00428,0.00703,0.004,0.0055,1.373,0.000415,0.000656,1.579,0.4944,0.76,0.0367,0.76
prediction,2019,701,1564,73186,187801,0.00428,0.00703,0.0032,0.0098,3.026,0.000338,0.001177,3.48,0.4944,0.76,0.0367,0.76
framework tourism,2019,701,1564,73186,187801,0.00428,0.00703,0.0046,0.0043,0.927,0.000485,0.000517,1.066,0.4944,0.76,0.0367,0.76
feasible,2019,701,1564,73186,187801,0.00428,0.00703,0.0033,0.0049,1.459,0.000349,0.000585,1.678,0.4944,0.76,0.0367,0.76
civic,2019,701,1564,73186,187801,0.00428,0.00703,0.004,0.0075,1.879,0.000417,0.000901,2.161,0.4944,0.76,0.0367,0.76
broadly,2019,701,1564,73186,187801,0.00428,0.00703,0.0042,0.0053,1.274,0.000435,0.000638,1.466,0.4944,0.76,0.0367,0.76
huge,2019,701,1564,73186,187801,0.00428,0.00703,0.0037,0.0049,1.325,0.00039,0.000594,1.524,0.4944,0.76,0.0367,0.76
environment local,2019,701,1564,73186,187801,0.00428,0.00703,0.0035,0.0048,1.367,0.000368,0.000579,1.572,0.4944,0.76,0.0367,0.76
cultural exchange,2019,701,1564,73186,187801,0.00428,0.00703,0.0038,0.005,1.313,0.000399,0.000603,1.51,0.4944,0.76,0.0367,0.76
suffer,2019,701,1564,73186,187801,0.00428,0.00703,0.0053,0.0054,1.018,0.000551,0.000646,1.171,0.4944,0.76,0.0367,0.76
cultural experience,2019,701,1564,73186,187801,0.00428,0.00703,0.0028,0.0056,2.015,0.000292,0.000677,2.317,0.4944,0.76,0.0367,0.76
excellent,2019,701,1564,73186,187801,0.00428,0.00703,0.0036,0.0045,1.227,0.00038,0.000537,1.411,0.4944,0.76,0.0367,0.76
sustainable,2019,701,1564,73186,187801,0.31954,0.52366,0.222,0.3039,1.369,0.023174,0.036487,1.574,0.4939,8.21,0.4133,8.21
global,2019,701,1564,73186,187801,0.07846,0.12788,0.0627,0.0685,1.092,0.00655,0.008227,1.256,0.4884,3.36,0.1625,3.36
sport tourism,2019,701,1564,73186,187801,0.03138,0.05115,0.0621,0.0806,1.298,0.006486,0.009679,1.492,0.4882,2.07,0.0994,2.07
respond,2019,701,1564,73186,187801,0.01569,0.02558,0.0128,0.0149,1.164,0.001338,0.001791,1.339,0.4878,1.45,0.0695,1.45
preserve,2019,701,1564,73186,187801,0.0214,0.03453,0.0162,0.0222,1.368,0.001691,0.00266,1.573,0.478,1.66,0.0796,1.66
climate change,2019,701,1564,73186,187801,0.0214,0.03453,0.04,0.03,0.749,0.004175,0.003598,0.862,0.478,1.66,0.0796,1.66
expectation,2019,701,1564,73186,187801,0.01427,0.02302,0.0105,0.0164,1.563,0.001096,0.00197,1.797,0.4777,1.35,0.0647,1.35
tourism governance,2019,701,1564,73186,187801,0.00713,0.01151,0.0087,0.0081,0.929,0.000906,0.000969,1.069,0.477,0.95,0.0455,0.95
tourism environment,2019,701,1564,73186,187801,0.00713,0.01151,0.0067,0.0074,1.104,0.000703,0.000892,1.27,0.477,0.95,0.0455,0.95
nine,2019,701,1564,73186,187801,0.00713,0.01151,0.007,0.0086,1.229,0.000731,0.001033,1.413,0.477,0.95,0.0455,0.95
societal,2019,701,1564,73186,187801,0.00713,0.01151,0.0077,0.0081,1.046,0.000804,0.000967,1.203,0.477,0.95,0.0455,0.95
framework sustainable,2019,701,1564,73186,187801,0.00713,0.01151,0.0056,0.0085,1.518,0.000583,0.001017,1.746,0.477,0.95,0.0455,0.95
field tourism,2019,701,1564,73186,187801,0.00713,0.01151,0.0065,0.0122,1.874,0.000679,0.001463,2.155,0.477,0.95,0.0455,0.95
intention,2019,701,1564,73186,187801,0.01712,0.02749,0.0283,0.0348,1.228,0.002958,0.004176,1.412,0.4732,1.46,0.0703,1.46
hospitality,2019,701,1564,73186,187801,0.03994,0.06394,0.0493,0.0652,1.323,0.005148,0.007835,1.522,0.4702,2.25,0.1081,2.25
woman,2019,701,1564,73186,187801,0.01997,0.03197,0.0459,0.0929,2.023,0.004792,0.01115,2.327,0.47,1.57,0.0754,1.57
examination,2019,701,1564,73186,187801,0.00999,0.01598,0.0076,0.0093,1.228,0.000793,0.00112,1.412,0.4695,1.1,0.053,1.1
computer,2019,701,1564,73186,187801,0.00999,0.01598,0.0087,0.0161,1.856,0.000908,0.001937,2.134,0.4695,1.1,0.053,1.1
sustainability sustainable,2019,701,1564,73186,187801,0.00999,0.01598,0.0065,0.0106,1.646,0.000674,0.001276,1.893,0.4695,1.1,0.053,1.1
reduce,2019,701,1564,73186,187801,0.0428,0.06841,0.023,0.0316,1.375,0.002402,0.003798,1.581,0.4689,2.33,0.1118,2.33
protection,2019,701,1564,73186,187801,0.03281,0.05243,0.0313,0.037,1.184,0.003264,0.004446,1.362,0.4684,2.02,0.0971,2.02
confirm,2019,701,1564,73186,187801,0.02568,0.04092,0.0192,0.0222,1.155,0.002006,0.002665,1.328,0.4656,1.77,0.085,1.77
indonesia,2019,701,1564,73186,187801,0.02568,0.04092,0.0431,0.0402,0.934,0.004498,0.004832,1.074,0.4656,1.77,0.085,1.77
tourism sustainable,2019,701,1564,73186,187801,0.03709,0.05882,0.0247,0.0336,1.363,0.002577,0.00404,1.567,0.4609,2.12,0.1017,2.12
intervention,2019,701,1564,73186,187801,0.01854,0.02941,0.0188,0.0216,1.15,0.001965,0.002598,1.322,0.4607,1.48,0.071,1.48
city,2019,701,1564,73186,187801,0.08274,0.13107,0.0808,0.1266,1.568,0.008434,0.015206,1.803,0.46,3.25,0.1564,3.25
transition,2019,701,1564,73186,187801,0.0271,0.04284,0.026,0.0253,0.974,0.002711,0.003035,1.12,0.4574,1.79,0.0857,1.79
identity,2019,701,1564,73186,187801,0.03566,0.05627,0.0347,0.045,1.298,0.003621,0.005406,1.493,0.4557,2.05,0.0984,2.05
environmental,2019,701,1564,73186,187801,0.15407,0.24297,0.0976,0.1508,1.545,0.010187,0.018108,1.777,0.4555,4.6,0.2229,4.6
rapid,2019,701,1564,73186,187801,0.02568,0.04028,0.0203,0.02,0.981,0.002123,0.002396,1.129,0.4499,1.71,0.0818,1.71
put forward,2019,701,1564,73186,187801,0.01141,0.0179,0.0099,0.0099,0.994,0.001036,0.001184,1.143,0.4494,1.13,0.054,1.13
culture tourism,2019,701,1564,73186,187801,0.01141,0.0179,0.0153,0.016,1.045,0.001596,0.001919,1.202,0.4494,1.13,0.054,1.13
unesco,2019,701,1564,73186,187801,0.01141,0.0179,0.0121,0.0178,1.463,0.001266,0.002132,1.683,0.4494,1.13,0.054,1.13
prominent,2019,701,1564,73186,187801,0.01141,0.0179,0.008,0.0117,1.462,0.000834,0.001402,1.681,0.4494,1.13,0.054,1.13
book,2019,701,1564,73186,187801,0.01141,0.0179,0.0183,0.0134,0.732,0.001911,0.001608,0.842,0.4494,1.13,0.054,1.13
summarize,2019,701,1564,73186,187801,0.00856,0.01343,0.0095,0.0077,0.81,0.000988,0.00092,0.932,0.4491,0.98,0.0467,0.98
thing,2019,701,1564,73186,187801,0.00856,0.01343,0.0085,0.0119,1.393,0.000892,0.001428,1.602,0.4491,0.98,0.0467,0.98
tourism promote,2019,701,1564,73186,187801,0.00571,0.00895,0.0044,0.0054,1.224,0.00046,0.000647,1.407,0.4485,0.79,0.038,0.79
spanish,2019,701,1564,73186,187801,0.00571,0.00895,0.0094,0.0078,0.83,0.000985,0.00094,0.955,0.4485,0.79,0.038,0.79
minimize,2019,701,1564,73186,187801,0.00571,0.00895,0.0054,0.0058,1.089,0.000559,0.0007,1.253,0.4485,0.79,0.038,0.79
guarantee,2019,701,1564,73186,187801,0.00571,0.00895,0.0049,0.0056,1.142,0.00051,0.00067,1.313,0.4485,0.79,0.038,0.79
tech,2019,701,1564,73186,187801,0.00571,0.00895,0.0049,0.0065,1.341,0.000509,0.000786,1.543,0.4485,0.79,0.038,0.79
latent,2019,701,1564,73186,187801,0.00571,0.00895,0.0054,0.0077,1.413,0.000569,0.000924,1.625,0.4485,0.79,0.038,0.79
management sustainable,2019,701,1564,73186,187801,0.00571,0.00895,0.0059,0.0052,0.891,0.000614,0.000629,1.025,0.4485,0.79,0.038,0.79
organizer,2019,701,1564,73186,187801,0.00571,0.00895,0.0051,0.0095,1.856,0.000537,0.001145,2.134,0.4485,0.79,0.038,0.79
audience,2019,701,1564,73186,187801,0.00571,0.00895,0.005,0.0078,1.54,0.000526,0.000931,1.771,0.4485,0.79,0.038,0.79
tourism smart,2019,701,1564,73186,187801,0.00571,0.00895,0.0053,0.0069,1.289,0.000557,0.000826,1.483,0.4485,0.79,0.038,0.79
fourth,2019,701,1564,73186,187801,0.00571,0.00895,0.0054,0.0063,1.172,0.000562,0.000757,1.348,0.4485,0.79,0.038,0.79
rural region,2019,701,1564,73186,187801,0.00571,0.00895,0.0058,0.0064,1.096,0.000611,0.00077,1.261,0.4485,0.79,0.038,0.79
sport activity,2019,701,1564,73186,187801,0.00571,0.00895,0.0063,0.0074,1.176,0.000658,0.00089,1.352,0.4485,0.79,0.038,0.79
entertainment,2019,701,1564,73186,187801,0.00571,0.00895,0.0046,0.007,1.518,0.000482,0.000841,1.746,0.4485,0.79,0.038,0.79
perception local,2019,701,1564,73186,187801,0.00571,0.00895,0.0039,0.0067,1.723,0.000406,0.000804,1.981,0.4485,0.79,0.038,0.79
concentration,2019,701,1564,73186,187801,0.00571,0.00895,0.0069,0.0048,0.697,0.000722,0.000578,0.801,0.4485,0.79,0.038,0.79
profitability,2019,701,1564,73186,187801,0.00285,0.00448,0.0025,0.0046,1.843,0.000259,0.000549,2.119,0.4467,0.56,0.0269,0.56
compliance,2019,701,1564,73186,187801,0.00285,0.00448,0.0028,0.0042,1.512,0.00029,0.000505,1.739,0.4467,0.56,0.0269,0.56
diminish,2019,701,1564,73186,187801,0.00285,0.00448,0.0024,0.0043,1.785,0.000254,0.000521,2.053,0.4467,0.56,0.0269,0.56
simultaneous,2019,701,1564,73186,187801,0.00285,0.00448,0.0022,0.0052,2.312,0.000235,0.000624,2.659,0.4467,0.56,0.0269,0.56
sme,2019,701,1564,73186,187801,0.00285,0.00448,0.0059,0.0061,1.038,0.000616,0.000736,1.194,0.4467,0.56,0.0269,0.56
geographically,2019,701,1564,73186,187801,0.00285,0.00448,0.0025,0.0047,1.86,0.000263,0.000562,2.139,0.4467,0.56,0.0269,0.56
educator,2019,701,1564,73186,187801,0.00285,0.00448,0.0017,0.0057,3.425,0.000173,0.000683,3.939,0.4467,0.56,0.0269,0.56
design innovation,2019,701,1564,73186,187801,0.00285,0.00448,0.0025,0.0042,1.675,0.000262,0.000504,1.926,0.4467,0.56,0.0269,0.56
environmental responsibility,2019,701,1564,73186,187801,0.00285,0.00448,0.0021,0.0047,2.215,0.000224,0.00057,2.548,0.4467,0.56,0.0269,0.56
health tourism,2019,701,1564,73186,187801,0.00285,0.00448,0.0022,0.011,4.938,0.000233,0.001323,5.679,0.4467,0.56,0.0269,0.56
ticket,2019,701,1564,73186,187801,0.00285,0.00448,0.0025,0.0054,2.212,0.000256,0.000651,2.544,0.4467,0.56,0.0269,0.56
hoc,2019,701,1564,73186,187801,0.00285,0.00448,0.0038,0.0053,1.395,0.000396,0.000636,1.604,0.4467,0.56,0.0269,0.56
organizational performance,2019,701,1564,73186,187801,0.00285,0.00448,0.0021,0.0077,3.755,0.000215,0.00093,4.319,0.4467,0.56,0.0269,0.56
interconnection,2019,701,1564,73186,187801,0.00285,0.00448,0.0035,0.0048,1.355,0.000368,0.000573,1.559,0.4467,0.56,0.0269,0.56
board,2019,701,1564,73186,187801,0.00285,0.00448,0.0026,0.0068,2.653,0.000267,0.000816,3.052,0.4467,0.56,0.0269,0.56
development contribution,2019,701,1564,73186,187801,0.00285,0.00448,0.0031,0.0047,1.499,0.000328,0.000566,1.724,0.4467,0.56,0.0269,0.56
destination brand,2019,701,1564,73186,187801,0.00285,0.00448,0.0019,0.0076,3.962,0.0002,0.000913,4.557,0.4467,0.56,0.0269,0.56
economic empowerment,2019,701,1564,73186,187801,0.00285,0.00448,0.0027,0.0043,1.608,0.000279,0.000515,1.849,0.4467,0.56,0.0269,0.56
ecological sustainability,2019,701,1564,73186,187801,0.00285,0.00448,0.004,0.0039,0.973,0.000417,0.000466,1.119,0.4467,0.56,0.0269,0.56
development health,2019,701,1564,73186,187801,0.00285,0.00448,0.0013,0.0037,2.783,0.00014,0.000448,3.201,0.4467,0.56,0.0269,0.56
chinese tourism,2019,701,1564,73186,187801,0.00285,0.00448,0.0022,0.0044,2.014,0.000227,0.000527,2.317,0.4467,0.56,0.0269,0.56
adaptive management,2019,701,1564,73186,187801,0.00285,0.00448,0.0041,0.0044,1.092,0.000424,0.000532,1.256,0.4467,0.56,0.0269,0.56
mental,2019,701,1564,73186,187801,0.00285,0.00448,0.0028,0.0047,1.668,0.000294,0.000565,1.919,0.4467,0.56,0.0269,0.56
football,2019,701,1564,73186,187801,0.00285,0.00448,0.004,0.0121,3.059,0.000412,0.001451,3.518,0.4467,0.56,0.0269,0.56
human development,2019,701,1564,73186,187801,0.00285,0.00448,0.0032,0.0041,1.265,0.000339,0.000493,1.454,0.4467,0.56,0.0269,0.56
evaluation model,2019,701,1564,73186,187801,0.00285,0.00448,0.0053,0.0045,0.849,0.000554,0.000541,0.976,0.4467,0.56,0.0269,0.56
maritime,2019,701,1564,73186,187801,0.00285,0.00448,0.0045,0.005,1.119,0.00047,0.000605,1.287,0.4467,0.56,0.0269,0.56
tourism indonesia,2019,701,1564,73186,187801,0.00285,0.00448,0.003,0.0044,1.444,0.000316,0.000525,1.661,0.4467,0.56,0.0269,0.56
environmental quality,2019,701,1564,73186,187801,0.00285,0.00448,0.0027,0.0069,2.519,0.000284,0.000823,2.897,0.4467,0.56,0.0269,0.56
influence,2019,701,1564,73186,187801,0.13267,0.20716,0.0753,0.086,1.142,0.007861,0.010322,1.313,0.4456,4.11,0.1984,4.11
construction,2019,701,1564,73186,187801,0.02996,0.04668,0.0268,0.0288,1.073,0.002803,0.003459,1.234,0.4431,1.82,0.0871,1.82
serve,2019,701,1564,73186,187801,0.02996,0.04668,0.0188,0.0223,1.185,0.001962,0.002672,1.362,0.4431,1.82,0.0871,1.82
central,2019,701,1564,73186,187801,0.05136,0.07992,0.0334,0.0419,1.254,0.003489,0.005033,1.442,0.4421,2.41,0.1154,2.41
guide,2019,701,1564,73186,187801,0.03709,0.05754,0.0291,0.0307,1.055,0.003041,0.003691,1.214,0.439,2.01,0.0963,2.01
micro,2019,701,1564,73186,187801,0.01854,0.02877,0.0198,0.0264,1.333,0.002072,0.003176,1.533,0.4387,1.41,0.0673,1.41
line,2019,701,1564,73186,187801,0.01854,0.02877,0.0167,0.0208,1.245,0.001741,0.002493,1.432,0.4387,1.41,0.0673,1.41
substantial,2019,701,1564,73186,187801,0.01854,0.02877,0.0133,0.0155,1.161,0.001394,0.001861,1.335,0.4387,1.41,0.0673,1.41
information technology,2019,701,1564,73186,187801,0.01284,0.01982,0.01,0.0148,1.476,0.001047,0.001777,1.698,0.4335,1.15,0.0551,1.15
select,2019,701,1564,73186,187801,0.03566,0.05499,0.025,0.027,1.081,0.002605,0.00324,1.244,0.4327,1.94,0.0929,1.94
adopt,2019,701,1564,73186,187801,0.05563,0.08568,0.0355,0.0387,1.088,0.003711,0.004644,1.251,0.4316,2.45,0.1172,2.45
mega,2019,701,1564,73186,187801,0.00999,0.01535,0.0098,0.0182,1.859,0.001023,0.002188,2.138,0.4287,1.0,0.0479,1.0
imperative,2019,701,1564,73186,187801,0.00999,0.01535,0.0082,0.0106,1.301,0.000854,0.001278,1.497,0.4287,1.0,0.0479,1.0
indirectly,2019,701,1564,73186,187801,0.00999,0.01535,0.0096,0.0094,0.982,0.001005,0.001134,1.129,0.4287,1.0,0.0479,1.0
owner,2019,701,1564,73186,187801,0.01712,0.02621,0.0286,0.0204,0.714,0.002988,0.002455,0.821,0.4256,1.31,0.0625,1.31
management tourism,2019,701,1564,73186,187801,0.01712,0.02621,0.0145,0.016,1.107,0.001512,0.001926,1.274,0.4256,1.31,0.0625,1.31
dimension,2019,701,1564,73186,187801,0.05991,0.09143,0.0447,0.0482,1.077,0.004671,0.005786,1.239,0.4225,2.49,0.1192,2.49
path,2019,701,1564,73186,187801,0.03566,0.05435,0.031,0.04,1.29,0.003239,0.004805,1.483,0.421,1.89,0.0901,1.89
social enterprise,2019,701,1564,73186,187801,0.00713,0.01087,0.019,0.0115,0.602,0.001985,0.001375,0.693,0.4199,0.83,0.0396,0.83
collaborative,2019,701,1564,73186,187801,0.02996,0.0454,0.0314,0.0289,0.922,0.003274,0.003471,1.06,0.4153,1.7,0.0811,1.7
generation,2019,701,1564,73186,187801,0.02996,0.0454,0.0235,0.0292,1.243,0.002456,0.003511,1.43,0.4153,1.7,0.0811,1.7
average,2019,701,1564,73186,187801,0.01141,0.01726,0.01,0.0114,1.145,0.00104,0.001369,1.317,0.413,1.03,0.0492,1.03
modern,2019,701,1564,73186,187801,0.0271,0.04092,0.018,0.0271,1.506,0.001882,0.00326,1.732,0.4116,1.6,0.0762,1.6
adaptation,2019,701,1564,73186,187801,0.01997,0.03005,0.0266,0.0235,0.883,0.00278,0.002824,1.016,0.4081,1.36,0.0645,1.36
long term,2019,701,1564,73186,187801,0.04993,0.07481,0.0378,0.0361,0.956,0.003943,0.004336,1.1,0.4041,2.16,0.1029,2.16
background,2019,701,1564,73186,187801,0.01712,0.02558,0.0108,0.0133,1.239,0.001123,0.0016,1.425,0.4009,1.23,0.0585,1.23
gather,2019,701,1564,73186,187801,0.01712,0.02558,0.0151,0.0146,0.962,0.001581,0.001749,1.106,0.4009,1.23,0.0585,1.23
root,2019,701,1564,73186,187801,0.01284,0.01918,0.0145,0.0109,0.751,0.001518,0.001311,0.864,0.4007,1.06,0.0505,1.06
maximize,2019,701,1564,73186,187801,0.00856,0.01279,0.0093,0.0086,0.921,0.000971,0.001029,1.059,0.4003,0.86,0.0411,0.86
licence iop,2019,701,1564,73186,187801,0.00856,0.01279,0.006,0.0083,1.399,0.000622,0.001001,1.609,0.4003,0.86,0.0411,0.86
innovation technology,2019,701,1564,73186,187801,0.00856,0.01279,0.0087,0.0108,1.245,0.000904,0.001295,1.432,0.4003,0.86,0.0411,0.86
destination competitiveness,2019,701,1564,73186,187801,0.00856,0.01279,0.0137,0.0088,0.647,0.001426,0.00106,0.744,0.4003,0.86,0.0411,0.86
iop,2019,701,1564,73186,187801,0.00856,0.01279,0.006,0.0083,1.399,0.000622,0.001001,1.609,0.4003,0.86,0.0411,0.86
iop publish,2019,701,1564,73186,187801,0.00856,0.01279,0.006,0.0083,1.399,0.000622,0.001001,1.609,0.4003,0.86,0.0411,0.86
publish ltd,2019,701,1564,73186,187801,0.00856,0.01279,0.006,0.0083,1.399,0.000622,0.001001,1.609,0.4003,0.86,0.0411,0.86
publish licence,2019,701,1564,73186,187801,0.00856,0.01279,0.006,0.0083,1.399,0.000622,0.001001,1.609,0.4003,0.86,0.0411,0.86
layout,2019,701,1564,73186,187801,0.00428,0.00639,0.0029,0.0066,2.281,0.000302,0.000792,2.623,0.3992,0.61,0.029,0.61
aforementioned,2019,701,1564,73186,187801,0.00428,0.00639,0.0037,0.0042,1.129,0.000387,0.000503,1.299,0.3992,0.61,0.029,0.61
interrelationship,2019,701,1564,73186,187801,0.00428,0.00639,0.0035,0.0051,1.435,0.000369,0.00061,1.651,0.3992,0.61,0.029,0.61
fastest,2019,701,1564,73186,187801,0.00428,0.00639,0.0028,0.005,1.789,0.000291,0.000599,2.058,0.3992,0.61,0.029,0.61
shape tourism,2019,701,1564,73186,187801,0.00428,0.00639,0.0043,0.005,1.162,0.000448,0.000598,1.337,0.3992,0.61,0.029,0.61
micro small,2019,701,1564,73186,187801,0.00428,0.00639,0.0033,0.0044,1.331,0.000349,0.000534,1.53,0.3992,0.61,0.029,0.61
life local,2019,701,1564,73186,187801,0.00428,0.00639,0.0032,0.0044,1.381,0.000333,0.00053,1.589,0.3992,0.61,0.029,0.61
redefine,2019,701,1564,73186,187801,0.00428,0.00639,0.004,0.0055,1.358,0.000421,0.000658,1.562,0.3992,0.61,0.029,0.61
favorable,2019,701,1564,73186,187801,0.00428,0.00639,0.0039,0.0044,1.134,0.000407,0.000531,1.304,0.3992,0.61,0.029,0.61
lever,2019,701,1564,73186,187801,0.00428,0.00639,0.0044,0.0039,0.89,0.000457,0.000467,1.024,0.3992,0.61,0.029,0.61
philosophy,2019,701,1564,73186,187801,0.00428,0.00639,0.0038,0.0047,1.241,0.000399,0.000569,1.427,0.3992,0.61,0.029,0.61
club,2019,701,1564,73186,187801,0.00428,0.00639,0.0049,0.0121,2.492,0.000508,0.001455,2.866,0.3992,0.61,0.029,0.61
interest tourism,2019,701,1564,73186,187801,0.00428,0.00639,0.0041,0.0053,1.272,0.000432,0.000632,1.463,0.3992,0.61,0.029,0.61
development direction,2019,701,1564,73186,187801,0.00428,0.00639,0.0033,0.0059,1.76,0.000348,0.000706,2.025,0.3992,0.61,0.029,0.61
innovation develop,2019,701,1564,73186,187801,0.00428,0.00639,0.0042,0.0049,1.154,0.000442,0.000587,1.327,0.3992,0.61,0.029,0.61
innovative practice,2019,701,1564,73186,187801,0.00428,0.00639,0.0046,0.0057,1.237,0.000482,0.000686,1.423,0.3992,0.61,0.029,0.61
demand tourism,2019,701,1564,73186,187801,0.00428,0.00639,0.0037,0.0047,1.27,0.000385,0.000563,1.46,0.3992,0.61,0.029,0.61
blend,2019,701,1564,73186,187801,0.00428,0.00639,0.0052,0.0042,0.816,0.000541,0.000507,0.938,0.3992,0.61,0.029,0.61
develop innovative,2019,701,1564,73186,187801,0.00428,0.00639,0.0036,0.0046,1.299,0.000373,0.000557,1.494,0.3992,0.61,0.029,0.61
room,2019,701,1564,73186,187801,0.00428,0.00639,0.0027,0.0059,2.2,0.000281,0.000711,2.53,0.3992,0.61,0.029,0.61
multidisciplinary,2019,701,1564,73186,187801,0.00428,0.00639,0.0061,0.0044,0.726,0.00064,0.000534,0.835,0.3992,0.61,0.029,0.61
school,2019,701,1564,73186,187801,0.00428,0.00639,0.0041,0.0087,2.107,0.000432,0.001046,2.424,0.3992,0.61,0.029,0.61
exclusive,2019,701,1564,73186,187801,0.00428,0.00639,0.004,0.0051,1.264,0.00042,0.00061,1.454,0.3992,0.61,0.029,0.61
entrepreneurship sustainable,2019,701,1564,73186,187801,0.00428,0.00639,0.0053,0.0047,0.88,0.000556,0.000562,1.012,0.3992,0.61,0.029,0.61
chance,2019,701,1564,73186,187801,0.00428,0.00639,0.0024,0.0043,1.795,0.000253,0.000522,2.065,0.3992,0.61,0.029,0.61
policy strategy,2019,701,1564,73186,187801,0.00428,0.00639,0.0044,0.0051,1.152,0.000461,0.000611,1.325,0.3992,0.61,0.029,0.61
innovation,2019,701,1564,73186,187801,0.41084,0.61061,0.292,0.2656,0.91,0.030483,0.031892,1.046,0.3962,8.0,0.3996,8.0
framework,2019,701,1564,73186,187801,0.15549,0.23082,0.0942,0.1037,1.101,0.009833,0.012457,1.267,0.395,3.97,0.1908,3.97
regulation,2019,701,1564,73186,187801,0.02282,0.03389,0.0182,0.0238,1.309,0.0019,0.00286,1.505,0.3948,1.4,0.0666,1.4
development cultural,2019,701,1564,73186,187801,0.01854,0.02749,0.0186,0.0176,0.946,0.001945,0.002116,1.088,0.3932,1.26,0.0597,1.26
biodiversity,2019,701,1564,73186,187801,0.01427,0.0211,0.0153,0.0182,1.195,0.001593,0.002189,1.374,0.3907,1.09,0.0519,1.09
environmental protection,2019,701,1564,73186,187801,0.01427,0.0211,0.0148,0.0141,0.958,0.001541,0.001697,1.101,0.3907,1.09,0.0519,1.09
subsequently,2019,701,1564,73186,187801,0.00999,0.01471,0.0075,0.0092,1.221,0.000783,0.001099,1.404,0.3861,0.9,0.0427,0.9
longitudinal,2019,701,1564,73186,187801,0.00999,0.01471,0.0155,0.0097,0.626,0.001622,0.001168,0.721,0.3861,0.9,0.0427,0.9
least,2019,701,1564,73186,187801,0.02568,0.03772,0.0198,0.0217,1.096,0.002063,0.002601,1.261,0.3843,1.45,0.0688,1.45
evidence,2019,701,1564,73186,187801,0.06277,0.09143,0.0394,0.0444,1.126,0.004115,0.005326,1.295,0.376,2.26,0.1075,2.26
content,2019,701,1564,73186,187801,0.03424,0.04987,0.0236,0.0306,1.299,0.002459,0.003675,1.494,0.3759,1.64,0.0779,1.64
university,2019,701,1564,73186,187801,0.02282,0.03325,0.0219,0.0294,1.339,0.002291,0.003528,1.54,0.3757,1.33,0.0631,1.33
challenge face,2019,701,1564,73186,187801,0.01141,0.01662,0.0104,0.0093,0.893,0.001082,0.001111,1.027,0.3753,0.93,0.0443,0.93
strategy sustainable,2019,701,1564,73186,187801,0.01141,0.01662,0.0099,0.0096,0.97,0.001031,0.00115,1.116,0.3753,0.93,0.0443,0.93
development chapter,2019,701,1564,73186,187801,0.00571,0.00831,0.006,0.0062,1.03,0.000625,0.00074,1.184,0.3744,0.66,0.0312,0.66
substantially,2019,701,1564,73186,187801,0.00571,0.00831,0.0053,0.0061,1.144,0.000556,0.000731,1.316,0.3744,0.66,0.0312,0.66
inventory,2019,701,1564,73186,187801,0.00571,0.00831,0.0053,0.0089,1.671,0.000557,0.001071,1.922,0.3744,0.66,0.0312,0.66
drive tourism,2019,701,1564,73186,187801,0.00571,0.00831,0.0061,0.0056,0.921,0.000633,0.00067,1.059,0.3744,0.66,0.0312,0.66
model innovation,2019,701,1564,73186,187801,0.00571,0.00831,0.0052,0.006,1.145,0.000546,0.000719,1.317,0.3744,0.66,0.0312,0.66
swot,2019,701,1564,73186,187801,0.00571,0.00831,0.0078,0.0104,1.329,0.000819,0.001251,1.528,0.3744,0.66,0.0312,0.66
wellness,2019,701,1564,73186,187801,0.00571,0.00831,0.0135,0.0202,1.498,0.001405,0.002421,1.723,0.3744,0.66,0.0312,0.66
service provider,2019,701,1564,73186,187801,0.00571,0.00831,0.0046,0.0063,1.378,0.000477,0.000755,1.585,0.3744,0.66,0.0312,0.66
daily,2019,701,1564,73186,187801,0.00571,0.00831,0.0066,0.0072,1.09,0.000685,0.000859,1.254,0.3744,0.66,0.0312,0.66
abroad,2019,701,1564,73186,187801,0.00571,0.00831,0.0054,0.0055,1.019,0.000563,0.000659,1.172,0.3744,0.66,0.0312,0.66
sustainably,2019,701,1564,73186,187801,0.00571,0.00831,0.0047,0.0063,1.322,0.000495,0.000752,1.52,0.3744,0.66,0.0312,0.66
embeddedness,2019,701,1564,73186,187801,0.00571,0.00831,0.0083,0.0069,0.833,0.000867,0.00083,0.958,0.3744,0.66,0.0312,0.66
insight tourism,2019,701,1564,73186,187801,0.00571,0.00831,0.005,0.0046,0.919,0.000522,0.000552,1.057,0.3744,0.66,0.0312,0.66
attention give,2019,701,1564,73186,187801,0.00571,0.00831,0.0039,0.0051,1.32,0.000404,0.000614,1.518,0.3744,0.66,0.0312,0.66
teach,2019,701,1564,73186,187801,0.00571,0.00831,0.0072,0.0124,1.717,0.000756,0.001493,1.975,0.3744,0.66,0.0312,0.66
equipment,2019,701,1564,73186,187801,0.00571,0.00831,0.0063,0.0091,1.432,0.00066,0.001088,1.647,0.3744,0.66,0.0312,0.66
innovative technology,2019,701,1564,73186,187801,0.00571,0.00831,0.0066,0.0088,1.344,0.000687,0.001062,1.545,0.3744,0.66,0.0312,0.66
tourism sector,2019,701,1564,73186,187801,0.08845,0.12852,0.0572,0.0689,1.205,0.005968,0.00827,1.386,0.3736,2.71,0.1289,2.71
researcher,2019,701,1564,73186,187801,0.03566,0.05179,0.0289,0.0294,1.017,0.003016,0.003527,1.169,0.3728,1.66,0.0789,1.66
professional,2019,701,1564,73186,187801,0.02425,0.03517,0.0178,0.0239,1.337,0.001863,0.002865,1.538,0.3712,1.36,0.0643,1.36
improvement,2019,701,1564,73186,187801,0.03709,0.05371,0.0238,0.028,1.178,0.002484,0.003364,1.354,0.37,1.68,0.0798,1.68
tourism infrastructure,2019,701,1564,73186,187801,0.01284,0.01854,0.0126,0.0125,0.99,0.001314,0.001495,1.138,0.3668,0.97,0.0459,0.97
serf,2019,701,1564,73186,187801,0.01284,0.01854,0.009,0.0106,1.183,0.000936,0.001273,1.36,0.3668,0.97,0.0459,0.97
gradually,2019,701,1564,73186,187801,0.01284,0.01854,0.0095,0.0114,1.196,0.000996,0.00137,1.376,0.3668,0.97,0.0459,0.97
component,2019,701,1564,73186,187801,0.03281,0.04731,0.0241,0.0288,1.195,0.002516,0.003457,1.374,0.3658,1.56,0.074,1.56
coordinate,2019,701,1564,73186,187801,0.01997,0.02877,0.0139,0.0164,1.181,0.001453,0.001974,1.358,0.3646,1.21,0.0571,1.21
stakeholder,2019,701,1564,73186,187801,0.1398,0.20077,0.1048,0.1225,1.169,0.010943,0.014711,1.344,0.3619,3.4,0.1622,3.4
whereas,2019,701,1564,73186,187801,0.01427,0.02046,0.0122,0.0115,0.94,0.001274,0.001377,1.081,0.36,1.0,0.0474,1.0
influence tourism,2019,701,1564,73186,187801,0.01427,0.02046,0.0124,0.0134,1.081,0.001291,0.001605,1.244,0.36,1.0,0.0474,1.0
synergy,2019,701,1564,73186,187801,0.01427,0.02046,0.0154,0.0145,0.941,0.001607,0.001739,1.082,0.36,1.0,0.0474,1.0
shed light,2019,701,1564,73186,187801,0.00713,0.01023,0.0056,0.0064,1.152,0.000581,0.00077,1.325,0.3593,0.7,0.0334,0.7
shed,2019,701,1564,73186,187801,0.00713,0.01023,0.0056,0.0064,1.152,0.000581,0.00077,1.325,0.3593,0.7,0.0334,0.7
social value,2019,701,1564,73186,187801,0.00713,0.01023,0.0079,0.0099,1.256,0.000823,0.00119,1.445,0.3593,0.7,0.0334,0.7
development country,2019,701,1564,73186,187801,0.00713,0.01023,0.0071,0.007,0.993,0.000739,0.000844,1.143,0.3593,0.7,0.0334,0.7
endogenous,2019,701,1564,73186,187801,0.00713,0.01023,0.0084,0.0076,0.901,0.000881,0.000913,1.036,0.3593,0.7,0.0334,0.7
tourism urban,2019,701,1564,73186,187801,0.00713,0.01023,0.006,0.0073,1.224,0.000626,0.000881,1.407,0.3593,0.7,0.0334,0.7
event management,2019,701,1564,73186,187801,0.00713,0.01023,0.0078,0.0134,1.721,0.00081,0.001604,1.98,0.3593,0.7,0.0334,0.7
growth,2019,701,1564,73186,187801,0.1612,0.23082,0.0874,0.1148,1.314,0.009125,0.013787,1.511,0.359,3.67,0.1754,3.67
human,2019,701,1564,73186,187801,0.06705,0.09591,0.0489,0.0586,1.196,0.00511,0.007031,1.376,0.3579,2.22,0.1055,2.22
source,2019,701,1564,73186,187801,0.05278,0.07545,0.0272,0.0372,1.371,0.002836,0.004472,1.577,0.3571,1.95,0.0925,1.95
creativity,2019,701,1564,73186,187801,0.01569,0.02238,0.0168,0.0211,1.26,0.001751,0.002538,1.45,0.3544,1.03,0.0489,1.03
differentiate,2019,701,1564,73186,187801,0.01569,0.02238,0.0118,0.0122,1.029,0.001237,0.001463,1.183,0.3544,1.03,0.0489,1.03
tourism industry,2019,701,1564,73186,187801,0.12839,0.18223,0.0781,0.113,1.447,0.008153,0.013565,1.664,0.3501,3.13,0.1486,3.13
reflect,2019,701,1564,73186,187801,0.03424,0.04859,0.0259,0.0246,0.951,0.002702,0.002956,1.094,0.3499,1.52,0.0721,1.52
negatively,2019,701,1564,73186,187801,0.00856,0.01215,0.0066,0.0078,1.173,0.000691,0.000932,1.349,0.3491,0.75,0.0355,0.75
linear,2019,701,1564,73186,187801,0.00856,0.01215,0.0101,0.0076,0.759,0.001052,0.000918,0.873,0.3491,0.75,0.0355,0.75
inhabitant,2019,701,1564,73186,187801,0.00856,0.01215,0.014,0.0145,1.035,0.001457,0.001736,1.191,0.3491,0.75,0.0355,0.75
survival,2019,701,1564,73186,187801,0.00856,0.01215,0.011,0.0107,0.97,0.001149,0.001281,1.115,0.3491,0.75,0.0355,0.75
allocation,2019,701,1564,73186,187801,0.00856,0.01215,0.0065,0.0072,1.109,0.000674,0.000861,1.276,0.3491,0.75,0.0355,0.75
satisfaction,2019,701,1564,73186,187801,0.02853,0.04028,0.0388,0.0404,1.041,0.004049,0.004848,1.197,0.3446,1.36,0.0645,1.36
certain,2019,701,1564,73186,187801,0.01997,0.02813,0.0137,0.0152,1.114,0.001429,0.001831,1.281,0.3422,1.13,0.0533,1.13
enhancement,2019,701,1564,73186,187801,0.01997,0.02813,0.0226,0.0177,0.781,0.002362,0.002121,0.898,0.3422,1.13,0.0533,1.13
neglect,2019,701,1564,73186,187801,0.00999,0.01407,0.0101,0.0086,0.858,0.001051,0.001037,0.987,0.3417,0.79,0.0374,0.79
eight,2019,701,1564,73186,187801,0.00999,0.01407,0.0076,0.0096,1.266,0.000789,0.001149,1.456,0.3417,0.79,0.0374,0.79
complement,2019,701,1564,73186,187801,0.00999,0.01407,0.0079,0.0102,1.289,0.000826,0.001224,1.482,0.3417,0.79,0.0374,0.79
wine,2019,701,1564,73186,187801,0.00999,0.01407,0.025,0.0493,1.967,0.002615,0.005917,2.263,0.3417,0.79,0.0374,0.79
deeper,2019,701,1564,73186,187801,0.00999,0.01407,0.0092,0.009,0.975,0.000959,0.001075,1.121,0.3417,0.79,0.0374,0.79
pollution,2019,701,1564,73186,187801,0.00999,0.01407,0.0061,0.0195,3.184,0.00064,0.002344,3.662,0.3417,0.79,0.0374,0.79
positive,2019,701,1564,73186,187801,0.10699,0.15026,0.0639,0.0626,0.98,0.006668,0.007516,1.127,0.3395,2.73,0.1292,2.73
interactive,2019,701,1564,73186,187801,0.01141,0.01598,0.0082,0.0133,1.627,0.000854,0.001598,1.872,0.3361,0.83,0.0393,0.83
scholar,2019,701,1564,73186,187801,0.02425,0.03389,0.0165,0.0212,1.291,0.001718,0.00255,1.484,0.3342,1.22,0.0574,1.22
tourism model,2019,701,1564,73186,187801,0.01284,0.0179,0.0134,0.0151,1.124,0.001399,0.001809,1.293,0.3317,0.87,0.0412,0.87
full,2019,701,1564,73186,187801,0.01284,0.0179,0.0091,0.0096,1.051,0.000949,0.001147,1.209,0.3317,0.87,0.0412,0.87
domain,2019,701,1564,73186,187801,0.01569,0.02174,0.0172,0.0161,0.935,0.001798,0.001934,1.075,0.3254,0.95,0.0446,0.95
challenge,2019,701,1564,73186,187801,0.16262,0.22506,0.0825,0.0945,1.146,0.008611,0.01135,1.318,0.3249,3.33,0.158,3.33
security,2019,701,1564,73186,187801,0.01712,0.02366,0.0139,0.0195,1.395,0.001456,0.002337,1.605,0.323,0.98,0.0463,0.98
decision,2019,701,1564,73186,187801,0.05849,0.08056,0.0415,0.0465,1.12,0.004332,0.00558,1.288,0.3201,1.84,0.0868,1.84
reference,2019,701,1564,73186,187801,0.01997,0.02749,0.0129,0.0132,1.029,0.001342,0.001588,1.183,0.3192,1.05,0.0494,1.05
tourist experience,2019,701,1564,73186,187801,0.01997,0.02749,0.0159,0.0166,1.045,0.001662,0.001998,1.202,0.3192,1.05,0.0494,1.05
collection,2019,701,1564,73186,187801,0.0214,0.02941,0.0163,0.016,0.982,0.001705,0.001925,1.129,0.3177,1.08,0.0509,1.08
constraint,2019,701,1564,73186,187801,0.0214,0.02941,0.0205,0.0189,0.921,0.00214,0.002267,1.06,0.3177,1.08,0.0509,1.08
heritage,2019,701,1564,73186,187801,0.12126,0.16624,0.152,0.1687,1.11,0.015868,0.020255,1.276,0.3155,2.71,0.1282,2.71
principle,2019,701,1564,73186,187801,0.03424,0.04668,0.0328,0.0319,0.973,0.003429,0.003836,1.119,0.3096,1.34,0.0631,1.34
positively,2019,701,1564,73186,187801,0.03566,0.04859,0.0241,0.0248,1.032,0.002514,0.002982,1.186,0.3091,1.37,0.0644,1.37
strategic,2019,701,1564,73186,187801,0.08417,0.11445,0.0652,0.0635,0.974,0.006806,0.007628,1.121,0.3073,2.15,0.1013,2.15
academic,2019,701,1564,73186,187801,0.05136,0.06969,0.031,0.0377,1.215,0.003241,0.00453,1.398,0.3052,1.63,0.0769,1.63
depth,2019,701,1564,73186,187801,0.05136,0.06969,0.0367,0.0325,0.884,0.003836,0.003898,1.016,0.3052,1.63,0.0769,1.63
policy,2019,701,1564,73186,187801,0.2097,0.28261,0.147,0.1335,0.909,0.015343,0.016033,1.045,0.2984,3.57,0.1693,3.57
characterize,2019,701,1564,73186,187801,0.02568,0.03453,0.0193,0.0175,0.906,0.002015,0.002101,1.042,0.2958,1.1,0.0518,1.1
tourism stakeholder,2019,701,1564,73186,187801,0.02568,0.03453,0.024,0.0218,0.909,0.002503,0.002617,1.045,0.2958,1.1,0.0518,1.1
constitute,2019,701,1564,73186,187801,0.01997,0.02685,0.0132,0.016,1.208,0.001381,0.00192,1.39,0.2957,0.97,0.0455,0.97
development economic,2019,701,1564,73186,187801,0.0214,0.02877,0.0155,0.0169,1.087,0.001622,0.002027,1.25,0.2957,1.0,0.0472,1.0
fundamental,2019,701,1564,73186,187801,0.01712,0.02302,0.015,0.0151,1.004,0.00157,0.001813,1.155,0.2956,0.9,0.0421,0.9
social environmental,2019,701,1564,73186,187801,0.01854,0.02494,0.0126,0.0177,1.4,0.00132,0.002126,1.611,0.2956,0.93,0.0438,0.93
development policy,2019,701,1564,73186,187801,0.01712,0.02302,0.0183,0.0129,0.705,0.001907,0.001546,0.811,0.2956,0.9,0.0421,0.9
cultural resource,2019,701,1564,73186,187801,0.01427,0.01918,0.0137,0.013,0.944,0.001433,0.001556,1.085,0.2955,0.82,0.0383,0.82
water,2019,701,1564,73186,187801,0.01569,0.0211,0.0221,0.0285,1.291,0.002306,0.003423,1.485,0.2955,0.86,0.0402,0.86
contributor,2019,701,1564,73186,187801,0.01569,0.0211,0.0119,0.0124,1.044,0.00124,0.001489,1.201,0.2955,0.86,0.0402,0.86
hospitality tourism,2019,701,1564,73186,187801,0.01141,0.01535,0.0211,0.017,0.81,0.002198,0.002047,0.931,0.2953,0.73,0.0342,0.73
demographic,2019,701,1564,73186,187801,0.01141,0.01535,0.0081,0.014,1.736,0.00084,0.001678,1.997,0.2953,0.73,0.0342,0.73
local stakeholder,2019,701,1564,73186,187801,0.01141,0.01535,0.0104,0.012,1.151,0.001084,0.001435,1.323,0.2953,0.73,0.0342,0.73
dimensional,2019,701,1564,73186,187801,0.01141,0.01535,0.0082,0.0091,1.119,0.000854,0.001099,1.287,0.2953,0.73,0.0342,0.73
market strategy,2019,701,1564,73186,187801,0.01141,0.01535,0.0096,0.0126,1.308,0.001002,0.001508,1.505,0.2953,0.73,0.0342,0.73
relational,2019,701,1564,73186,187801,0.00999,0.01343,0.0117,0.014,1.194,0.00122,0.001676,1.374,0.2952,0.68,0.032,0.68
utilization,2019,701,1564,73186,187801,0.00999,0.01343,0.0087,0.0091,1.047,0.000908,0.001093,1.204,0.2952,0.68,0.032,0.68
heterogeneous,2019,701,1564,73186,187801,0.00999,0.01343,0.0104,0.008,0.766,0.00109,0.00096,0.881,0.2952,0.68,0.032,0.68
development regional,2019,701,1564,73186,187801,0.00999,0.01343,0.0094,0.0095,1.014,0.000981,0.001144,1.166,0.2952,0.68,0.032,0.68
ancient,2019,701,1564,73186,187801,0.00999,0.01343,0.016,0.0178,1.116,0.001669,0.002143,1.284,0.2952,0.68,0.032,0.68
attention pay,2019,701,1564,73186,187801,0.00856,0.01151,0.0092,0.0083,0.903,0.000955,0.000992,1.039,0.295,0.63,0.0296,0.63
firstly,2019,701,1564,73186,187801,0.00856,0.01151,0.0069,0.0061,0.889,0.000722,0.000738,1.023,0.295,0.63,0.0296,0.63
tourism increasingly,2019,701,1564,73186,187801,0.00856,0.01151,0.0066,0.0074,1.122,0.000685,0.000884,1.291,0.295,0.63,0.0296,0.63
orient,2019,701,1564,73186,187801,0.00856,0.01151,0.0059,0.0093,1.577,0.000614,0.001114,1.814,0.295,0.63,0.0296,0.63
competitiveness tourism,2019,701,1564,73186,187801,0.00856,0.01151,0.0078,0.0085,1.09,0.000813,0.00102,1.254,0.295,0.63,0.0296,0.63
vulnerability,2019,701,1564,73186,187801,0.00856,0.01151,0.0107,0.0125,1.161,0.001121,0.001496,1.335,0.295,0.63,0.0296,0.63
old,2019,701,1564,73186,187801,0.00856,0.01151,0.0096,0.0079,0.82,0.000999,0.000943,0.944,0.295,0.63,0.0296,0.63
directly indirectly,2019,701,1564,73186,187801,0.00713,0.00959,0.0081,0.0061,0.761,0.000841,0.000736,0.875,0.2948,0.57,0.027,0.57
destination manager,2019,701,1564,73186,187801,0.00713,0.00959,0.0105,0.0066,0.624,0.001097,0.000787,0.717,0.2948,0.57,0.027,0.57
expose,2019,701,1564,73186,187801,0.00713,0.00959,0.0079,0.0058,0.739,0.000822,0.000699,0.85,0.2948,0.57,0.027,0.57
policy sustainable,2019,701,1564,73186,187801,0.00713,0.00959,0.0081,0.0059,0.734,0.000843,0.000712,0.844,0.2948,0.57,0.027,0.57
promote innovation,2019,701,1564,73186,187801,0.00713,0.00959,0.0069,0.0073,1.054,0.000725,0.000879,1.212,0.2948,0.57,0.027,0.57
region tourism,2019,701,1564,73186,187801,0.00713,0.00959,0.0049,0.0065,1.328,0.000513,0.000783,1.528,0.2948,0.57,0.027,0.57
geological,2019,701,1564,73186,187801,0.00713,0.00959,0.01,0.0104,1.039,0.001043,0.001246,1.195,0.2948,0.57,0.027,0.57
practice tourism,2019,701,1564,73186,187801,0.00713,0.00959,0.0094,0.0079,0.844,0.000979,0.00095,0.971,0.2948,0.57,0.027,0.57
modify,2019,701,1564,73186,187801,0.00713,0.00959,0.0077,0.0057,0.737,0.000806,0.000683,0.847,0.2948,0.57,0.027,0.57
creative tourism,2019,701,1564,73186,187801,0.00713,0.00959,0.014,0.0186,1.333,0.001459,0.002238,1.533,0.2948,0.57,0.027,0.57
comparatively,2019,701,1564,73186,187801,0.00571,0.00767,0.0059,0.0052,0.886,0.000615,0.000627,1.019,0.2945,0.51,0.0241,0.51
sport sport,2019,701,1564,73186,187801,0.00571,0.00767,0.0029,0.0057,1.966,0.000302,0.000684,2.262,0.2945,0.51,0.0241,0.51
value chain,2019,701,1564,73186,187801,0.00571,0.00767,0.0058,0.0079,1.356,0.000606,0.000946,1.56,0.2945,0.51,0.0241,0.51
stakeholder perception,2019,701,1564,73186,187801,0.00571,0.00767,0.0058,0.0079,1.37,0.000601,0.000948,1.576,0.2945,0.51,0.0241,0.51
historical cultural,2019,701,1564,73186,187801,0.00571,0.00767,0.0103,0.0055,0.538,0.001076,0.000665,0.619,0.2945,0.51,0.0241,0.51
disaster,2019,701,1564,73186,187801,0.00571,0.00767,0.0057,0.0134,2.379,0.00059,0.001614,2.736,0.2945,0.51,0.0241,0.51
economic opportunity,2019,701,1564,73186,187801,0.00571,0.00767,0.0061,0.0063,1.038,0.000638,0.000761,1.193,0.2945,0.51,0.0241,0.51
wisdom,2019,701,1564,73186,187801,0.00571,0.00767,0.0081,0.0122,1.519,0.000841,0.00147,1.747,0.2945,0.51,0.0241,0.51
plant,2019,701,1564,73186,187801,0.00571,0.00767,0.0107,0.0059,0.557,0.001114,0.000713,0.64,0.2945,0.51,0.0241,0.51
economic cultural,2019,701,1564,73186,187801,0.00571,0.00767,0.0056,0.0047,0.837,0.000585,0.000563,0.963,0.2945,0.51,0.0241,0.51
possess,2019,701,1564,73186,187801,0.00571,0.00767,0.0052,0.0047,0.909,0.000541,0.000565,1.045,0.2945,0.51,0.0241,0.51
uniqueness,2019,701,1564,73186,187801,0.00571,0.00767,0.0071,0.0046,0.651,0.000744,0.000557,0.748,0.2945,0.51,0.0241,0.51
reputation,2019,701,1564,73186,187801,0.00571,0.00767,0.0049,0.0052,1.055,0.00051,0.000619,1.213,0.2945,0.51,0.0241,0.51
bias,2019,701,1564,73186,187801,0.00571,0.00767,0.0044,0.0053,1.199,0.000463,0.000638,1.379,0.2945,0.51,0.0241,0.51
positive relationship,2019,701,1564,73186,187801,0.00571,0.00767,0.0047,0.0046,0.976,0.000488,0.000549,1.123,0.2945,0.51,0.0241,0.51
expenditure,2019,701,1564,73186,187801,0.00571,0.00767,0.0103,0.007,0.679,0.001071,0.000835,0.78,0.2945,0.51,0.0241,0.51
personnel,2019,701,1564,73186,187801,0.00571,0.00767,0.0041,0.006,1.45,0.000429,0.000715,1.667,0.2945,0.51,0.0241,0.51
introduce concept,2019,701,1564,73186,187801,0.00428,0.00575,0.003,0.0038,1.262,0.000313,0.000454,1.451,0.2939,0.44,0.0209,0.44
positive perception,2019,701,1564,73186,187801,0.00428,0.00575,0.0035,0.004,1.147,0.000364,0.000481,1.32,0.2939,0.44,0.0209,0.44
social entrepreneur,2019,701,1564,73186,187801,0.00428,0.00575,0.0107,0.0101,0.94,0.001118,0.001208,1.081,0.2939,0.44,0.0209,0.44
win,2019,701,1564,73186,187801,0.00428,0.00575,0.0039,0.0057,1.46,0.000406,0.000683,1.68,0.2939,0.44,0.0209,0.44
tourist satisfaction,2019,701,1564,73186,187801,0.00428,0.00575,0.01,0.0063,0.631,0.001044,0.000757,0.725,0.2939,0.44,0.0209,0.44
destination sustainable,2019,701,1564,73186,187801,0.00428,0.00575,0.0057,0.0043,0.753,0.000593,0.000514,0.866,0.2939,0.44,0.0209,0.44
fabric,2019,701,1564,73186,187801,0.00428,0.00575,0.0048,0.0053,1.109,0.000498,0.000635,1.275,0.2939,0.44,0.0209,0.44
solid,2019,701,1564,73186,187801,0.00428,0.00575,0.0048,0.0037,0.785,0.000498,0.00045,0.903,0.2939,0.44,0.0209,0.44
primary collect,2019,701,1564,73186,187801,0.00428,0.00575,0.0031,0.0038,1.235,0.00032,0.000455,1.421,0.2939,0.44,0.0209,0.44
technology sport,2019,701,1564,73186,187801,0.00428,0.00575,0.0035,0.006,1.703,0.000365,0.000716,1.959,0.2939,0.44,0.0209,0.44
explanation,2019,701,1564,73186,187801,0.00428,0.00575,0.005,0.0043,0.865,0.000524,0.000521,0.995,0.2939,0.44,0.0209,0.44
rapid growth,2019,701,1564,73186,187801,0.00428,0.00575,0.0052,0.0044,0.844,0.000539,0.000523,0.97,0.2939,0.44,0.0209,0.44
tourism operator,2019,701,1564,73186,187801,0.00428,0.00575,0.0041,0.0042,1.022,0.000427,0.000502,1.176,0.2939,0.44,0.0209,0.44
sort,2019,701,1564,73186,187801,0.00428,0.00575,0.0039,0.0042,1.086,0.000403,0.000503,1.249,0.2939,0.44,0.0209,0.44
emerge tourism,2019,701,1564,73186,187801,0.00428,0.00575,0.0039,0.0044,1.128,0.000403,0.000523,1.298,0.2939,0.44,0.0209,0.44
heavily,2019,701,1564,73186,187801,0.00428,0.00575,0.0039,0.0043,1.108,0.000405,0.000516,1.275,0.2939,0.44,0.0209,0.44
conscious,2019,701,1564,73186,187801,0.00428,0.00575,0.0047,0.0041,0.872,0.000495,0.000497,1.002,0.2939,0.44,0.0209,0.44
conservation sustainable,2019,701,1564,73186,187801,0.00428,0.00575,0.004,0.0043,1.076,0.000421,0.00052,1.238,0.2939,0.44,0.0209,0.44
forefront,2019,701,1564,73186,187801,0.00428,0.00575,0.0048,0.0039,0.821,0.000501,0.000473,0.944,0.2939,0.44,0.0209,0.44
supply chain,2019,701,1564,73186,187801,0.00428,0.00575,0.0061,0.0076,1.245,0.00064,0.000917,1.432,0.2939,0.44,0.0209,0.44
environmental awareness,2019,701,1564,73186,187801,0.00428,0.00575,0.0046,0.0037,0.806,0.000482,0.000447,0.927,0.2939,0.44,0.0209,0.44
english,2019,701,1564,73186,187801,0.00428,0.00575,0.0056,0.0047,0.842,0.000586,0.000568,0.969,0.2939,0.44,0.0209,0.44
sport organization,2019,701,1564,73186,187801,0.00428,0.00575,0.0047,0.0046,0.991,0.000488,0.000556,1.14,0.2939,0.44,0.0209,0.44
skill development,2019,701,1564,73186,187801,0.00428,0.00575,0.0037,0.0036,0.959,0.000388,0.000428,1.103,0.2939,0.44,0.0209,0.44
indonesia tourism,2019,701,1564,73186,187801,0.00428,0.00575,0.0055,0.0042,0.764,0.000575,0.000505,0.878,0.2939,0.44,0.0209,0.44
resource local,2019,701,1564,73186,187801,0.00428,0.00575,0.0063,0.0036,0.58,0.000657,0.000438,0.667,0.2939,0.44,0.0209,0.44
industrialization,2019,701,1564,73186,187801,0.00428,0.00575,0.0056,0.0067,1.191,0.000585,0.000802,1.37,0.2939,0.44,0.0209,0.44
repercussion,2019,701,1564,73186,187801,0.00428,0.00575,0.0045,0.0044,0.992,0.000467,0.000532,1.141,0.2939,0.44,0.0209,0.44
skilled,2019,701,1564,73186,187801,0.00428,0.00575,0.005,0.0053,1.061,0.000521,0.000636,1.221,0.2939,0.44,0.0209,0.44
principal component,2019,701,1564,73186,187801,0.00428,0.00575,0.0037,0.0059,1.584,0.00039,0.000711,1.822,0.2939,0.44,0.0209,0.44
similarly,2019,701,1564,73186,187801,0.00428,0.00575,0.0033,0.0047,1.426,0.000344,0.000564,1.641,0.2939,0.44,0.0209,0.44
drive innovation,2019,701,1564,73186,187801,0.00428,0.00575,0.0043,0.0045,1.053,0.000444,0.000539,1.212,0.2939,0.44,0.0209,0.44
legitimacy,2019,701,1564,73186,187801,0.00428,0.00575,0.0043,0.0083,1.906,0.000454,0.000995,2.192,0.2939,0.44,0.0209,0.44
diagnostic,2019,701,1564,73186,187801,0.00428,0.00575,0.0044,0.0044,0.997,0.000463,0.000531,1.147,0.2939,0.44,0.0209,0.44
activate,2019,701,1564,73186,187801,0.00428,0.00575,0.004,0.005,1.255,0.000412,0.000595,1.443,0.2939,0.44,0.0209,0.44
warm,2019,701,1564,73186,187801,0.00428,0.00575,0.0059,0.0045,0.765,0.000618,0.000544,0.88,0.2939,0.44,0.0209,0.44
agri,2019,701,1564,73186,187801,0.00285,0.00384,0.0128,0.004,0.309,0.001339,0.000477,0.356,0.2928,0.36,0.017,0.36
wetland,2019,701,1564,73186,187801,0.00285,0.00384,0.0094,0.0075,0.799,0.000985,0.000906,0.919,0.2928,0.36,0.017,0.36
marathon,2019,701,1564,73186,187801,0.00285,0.00384,0.0045,0.0059,1.319,0.000466,0.000707,1.517,0.2928,0.36,0.017,0.36
cultural event,2019,701,1564,73186,187801,0.00285,0.00384,0.0049,0.0043,0.888,0.000507,0.000518,1.021,0.2928,0.36,0.017,0.36
healthcare,2019,701,1564,73186,187801,0.00285,0.00384,0.0023,0.0036,1.59,0.000239,0.000437,1.828,0.2928,0.36,0.017,0.36
error,2019,701,1564,73186,187801,0.00285,0.00384,0.0036,0.0033,0.925,0.000375,0.000398,1.063,0.2928,0.36,0.017,0.36
resident participation,2019,701,1564,73186,187801,0.00285,0.00384,0.0039,0.0041,1.049,0.000408,0.000492,1.206,0.2928,0.36,0.017,0.36
event festival,2019,701,1564,73186,187801,0.00285,0.00384,0.0072,0.0037,0.505,0.000756,0.000439,0.58,0.2928,0.36,0.017,0.36
resident perceive,2019,701,1564,73186,187801,0.00285,0.00384,0.0035,0.0035,1.009,0.000366,0.000425,1.16,0.2928,0.36,0.017,0.36
perceive value,2019,701,1564,73186,187801,0.00285,0.00384,0.0062,0.0037,0.601,0.00065,0.00045,0.692,0.2928,0.36,0.017,0.36
lifestyle entrepreneurship,2019,701,1564,73186,187801,0.00285,0.00384,0.0032,0.008,2.534,0.000329,0.000959,2.914,0.2928,0.36,0.017,0.36
circuit,2019,701,1564,73186,187801,0.00285,0.00384,0.0069,0.0039,0.573,0.000717,0.000472,0.659,0.2928,0.36,0.017,0.36
pakistan,2019,701,1564,73186,187801,0.00285,0.00384,0.0131,0.0087,0.66,0.001373,0.001042,0.759,0.2928,0.36,0.017,0.36
gas,2019,701,1564,73186,187801,0.00285,0.00384,0.0028,0.0039,1.381,0.000294,0.000468,1.588,0.2928,0.36,0.017,0.36
innovation organizational,2019,701,1564,73186,187801,0.00285,0.00384,0.0033,0.0052,1.573,0.000344,0.000623,1.809,0.2928,0.36,0.017,0.36
career,2019,701,1564,73186,187801,0.00285,0.00384,0.002,0.0058,2.859,0.000213,0.000701,3.289,0.2928,0.36,0.017,0.36
space tourism,2019,701,1564,73186,187801,0.00285,0.00384,0.0045,0.0092,2.019,0.000475,0.001103,2.322,0.2928,0.36,0.017,0.36
bay,2019,701,1564,73186,187801,0.00285,0.00384,0.0055,0.005,0.898,0.000579,0.000598,1.033,0.2928,0.36,0.017,0.36
highland,2019,701,1564,73186,187801,0.00285,0.00384,0.003,0.0063,2.124,0.00031,0.000757,2.443,0.2928,0.36,0.017,0.36
change adaptation,2019,701,1564,73186,187801,0.00285,0.00384,0.0063,0.0032,0.508,0.000661,0.000386,0.584,0.2928,0.36,0.017,0.36
cloud,2019,701,1564,73186,187801,0.00285,0.00384,0.0019,0.0065,3.404,0.000199,0.00078,3.915,0.2928,0.36,0.017,0.36
table,2019,701,1564,73186,187801,0.00285,0.00384,0.0027,0.0047,1.75,0.00028,0.000563,2.013,0.2928,0.36,0.017,0.36
commune,2019,701,1564,73186,187801,0.00285,0.00384,0.0073,0.0096,1.317,0.000762,0.001154,1.515,0.2928,0.36,0.017,0.36
community perception,2019,701,1564,73186,187801,0.00285,0.00384,0.0023,0.0057,2.523,0.000237,0.000686,2.902,0.2928,0.36,0.017,0.36
nature sport,2019,701,1564,73186,187801,0.00143,0.00192,0.0072,0.0068,0.949,0.00075,0.000818,1.091,0.2895,0.25,0.012,0.25
entrepreneurship ecosystem,2019,701,1564,73186,187801,0.00143,0.00192,0.0021,0.0055,2.644,0.000218,0.000662,3.041,0.2895,0.25,0.012,0.25
transboundary,2019,701,1564,73186,187801,0.00143,0.00192,0.0059,0.0039,0.66,0.000618,0.000469,0.759,0.2895,0.25,0.012,0.25
marina,2019,701,1564,73186,187801,0.00143,0.00192,0.001,0.0073,7.066,0.000108,0.000876,8.127,0.2895,0.25,0.012,0.25
canal,2019,701,1564,73186,187801,0.00143,0.00192,0.0086,0.01,1.169,0.000897,0.001205,1.344,0.2895,0.25,0.012,0.25
innovation eco,2019,701,1564,73186,187801,0.00143,0.00192,0.0011,0.0049,4.247,0.000119,0.000583,4.884,0.2895,0.25,0.012,0.25
kalimantan,2019,701,1564,73186,187801,0.00143,0.00192,0.002,0.0053,2.651,0.00021,0.000642,3.049,0.2895,0.25,0.012,0.25
carbon tourism,2019,701,1564,73186,187801,0.00143,0.00192,0.0068,0.004,0.59,0.000711,0.000483,0.679,0.2895,0.25,0.012,0.25
stt,2019,701,1564,73186,187801,0.00143,0.00192,0.001,0.007,6.651,0.000109,0.000836,7.649,0.2895,0.25,0.012,0.25
garden,2019,701,1564,73186,187801,0.00143,0.00192,0.0024,0.0061,2.57,0.000246,0.000728,2.956,0.2895,0.25,0.012,0.25
smart tourist,2019,701,1564,73186,187801,0.00143,0.00192,0.0031,0.0032,1.014,0.000327,0.000382,1.166,0.2895,0.25,0.012,0.25
mouse,2019,701,1564,73186,187801,0.00143,0.00192,0.0009,0.0075,8.675,9e-05,0.000901,9.978,0.2895,0.25,0.012,0.25
santa,2019,701,1564,73186,187801,0.00143,0.00192,0.0027,0.0064,2.423,0.000278,0.000774,2.787,0.2895,0.25,0.012,0.25
water resource,2019,701,1564,73186,187801,0.00143,0.00192,0.0014,0.0042,3.017,0.000145,0.000502,3.47,0.2895,0.25,0.012,0.25
utaut,2019,701,1564,73186,187801,0.00143,0.00192,0.0029,0.0061,2.084,0.000308,0.000738,2.397,0.2895,0.25,0.012,0.25
aceh,2019,701,1564,73186,187801,0.00143,0.00192,0.0057,0.0046,0.797,0.0006,0.00055,0.916,0.2895,0.25,0.012,0.25
interaction,2019,701,1564,73186,187801,0.04993,0.0665,0.036,0.037,1.026,0.003761,0.00444,1.18,0.2864,1.51,0.0708,1.51
target,2019,701,1564,73186,187801,0.03709,0.04923,0.0261,0.0243,0.933,0.002724,0.002924,1.073,0.283,1.27,0.0598,1.27
urban,2019,701,1564,73186,187801,0.06134,0.0812,0.0762,0.0917,1.203,0.007955,0.011007,1.384,0.2804,1.64,0.0772,1.64
organizational,2019,701,1564,73186,187801,0.0271,0.03581,0.0309,0.0417,1.352,0.003223,0.005011,1.555,0.2781,1.06,0.0499,1.06
determine,2019,701,1564,73186,187801,0.0485,0.06394,0.0372,0.0319,0.858,0.003888,0.003836,0.987,0.2761,1.43,0.067,1.43
self,2019,701,1564,73186,187801,0.02425,0.03197,0.0216,0.0276,1.279,0.002256,0.003319,1.471,0.2759,1.0,0.0467,1.0
reach,2019,701,1564,73186,187801,0.0214,0.02813,0.0137,0.0153,1.117,0.001432,0.001839,1.284,0.2732,0.92,0.0433,0.92
support,2019,701,1564,73186,187801,0.19971,0.26215,0.0936,0.1019,1.089,0.009768,0.012239,1.253,0.272,3.14,0.1481,3.14
attract,2019,701,1564,73186,187801,0.03852,0.05051,0.0194,0.0267,1.372,0.00203,0.003202,1.578,0.2709,1.24,0.0582,1.24
measurement,2019,701,1564,73186,187801,0.01854,0.0243,0.0157,0.0159,1.014,0.001639,0.001912,1.166,0.2697,0.85,0.0397,0.85
meet,2019,701,1564,73186,187801,0.03566,0.04668,0.025,0.0249,0.994,0.002614,0.002989,1.143,0.2688,1.18,0.0554,1.18
shift,2019,701,1564,73186,187801,0.03424,0.04476,0.0261,0.0225,0.862,0.002724,0.002702,0.992,0.2677,1.15,0.054,1.15
brand,2019,701,1564,73186,187801,0.03138,0.04092,0.0397,0.0484,1.219,0.004147,0.005815,1.402,0.2651,1.09,0.0511,1.09
direct,2019,701,1564,73186,187801,0.04565,0.05946,0.0335,0.0309,0.921,0.0035,0.003707,1.059,0.2642,1.32,0.0619,1.32
design,2019,701,1564,73186,187801,0.12126,0.15793,0.0707,0.0837,1.184,0.007385,0.010056,1.362,0.2642,2.25,0.1058,2.25
finance,2019,701,1564,73186,187801,0.01427,0.01854,0.0115,0.0198,1.724,0.001201,0.002381,1.983,0.2616,0.72,0.0337,0.72
recognition,2019,701,1564,73186,187801,0.01427,0.01854,0.0128,0.0143,1.113,0.001337,0.001712,1.28,0.2616,0.72,0.0337,0.72
greece,2019,701,1564,73186,187801,0.01427,0.01854,0.023,0.023,1.002,0.002398,0.002762,1.152,0.2616,0.72,0.0337,0.72
sustainability tourism,2019,701,1564,73186,187801,0.04137,0.05371,0.0275,0.0295,1.073,0.002866,0.003537,1.234,0.2608,1.24,0.058,1.24
municipality,2019,701,1564,73186,187801,0.02568,0.03325,0.0375,0.039,1.042,0.003911,0.004687,1.199,0.258,0.96,0.0448,0.96
inequality,2019,701,1564,73186,187801,0.01284,0.01662,0.0146,0.012,0.822,0.001528,0.001444,0.945,0.2577,0.67,0.0314,0.67
italian,2019,701,1564,73186,187801,0.01284,0.01662,0.0204,0.02,0.982,0.002127,0.002403,1.13,0.2577,0.67,0.0314,0.67
relevant,2019,701,1564,73186,187801,0.04565,0.05882,0.0295,0.0302,1.024,0.00308,0.003628,1.178,0.2534,1.27,0.0592,1.27
pose,2019,701,1564,73186,187801,0.01141,0.01471,0.0076,0.0095,1.249,0.000792,0.001138,1.437,0.2528,0.62,0.029,0.62
cultural,2019,701,1564,73186,187801,0.23252,0.29923,0.1817,0.2168,1.193,0.018969,0.026031,1.372,0.2522,3.2,0.151,3.2
short,2019,701,1564,73186,187801,0.0214,0.02749,0.0156,0.0183,1.169,0.00163,0.002192,1.344,0.2502,0.84,0.0395,0.84
primary,2019,701,1564,73186,187801,0.04993,0.06394,0.0326,0.0302,0.926,0.003409,0.003632,1.066,0.2472,1.29,0.0605,1.29
tourism market,2019,701,1564,73186,187801,0.03994,0.05115,0.0375,0.026,0.694,0.00392,0.003127,0.798,0.2471,1.15,0.0538,1.15
development city,2019,701,1564,73186,187801,0.00999,0.01279,0.0072,0.009,1.247,0.000749,0.001075,1.434,0.2464,0.56,0.0264,0.56
dissemination,2019,701,1564,73186,187801,0.00999,0.01279,0.0097,0.0117,1.2,0.001015,0.001401,1.381,0.2464,0.56,0.0264,0.56
uncover,2019,701,1564,73186,187801,0.00999,0.01279,0.0087,0.0091,1.052,0.000905,0.001095,1.21,0.2464,0.56,0.0264,0.56
grind,2019,701,1564,73186,187801,0.00999,0.01279,0.0081,0.0072,0.891,0.000848,0.000869,1.025,0.2464,0.56,0.0264,0.56
individual chapter,2019,701,1564,73186,187801,0.00999,0.01279,0.0081,0.0082,1.007,0.000851,0.000986,1.159,0.2464,0.56,0.0264,0.56
engage,2019,701,1564,73186,187801,0.04422,0.05627,0.0294,0.0302,1.029,0.003065,0.003626,1.183,0.2407,1.18,0.0551,1.18
characteristic,2019,701,1564,73186,187801,0.06847,0.08696,0.0437,0.0436,0.998,0.004563,0.005239,1.148,0.2388,1.48,0.069,1.48
status,2019,701,1564,73186,187801,0.02568,0.03261,0.0212,0.0193,0.909,0.002212,0.002312,1.045,0.2386,0.88,0.0412,0.88
promote tourism,2019,701,1564,73186,187801,0.01712,0.02174,0.012,0.013,1.084,0.00125,0.001558,1.247,0.2384,0.72,0.0335,0.72
remote,2019,701,1564,73186,187801,0.01712,0.02174,0.0292,0.016,0.548,0.003049,0.00192,0.63,0.2384,0.72,0.0335,0.72
collective,2019,701,1564,73186,187801,0.01712,0.02174,0.0178,0.0187,1.051,0.001855,0.002243,1.209,0.2384,0.72,0.0335,0.72
cultural value,2019,701,1564,73186,187801,0.00856,0.01087,0.0075,0.0096,1.279,0.000783,0.001152,1.471,0.2379,0.5,0.0236,0.5
novelty,2019,701,1564,73186,187801,0.00856,0.01087,0.0094,0.0075,0.8,0.000979,0.0009,0.92,0.2379,0.5,0.0236,0.5
match,2019,701,1564,73186,187801,0.00856,0.01087,0.0082,0.0085,1.039,0.000852,0.001017,1.195,0.2379,0.5,0.0236,0.5
score,2019,701,1564,73186,187801,0.00856,0.01087,0.0068,0.0087,1.275,0.000711,0.001042,1.467,0.2379,0.5,0.0236,0.5
volume,2019,701,1564,73186,187801,0.00856,0.01087,0.0068,0.0099,1.449,0.000712,0.001186,1.667,0.2379,0.5,0.0236,0.5
inspire,2019,701,1564,73186,187801,0.00856,0.01087,0.0076,0.0068,0.889,0.000792,0.000811,1.023,0.2379,0.5,0.0236,0.5
domestic tourism,2019,701,1564,73186,187801,0.00856,0.01087,0.0072,0.0093,1.286,0.000755,0.001117,1.479,0.2379,0.5,0.0236,0.5
satisfy,2019,701,1564,73186,187801,0.00856,0.01087,0.0067,0.0069,1.018,0.000703,0.000823,1.17,0.2379,0.5,0.0236,0.5
distribution,2019,701,1564,73186,187801,0.03281,0.04156,0.025,0.0224,0.896,0.002611,0.002691,1.031,0.2361,0.99,0.0462,0.99
connection,2019,701,1564,73186,187801,0.02425,0.03069,0.0203,0.0172,0.847,0.002115,0.002061,0.974,0.2351,0.84,0.0394,0.84
due,2019,701,1564,73186,187801,0.06419,0.0812,0.0377,0.0356,0.945,0.003933,0.004275,1.087,0.2349,1.4,0.0655,1.4
side,2019,701,1564,73186,187801,0.01569,0.01982,0.0138,0.0151,1.097,0.001441,0.001817,1.261,0.233,0.67,0.0313,0.67
field,2019,701,1564,73186,187801,0.08559,0.10806,0.0534,0.0531,0.994,0.005574,0.006376,1.144,0.233,1.63,0.076,1.63
prospect,2019,701,1564,73186,187801,0.02282,0.02877,0.0182,0.019,1.042,0.001904,0.002281,1.198,0.2312,0.8,0.0375,0.8
directly,2019,701,1564,73186,187801,0.02282,0.02877,0.0177,0.015,0.847,0.001853,0.001805,0.974,0.2312,0.8,0.0375,0.8
effectiveness,2019,701,1564,73186,187801,0.02282,0.02877,0.0197,0.0204,1.034,0.002058,0.002448,1.189,0.2312,0.8,0.0375,0.8
emphasis,2019,701,1564,73186,187801,0.0214,0.02685,0.0144,0.015,1.041,0.001508,0.001806,1.197,0.2267,0.76,0.0356,0.76
relevance,2019,701,1564,73186,187801,0.0214,0.02685,0.0171,0.0145,0.851,0.001784,0.001745,0.979,0.2267,0.76,0.0356,0.76
food,2019,701,1564,73186,187801,0.0214,0.02685,0.0398,0.0339,0.852,0.004154,0.004072,0.98,0.2267,0.76,0.0356,0.76
popularity,2019,701,1564,73186,187801,0.00713,0.00895,0.0054,0.0064,1.193,0.00056,0.000769,1.373,0.2259,0.44,0.0204,0.44
elaborate,2019,701,1564,73186,187801,0.00713,0.00895,0.0069,0.0054,0.787,0.000722,0.000653,0.905,0.2259,0.44,0.0204,0.44
higher education,2019,701,1564,73186,187801,0.00713,0.00895,0.0099,0.0083,0.841,0.00103,0.000996,0.967,0.2259,0.44,0.0204,0.44
conservation tourism,2019,701,1564,73186,187801,0.00713,0.00895,0.0091,0.0064,0.704,0.000951,0.00077,0.81,0.2259,0.44,0.0204,0.44
accordingly,2019,701,1564,73186,187801,0.00713,0.00895,0.0059,0.005,0.847,0.000611,0.000596,0.974,0.2259,0.44,0.0204,0.44
prioritise,2019,701,1564,73186,187801,0.00713,0.00895,0.0068,0.0064,0.95,0.000705,0.00077,1.092,0.2259,0.44,0.0204,0.44
famous,2019,701,1564,73186,187801,0.00713,0.00895,0.0046,0.0061,1.336,0.000479,0.000736,1.537,0.2259,0.44,0.0204,0.44
attract tourist,2019,701,1564,73186,187801,0.00713,0.00895,0.0045,0.0067,1.474,0.000474,0.000804,1.695,0.2259,0.44,0.0204,0.44
innovation market,2019,701,1564,73186,187801,0.00713,0.00895,0.0066,0.0058,0.875,0.000694,0.000698,1.006,0.2259,0.44,0.0204,0.44
seasonality,2019,701,1564,73186,187801,0.00713,0.00895,0.0112,0.0085,0.752,0.001174,0.001015,0.865,0.2259,0.44,0.0204,0.44
landscape,2019,701,1564,73186,187801,0.05421,0.06777,0.0761,0.0522,0.686,0.007945,0.006268,0.789,0.2232,1.22,0.0567,1.22
competitiveness,2019,701,1564,73186,187801,0.05849,0.07289,0.0735,0.0559,0.76,0.007673,0.006707,0.874,0.22,1.25,0.0581,1.25
welfare,2019,701,1564,73186,187801,0.01284,0.01598,0.0098,0.014,1.43,0.00102,0.001677,1.645,0.2185,0.57,0.0264,0.57
express,2019,701,1564,73186,187801,0.01284,0.01598,0.0121,0.0112,0.932,0.001259,0.001349,1.071,0.2185,0.57,0.0264,0.57
open,2019,701,1564,73186,187801,0.04422,0.05499,0.0304,0.0412,1.356,0.00317,0.004943,1.559,0.2177,1.06,0.0496,1.06
condition,2019,701,1564,73186,187801,0.06705,0.08312,0.0455,0.0402,0.884,0.004751,0.004833,1.017,0.2148,1.31,0.061,1.31
industry,2019,701,1564,73186,187801,0.2368,0.29348,0.1412,0.1727,1.223,0.014742,0.020733,1.406,0.2145,2.74,0.1284,2.74
phenomenon,2019,701,1564,73186,187801,0.02996,0.03708,0.024,0.0217,0.903,0.002511,0.002608,1.039,0.2131,0.85,0.0396,0.85
play,2019,701,1564,73186,187801,0.09272,0.11445,0.0528,0.0485,0.918,0.00551,0.005818,1.056,0.2104,1.53,0.0713,1.53
regional,2019,701,1564,73186,187801,0.13695,0.1688,0.1333,0.1066,0.8,0.013919,0.012804,0.92,0.2091,1.9,0.0885,1.9
solve,2019,701,1564,73186,187801,0.01712,0.0211,0.0118,0.0105,0.885,0.001236,0.001259,1.018,0.2086,0.62,0.0291,0.62
price,2019,701,1564,73186,187801,0.01141,0.01407,0.0141,0.0113,0.8,0.001469,0.001351,0.92,0.2083,0.51,0.0237,0.51
resource tourism,2019,701,1564,73186,187801,0.01141,0.01407,0.0095,0.0089,0.935,0.000997,0.001072,1.075,0.2083,0.51,0.0237,0.51
evolutionary,2019,701,1564,73186,187801,0.01141,0.01407,0.0159,0.0164,1.029,0.00166,0.001965,1.184,0.2083,0.51,0.0237,0.51
pursuit,2019,701,1564,73186,187801,0.00571,0.00703,0.0068,0.0047,0.682,0.000714,0.000561,0.785,0.2075,0.36,0.0167,0.36
particular attention,2019,701,1564,73186,187801,0.00571,0.00703,0.0053,0.0048,0.915,0.000553,0.000582,1.053,0.2075,0.36,0.0167,0.36
development opportunity,2019,701,1564,73186,187801,0.00571,0.00703,0.0058,0.0058,1.015,0.000601,0.000701,1.167,0.2075,0.36,0.0167,0.36
subjective,2019,701,1564,73186,187801,0.00571,0.00703,0.0052,0.0046,0.886,0.000539,0.00055,1.019,0.2075,0.36,0.0167,0.36
academia,2019,701,1564,73186,187801,0.00571,0.00703,0.0041,0.006,1.457,0.000432,0.000723,1.676,0.2075,0.36,0.0167,0.36
tourism address,2019,701,1564,73186,187801,0.00571,0.00703,0.0062,0.0049,0.791,0.000652,0.000593,0.91,0.2075,0.36,0.0167,0.36
special attention,2019,701,1564,73186,187801,0.00571,0.00703,0.004,0.0048,1.193,0.000421,0.000578,1.372,0.2075,0.36,0.0167,0.36
conducive,2019,701,1564,73186,187801,0.00571,0.00703,0.0072,0.0043,0.59,0.000756,0.000513,0.679,0.2075,0.36,0.0167,0.36
opportunity sustainable,2019,701,1564,73186,187801,0.00571,0.00703,0.0062,0.0054,0.862,0.00065,0.000644,0.991,0.2075,0.36,0.0167,0.36
electronic,2019,701,1564,73186,187801,0.00571,0.00703,0.0052,0.0057,1.081,0.000546,0.000679,1.243,0.2075,0.36,0.0167,0.36
reliable,2019,701,1564,73186,187801,0.00571,0.00703,0.0043,0.0046,1.064,0.000447,0.000548,1.224,0.2075,0.36,0.0167,0.36
round,2019,701,1564,73186,187801,0.00571,0.00703,0.0037,0.0048,1.297,0.000389,0.000581,1.491,0.2075,0.36,0.0167,0.36
souvenir,2019,701,1564,73186,187801,0.00571,0.00703,0.0038,0.0084,2.215,0.000394,0.001003,2.548,0.2075,0.36,0.0167,0.36
recent decade,2019,701,1564,73186,187801,0.00571,0.00703,0.007,0.0051,0.72,0.000736,0.000609,0.828,0.2075,0.36,0.0167,0.36
vehicle,2019,701,1564,73186,187801,0.00571,0.00703,0.0054,0.0058,1.072,0.000567,0.000699,1.233,0.2075,0.36,0.0167,0.36
tourism cluster,2019,701,1564,73186,187801,0.00571,0.00703,0.011,0.0066,0.602,0.001146,0.000793,0.692,0.2075,0.36,0.0167,0.36
progress,2019,701,1564,73186,187801,0.03138,0.03836,0.0243,0.0208,0.857,0.002538,0.002502,0.986,0.2005,0.82,0.038,0.82
feature,2019,701,1564,73186,187801,0.04137,0.05051,0.028,0.0242,0.865,0.002918,0.002903,0.995,0.1995,0.94,0.0437,0.94
text,2019,701,1564,73186,187801,0.00999,0.01215,0.0104,0.0093,0.89,0.001085,0.001111,1.023,0.1951,0.44,0.0207,0.44
stand,2019,701,1564,73186,187801,0.00999,0.01215,0.0084,0.0085,1.008,0.00088,0.001021,1.16,0.1951,0.44,0.0207,0.44
willingness,2019,701,1564,73186,187801,0.00999,0.01215,0.0112,0.0096,0.857,0.001171,0.001155,0.986,0.1951,0.44,0.0207,0.44
behavior,2019,701,1564,73186,187801,0.03852,0.04668,0.0357,0.0326,0.911,0.00373,0.003909,1.048,0.1919,0.87,0.0404,0.87
numerous,2019,701,1564,73186,187801,0.01427,0.01726,0.0127,0.0108,0.849,0.001331,0.0013,0.977,0.1901,0.52,0.0241,0.52
portugal,2019,701,1564,73186,187801,0.01427,0.01726,0.0163,0.0199,1.22,0.001699,0.002384,1.403,0.1901,0.52,0.0241,0.52
marine,2019,701,1564,73186,187801,0.01427,0.01726,0.019,0.0336,1.765,0.001988,0.004035,2.03,0.1901,0.52,0.0241,0.52
socio cultural,2019,701,1564,73186,187801,0.02282,0.02749,0.0222,0.0167,0.751,0.002318,0.002003,0.864,0.1857,0.64,0.0298,0.64
perceive,2019,701,1564,73186,187801,0.05849,0.07033,0.0423,0.0475,1.122,0.00442,0.005705,1.291,0.1843,1.04,0.0483,1.04
territory,2019,701,1564,73186,187801,0.03994,0.04795,0.0373,0.0434,1.163,0.003898,0.005215,1.338,0.1826,0.84,0.0391,0.84
manager,2019,701,1564,73186,187801,0.0485,0.05818,0.0364,0.0329,0.903,0.0038,0.003947,1.039,0.1818,0.93,0.0431,0.93
despite,2019,701,1564,73186,187801,0.05563,0.0665,0.0315,0.0303,0.963,0.003288,0.003641,1.107,0.1782,0.98,0.0454,0.98
technical,2019,701,1564,73186,187801,0.02568,0.03069,0.0184,0.0191,1.038,0.001925,0.002298,1.194,0.178,0.65,0.0303,0.65
center,2019,701,1564,73186,187801,0.02568,0.03069,0.0223,0.0194,0.872,0.002323,0.00233,1.003,0.178,0.65,0.0303,0.65
rely,2019,701,1564,73186,187801,0.02568,0.03069,0.0184,0.0164,0.89,0.001921,0.001966,1.023,0.178,0.65,0.0303,0.65
comprise,2019,701,1564,73186,187801,0.01712,0.02046,0.0146,0.0133,0.911,0.001524,0.001597,1.047,0.1778,0.53,0.0246,0.53
business model,2019,701,1564,73186,187801,0.01284,0.01535,0.0327,0.0181,0.556,0.003409,0.002179,0.639,0.1777,0.46,0.0213,0.46
resource management,2019,701,1564,73186,187801,0.01284,0.01535,0.0118,0.0105,0.897,0.001227,0.001266,1.031,0.1777,0.46,0.0213,0.46
clarify,2019,701,1564,73186,187801,0.00856,0.01023,0.008,0.0059,0.744,0.000831,0.000711,0.856,0.1773,0.37,0.0173,0.37
house,2019,701,1564,73186,187801,0.00856,0.01023,0.0113,0.009,0.794,0.00118,0.001077,0.913,0.1773,0.37,0.0173,0.37
care,2019,701,1564,73186,187801,0.00856,0.01023,0.0127,0.0098,0.771,0.00133,0.001179,0.886,0.1773,0.37,0.0173,0.37
procedure,2019,701,1564,73186,187801,0.00856,0.01023,0.0071,0.0064,0.908,0.000739,0.000772,1.044,0.1773,0.37,0.0173,0.37
secondly,2019,701,1564,73186,187801,0.00856,0.01023,0.0073,0.0057,0.783,0.000758,0.000683,0.901,0.1773,0.37,0.0173,0.37
sphere,2019,701,1564,73186,187801,0.00856,0.01023,0.0092,0.0083,0.898,0.000966,0.000997,1.033,0.1773,0.37,0.0173,0.37
correspond,2019,701,1564,73186,187801,0.00856,0.01023,0.0058,0.0065,1.116,0.000608,0.00078,1.283,0.1773,0.37,0.0173,0.37
environmental economic,2019,701,1564,73186,187801,0.00856,0.01023,0.0072,0.0066,0.921,0.000747,0.000792,1.059,0.1773,0.37,0.0173,0.37
settlement,2019,701,1564,73186,187801,0.00856,0.01023,0.0077,0.0123,1.587,0.000807,0.001472,1.825,0.1773,0.37,0.0173,0.37
advantage tourism,2019,701,1564,73186,187801,0.00428,0.00512,0.0049,0.0048,0.99,0.000508,0.000578,1.139,0.1763,0.26,0.0122,0.26
yogyakarta,2019,701,1564,73186,187801,0.00428,0.00512,0.0112,0.0057,0.51,0.001172,0.000687,0.587,0.1763,0.26,0.0122,0.26
adjustment,2019,701,1564,73186,187801,0.00428,0.00512,0.0057,0.0041,0.714,0.000599,0.000491,0.821,0.1763,0.26,0.0122,0.26
yunnan,2019,701,1564,73186,187801,0.00428,0.00512,0.0073,0.0042,0.571,0.00076,0.000499,0.657,0.1763,0.26,0.0122,0.26
supply demand,2019,701,1564,73186,187801,0.00428,0.00512,0.0047,0.0044,0.948,0.000486,0.00053,1.09,0.1763,0.26,0.0122,0.26
business local,2019,701,1564,73186,187801,0.00428,0.00512,0.0064,0.0038,0.595,0.000663,0.000454,0.684,0.1763,0.26,0.0122,0.26
management plan,2019,701,1564,73186,187801,0.00428,0.00512,0.0038,0.0044,1.161,0.000397,0.00053,1.336,0.1763,0.26,0.0122,0.26
inland,2019,701,1564,73186,187801,0.00428,0.00512,0.0044,0.0048,1.101,0.000457,0.000578,1.266,0.1763,0.26,0.0122,0.26
environmental concern,2019,701,1564,73186,187801,0.00428,0.00512,0.0044,0.004,0.904,0.000464,0.000483,1.039,0.1763,0.26,0.0122,0.26
spiritual,2019,701,1564,73186,187801,0.00428,0.00512,0.004,0.0049,1.241,0.000415,0.000593,1.427,0.1763,0.26,0.0122,0.26
heritage heritage,2019,701,1564,73186,187801,0.00428,0.00512,0.004,0.0037,0.933,0.000413,0.000443,1.073,0.1763,0.26,0.0122,0.26
consumer behavior,2019,701,1564,73186,187801,0.00428,0.00512,0.0049,0.0044,0.892,0.000516,0.00053,1.026,0.1763,0.26,0.0122,0.26
renowned,2019,701,1564,73186,187801,0.00428,0.00512,0.0041,0.0043,1.047,0.000429,0.000516,1.205,0.1763,0.26,0.0122,0.26
passenger,2019,701,1564,73186,187801,0.00428,0.00512,0.0032,0.004,1.23,0.000338,0.000478,1.415,0.1763,0.26,0.0122,0.26
executive,2019,701,1564,73186,187801,0.00428,0.00512,0.003,0.0048,1.611,0.000313,0.000581,1.853,0.1763,0.26,0.0122,0.26
scenery,2019,701,1564,73186,187801,0.00428,0.00512,0.0052,0.0044,0.841,0.000545,0.000527,0.967,0.1763,0.26,0.0122,0.26
closely link,2019,701,1564,73186,187801,0.00428,0.00512,0.0036,0.0039,1.071,0.000376,0.000464,1.232,0.1763,0.26,0.0122,0.26
market innovation,2019,701,1564,73186,187801,0.00428,0.00512,0.0098,0.0035,0.357,0.001025,0.00042,0.41,0.1763,0.26,0.0122,0.26
plan local,2019,701,1564,73186,187801,0.00428,0.00512,0.0052,0.0034,0.649,0.000543,0.000406,0.747,0.1763,0.26,0.0122,0.26
resident tourist,2019,701,1564,73186,187801,0.00428,0.00512,0.0052,0.0048,0.936,0.000539,0.00058,1.077,0.1763,0.26,0.0122,0.26
sustainable destination,2019,701,1564,73186,187801,0.00428,0.00512,0.005,0.0051,1.016,0.000524,0.000612,1.169,0.1763,0.26,0.0122,0.26
community perspective,2019,701,1564,73186,187801,0.00428,0.00512,0.0038,0.0053,1.399,0.000399,0.000641,1.608,0.1763,0.26,0.0122,0.26
projection,2019,701,1564,73186,187801,0.00428,0.00512,0.0047,0.0038,0.807,0.000493,0.000458,0.929,0.1763,0.26,0.0122,0.26
demand side,2019,701,1564,73186,187801,0.00428,0.00512,0.0041,0.0042,1.021,0.000428,0.000502,1.175,0.1763,0.26,0.0122,0.26
fitness,2019,701,1564,73186,187801,0.00428,0.00512,0.0125,0.0044,0.355,0.001305,0.000532,0.408,0.1763,0.26,0.0122,0.26
easy,2019,701,1564,73186,187801,0.00428,0.00512,0.003,0.0034,1.128,0.000317,0.000411,1.297,0.1763,0.26,0.0122,0.26
opportunity rural,2019,701,1564,73186,187801,0.00428,0.00512,0.0041,0.0046,1.111,0.000432,0.000552,1.278,0.1763,0.26,0.0122,0.26
sustainable business,2019,701,1564,73186,187801,0.00428,0.00512,0.0033,0.0041,1.245,0.000348,0.000498,1.432,0.1763,0.26,0.0122,0.26
body knowledge,2019,701,1564,73186,187801,0.00428,0.00512,0.004,0.0033,0.823,0.000418,0.000396,0.947,0.1763,0.26,0.0122,0.26
solidarity,2019,701,1564,73186,187801,0.00428,0.00512,0.0036,0.0048,1.343,0.000376,0.000582,1.545,0.1763,0.26,0.0122,0.26
socio ecological,2019,701,1564,73186,187801,0.00428,0.00512,0.0045,0.0052,1.15,0.000474,0.000626,1.322,0.1763,0.26,0.0122,0.26
model community,2019,701,1564,73186,187801,0.00428,0.00512,0.0042,0.0046,1.114,0.000434,0.000556,1.281,0.1763,0.26,0.0122,0.26
model framework,2019,701,1564,73186,187801,0.00428,0.00512,0.0047,0.0038,0.808,0.000489,0.000454,0.93,0.1763,0.26,0.0122,0.26
treatment,2019,701,1564,73186,187801,0.00428,0.00512,0.0037,0.0043,1.176,0.000384,0.00052,1.353,0.1763,0.26,0.0122,0.26
scale development,2019,701,1564,73186,187801,0.00428,0.00512,0.0043,0.0041,0.958,0.000448,0.000494,1.102,0.1763,0.26,0.0122,0.26
export,2019,701,1564,73186,187801,0.00428,0.00512,0.0044,0.0042,0.967,0.000456,0.000508,1.112,0.1763,0.26,0.0122,0.26
policy practice,2019,701,1564,73186,187801,0.00428,0.00512,0.0054,0.0033,0.607,0.000567,0.000396,0.698,0.1763,0.26,0.0122,0.26
archaeological site,2019,701,1564,73186,187801,0.00428,0.00512,0.0074,0.0045,0.607,0.000775,0.000542,0.699,0.1763,0.26,0.0122,0.26
unwto,2019,701,1564,73186,187801,0.00428,0.00512,0.0114,0.004,0.346,0.001194,0.000476,0.398,0.1763,0.26,0.0122,0.26
critical,2019,701,1564,73186,187801,0.08845,0.1055,0.0514,0.0506,0.986,0.005361,0.006077,1.134,0.1762,1.24,0.0576,1.24
pattern,2019,701,1564,73186,187801,0.04993,0.05946,0.0429,0.0348,0.812,0.004474,0.004181,0.934,0.1746,0.9,0.0419,0.9
addition,2019,701,1564,73186,187801,0.04565,0.05435,0.0295,0.0245,0.829,0.003081,0.002937,0.953,0.1742,0.86,0.0399,0.86
address,2019,701,1564,73186,187801,0.12411,0.1477,0.0611,0.0572,0.936,0.006383,0.00687,1.076,0.174,1.48,0.0688,1.48
less,2019,701,1564,73186,187801,0.03281,0.039,0.0221,0.0206,0.936,0.002302,0.002479,1.077,0.1726,0.72,0.0333,0.72
demand,2019,701,1564,73186,187801,0.07703,0.09143,0.0497,0.0464,0.933,0.005187,0.005569,1.074,0.1713,1.12,0.0518,1.12
physical,2019,701,1564,73186,187801,0.02425,0.02877,0.021,0.0186,0.884,0.002195,0.002232,1.017,0.1706,0.61,0.0281,0.61
agricultural,2019,701,1564,73186,187801,0.02425,0.02877,0.0236,0.0297,1.261,0.002461,0.003568,1.45,0.1706,0.61,0.0281,0.61
discourse,2019,701,1564,73186,187801,0.01997,0.02366,0.0279,0.0181,0.65,0.00291,0.002176,0.748,0.1689,0.54,0.0252,0.54
face,2019,701,1564,73186,187801,0.07561,0.08951,0.0471,0.0412,0.875,0.00492,0.004953,1.007,0.1688,1.09,0.0505,1.09
extend,2019,701,1564,73186,187801,0.0271,0.03197,0.0175,0.0166,0.952,0.001824,0.001996,1.094,0.1648,0.62,0.0287,0.62
output,2019,701,1564,73186,187801,0.01141,0.01343,0.0095,0.0081,0.853,0.000997,0.000978,0.981,0.1618,0.39,0.0182,0.39
meaningful,2019,701,1564,73186,187801,0.01141,0.01343,0.0102,0.0082,0.807,0.001064,0.000987,0.928,0.1618,0.39,0.0182,0.39
effective,2019,701,1564,73186,187801,0.06419,0.07545,0.0406,0.0326,0.801,0.004243,0.003909,0.921,0.1614,0.95,0.0442,0.95
secondary,2019,701,1564,73186,187801,0.02996,0.03517,0.0225,0.0192,0.851,0.002352,0.002304,0.979,0.16,0.63,0.0293,0.63
difference,2019,701,1564,73186,187801,0.0485,0.05691,0.0392,0.0319,0.815,0.004089,0.00383,0.937,0.1596,0.81,0.0376,0.81
performance,2019,701,1564,73186,187801,0.06705,0.07864,0.0584,0.0659,1.129,0.006093,0.007912,1.298,0.1594,0.96,0.0446,0.96
common,2019,701,1564,73186,187801,0.03709,0.04348,0.0238,0.0259,1.088,0.002483,0.003108,1.252,0.1587,0.7,0.0325,0.7
awareness,2019,701,1564,73186,187801,0.03709,0.04348,0.0303,0.0257,0.848,0.003169,0.003089,0.975,0.1587,0.7,0.0325,0.7
space,2019,701,1564,73186,187801,0.04422,0.05179,0.0477,0.0466,0.976,0.004981,0.005592,1.123,0.1578,0.77,0.0354,0.77
strategy,2019,701,1564,73186,187801,0.23823,0.27813,0.1401,0.1146,0.818,0.014622,0.013761,0.941,0.1548,1.96,0.0912,1.96
enable,2019,701,1564,73186,187801,0.05706,0.0665,0.0325,0.0333,1.023,0.003392,0.003993,1.177,0.1529,0.85,0.0392,0.85
know,2019,701,1564,73186,187801,0.02853,0.03325,0.0217,0.0171,0.789,0.002267,0.002057,0.907,0.1527,0.59,0.0273,0.59
act,2019,701,1564,73186,187801,0.02853,0.03325,0.0204,0.0185,0.907,0.002125,0.002218,1.044,0.1527,0.59,0.0273,0.59
realize,2019,701,1564,73186,187801,0.0214,0.02494,0.0175,0.0131,0.748,0.001824,0.001569,0.86,0.1526,0.51,0.0235,0.51
managerial,2019,701,1564,73186,187801,0.0214,0.02494,0.0239,0.0184,0.771,0.002495,0.002213,0.887,0.1526,0.51,0.0235,0.51
choose,2019,701,1564,73186,187801,0.01427,0.01662,0.0132,0.0105,0.794,0.001381,0.001261,0.913,0.1524,0.41,0.0191,0.41
struggle,2019,701,1564,73186,187801,0.00713,0.00831,0.0088,0.0056,0.644,0.000914,0.000677,0.741,0.1518,0.29,0.0135,0.29
greek,2019,701,1564,73186,187801,0.00713,0.00831,0.0074,0.0107,1.439,0.000777,0.001286,1.655,0.1518,0.29,0.0135,0.29
documentation,2019,701,1564,73186,187801,0.00713,0.00831,0.0073,0.0071,0.966,0.000766,0.000851,1.111,0.1518,0.29,0.0135,0.29
similarity,2019,701,1564,73186,187801,0.00713,0.00831,0.007,0.0059,0.84,0.000733,0.000709,0.966,0.1518,0.29,0.0135,0.29
support community,2019,701,1564,73186,187801,0.00713,0.00831,0.0066,0.0062,0.939,0.000694,0.00075,1.08,0.1518,0.29,0.0135,0.29
attain,2019,701,1564,73186,187801,0.00713,0.00831,0.0062,0.0055,0.874,0.000652,0.000655,1.005,0.1518,0.29,0.0135,0.29
innovation tourist,2019,701,1564,73186,187801,0.00713,0.00831,0.0077,0.0067,0.875,0.000805,0.00081,1.006,0.1518,0.29,0.0135,0.29
asian,2019,701,1564,73186,187801,0.00713,0.00831,0.009,0.0064,0.713,0.000944,0.000774,0.821,0.1518,0.29,0.0135,0.29
essence,2019,701,1564,73186,187801,0.00713,0.00831,0.0053,0.0052,0.981,0.000556,0.000627,1.128,0.1518,0.29,0.0135,0.29
tourism sport,2019,701,1564,73186,187801,0.00713,0.00831,0.0072,0.0074,1.021,0.000754,0.000885,1.174,0.1518,0.29,0.0135,0.29
restriction,2019,701,1564,73186,187801,0.00713,0.00831,0.0065,0.0064,0.983,0.000682,0.000771,1.13,0.1518,0.29,0.0135,0.29
class,2019,701,1564,73186,187801,0.00713,0.00831,0.012,0.0078,0.652,0.001254,0.00094,0.75,0.1518,0.29,0.0135,0.29
characteristic tourism,2019,701,1564,73186,187801,0.00713,0.00831,0.0064,0.0048,0.743,0.000669,0.000572,0.855,0.1518,0.29,0.0135,0.29
municipal,2019,701,1564,73186,187801,0.00713,0.00831,0.0051,0.0078,1.53,0.00053,0.000933,1.76,0.1518,0.29,0.0135,0.29
wellbeing,2019,701,1564,73186,187801,0.00713,0.00831,0.0076,0.0074,0.969,0.000793,0.000883,1.114,0.1518,0.29,0.0135,0.29
adjacent,2019,701,1564,73186,187801,0.00713,0.00831,0.007,0.0049,0.701,0.000733,0.000591,0.806,0.1518,0.29,0.0135,0.29
impede,2019,701,1564,73186,187801,0.00713,0.00831,0.0069,0.0052,0.759,0.00072,0.000628,0.872,0.1518,0.29,0.0135,0.29
capable,2019,701,1564,73186,187801,0.00713,0.00831,0.0062,0.0069,1.11,0.00065,0.00083,1.276,0.1518,0.29,0.0135,0.29
heritage tourism,2019,701,1564,73186,187801,0.03852,0.04476,0.0535,0.0437,0.817,0.005589,0.00525,0.939,0.15,0.68,0.0312,0.68
economy,2019,701,1564,73186,187801,0.18688,0.21675,0.1144,0.1092,0.955,0.011942,0.013116,1.098,0.1483,1.61,0.0744,1.61
segment,2019,701,1564,73186,187801,0.02425,0.02813,0.0202,0.0187,0.924,0.002114,0.002247,1.063,0.1481,0.53,0.0243,0.53
hand,2019,701,1564,73186,187801,0.01712,0.01982,0.0164,0.0142,0.865,0.001711,0.001702,0.995,0.1461,0.43,0.0201,0.43
agriculture,2019,701,1564,73186,187801,0.01712,0.01982,0.0203,0.0163,0.803,0.002124,0.001961,0.923,0.1461,0.43,0.0201,0.43
search,2019,701,1564,73186,187801,0.01712,0.01982,0.0137,0.0121,0.879,0.001433,0.001449,1.011,0.1461,0.43,0.0201,0.43
experience,2019,701,1564,73186,187801,0.1883,0.21739,0.1268,0.1041,0.821,0.01324,0.012505,0.944,0.1436,1.56,0.0723,1.56
service,2019,701,1564,73186,187801,0.14123,0.16304,0.0991,0.1021,1.03,0.01035,0.01226,1.184,0.1436,1.31,0.0607,1.31
consumer,2019,701,1564,73186,187801,0.03994,0.04604,0.0498,0.0354,0.711,0.005199,0.004252,0.818,0.1418,0.65,0.03,0.65
attractiveness,2019,701,1564,73186,187801,0.01997,0.02302,0.0182,0.0164,0.899,0.001901,0.001965,1.033,0.1415,0.45,0.021,0.45
formation,2019,701,1564,73186,187801,0.01997,0.02302,0.0188,0.0168,0.891,0.001967,0.002016,1.025,0.1415,0.45,0.021,0.45
evolution tourism,2019,701,1564,73186,187801,0.00999,0.01151,0.012,0.0087,0.726,0.001251,0.001045,0.835,0.1411,0.32,0.0148,0.32
product development,2019,701,1564,73186,187801,0.00999,0.01151,0.0121,0.0104,0.866,0.001259,0.001253,0.996,0.1411,0.32,0.0148,0.32
government support,2019,701,1564,73186,187801,0.00999,0.01151,0.0072,0.0073,1.009,0.000755,0.000876,1.16,0.1411,0.32,0.0148,0.32
team,2019,701,1564,73186,187801,0.00999,0.01151,0.0101,0.01,0.99,0.001053,0.001198,1.138,0.1411,0.32,0.0148,0.32
customer,2019,701,1564,73186,187801,0.03281,0.03772,0.0451,0.0309,0.684,0.00471,0.003707,0.787,0.1393,0.58,0.0266,0.58
unique,2019,701,1564,73186,187801,0.05563,0.06394,0.0316,0.0335,1.059,0.003302,0.004021,1.218,0.139,0.76,0.035,0.76
tourism economy,2019,701,1564,73186,187801,0.02282,0.02621,0.0165,0.0214,1.295,0.001723,0.002566,1.489,0.1381,0.47,0.0219,0.47
practice,2019,701,1564,73186,187801,0.14265,0.16368,0.0921,0.0861,0.935,0.009613,0.010341,1.076,0.1375,1.26,0.0584,1.26
necessary,2019,701,1564,73186,187801,0.03566,0.04092,0.0238,0.0236,0.991,0.002483,0.002831,1.14,0.1373,0.59,0.0274,0.59
village,2019,701,1564,73186,187801,0.06134,0.07033,0.074,0.0965,1.303,0.007729,0.011587,1.499,0.1367,0.79,0.0363,0.79
leadership,2019,701,1564,73186,187801,0.02568,0.02941,0.0304,0.034,1.119,0.003173,0.004085,1.287,0.1355,0.49,0.0228,0.49
expansion,2019,701,1564,73186,187801,0.02568,0.02941,0.0178,0.0187,1.055,0.001854,0.002249,1.213,0.1355,0.49,0.0228,0.49
urban tourism,2019,701,1564,73186,187801,0.01284,0.01471,0.024,0.02,0.831,0.002506,0.002396,0.956,0.1351,0.35,0.016,0.35
local authority,2019,701,1564,73186,187801,0.01284,0.01471,0.0112,0.0098,0.875,0.001168,0.001176,1.006,0.1351,0.35,0.016,0.35
administration,2019,701,1564,73186,187801,0.01284,0.01471,0.0153,0.0099,0.647,0.001594,0.001186,0.744,0.1351,0.35,0.016,0.35
formulate,2019,701,1564,73186,187801,0.01284,0.01471,0.0097,0.0088,0.909,0.001009,0.001054,1.045,0.1351,0.35,0.016,0.35
extensive,2019,701,1564,73186,187801,0.01284,0.01471,0.0087,0.0093,1.071,0.000905,0.001116,1.232,0.1351,0.35,0.016,0.35
arrival,2019,701,1564,73186,187801,0.01284,0.01471,0.0082,0.0143,1.742,0.000857,0.001718,2.004,0.1351,0.35,0.016,0.35
resource,2019,701,1564,73186,187801,0.21255,0.24297,0.1289,0.1116,0.866,0.013456,0.013396,0.995,0.1337,1.57,0.0725,1.57
subject,2019,701,1564,73186,187801,0.02853,0.03261,0.0189,0.0222,1.179,0.001968,0.002669,1.356,0.1333,0.51,0.0237,0.51
six,2019,701,1564,73186,187801,0.02853,0.03261,0.0177,0.0167,0.944,0.001846,0.002003,1.085,0.1333,0.51,0.0237,0.51
ongoing,2019,701,1564,73186,187801,0.01569,0.0179,0.0167,0.0127,0.759,0.001748,0.001525,0.872,0.1313,0.37,0.0172,0.37
human resource,2019,701,1564,73186,187801,0.01569,0.0179,0.0179,0.0138,0.771,0.001867,0.001655,0.886,0.1313,0.37,0.0172,0.37
long,2019,701,1564,73186,187801,0.08987,0.1023,0.0567,0.0473,0.834,0.00592,0.005679,0.959,0.1295,0.91,0.0422,0.91
continuous,2019,701,1564,73186,187801,0.01854,0.0211,0.0138,0.0153,1.113,0.001437,0.00184,1.28,0.1286,0.4,0.0183,0.4
great,2019,701,1564,73186,187801,0.03994,0.0454,0.033,0.024,0.728,0.003441,0.002881,0.837,0.1278,0.58,0.027,0.58
intangible,2019,701,1564,73186,187801,0.0214,0.0243,0.0202,0.028,1.385,0.002112,0.003364,1.593,0.1267,0.42,0.0194,0.42
innovative,2019,701,1564,73186,187801,0.12126,0.13747,0.0808,0.0678,0.839,0.008437,0.008142,0.965,0.1254,1.05,0.0483,1.05
implementation,2019,701,1564,73186,187801,0.07561,0.08568,0.0576,0.0428,0.743,0.006017,0.005142,0.855,0.125,0.8,0.037,0.8
sport,2019,701,1564,73186,187801,0.10842,0.12276,0.2447,0.2653,1.084,0.025548,0.031854,1.247,0.1242,0.97,0.0449,0.97
function,2019,701,1564,73186,187801,0.03281,0.03708,0.0242,0.025,1.031,0.002531,0.003,1.185,0.1222,0.5,0.0233,0.5
image,2019,701,1564,73186,187801,0.03281,0.03708,0.0268,0.0246,0.918,0.002793,0.002948,1.056,0.1222,0.5,0.0233,0.5
agenda,2019,701,1564,73186,187801,0.03281,0.03708,0.0306,0.0271,0.887,0.003193,0.003257,1.02,0.1222,0.5,0.0233,0.5
rural tourism,2019,701,1564,73186,187801,0.07418,0.08376,0.1063,0.1115,1.048,0.011102,0.013383,1.205,0.1214,0.77,0.0355,0.77
creation,2019,701,1564,73186,187801,0.06705,0.07545,0.0471,0.0524,1.114,0.004915,0.006295,1.281,0.1179,0.71,0.0327,0.71
outcome,2019,701,1564,73186,187801,0.0699,0.07864,0.0619,0.0394,0.636,0.00646,0.004725,0.731,0.1178,0.72,0.0333,0.72
state,2019,701,1564,73186,187801,0.08131,0.09143,0.0561,0.0504,0.899,0.005855,0.006054,1.034,0.1172,0.78,0.036,0.78
conservation,2019,701,1564,73186,187801,0.07703,0.08632,0.0866,0.0682,0.787,0.009042,0.008186,0.905,0.1137,0.74,0.0339,0.74
response,2019,701,1564,73186,187801,0.0485,0.05435,0.0341,0.028,0.821,0.00356,0.003362,0.944,0.1136,0.57,0.0265,0.57
rate,2019,701,1564,73186,187801,0.01997,0.02238,0.0174,0.0171,0.982,0.001819,0.002056,1.13,0.1134,0.36,0.0167,0.36
run,2019,701,1564,73186,187801,0.01997,0.02238,0.0238,0.0177,0.744,0.002481,0.002124,0.856,0.1134,0.36,0.0167,0.36
forward,2019,701,1564,73186,187801,0.02282,0.02558,0.0181,0.014,0.775,0.001888,0.001684,0.892,0.1134,0.39,0.0179,0.39
tourism cultural,2019,701,1564,73186,187801,0.01712,0.01918,0.014,0.0125,0.892,0.001467,0.001505,1.026,0.1133,0.33,0.0155,0.33
tourism initiative,2019,701,1564,73186,187801,0.01427,0.01598,0.0148,0.0096,0.647,0.001543,0.001149,0.744,0.1132,0.3,0.0141,0.3
concentrate,2019,701,1564,73186,187801,0.01141,0.01279,0.0089,0.0072,0.811,0.000929,0.000867,0.933,0.1131,0.27,0.0126,0.27
mediterranean,2019,701,1564,73186,187801,0.01141,0.01279,0.0214,0.0142,0.663,0.00223,0.001701,0.763,0.1131,0.27,0.0126,0.27
experience tourism,2019,701,1564,73186,187801,0.01141,0.01279,0.0104,0.0076,0.735,0.001086,0.000919,0.845,0.1131,0.27,0.0126,0.27
tourism demand,2019,701,1564,73186,187801,0.01141,0.01279,0.0089,0.0085,0.951,0.000931,0.001018,1.093,0.1131,0.27,0.0126,0.27
belong,2019,701,1564,73186,187801,0.00856,0.00959,0.0077,0.0065,0.851,0.000801,0.000784,0.978,0.1128,0.23,0.0109,0.23
development region,2019,701,1564,73186,187801,0.00856,0.00959,0.01,0.0082,0.82,0.001041,0.000982,0.944,0.1128,0.23,0.0109,0.23
discover,2019,701,1564,73186,187801,0.00856,0.00959,0.0077,0.0066,0.863,0.000801,0.000795,0.992,0.1128,0.23,0.0109,0.23
formulation,2019,701,1564,73186,187801,0.00856,0.00959,0.0079,0.0074,0.94,0.000826,0.000893,1.081,0.1128,0.23,0.0109,0.23
environment tourism,2019,701,1564,73186,187801,0.00856,0.00959,0.008,0.0072,0.899,0.000833,0.000861,1.034,0.1128,0.23,0.0109,0.23
cultural environmental,2019,701,1564,73186,187801,0.00856,0.00959,0.0063,0.0069,1.096,0.000658,0.000829,1.261,0.1128,0.23,0.0109,0.23
guest,2019,701,1564,73186,187801,0.00856,0.00959,0.0077,0.0094,1.233,0.000799,0.001133,1.418,0.1128,0.23,0.0109,0.23
air,2019,701,1564,73186,187801,0.00571,0.00639,0.0098,0.0101,1.039,0.00102,0.001219,1.195,0.1123,0.19,0.0089,0.19
development originality,2019,701,1564,73186,187801,0.00571,0.00639,0.004,0.004,1.003,0.000421,0.000485,1.154,0.1123,0.19,0.0089,0.19
solve problem,2019,701,1564,73186,187801,0.00571,0.00639,0.0044,0.0035,0.794,0.000461,0.000421,0.913,0.1123,0.19,0.0089,0.19
detection,2019,701,1564,73186,187801,0.00571,0.00639,0.0065,0.0046,0.712,0.000681,0.000558,0.819,0.1123,0.19,0.0089,0.19
manage tourism,2019,701,1564,73186,187801,0.00571,0.00639,0.0049,0.0044,0.902,0.000514,0.000533,1.038,0.1123,0.19,0.0089,0.19
conservation local,2019,701,1564,73186,187801,0.00571,0.00639,0.0053,0.0054,1.018,0.000553,0.000648,1.171,0.1123,0.19,0.0089,0.19
facilitator,2019,701,1564,73186,187801,0.00571,0.00639,0.0092,0.0058,0.633,0.000965,0.000702,0.728,0.1123,0.19,0.0089,0.19
flexible,2019,701,1564,73186,187801,0.00571,0.00639,0.005,0.0039,0.781,0.000524,0.000471,0.898,0.1123,0.19,0.0089,0.19
state tourism,2019,701,1564,73186,187801,0.00571,0.00639,0.006,0.0048,0.802,0.000626,0.000578,0.923,0.1123,0.19,0.0089,0.19
extant,2019,701,1564,73186,187801,0.00571,0.00639,0.0072,0.0039,0.546,0.000752,0.000472,0.628,0.1123,0.19,0.0089,0.19
agree,2019,701,1564,73186,187801,0.00571,0.00639,0.0055,0.005,0.919,0.000571,0.000604,1.056,0.1123,0.19,0.0089,0.19
policy innovation,2019,701,1564,73186,187801,0.00571,0.00639,0.0091,0.0056,0.617,0.000948,0.000672,0.71,0.1123,0.19,0.0089,0.19
heritage local,2019,701,1564,73186,187801,0.00571,0.00639,0.0058,0.0052,0.905,0.000602,0.000627,1.04,0.1123,0.19,0.0089,0.19
international tourist,2019,701,1564,73186,187801,0.00571,0.00639,0.0056,0.0056,0.991,0.00059,0.000673,1.14,0.1123,0.19,0.0089,0.19
bear,2019,701,1564,73186,187801,0.00571,0.00639,0.0056,0.0044,0.778,0.000586,0.000525,0.895,0.1123,0.19,0.0089,0.19
organic,2019,701,1564,73186,187801,0.00571,0.00639,0.0058,0.0096,1.645,0.000609,0.001153,1.892,0.1123,0.19,0.0089,0.19
interaction tourism,2019,701,1564,73186,187801,0.00571,0.00639,0.0056,0.0048,0.865,0.000584,0.000582,0.995,0.1123,0.19,0.0089,0.19
innovation support,2019,701,1564,73186,187801,0.00571,0.00639,0.0058,0.0046,0.782,0.000609,0.000548,0.9,0.1123,0.19,0.0089,0.19
illuminate,2019,701,1564,73186,187801,0.00571,0.00639,0.0049,0.005,1.022,0.000512,0.000602,1.175,0.1123,0.19,0.0089,0.19
brazil,2019,701,1564,73186,187801,0.00571,0.00639,0.0134,0.0065,0.486,0.001404,0.000784,0.558,0.1123,0.19,0.0089,0.19
std,2019,701,1564,73186,187801,0.00285,0.0032,0.012,0.0059,0.488,0.001254,0.000703,0.561,0.1108,0.13,0.0063,0.13
social market,2019,701,1564,73186,187801,0.00285,0.0032,0.0056,0.0037,0.663,0.000589,0.000449,0.763,0.1108,0.13,0.0063,0.13
reverse,2019,701,1564,73186,187801,0.00285,0.0032,0.0033,0.0048,1.458,0.000341,0.000572,1.677,0.1108,0.13,0.0063,0.13
impression,2019,701,1564,73186,187801,0.00285,0.0032,0.0031,0.0039,1.239,0.000326,0.000465,1.425,0.1108,0.13,0.0063,0.13
college,2019,701,1564,73186,187801,0.00285,0.0032,0.0024,0.0046,1.885,0.000254,0.000551,2.168,0.1108,0.13,0.0063,0.13
helix,2019,701,1564,73186,187801,0.00285,0.0032,0.0125,0.0093,0.741,0.001306,0.001112,0.852,0.1108,0.13,0.0063,0.13
ghana,2019,701,1564,73186,187801,0.00285,0.0032,0.0088,0.0068,0.773,0.000915,0.000813,0.889,0.1108,0.13,0.0063,0.13
geoparks,2019,701,1564,73186,187801,0.00285,0.0032,0.0185,0.0077,0.414,0.001936,0.000921,0.476,0.1108,0.13,0.0063,0.13
television,2019,701,1564,73186,187801,0.00285,0.0032,0.011,0.0061,0.551,0.001148,0.000728,0.634,0.1108,0.13,0.0063,0.13
city brand,2019,701,1564,73186,187801,0.00285,0.0032,0.0032,0.0095,2.982,0.000332,0.001137,3.429,0.1108,0.13,0.0063,0.13
hungarian,2019,701,1564,73186,187801,0.00285,0.0032,0.0032,0.0051,1.619,0.00033,0.000615,1.862,0.1108,0.13,0.0063,0.13
carpathians,2019,701,1564,73186,187801,0.00285,0.0032,0.0094,0.0038,0.404,0.000984,0.000457,0.464,0.1108,0.13,0.0063,0.13
cyprus,2019,701,1564,73186,187801,0.00285,0.0032,0.009,0.0069,0.77,0.000935,0.000828,0.886,0.1108,0.13,0.0063,0.13
ant,2019,701,1564,73186,187801,0.00285,0.0032,0.0059,0.0055,0.934,0.00062,0.000666,1.074,0.1108,0.13,0.0063,0.13
fifa,2019,701,1564,73186,187801,0.00285,0.0032,0.004,0.0044,1.111,0.000415,0.00053,1.278,0.1108,0.13,0.0063,0.13
sustainable transport,2019,701,1564,73186,187801,0.00285,0.0032,0.0045,0.0043,0.957,0.000467,0.000514,1.101,0.1108,0.13,0.0063,0.13
live lab,2019,701,1564,73186,187801,0.00285,0.0032,0.0066,0.006,0.907,0.000693,0.000723,1.044,0.1108,0.13,0.0063,0.13
fifa world,2019,701,1564,73186,187801,0.00285,0.0032,0.004,0.0039,0.985,0.000415,0.00047,1.133,0.1108,0.13,0.0063,0.13
border tourism,2019,701,1564,73186,187801,0.00285,0.0032,0.002,0.0058,2.932,0.000207,0.000698,3.372,0.1108,0.13,0.0063,0.13
education,2019,701,1564,73186,187801,0.05849,0.06522,0.0512,0.0529,1.034,0.005345,0.006357,1.189,0.1088,0.61,0.0279,0.61
economic social,2019,701,1564,73186,187801,0.04993,0.05563,0.0346,0.0278,0.805,0.003609,0.003339,0.925,0.1079,0.55,0.0255,0.55
access,2019,701,1564,73186,187801,0.04708,0.05243,0.0326,0.0301,0.923,0.003404,0.003615,1.062,0.1076,0.53,0.0246,0.53
historical,2019,701,1564,73186,187801,0.04708,0.05243,0.0401,0.0372,0.929,0.004184,0.004472,1.069,0.1076,0.53,0.0246,0.53
document,2019,701,1564,73186,187801,0.03852,0.04284,0.0264,0.0238,0.903,0.002756,0.002861,1.038,0.1062,0.48,0.0219,0.48
diversify,2019,701,1564,73186,187801,0.02996,0.03325,0.0226,0.0176,0.781,0.002355,0.002116,0.899,0.104,0.41,0.0188,0.41
without,2019,701,1564,73186,187801,0.02996,0.03325,0.0225,0.0189,0.839,0.002346,0.002263,0.965,0.104,0.41,0.0188,0.41
term,2019,701,1564,73186,187801,0.14123,0.15665,0.0834,0.0599,0.718,0.008706,0.007194,0.826,0.1036,0.94,0.0433,0.94
institutional,2019,701,1564,73186,187801,0.05421,0.0601,0.0516,0.0451,0.873,0.005392,0.005415,1.004,0.1031,0.55,0.0254,0.55
conceptual,2019,701,1564,73186,187801,0.05421,0.0601,0.045,0.0365,0.811,0.004694,0.004379,0.933,0.1031,0.55,0.0254,0.55
tourism management,2019,701,1564,73186,187801,0.0485,0.05371,0.0326,0.0303,0.928,0.003405,0.003633,1.067,0.1018,0.51,0.0236,0.51
management,2019,701,1564,73186,187801,0.24108,0.26662,0.1569,0.1382,0.881,0.016379,0.016593,1.013,0.1007,1.27,0.0587,1.27
consist,2019,701,1564,73186,187801,0.0214,0.02366,0.0129,0.0119,0.926,0.001344,0.001432,1.066,0.1,0.33,0.0152,0.33
age,2019,701,1564,73186,187801,0.0214,0.02366,0.0184,0.0163,0.887,0.001919,0.001958,1.02,0.1,0.33,0.0152,0.33
competitive advantage,2019,701,1564,73186,187801,0.0214,0.02366,0.0282,0.0173,0.614,0.002941,0.002077,0.706,0.1,0.33,0.0152,0.33
power,2019,701,1564,73186,187801,0.03994,0.04412,0.0386,0.0324,0.84,0.004031,0.003895,0.966,0.0992,0.45,0.0208,0.45
tool,2019,701,1564,73186,187801,0.1127,0.12404,0.0673,0.059,0.876,0.007028,0.00708,1.007,0.0959,0.76,0.0351,0.76
chapter,2019,701,1564,73186,187801,0.07846,0.08632,0.0763,0.0633,0.83,0.007965,0.0076,0.954,0.0954,0.62,0.0286,0.62
family,2019,701,1564,73186,187801,0.01569,0.01726,0.013,0.0172,1.323,0.001359,0.002068,1.522,0.0949,0.27,0.0123,0.27
community involvement,2019,701,1564,73186,187801,0.01569,0.01726,0.0169,0.0121,0.717,0.001763,0.001454,0.825,0.0949,0.27,0.0123,0.27
visitor,2019,701,1564,73186,187801,0.07561,0.08312,0.062,0.0529,0.853,0.006473,0.00635,0.981,0.0947,0.6,0.0278,0.6
environment,2019,701,1564,73186,187801,0.14693,0.16113,0.0921,0.0728,0.79,0.009616,0.008743,0.909,0.0922,0.86,0.0393,0.86
promotion,2019,701,1564,73186,187801,0.05136,0.05627,0.041,0.0319,0.777,0.004284,0.003827,0.893,0.0912,0.47,0.0218,0.47
region,2019,701,1564,73186,187801,0.20257,0.22187,0.1351,0.1256,0.93,0.014101,0.015079,1.069,0.091,1.03,0.0472,1.03
pressure,2019,701,1564,73186,187801,0.02568,0.02813,0.0193,0.0191,0.987,0.002019,0.002292,1.136,0.091,0.33,0.0152,0.33
movement,2019,701,1564,73186,187801,0.01284,0.01407,0.012,0.0126,1.056,0.001251,0.001518,1.214,0.0907,0.23,0.0107,0.23
emphasise,2019,701,1564,73186,187801,0.01284,0.01407,0.014,0.0096,0.683,0.001463,0.001149,0.785,0.0907,0.23,0.0107,0.23
appeal,2019,701,1564,73186,187801,0.01284,0.01407,0.0098,0.0094,0.963,0.001019,0.001128,1.107,0.0907,0.23,0.0107,0.23
sustainable local,2019,701,1564,73186,187801,0.01284,0.01407,0.0105,0.0102,0.972,0.001094,0.001223,1.118,0.0907,0.23,0.0107,0.23
entire,2019,701,1564,73186,187801,0.01284,0.01407,0.0122,0.009,0.74,0.001271,0.001082,0.852,0.0907,0.23,0.0107,0.23
classify,2019,701,1564,73186,187801,0.01284,0.01407,0.0111,0.01,0.899,0.001157,0.001197,1.034,0.0907,0.23,0.0107,0.23
introduce,2019,701,1564,73186,187801,0.0485,0.05307,0.0293,0.0242,0.826,0.00306,0.002906,0.95,0.0898,0.45,0.0208,0.45
institution,2019,701,1564,73186,187801,0.03566,0.039,0.0362,0.0245,0.677,0.003783,0.002946,0.779,0.0893,0.38,0.0176,0.38
importance,2019,701,1564,73186,187801,0.10414,0.11381,0.0592,0.0516,0.871,0.006183,0.006197,1.002,0.0888,0.68,0.031,0.68
phase,2019,701,1564,73186,187801,0.02282,0.02494,0.0245,0.0226,0.922,0.002559,0.002713,1.06,0.0881,0.3,0.0138,0.3
instrument,2019,701,1564,73186,187801,0.02282,0.02494,0.0227,0.0171,0.752,0.002372,0.002052,0.865,0.0881,0.3,0.0138,0.3
contemporary,2019,701,1564,73186,187801,0.02282,0.02494,0.0164,0.0174,1.064,0.001712,0.002095,1.224,0.0881,0.3,0.0138,0.3
job,2019,701,1564,73186,187801,0.03281,0.03581,0.0255,0.0211,0.827,0.002666,0.002536,0.952,0.0871,0.36,0.0165,0.36
traditional,2019,701,1564,73186,187801,0.08274,0.09015,0.0552,0.0527,0.954,0.005766,0.006324,1.097,0.0857,0.57,0.0264,0.57
facilitate,2019,701,1564,73186,187801,0.05991,0.06522,0.0378,0.0296,0.784,0.003941,0.003554,0.902,0.0847,0.48,0.0219,0.48
investigation,2019,701,1564,73186,187801,0.02996,0.03261,0.02,0.0182,0.911,0.002084,0.002185,1.048,0.0845,0.33,0.0152,0.33
predominantly,2019,701,1564,73186,187801,0.00999,0.01087,0.0085,0.0079,0.938,0.000885,0.000954,1.079,0.084,0.19,0.0087,0.19
consensus,2019,701,1564,73186,187801,0.00999,0.01087,0.0115,0.0082,0.711,0.001199,0.000981,0.818,0.084,0.19,0.0087,0.19
pilot,2019,701,1564,73186,187801,0.00999,0.01087,0.0121,0.0135,1.109,0.001267,0.001616,1.275,0.084,0.19,0.0087,0.19
chapter contributor,2019,701,1564,73186,187801,0.00999,0.01087,0.0083,0.0073,0.872,0.000868,0.000871,1.003,0.084,0.19,0.0087,0.19
religious,2019,701,1564,73186,187801,0.00999,0.01087,0.013,0.0234,1.8,0.001357,0.002809,2.07,0.084,0.19,0.0087,0.19
actual,2019,701,1564,73186,187801,0.00999,0.01087,0.0098,0.0075,0.76,0.001028,0.000898,0.874,0.084,0.19,0.0087,0.19
short term,2019,701,1564,73186,187801,0.00999,0.01087,0.0081,0.0075,0.915,0.00085,0.000895,1.053,0.084,0.19,0.0087,0.19
information,2019,701,1564,73186,187801,0.10271,0.11125,0.066,0.0653,0.99,0.006886,0.007844,1.139,0.0798,0.6,0.0276,0.6
development sport,2019,701,1564,73186,187801,0.01712,0.01854,0.0133,0.0135,1.015,0.001391,0.001624,1.167,0.0794,0.23,0.0108,0.23
relationship tourism,2019,701,1564,73186,187801,0.01712,0.01854,0.0133,0.0121,0.907,0.001389,0.001449,1.043,0.0794,0.23,0.0108,0.23
sustain,2019,701,1564,73186,187801,0.03138,0.03389,0.025,0.0187,0.749,0.002612,0.00225,0.861,0.0765,0.31,0.0141,0.31
coastal,2019,701,1564,73186,187801,0.03138,0.03389,0.0577,0.044,0.763,0.006027,0.005288,0.877,0.0765,0.31,0.0141,0.31
work,2019,701,1564,73186,187801,0.10984,0.11829,0.0621,0.0549,0.884,0.006483,0.006589,1.016,0.074,0.58,0.0266,0.58
leisure,2019,701,1564,73186,187801,0.03566,0.03836,0.0254,0.0215,0.846,0.002657,0.002585,0.973,0.0728,0.31,0.0143,0.31
forest,2019,701,1564,73186,187801,0.0214,0.02302,0.0452,0.0263,0.581,0.004723,0.003155,0.668,0.0726,0.24,0.011,0.24
legacy,2019,701,1564,73186,187801,0.01427,0.01535,0.0127,0.0184,1.452,0.001324,0.002211,1.67,0.0724,0.19,0.0089,0.19
largest,2019,701,1564,73186,187801,0.01427,0.01535,0.0124,0.0113,0.913,0.001296,0.001362,1.051,0.0724,0.19,0.0089,0.19
labour,2019,701,1564,73186,187801,0.00713,0.00767,0.0054,0.0061,1.134,0.000565,0.000737,1.304,0.0718,0.14,0.0063,0.14
development issue,2019,701,1564,73186,187801,0.00713,0.00767,0.0068,0.0053,0.78,0.000711,0.000638,0.897,0.0718,0.14,0.0063,0.14
agro,2019,701,1564,73186,187801,0.00713,0.00767,0.0171,0.0143,0.835,0.001785,0.001713,0.96,0.0718,0.14,0.0063,0.14
development innovative,2019,701,1564,73186,187801,0.00713,0.00767,0.0073,0.0049,0.667,0.000765,0.000586,0.767,0.0718,0.14,0.0063,0.14
reliance,2019,701,1564,73186,187801,0.00713,0.00767,0.006,0.0055,0.908,0.000628,0.000656,1.044,0.0718,0.14,0.0063,0.14
european union,2019,701,1564,73186,187801,0.00713,0.00767,0.0088,0.0063,0.716,0.000915,0.000754,0.824,0.0718,0.14,0.0063,0.14
government agency,2019,701,1564,73186,187801,0.00713,0.00767,0.0073,0.0055,0.753,0.00076,0.000658,0.866,0.0718,0.14,0.0063,0.14
discipline,2019,701,1564,73186,187801,0.00713,0.00767,0.0062,0.0061,0.986,0.000649,0.000736,1.134,0.0718,0.14,0.0063,0.14
dialogue,2019,701,1564,73186,187801,0.00713,0.00767,0.0068,0.0057,0.838,0.000715,0.000689,0.964,0.0718,0.14,0.0063,0.14
strategically,2019,701,1564,73186,187801,0.00713,0.00767,0.0067,0.0043,0.648,0.000701,0.000522,0.745,0.0718,0.14,0.0063,0.14
venue,2019,701,1564,73186,187801,0.00713,0.00767,0.0097,0.0087,0.9,0.001014,0.00105,1.035,0.0718,0.14,0.0063,0.14
constant,2019,701,1564,73186,187801,0.00713,0.00767,0.0059,0.0048,0.805,0.000619,0.000573,0.926,0.0718,0.14,0.0063,0.14
rule,2019,701,1564,73186,187801,0.00713,0.00767,0.0076,0.0054,0.708,0.000794,0.000646,0.814,0.0718,0.14,0.0063,0.14
meanwhile,2019,701,1564,73186,187801,0.00713,0.00767,0.0063,0.0044,0.694,0.000657,0.000524,0.798,0.0718,0.14,0.0063,0.14
committee,2019,701,1564,73186,187801,0.00713,0.00767,0.0112,0.0083,0.743,0.001171,0.001001,0.855,0.0718,0.14,0.0063,0.14
relationship local,2019,701,1564,73186,187801,0.00713,0.00767,0.0071,0.0054,0.763,0.000742,0.000651,0.877,0.0718,0.14,0.0063,0.14
exchange theory,2019,701,1564,73186,187801,0.00713,0.00767,0.0079,0.0084,1.068,0.00082,0.001007,1.228,0.0718,0.14,0.0063,0.14
metropolitan,2019,701,1564,73186,187801,0.00713,0.00767,0.0066,0.0071,1.078,0.000691,0.000857,1.239,0.0718,0.14,0.0063,0.14
special,2019,701,1564,73186,187801,0.03281,0.03517,0.0277,0.021,0.761,0.002887,0.002528,0.876,0.0691,0.28,0.013,0.28
material,2019,701,1564,73186,187801,0.02568,0.02749,0.0243,0.0168,0.691,0.002534,0.002015,0.795,0.068,0.25,0.0113,0.25
complexity,2019,701,1564,73186,187801,0.02568,0.02749,0.0209,0.016,0.764,0.002181,0.001917,0.879,0.068,0.25,0.0113,0.25
follow,2019,701,1564,73186,187801,0.08131,0.08696,0.0447,0.0362,0.81,0.00467,0.00435,0.932,0.067,0.44,0.0203,0.44
originality,2019,701,1564,73186,187801,0.05563,0.05946,0.0292,0.0256,0.876,0.003049,0.00307,1.007,0.0664,0.36,0.0164,0.36
sport event,2019,701,1564,73186,187801,0.07418,0.07928,0.1022,0.0823,0.805,0.010672,0.009877,0.925,0.0664,0.42,0.0192,0.42
capture,2019,701,1564,73186,187801,0.01854,0.01982,0.0165,0.0109,0.663,0.001719,0.001311,0.762,0.0661,0.2,0.0093,0.2
limitation,2019,701,1564,73186,187801,0.0485,0.05179,0.0273,0.028,1.023,0.002854,0.003358,1.177,0.0654,0.33,0.0151,0.33
revenue,2019,701,1564,73186,187801,0.02996,0.03197,0.0235,0.0249,1.058,0.002451,0.002984,1.217,0.0647,0.25,0.0116,0.25
sector,2019,701,1564,73186,187801,0.21826,0.23274,0.1538,0.1118,0.727,0.016059,0.013423,0.836,0.0642,0.76,0.0346,0.76
economic,2019,701,1564,73186,187801,0.38802,0.41368,0.2132,0.1931,0.906,0.022255,0.023184,1.042,0.064,1.14,0.0524,1.14
barrier,2019,701,1564,73186,187801,0.03424,0.03645,0.0293,0.0305,1.038,0.003064,0.003657,1.194,0.0623,0.26,0.012,0.26
opportunity,2019,701,1564,73186,187801,0.16405,0.17455,0.0832,0.0804,0.967,0.008685,0.009658,1.112,0.062,0.61,0.028,0.61
supportive,2019,701,1564,73186,187801,0.01141,0.01215,0.0115,0.0091,0.798,0.001196,0.001098,0.918,0.0618,0.15,0.0068,0.15
influential,2019,701,1564,73186,187801,0.01141,0.01215,0.0103,0.0084,0.824,0.00107,0.001014,0.948,0.0618,0.15,0.0068,0.15
traffic,2019,701,1564,73186,187801,0.01141,0.01215,0.0132,0.012,0.913,0.001377,0.001445,1.05,0.0618,0.15,0.0068,0.15
attractive,2019,701,1564,73186,187801,0.01141,0.01215,0.0074,0.0083,1.119,0.000773,0.000995,1.287,0.0618,0.15,0.0068,0.15
stress,2019,701,1564,73186,187801,0.01141,0.01215,0.0074,0.0095,1.278,0.000776,0.00114,1.47,0.0618,0.15,0.0068,0.15
still,2019,701,1564,73186,187801,0.05421,0.05754,0.0341,0.0267,0.782,0.003563,0.003206,0.9,0.0596,0.32,0.0145,0.32
domestic,2019,701,1564,73186,187801,0.03138,0.03325,0.0223,0.0206,0.921,0.002332,0.002471,1.06,0.0575,0.23,0.0105,0.23
evident,2019,701,1564,73186,187801,0.01569,0.01662,0.0122,0.0106,0.87,0.001273,0.001274,1.001,0.0572,0.16,0.0074,0.16
comparison,2019,701,1564,73186,187801,0.01569,0.01662,0.014,0.0114,0.813,0.00146,0.001366,0.935,0.0572,0.16,0.0074,0.16
adapt,2019,701,1564,73186,187801,0.03566,0.03772,0.0234,0.0199,0.853,0.002438,0.002393,0.981,0.056,0.24,0.011,0.24
point,2019,701,1564,73186,187801,0.05991,0.0633,0.0374,0.0316,0.845,0.003905,0.003794,0.971,0.0548,0.31,0.0141,0.31
finally,2019,701,1564,73186,187801,0.04422,0.04668,0.025,0.0217,0.867,0.002614,0.002606,0.997,0.0538,0.26,0.0118,0.26
allow,2019,701,1564,73186,187801,0.0485,0.05115,0.0311,0.0306,0.986,0.003246,0.00368,1.134,0.053,0.27,0.0122,0.27
tourism economic,2019,701,1564,73186,187801,0.02853,0.03005,0.0212,0.0258,1.214,0.002216,0.003095,1.397,0.0516,0.2,0.009,0.2
rise,2019,701,1564,73186,187801,0.02853,0.03005,0.0199,0.0174,0.876,0.002075,0.00209,1.007,0.0516,0.2,0.009,0.2
participatory,2019,701,1564,73186,187801,0.04137,0.04348,0.0442,0.0283,0.639,0.00462,0.003394,0.735,0.0495,0.23,0.0105,0.23
tourism development,2019,701,1564,73186,187801,0.70471,0.74041,0.2678,0.1899,0.709,0.027961,0.022805,0.816,0.0494,1.72,0.0797,1.72
large,2019,701,1564,73186,187801,0.05136,0.05371,0.0435,0.0284,0.653,0.004537,0.003405,0.751,0.0447,0.23,0.0105,0.23
live,2019,701,1564,73186,187801,0.04708,0.04923,0.0381,0.0306,0.805,0.003974,0.003679,0.926,0.0446,0.22,0.0101,0.22
rather,2019,701,1564,73186,187801,0.03424,0.03581,0.0228,0.0185,0.814,0.002378,0.002226,0.936,0.0446,0.19,0.0085,0.19
continue,2019,701,1564,73186,187801,0.02996,0.03133,0.0222,0.0176,0.792,0.002322,0.002114,0.91,0.0445,0.17,0.008,0.17
growth tourism,2019,701,1564,73186,187801,0.02568,0.02685,0.0179,0.0139,0.778,0.001869,0.001673,0.895,0.0445,0.16,0.0074,0.16
agritourism,2019,701,1564,73186,187801,0.01284,0.01343,0.0367,0.0436,1.186,0.003836,0.005233,1.364,0.0442,0.11,0.0052,0.11
answer,2019,701,1564,73186,187801,0.01284,0.01343,0.0105,0.0094,0.897,0.001099,0.001134,1.032,0.0442,0.11,0.0052,0.11
functional,2019,701,1564,73186,187801,0.01284,0.01343,0.014,0.0108,0.768,0.001462,0.001291,0.883,0.0442,0.11,0.0052,0.11
wealth,2019,701,1564,73186,187801,0.01284,0.01343,0.0116,0.0124,1.064,0.001215,0.001487,1.223,0.0442,0.11,0.0052,0.11
concept tourism,2019,701,1564,73186,187801,0.00856,0.00895,0.0083,0.007,0.851,0.000864,0.000846,0.979,0.0439,0.09,0.0042,0.09
translate,2019,701,1564,73186,187801,0.00856,0.00895,0.0066,0.0058,0.879,0.000694,0.000702,1.011,0.0439,0.09,0.0042,0.09
face face,2019,701,1564,73186,187801,0.00856,0.00895,0.0076,0.0054,0.712,0.00079,0.000647,0.819,0.0439,0.09,0.0042,0.09
exploitation,2019,701,1564,73186,187801,0.00856,0.00895,0.0068,0.0064,0.942,0.000706,0.000765,1.084,0.0439,0.09,0.0042,0.09
tourism promotion,2019,701,1564,73186,187801,0.00856,0.00895,0.0103,0.008,0.781,0.001075,0.000966,0.899,0.0439,0.09,0.0042,0.09
tourism perspective,2019,701,1564,73186,187801,0.00856,0.00895,0.0066,0.0053,0.813,0.000686,0.000641,0.935,0.0439,0.09,0.0042,0.09
deterioration,2019,701,1564,73186,187801,0.00428,0.00448,0.003,0.0041,1.378,0.000311,0.000492,1.585,0.0429,0.06,0.003,0.06
progressive,2019,701,1564,73186,187801,0.00428,0.00448,0.0052,0.0043,0.828,0.000541,0.000515,0.952,0.0429,0.06,0.003,0.06
biosphere,2019,701,1564,73186,187801,0.00428,0.00448,0.0096,0.0079,0.826,0.001001,0.000952,0.951,0.0429,0.06,0.003,0.06
cycle tourism,2019,701,1564,73186,187801,0.00428,0.00448,0.0041,0.0082,2.01,0.000427,0.000988,2.312,0.0429,0.06,0.003,0.06
border region,2019,701,1564,73186,187801,0.00428,0.00448,0.0088,0.0054,0.617,0.000916,0.00065,0.71,0.0429,0.06,0.003,0.06
human activity,2019,701,1564,73186,187801,0.00428,0.00448,0.005,0.0034,0.675,0.000525,0.000407,0.776,0.0429,0.06,0.003,0.06
valorization,2019,701,1564,73186,187801,0.00428,0.00448,0.005,0.0049,0.968,0.000523,0.000583,1.114,0.0429,0.06,0.003,0.06
term sustainable,2019,701,1564,73186,187801,0.00428,0.00448,0.0058,0.0038,0.644,0.000609,0.000451,0.74,0.0429,0.06,0.003,0.06
recur,2019,701,1564,73186,187801,0.00428,0.00448,0.0036,0.0041,1.151,0.000371,0.000492,1.324,0.0429,0.06,0.003,0.06
structure tourism,2019,701,1564,73186,187801,0.00428,0.00448,0.0061,0.0027,0.442,0.000633,0.000322,0.508,0.0429,0.06,0.003,0.06
arena,2019,701,1564,73186,187801,0.00428,0.00448,0.0036,0.0052,1.469,0.000373,0.00063,1.69,0.0429,0.06,0.003,0.06
product design,2019,701,1564,73186,187801,0.00428,0.00448,0.005,0.0049,0.976,0.00052,0.000584,1.123,0.0429,0.06,0.003,0.06
san,2019,701,1564,73186,187801,0.00428,0.00448,0.0059,0.0065,1.089,0.00062,0.000777,1.252,0.0429,0.06,0.003,0.06
collective action,2019,701,1564,73186,187801,0.00428,0.00448,0.008,0.0063,0.784,0.000836,0.000754,0.901,0.0429,0.06,0.003,0.06
championship,2019,701,1564,73186,187801,0.00428,0.00448,0.0066,0.0065,0.982,0.00069,0.000779,1.129,0.0429,0.06,0.003,0.06
equilibrium,2019,701,1564,73186,187801,0.00428,0.00448,0.0051,0.0045,0.894,0.000531,0.000546,1.028,0.0429,0.06,0.003,0.06
tourism eco,2019,701,1564,73186,187801,0.00428,0.00448,0.0035,0.005,1.426,0.000369,0.000606,1.64,0.0429,0.06,0.003,0.06
peace,2019,701,1564,73186,187801,0.00428,0.00448,0.0037,0.0073,1.997,0.000382,0.000877,2.297,0.0429,0.06,0.003,0.06
owned,2019,701,1564,73186,187801,0.00428,0.00448,0.0034,0.0053,1.583,0.000353,0.000642,1.82,0.0429,0.06,0.003,0.06
lab,2019,701,1564,73186,187801,0.00428,0.00448,0.0078,0.0067,0.864,0.000813,0.000808,0.994,0.0429,0.06,0.003,0.06
outcome tourism,2019,701,1564,73186,187801,0.00428,0.00448,0.008,0.0039,0.489,0.000837,0.000471,0.563,0.0429,0.06,0.003,0.06
business tourism,2019,701,1564,73186,187801,0.00428,0.00448,0.0089,0.0041,0.458,0.000934,0.000492,0.527,0.0429,0.06,0.003,0.06
intercultural,2019,701,1564,73186,187801,0.00428,0.00448,0.0042,0.004,0.959,0.000437,0.000482,1.103,0.0429,0.06,0.003,0.06
altitude,2019,701,1564,73186,187801,0.00428,0.00448,0.0051,0.0057,1.132,0.00053,0.00069,1.302,0.0429,0.06,0.003,0.06
world cup,2019,701,1564,73186,187801,0.00428,0.00448,0.0096,0.0062,0.643,0.001005,0.000743,0.739,0.0429,0.06,0.003,0.06
accommodate,2019,701,1564,73186,187801,0.00428,0.00448,0.0039,0.0038,0.963,0.00041,0.000454,1.107,0.0429,0.06,0.003,0.06
soft,2019,701,1564,73186,187801,0.00428,0.00448,0.0072,0.0027,0.371,0.000751,0.000321,0.427,0.0429,0.06,0.003,0.06
tourism human,2019,701,1564,73186,187801,0.00428,0.00448,0.0049,0.0029,0.594,0.000516,0.000352,0.683,0.0429,0.06,0.003,0.06
tourism transformation,2019,701,1564,73186,187801,0.00428,0.00448,0.0083,0.0047,0.566,0.000866,0.000564,0.651,0.0429,0.06,0.003,0.06
finland,2019,701,1564,73186,187801,0.00428,0.00448,0.0064,0.005,0.786,0.000667,0.000603,0.904,0.0429,0.06,0.003,0.06
cop,2019,701,1564,73186,187801,0.00428,0.00448,0.0039,0.0056,1.414,0.000411,0.000669,1.626,0.0429,0.06,0.003,0.06
scale,2019,701,1564,73186,187801,0.08845,0.09207,0.0764,0.0478,0.626,0.007975,0.005743,0.72,0.0401,0.28,0.0127,0.28
responsible,2019,701,1564,73186,187801,0.04422,0.04604,0.0423,0.0361,0.852,0.004421,0.004334,0.98,0.04,0.19,0.0087,0.19
regional development,2019,701,1564,73186,187801,0.03566,0.03708,0.0404,0.0302,0.749,0.004216,0.003632,0.861,0.0389,0.17,0.0076,0.17
attribute,2019,701,1564,73186,187801,0.0271,0.02813,0.0224,0.0228,1.015,0.00234,0.002733,1.168,0.037,0.14,0.0063,0.14
investment,2019,701,1564,73186,187801,0.06847,0.07097,0.0545,0.0437,0.801,0.005693,0.005248,0.922,0.0357,0.21,0.0098,0.21
gain,2019,701,1564,73186,187801,0.04565,0.04731,0.0311,0.023,0.739,0.003243,0.002757,0.85,0.0357,0.17,0.0079,0.17
economic benefit,2019,701,1564,73186,187801,0.02282,0.02366,0.0197,0.0158,0.803,0.002052,0.001894,0.923,0.0355,0.12,0.0055,0.12
conceptual framework,2019,701,1564,73186,187801,0.02282,0.02366,0.0194,0.0175,0.903,0.002029,0.002106,1.038,0.0355,0.12,0.0055,0.12
mix,2019,701,1564,73186,187801,0.02282,0.02366,0.0172,0.017,0.988,0.001792,0.002037,1.137,0.0355,0.12,0.0055,0.12
contribution,2019,701,1564,73186,187801,0.10128,0.10486,0.0665,0.0507,0.762,0.00694,0.006085,0.877,0.0346,0.26,0.0118,0.26
group,2019,701,1564,73186,187801,0.10128,0.10486,0.0641,0.0539,0.841,0.006694,0.006477,0.968,0.0346,0.26,0.0118,0.26
element,2019,701,1564,73186,187801,0.05991,0.06202,0.0391,0.036,0.922,0.004078,0.004324,1.06,0.0344,0.19,0.0088,0.19
perspective,2019,701,1564,73186,187801,0.15692,0.1624,0.0805,0.0708,0.879,0.008408,0.008503,1.011,0.0343,0.33,0.015,0.33
whether,2019,701,1564,73186,187801,0.03281,0.03389,0.0216,0.0194,0.895,0.002259,0.002325,1.029,0.0321,0.13,0.006,0.13
measure,2019,701,1564,73186,187801,0.07561,0.07801,0.0549,0.0406,0.739,0.005733,0.004874,0.85,0.0311,0.2,0.009,0.2
communication technology,2019,701,1564,73186,187801,0.01427,0.01471,0.0115,0.0093,0.815,0.001196,0.001121,0.937,0.0299,0.08,0.0037,0.08
law,2019,701,1564,73186,187801,0.01427,0.01471,0.0172,0.0133,0.772,0.001795,0.001594,0.888,0.0299,0.08,0.0037,0.08
basis,2019,701,1564,73186,187801,0.03852,0.03964,0.0251,0.0195,0.778,0.002622,0.002346,0.895,0.0286,0.13,0.0058,0.13
primarily,2019,701,1564,73186,187801,0.02425,0.02494,0.0206,0.0139,0.675,0.002149,0.001668,0.776,0.0275,0.1,0.0044,0.1
spain,2019,701,1564,73186,187801,0.02425,0.02494,0.0302,0.02,0.663,0.003157,0.002407,0.762,0.0275,0.1,0.0044,0.1
draw,2019,701,1564,73186,187801,0.06847,0.07033,0.0403,0.0303,0.753,0.004204,0.003641,0.866,0.0267,0.16,0.0073,0.16
cooperation,2019,701,1564,73186,187801,0.03424,0.03517,0.0324,0.0211,0.652,0.003382,0.002536,0.75,0.0266,0.11,0.0051,0.11
cause,2019,701,1564,73186,187801,0.03424,0.03517,0.0249,0.0197,0.793,0.002598,0.002368,0.912,0.0266,0.11,0.0051,0.11
mainly,2019,701,1564,73186,187801,0.04422,0.0454,0.0307,0.0213,0.695,0.003208,0.002563,0.799,0.026,0.12,0.0057,0.12
scenario,2019,701,1564,73186,187801,0.01997,0.02046,0.0231,0.0176,0.761,0.002411,0.002109,0.875,0.0238,0.08,0.0035,0.08
observe,2019,701,1564,73186,187801,0.01997,0.02046,0.0144,0.0114,0.793,0.001501,0.001369,0.912,0.0238,0.08,0.0035,0.08
systemic,2019,701,1564,73186,187801,0.00999,0.01023,0.0087,0.0074,0.843,0.000913,0.000885,0.969,0.0234,0.05,0.0024,0.05
notion,2019,701,1564,73186,187801,0.00999,0.01023,0.0114,0.0056,0.494,0.001189,0.000676,0.568,0.0234,0.05,0.0024,0.05
justice,2019,701,1564,73186,187801,0.00999,0.01023,0.016,0.0095,0.592,0.001673,0.001139,0.681,0.0234,0.05,0.0024,0.05
sized enterprise,2019,701,1564,73186,187801,0.00999,0.01023,0.008,0.0073,0.912,0.000837,0.000877,1.049,0.0234,0.05,0.0024,0.05
institute,2019,701,1564,73186,187801,0.00999,0.01023,0.0076,0.0062,0.82,0.000792,0.000748,0.944,0.0234,0.05,0.0024,0.05
strategic tourism,2019,701,1564,73186,187801,0.00999,0.01023,0.0088,0.0073,0.831,0.000914,0.000874,0.956,0.0234,0.05,0.0024,0.05
website,2019,701,1564,73186,187801,0.00999,0.01023,0.0138,0.0125,0.908,0.001441,0.001505,1.044,0.0234,0.05,0.0024,0.05
organisational,2019,701,1564,73186,187801,0.00999,0.01023,0.0105,0.0117,1.119,0.001094,0.001408,1.287,0.0234,0.05,0.0024,0.05
tourism opportunity,2019,701,1564,73186,187801,0.00999,0.01023,0.0078,0.0075,0.963,0.000813,0.0009,1.108,0.0234,0.05,0.0024,0.05
return,2019,701,1564,73186,187801,0.00999,0.01023,0.0093,0.0097,1.045,0.000969,0.001164,1.201,0.0234,0.05,0.0024,0.05
tourism,2019,701,1564,73186,187801,0.91013,0.93031,1.0113,0.8292,0.82,0.105582,0.099564,0.943,0.0219,1.6,0.0745,1.6
maintain,2019,701,1564,73186,187801,0.03566,0.03645,0.027,0.0185,0.683,0.002822,0.002219,0.786,0.0215,0.09,0.0042,0.09
local community,2019,701,1564,73186,187801,0.1184,0.12084,0.0851,0.0679,0.798,0.008883,0.00815,0.917,0.0204,0.16,0.0075,0.16
development model,2019,701,1564,73186,187801,0.02568,0.02621,0.0236,0.0197,0.837,0.002463,0.002371,0.963,0.0204,0.07,0.0034,0.07
event,2019,701,1564,73186,187801,0.10842,0.11061,0.2148,0.1478,0.688,0.02243,0.017742,0.791,0.02,0.15,0.007,0.15
tourist,2019,701,1564,73186,187801,0.32097,0.32737,0.2081,0.1751,0.841,0.021722,0.02102,0.968,0.0197,0.3,0.0137,0.3
priority,2019,701,1564,73186,187801,0.03138,0.03197,0.0215,0.0231,1.072,0.002247,0.00277,1.233,0.0182,0.07,0.0033,0.07
profile,2019,701,1564,73186,187801,0.01569,0.01598,0.0133,0.0114,0.856,0.001385,0.001364,0.985,0.018,0.05,0.0023,0.05
divide,2019,701,1564,73186,187801,0.01569,0.01598,0.0131,0.0093,0.71,0.001372,0.00112,0.816,0.018,0.05,0.0023,0.05
change tourism,2019,701,1564,73186,187801,0.01569,0.01598,0.0144,0.01,0.696,0.001502,0.001202,0.8,0.018,0.05,0.0023,0.05
considerable,2019,701,1564,73186,187801,0.01569,0.01598,0.0119,0.0101,0.847,0.001247,0.001214,0.974,0.018,0.05,0.0023,0.05
help,2019,701,1564,73186,187801,0.08417,0.08568,0.0487,0.0391,0.804,0.005082,0.004699,0.925,0.0177,0.12,0.0054,0.12
put,2019,701,1564,73186,187801,0.0214,0.02174,0.0179,0.0114,0.636,0.00187,0.001367,0.731,0.0155,0.05,0.0023,0.05
partnership,2019,701,1564,73186,187801,0.03281,0.03325,0.0405,0.0288,0.71,0.004231,0.003454,0.816,0.013,0.05,0.0024,0.05
limit,2019,701,1564,73186,187801,0.10699,0.10806,0.0641,0.0437,0.682,0.00669,0.005245,0.784,0.0099,0.08,0.0034,0.08
development,2019,701,1564,73186,187801,0.88873,0.89642,0.6045,0.4366,0.722,0.063107,0.052425,0.831,0.0086,0.54,0.0248,0.54
guideline,2019,701,1564,73186,187801,0.02282,0.02302,0.0213,0.0139,0.652,0.002221,0.001665,0.75,0.0081,0.03,0.0013,0.03
threat,2019,701,1564,73186,187801,0.01712,0.01726,0.0141,0.0096,0.682,0.001469,0.001152,0.784,0.008,0.02,0.0011,0.02
prove,2019,701,1564,73186,187801,0.01712,0.01726,0.0142,0.0112,0.792,0.001479,0.001348,0.911,0.008,0.02,0.0011,0.02
orientation,2019,701,1564,73186,187801,0.01712,0.01726,0.0208,0.014,0.674,0.00217,0.001683,0.775,0.008,0.02,0.0011,0.02
tourism organization,2019,701,1564,73186,187801,0.01141,0.01151,0.0086,0.0086,1.005,0.000897,0.001038,1.156,0.0078,0.02,0.0009,0.02
experiment,2019,701,1564,73186,187801,0.01141,0.01151,0.0109,0.007,0.64,0.001137,0.000837,0.736,0.0078,0.02,0.0009,0.02
smes,2019,701,1564,73186,187801,0.01141,0.01151,0.0182,0.0153,0.841,0.001896,0.001834,0.967,0.0078,0.02,0.0009,0.02
inquiry,2019,701,1564,73186,187801,0.01141,0.01151,0.013,0.0061,0.472,0.001352,0.000734,0.543,0.0078,0.02,0.0009,0.02
southeast,2019,701,1564,73186,187801,0.01141,0.01151,0.0139,0.0097,0.698,0.001452,0.001166,0.803,0.0078,0.02,0.0009,0.02
next,2019,701,1564,73186,187801,0.01141,0.01151,0.0096,0.0078,0.806,0.001005,0.000932,0.927,0.0078,0.02,0.0009,0.02
sustainable regional,2019,701,1564,73186,187801,0.00571,0.00575,0.0054,0.0052,0.974,0.000559,0.000626,1.12,0.0071,0.01,0.0006,0.01
territorial development,2019,701,1564,73186,187801,0.00571,0.00575,0.0059,0.0044,0.747,0.000612,0.000526,0.859,0.0071,0.01,0.0006,0.01
coastal tourism,2019,701,1564,73186,187801,0.00571,0.00575,0.0137,0.0091,0.667,0.001432,0.001098,0.767,0.0071,0.01,0.0006,0.01
conservation natural,2019,701,1564,73186,187801,0.00571,0.00575,0.0045,0.0034,0.758,0.000474,0.000413,0.872,0.0071,0.01,0.0006,0.01
consolidate,2019,701,1564,73186,187801,0.00571,0.00575,0.0075,0.0039,0.527,0.000781,0.000473,0.606,0.0071,0.01,0.0006,0.01
grassroots,2019,701,1564,73186,187801,0.00571,0.00575,0.0058,0.0045,0.785,0.000603,0.000544,0.902,0.0071,0.01,0.0006,0.01
speed,2019,701,1564,73186,187801,0.00571,0.00575,0.0052,0.0075,1.437,0.000542,0.000896,1.653,0.0071,0.01,0.0006,0.01
tourism life,2019,701,1564,73186,187801,0.00571,0.00575,0.0059,0.0046,0.783,0.000619,0.000557,0.9,0.0071,0.01,0.0006,0.01
limit attention,2019,701,1564,73186,187801,0.00571,0.00575,0.0049,0.0033,0.676,0.000515,0.0004,0.777,0.0071,0.01,0.0006,0.01
beijing,2019,701,1564,73186,187801,0.00571,0.00575,0.0058,0.0093,1.611,0.000605,0.001121,1.853,0.0071,0.01,0.0006,0.01
development insight,2019,701,1564,73186,187801,0.00571,0.00575,0.0045,0.0048,1.049,0.000475,0.000573,1.206,0.0071,0.01,0.0006,0.01
marginalise,2019,701,1564,73186,187801,0.00571,0.00575,0.0061,0.0053,0.87,0.000635,0.000635,1.001,0.0071,0.01,0.0006,0.01
homestay,2019,701,1564,73186,187801,0.00571,0.00575,0.02,0.0153,0.768,0.002086,0.001843,0.884,0.0071,0.01,0.0006,0.01
accomplish,2019,701,1564,73186,187801,0.00571,0.00575,0.0047,0.0046,0.978,0.000488,0.000549,1.125,0.0071,0.01,0.0006,0.01
tourist resident,2019,701,1564,73186,187801,0.00571,0.00575,0.0046,0.0065,1.402,0.000482,0.000777,1.612,0.0071,0.01,0.0006,0.01
transaction,2019,701,1564,73186,187801,0.00571,0.00575,0.0059,0.0048,0.811,0.000618,0.000576,0.933,0.0071,0.01,0.0006,0.01
rural rural,2019,701,1564,73186,187801,0.00571,0.00575,0.0047,0.0038,0.813,0.000488,0.000456,0.936,0.0071,0.01,0.0006,0.01
inbound tourism,2019,701,1564,73186,187801,0.00571,0.00575,0.015,0.0089,0.592,0.001567,0.001067,0.681,0.0071,0.01,0.0006,0.01
untapped,2019,701,1564,73186,187801,0.00571,0.00575,0.0048,0.0048,1.001,0.000498,0.000573,1.151,0.0071,0.01,0.0006,0.01
negotiation,2019,701,1564,73186,187801,0.00571,0.00575,0.0062,0.0064,1.033,0.000647,0.000769,1.188,0.0071,0.01,0.0006,0.01
sport tourist,2019,701,1564,73186,187801,0.00571,0.00575,0.0074,0.0052,0.706,0.00077,0.000625,0.812,0.0071,0.01,0.0006,0.01
determination,2019,701,1564,73186,187801,0.00571,0.00575,0.0058,0.0055,0.941,0.000611,0.000661,1.083,0.0071,0.01,0.0006,0.01
collectively,2019,701,1564,73186,187801,0.00571,0.00575,0.005,0.0038,0.77,0.000521,0.000461,0.885,0.0071,0.01,0.0006,0.01
fair,2019,701,1564,73186,187801,0.00571,0.00575,0.0093,0.005,0.543,0.00097,0.000606,0.624,0.0071,0.01,0.0006,0.01
create opportunity,2019,701,1564,73186,187801,0.00571,0.00575,0.0044,0.0039,0.878,0.000462,0.000467,1.01,0.0071,0.01,0.0006,0.01
boom,2019,701,1564,73186,187801,0.00571,0.00575,0.005,0.0071,1.426,0.000523,0.000857,1.64,0.0071,0.01,0.0006,0.01
innovative strategy,2019,701,1564,73186,187801,0.00571,0.00575,0.0093,0.0053,0.567,0.000976,0.000637,0.653,0.0071,0.01,0.0006,0.01
smaller,2019,701,1564,73186,187801,0.00571,0.00575,0.0045,0.0053,1.173,0.000475,0.000641,1.35,0.0071,0.01,0.0006,0.01
development strategic,2019,701,1564,73186,187801,0.00571,0.00575,0.0047,0.0043,0.904,0.000492,0.000511,1.04,0.0071,0.01,0.0006,0.01
perception,2019,701,1564,73186,187801,0.08702,0.0876,0.0785,0.0752,0.958,0.008193,0.00903,1.102,0.0065,0.04,0.002,0.04
seek,2019,701,1564,73186,187801,0.06419,0.06458,0.0373,0.0291,0.779,0.003898,0.003491,0.896,0.0059,0.03,0.0016,0.03
program,2019,701,1564,73186,187801,0.04708,0.04731,0.0415,0.0329,0.794,0.004328,0.003953,0.913,0.0049,0.02,0.0011,0.02
broader,2019,701,1564,73186,187801,0.03566,0.03581,0.0289,0.0191,0.66,0.003021,0.002295,0.759,0.0038,0.02,0.0008,0.02
non,2019,701,1564,73186,187801,0.05991,0.0601,0.0402,0.0379,0.943,0.004201,0.004556,1.084,0.003,0.02,0.0008,0.02
initiative,2019,701,1564,73186,187801,0.09843,0.09847,0.0644,0.0496,0.77,0.006725,0.005957,0.886,0.0003,0.0,0.0001,0.0
hotel,2019,701,1564,73186,187801,0.03709,0.03708,0.0718,0.0575,0.801,0.007491,0.006901,0.921,-0.0003,-0.0,-0.0,0.0
socially,2019,701,1564,73186,187801,0.01854,0.01854,0.0187,0.0137,0.733,0.00195,0.001644,0.843,-0.0006,-0.0,-0.0,0.0
destination management,2019,701,1564,73186,187801,0.01854,0.01854,0.0248,0.0148,0.6,0.002584,0.001782,0.69,-0.0006,-0.0,-0.0,0.0
capacity,2019,701,1564,73186,187801,0.08131,0.0812,0.0664,0.05,0.752,0.006933,0.006,0.865,-0.0014,-0.01,-0.0004,0.01
diversification,2019,701,1564,73186,187801,0.03138,0.03133,0.0368,0.0246,0.668,0.00384,0.002951,0.769,-0.002,-0.01,-0.0003,0.01
link,2019,701,1564,73186,187801,0.07561,0.07545,0.046,0.035,0.762,0.004799,0.004206,0.876,-0.0022,-0.01,-0.0006,0.01
social,2019,701,1564,73186,187801,0.30956,0.30882,0.2284,0.1843,0.807,0.023848,0.022125,0.928,-0.0024,-0.04,-0.0016,0.04
thailand,2019,701,1564,73186,187801,0.01284,0.01279,0.0273,0.0193,0.708,0.002847,0.002319,0.814,-0.0046,-0.01,-0.0005,0.01
eco tourism,2019,701,1564,73186,187801,0.01284,0.01279,0.011,0.0175,1.588,0.001148,0.002096,1.826,-0.0046,-0.01,-0.0005,0.01
support local,2019,701,1564,73186,187801,0.01284,0.01279,0.0107,0.0077,0.718,0.001118,0.000924,0.826,-0.0046,-0.01,-0.0005,0.01
integrative,2019,701,1564,73186,187801,0.01284,0.01279,0.0132,0.0079,0.6,0.001382,0.000954,0.69,-0.0046,-0.01,-0.0005,0.01
west,2019,701,1564,73186,187801,0.01997,0.01982,0.0199,0.0136,0.682,0.002079,0.001632,0.785,-0.0079,-0.02,-0.0011,0.02
ieee,2019,701,1564,73186,187801,0.01997,0.01982,0.0122,0.0084,0.688,0.001278,0.001011,0.791,-0.0079,-0.02,-0.0011,0.02
natural cultural,2019,701,1564,73186,187801,0.01997,0.01982,0.0224,0.0124,0.554,0.002336,0.001488,0.637,-0.0079,-0.02,-0.0011,0.02
production,2019,701,1564,73186,187801,0.0485,0.04795,0.0374,0.0377,1.007,0.003905,0.004525,1.159,-0.0115,-0.06,-0.0026,0.06
communication,2019,701,1564,73186,187801,0.04993,0.04923,0.042,0.0345,0.822,0.004383,0.004146,0.946,-0.0142,-0.07,-0.0032,0.07
entrepreneurship tourism,2019,701,1564,73186,187801,0.0214,0.0211,0.0281,0.0165,0.586,0.002932,0.001977,0.674,-0.0144,-0.05,-0.0021,0.05
strength,2019,701,1564,73186,187801,0.0214,0.0211,0.0198,0.0114,0.578,0.002064,0.001371,0.664,-0.0144,-0.05,-0.0021,0.05
large scale,2019,701,1564,73186,187801,0.01427,0.01407,0.0279,0.0101,0.36,0.002915,0.001208,0.415,-0.0146,-0.04,-0.0017,0.04
close,2019,701,1564,73186,187801,0.01427,0.01407,0.0118,0.0087,0.736,0.001236,0.001047,0.847,-0.0146,-0.04,-0.0017,0.04
challenge tourism,2019,701,1564,73186,187801,0.01427,0.01407,0.0124,0.0094,0.752,0.001298,0.001123,0.865,-0.0146,-0.04,-0.0017,0.04
conservation community,2019,701,1564,73186,187801,0.00713,0.00703,0.0083,0.0055,0.661,0.000864,0.000657,0.76,-0.0151,-0.03,-0.0012,0.03
gross domestic,2019,701,1564,73186,187801,0.00713,0.00703,0.0065,0.0049,0.754,0.000674,0.000585,0.867,-0.0151,-0.03,-0.0012,0.03
symbolic,2019,701,1564,73186,187801,0.00713,0.00703,0.006,0.005,0.825,0.000629,0.000597,0.949,-0.0151,-0.03,-0.0012,0.03
accurate,2019,701,1564,73186,187801,0.00713,0.00703,0.0055,0.0055,0.992,0.000575,0.000656,1.141,-0.0151,-0.03,-0.0012,0.03
serious,2019,701,1564,73186,187801,0.00713,0.00703,0.0063,0.008,1.27,0.00066,0.000964,1.461,-0.0151,-0.03,-0.0012,0.03
province south,2019,701,1564,73186,187801,0.00713,0.00703,0.0062,0.0058,0.938,0.000649,0.0007,1.078,-0.0151,-0.03,-0.0012,0.03
java,2019,701,1564,73186,187801,0.00713,0.00703,0.0107,0.0071,0.668,0.001113,0.000855,0.768,-0.0151,-0.03,-0.0012,0.03
endeavour,2019,701,1564,73186,187801,0.00713,0.00703,0.0089,0.0056,0.624,0.000932,0.000669,0.718,-0.0151,-0.03,-0.0012,0.03
opportunity local,2019,701,1564,73186,187801,0.00713,0.00703,0.0063,0.0064,1.016,0.000661,0.000772,1.169,-0.0151,-0.03,-0.0012,0.03
favor,2019,701,1564,73186,187801,0.00713,0.00703,0.0065,0.0059,0.911,0.000676,0.000708,1.048,-0.0151,-0.03,-0.0012,0.03
subsequent,2019,701,1564,73186,187801,0.00713,0.00703,0.008,0.0054,0.68,0.000835,0.000653,0.782,-0.0151,-0.03,-0.0012,0.03
latest,2019,701,1564,73186,187801,0.00713,0.00703,0.0043,0.0051,1.184,0.000451,0.000614,1.361,-0.0151,-0.03,-0.0012,0.03
underline,2019,701,1564,73186,187801,0.00713,0.00703,0.0055,0.0055,0.999,0.000573,0.000659,1.149,-0.0151,-0.03,-0.0012,0.03
involvement tourism,2019,701,1564,73186,187801,0.00713,0.00703,0.0076,0.0063,0.823,0.000797,0.000754,0.946,-0.0151,-0.03,-0.0012,0.03
athlete,2019,701,1564,73186,187801,0.00713,0.00703,0.0159,0.0079,0.495,0.001658,0.000943,0.569,-0.0151,-0.03,-0.0012,0.03
peak,2019,701,1564,73186,187801,0.00713,0.00703,0.0083,0.0049,0.595,0.000864,0.000591,0.684,-0.0151,-0.03,-0.0012,0.03
environmental tourism,2019,701,1564,73186,187801,0.00713,0.00703,0.0068,0.0046,0.679,0.000714,0.000558,0.781,-0.0151,-0.03,-0.0012,0.03
cultural sustainability,2019,701,1564,73186,187801,0.00713,0.00703,0.0099,0.0047,0.475,0.001038,0.000567,0.546,-0.0151,-0.03,-0.0012,0.03
local entrepreneurship,2019,701,1564,73186,187801,0.00713,0.00703,0.0095,0.005,0.522,0.000995,0.000597,0.6,-0.0151,-0.03,-0.0012,0.03
iran,2019,701,1564,73186,187801,0.00713,0.00703,0.0162,0.013,0.8,0.001692,0.001556,0.92,-0.0151,-0.03,-0.0012,0.03
national economy,2019,701,1564,73186,187801,0.00713,0.00703,0.0083,0.0053,0.64,0.000864,0.000635,0.736,-0.0151,-0.03,-0.0012,0.03
commodification,2019,701,1564,73186,187801,0.00713,0.00703,0.0063,0.0063,0.998,0.000655,0.000752,1.148,-0.0151,-0.03,-0.0012,0.03
domestic product,2019,701,1564,73186,187801,0.00713,0.00703,0.0065,0.0049,0.754,0.000674,0.000585,0.867,-0.0151,-0.03,-0.0012,0.03
value,2019,701,1564,73186,187801,0.20685,0.20332,0.1146,0.0982,0.857,0.01196,0.01179,0.986,-0.0172,-0.19,-0.0087,0.19
original,2019,701,1564,73186,187801,0.02282,0.02238,0.0164,0.0116,0.704,0.001715,0.001389,0.81,-0.0201,-0.07,-0.003,0.07
facility,2019,701,1564,73186,187801,0.03852,0.03772,0.0261,0.0256,0.978,0.002727,0.003069,1.125,-0.021,-0.09,-0.0041,0.09
opinion,2019,701,1564,73186,187801,0.01569,0.01535,0.0194,0.0121,0.62,0.00203,0.001449,0.713,-0.0228,-0.06,-0.0028,0.06
lack,2019,701,1564,73186,187801,0.08131,0.07928,0.0556,0.0384,0.691,0.005804,0.004614,0.795,-0.0253,-0.17,-0.0075,0.17
entrepreneurship,2019,701,1564,73186,187801,0.16976,0.16496,0.1664,0.1287,0.773,0.017374,0.015452,0.889,-0.0287,-0.28,-0.0128,0.28
establishment,2019,701,1564,73186,187801,0.02568,0.02494,0.0181,0.0186,1.029,0.001889,0.002236,1.184,-0.0296,-0.11,-0.0047,0.11
educational,2019,701,1564,73186,187801,0.02568,0.02494,0.022,0.0244,1.111,0.002293,0.002931,1.278,-0.0296,-0.11,-0.0047,0.11
obstacle,2019,701,1564,73186,187801,0.01712,0.01662,0.0168,0.0154,0.918,0.00175,0.001848,1.056,-0.0297,-0.09,-0.0038,0.09
service innovation,2019,701,1564,73186,187801,0.01712,0.01662,0.0181,0.0212,1.171,0.001893,0.002549,1.346,-0.0297,-0.09,-0.0038,0.09
parameter,2019,701,1564,73186,187801,0.00856,0.00831,0.0085,0.0078,0.922,0.000889,0.000942,1.06,-0.0302,-0.06,-0.0027,0.06
cross border,2019,701,1564,73186,187801,0.00856,0.00831,0.0143,0.0116,0.81,0.001498,0.001396,0.932,-0.0302,-0.06,-0.0027,0.06
negative tourism,2019,701,1564,73186,187801,0.00856,0.00831,0.0079,0.0064,0.805,0.000825,0.000765,0.926,-0.0302,-0.06,-0.0027,0.06
integrity,2019,701,1564,73186,187801,0.00856,0.00831,0.007,0.0055,0.792,0.000731,0.000666,0.911,-0.0302,-0.06,-0.0027,0.06
whose,2019,701,1564,73186,187801,0.00856,0.00831,0.0079,0.0058,0.744,0.00082,0.000702,0.856,-0.0302,-0.06,-0.0027,0.06
last decade,2019,701,1564,73186,187801,0.00856,0.00831,0.0075,0.0055,0.732,0.000784,0.00066,0.842,-0.0302,-0.06,-0.0027,0.06
perspective tourism,2019,701,1564,73186,187801,0.00856,0.00831,0.0081,0.0061,0.75,0.00085,0.000733,0.862,-0.0302,-0.06,-0.0027,0.06
name,2019,701,1564,73186,187801,0.00856,0.00831,0.0114,0.0062,0.541,0.001193,0.000742,0.622,-0.0302,-0.06,-0.0027,0.06
believe,2019,701,1564,73186,187801,0.00856,0.00831,0.0071,0.0053,0.742,0.00074,0.000631,0.853,-0.0302,-0.06,-0.0027,0.06
free,2019,701,1564,73186,187801,0.00856,0.00831,0.0069,0.0054,0.784,0.000725,0.000654,0.902,-0.0302,-0.06,-0.0027,0.06
tourist flow,2019,701,1564,73186,187801,0.00856,0.00831,0.0097,0.0092,0.95,0.00101,0.001104,1.093,-0.0302,-0.06,-0.0027,0.06
establish,2019,701,1564,73186,187801,0.0913,0.08824,0.0521,0.0345,0.662,0.005435,0.004141,0.762,-0.0342,-0.24,-0.0107,0.24
tangible,2019,701,1564,73186,187801,0.01854,0.0179,0.0179,0.0144,0.804,0.001874,0.001732,0.924,-0.0356,-0.11,-0.0048,0.11
knowledge,2019,701,1564,73186,187801,0.12268,0.11829,0.0979,0.0736,0.752,0.010217,0.008836,0.865,-0.0365,-0.3,-0.0135,0.3
advantage,2019,701,1564,73186,187801,0.05991,0.05754,0.0516,0.0305,0.591,0.005382,0.00366,0.68,-0.0405,-0.22,-0.0101,0.22
competitive,2019,701,1564,73186,187801,0.04993,0.04795,0.0466,0.0306,0.657,0.004868,0.003679,0.756,-0.0405,-0.2,-0.0092,0.2
negative,2019,701,1564,73186,187801,0.05991,0.05754,0.0404,0.0306,0.757,0.004216,0.003669,0.87,-0.0405,-0.22,-0.0101,0.22
similar,2019,701,1564,73186,187801,0.02996,0.02877,0.0223,0.014,0.626,0.00233,0.001677,0.72,-0.0406,-0.16,-0.007,0.16
channel,2019,701,1564,73186,187801,0.00999,0.00959,0.008,0.0065,0.806,0.000838,0.000777,0.927,-0.0411,-0.09,-0.004,0.09
department,2019,701,1564,73186,187801,0.00999,0.00959,0.0094,0.0068,0.72,0.000986,0.000817,0.828,-0.0411,-0.09,-0.004,0.09
tourism integrate,2019,701,1564,73186,187801,0.00999,0.00959,0.0106,0.0056,0.527,0.001104,0.000669,0.606,-0.0411,-0.09,-0.004,0.09
local cultural,2019,701,1564,73186,187801,0.00999,0.00959,0.0114,0.008,0.702,0.001189,0.00096,0.808,-0.0411,-0.09,-0.004,0.09
outdoor,2019,701,1564,73186,187801,0.00999,0.00959,0.0089,0.0168,1.884,0.000931,0.002018,2.167,-0.0411,-0.09,-0.004,0.09
innovative tourism,2019,701,1564,73186,187801,0.00999,0.00959,0.0115,0.0086,0.746,0.001198,0.001028,0.858,-0.0411,-0.09,-0.004,0.09
secure,2019,701,1564,73186,187801,0.00999,0.00959,0.0077,0.0059,0.76,0.000807,0.000705,0.874,-0.0411,-0.09,-0.004,0.09
greater,2019,701,1564,73186,187801,0.0428,0.04092,0.0243,0.0231,0.949,0.002537,0.002769,1.092,-0.045,-0.21,-0.0094,0.21
assessment,2019,701,1564,73186,187801,0.05421,0.05179,0.0443,0.031,0.698,0.004629,0.003719,0.803,-0.0458,-0.24,-0.0108,0.24
location,2019,701,1564,73186,187801,0.03281,0.03133,0.0302,0.0194,0.642,0.003157,0.002332,0.739,-0.0464,-0.19,-0.0084,0.19
vary,2019,701,1564,73186,187801,0.02282,0.02174,0.0169,0.0129,0.767,0.00176,0.001554,0.883,-0.049,-0.16,-0.0074,0.16
zone,2019,701,1564,73186,187801,0.02282,0.02174,0.0239,0.023,0.965,0.002492,0.002765,1.109,-0.049,-0.16,-0.0074,0.16
ict,2019,701,1564,73186,187801,0.01141,0.01087,0.0239,0.0112,0.469,0.002494,0.001344,0.539,-0.0494,-0.12,-0.0052,0.12
tourist local,2019,701,1564,73186,187801,0.01141,0.01087,0.01,0.0078,0.78,0.001044,0.000937,0.897,-0.0494,-0.12,-0.0052,0.12
manage,2019,701,1564,73186,187801,0.05849,0.05563,0.0376,0.0298,0.793,0.00392,0.003575,0.912,-0.0503,-0.27,-0.0123,0.27
originality value,2019,701,1564,73186,187801,0.05136,0.04859,0.0282,0.0207,0.733,0.002943,0.002481,0.843,-0.0554,-0.28,-0.0127,0.28
identification,2019,701,1564,73186,187801,0.02568,0.0243,0.0211,0.0159,0.753,0.002198,0.001903,0.866,-0.0556,-0.2,-0.0088,0.2
psychological,2019,701,1564,73186,187801,0.01284,0.01215,0.0105,0.012,1.149,0.001094,0.001447,1.322,-0.0558,-0.14,-0.0062,0.14
theoretically,2019,701,1564,73186,187801,0.01284,0.01215,0.0093,0.0077,0.831,0.000969,0.000927,0.956,-0.0558,-0.14,-0.0062,0.14
rural,2019,701,1564,73186,187801,0.1826,0.17263,0.2579,0.2308,0.895,0.026926,0.027717,1.029,-0.0561,-0.58,-0.0261,0.58
socio,2019,701,1564,73186,187801,0.0913,0.08632,0.0648,0.0489,0.755,0.006765,0.005873,0.868,-0.0562,-0.39,-0.0175,0.39
possible,2019,701,1564,73186,187801,0.03994,0.03772,0.0307,0.0204,0.666,0.003203,0.002454,0.766,-0.0573,-0.25,-0.0115,0.25
around,2019,701,1564,73186,187801,0.03994,0.03772,0.0275,0.0222,0.805,0.002875,0.002661,0.926,-0.0573,-0.25,-0.0115,0.25
stage,2019,701,1564,73186,187801,0.05563,0.05243,0.0459,0.0319,0.695,0.00479,0.003828,0.799,-0.0595,-0.31,-0.0142,0.31
attention,2019,701,1564,73186,187801,0.08559,0.08056,0.0483,0.0405,0.84,0.005038,0.004865,0.966,-0.0606,-0.4,-0.0182,0.4
selection,2019,701,1564,73186,187801,0.02853,0.02685,0.0211,0.0147,0.695,0.002201,0.00176,0.799,-0.0608,-0.23,-0.0102,0.23
responsible tourism,2019,701,1564,73186,187801,0.01427,0.01343,0.0211,0.0173,0.82,0.002199,0.002075,0.943,-0.0611,-0.16,-0.0072,0.16
selection editorial,2019,701,1564,73186,187801,0.01427,0.01343,0.0102,0.0082,0.811,0.001061,0.000989,0.933,-0.0611,-0.16,-0.0072,0.16
innovation tourism,2019,701,1564,73186,187801,0.07703,0.07225,0.0755,0.0482,0.639,0.007879,0.005789,0.735,-0.0642,-0.4,-0.0182,0.4
development rural,2019,701,1564,73186,187801,0.04708,0.04412,0.0431,0.0253,0.589,0.004496,0.003044,0.677,-0.065,-0.31,-0.0142,0.31
fund,2019,701,1564,73186,187801,0.03138,0.02941,0.0279,0.0202,0.722,0.002916,0.002423,0.831,-0.0651,-0.26,-0.0115,0.26
development tourism,2019,701,1564,73186,187801,0.24108,0.2257,0.1085,0.0888,0.818,0.011332,0.010657,0.94,-0.0659,-0.81,-0.0364,0.81
lead,2019,701,1564,73186,187801,0.11412,0.10678,0.0673,0.0441,0.655,0.007024,0.005295,0.754,-0.0666,-0.52,-0.0234,0.52
effort,2019,701,1564,73186,187801,0.06562,0.06138,0.0478,0.0302,0.632,0.004991,0.003625,0.726,-0.0669,-0.39,-0.0174,0.39
strategy tourism,2019,701,1564,73186,187801,0.01712,0.01598,0.0142,0.0097,0.687,0.001478,0.001168,0.79,-0.0689,-0.2,-0.0089,0.2
ecology,2019,701,1564,73186,187801,0.01712,0.01598,0.0179,0.0099,0.554,0.001873,0.001193,0.637,-0.0689,-0.2,-0.0089,0.2
public policy,2019,701,1564,73186,187801,0.01712,0.01598,0.0176,0.0117,0.665,0.001837,0.001406,0.765,-0.0689,-0.2,-0.0089,0.2
desire,2019,701,1564,73186,187801,0.01712,0.01598,0.0184,0.0124,0.674,0.001918,0.001487,0.776,-0.0689,-0.2,-0.0089,0.2
financial,2019,701,1564,73186,187801,0.05563,0.05179,0.0401,0.0419,1.044,0.004186,0.005027,1.201,-0.0717,-0.38,-0.0171,0.38
control,2019,701,1564,73186,187801,0.03994,0.03708,0.0396,0.0269,0.679,0.004137,0.003231,0.781,-0.0744,-0.33,-0.0149,0.33
district,2019,701,1564,73186,187801,0.01997,0.01854,0.0303,0.0189,0.623,0.003165,0.002269,0.717,-0.0746,-0.23,-0.0104,0.23
tourist destination,2019,701,1564,73186,187801,0.08274,0.07673,0.0655,0.0448,0.684,0.006841,0.005385,0.787,-0.0755,-0.49,-0.0222,0.49
create,2019,701,1564,73186,187801,0.15121,0.14003,0.093,0.058,0.624,0.009712,0.006966,0.717,-0.0769,-0.7,-0.0317,0.7
transport,2019,701,1564,73186,187801,0.0214,0.01982,0.0331,0.0257,0.778,0.003452,0.003088,0.894,-0.0769,-0.25,-0.0111,0.25
involve,2019,701,1564,73186,187801,0.11412,0.1055,0.0602,0.0466,0.774,0.006284,0.005596,0.89,-0.0786,-0.61,-0.0276,0.61
attitude,2019,701,1564,73186,187801,0.04565,0.0422,0.0501,0.0349,0.696,0.005232,0.004191,0.801,-0.0787,-0.37,-0.0168,0.37
base,2019,701,1564,73186,187801,0.02282,0.0211,0.0182,0.0128,0.701,0.001904,0.001536,0.806,-0.0789,-0.26,-0.0118,0.26
sustainable community,2019,701,1564,73186,187801,0.02282,0.0211,0.0202,0.0138,0.686,0.002106,0.001661,0.789,-0.0789,-0.26,-0.0118,0.26
farm,2019,701,1564,73186,187801,0.02282,0.0211,0.0377,0.0247,0.656,0.003931,0.002968,0.755,-0.0789,-0.26,-0.0118,0.26
set,2019,701,1564,73186,187801,0.07133,0.06586,0.0469,0.0331,0.706,0.004895,0.003975,0.812,-0.0799,-0.48,-0.0216,0.48
matter,2019,701,1564,73186,187801,0.02853,0.02621,0.0198,0.0148,0.748,0.002068,0.001778,0.86,-0.0849,-0.32,-0.0142,0.32
tourism rural,2019,701,1564,73186,187801,0.02853,0.02621,0.0217,0.0172,0.794,0.002267,0.002069,0.913,-0.0849,-0.32,-0.0142,0.32
relationship,2019,701,1564,73186,187801,0.17974,0.16496,0.0982,0.0682,0.694,0.01025,0.008184,0.798,-0.0858,-0.87,-0.0391,0.87
participate,2019,701,1564,73186,187801,0.03281,0.03005,0.0255,0.0201,0.789,0.002664,0.002419,0.908,-0.088,-0.35,-0.0158,0.35
even,2019,701,1564,73186,187801,0.03281,0.03005,0.0227,0.0173,0.759,0.002372,0.002072,0.873,-0.088,-0.35,-0.0158,0.35
hold,2019,701,1564,73186,187801,0.03424,0.03133,0.0222,0.0163,0.736,0.002318,0.001963,0.847,-0.0889,-0.36,-0.0163,0.36
tourism tourism,2019,701,1564,73186,187801,0.0699,0.06394,0.04,0.0286,0.714,0.004177,0.003429,0.821,-0.0892,-0.53,-0.0239,0.53
account,2019,701,1564,73186,187801,0.03994,0.03645,0.0319,0.0202,0.633,0.00333,0.002424,0.728,-0.0918,-0.41,-0.0183,0.41
social economic,2019,701,1564,73186,187801,0.04137,0.03772,0.0281,0.0205,0.73,0.002937,0.002464,0.839,-0.0924,-0.42,-0.0187,0.42
active,2019,701,1564,73186,187801,0.04422,0.04028,0.0305,0.0265,0.868,0.003184,0.003178,0.998,-0.0935,-0.44,-0.0196,0.44
enterprise,2019,701,1564,73186,187801,0.10271,0.09335,0.0971,0.0588,0.605,0.010133,0.007056,0.696,-0.0956,-0.7,-0.0315,0.7
position,2019,701,1564,73186,187801,0.05278,0.04795,0.0342,0.0273,0.798,0.003573,0.003281,0.918,-0.096,-0.49,-0.0221,0.49
concept,2019,701,1564,73186,187801,0.1127,0.1023,0.0776,0.0506,0.653,0.008099,0.006078,0.75,-0.0968,-0.75,-0.0336,0.75
natural,2019,701,1564,73186,187801,0.13124,0.11893,0.0794,0.0667,0.84,0.008294,0.008011,0.966,-0.0986,-0.83,-0.0372,0.83
better,2019,701,1564,73186,187801,0.06847,0.06202,0.0408,0.0293,0.718,0.004259,0.003516,0.826,-0.0991,-0.58,-0.0261,0.58
associate,2019,701,1564,73186,187801,0.07561,0.06777,0.0454,0.0316,0.695,0.004743,0.003794,0.8,-0.1094,-0.68,-0.0304,0.68
ecotourism,2019,701,1564,73186,187801,0.0913,0.08184,0.1139,0.0681,0.598,0.011887,0.008182,0.688,-0.1094,-0.75,-0.0336,0.75
generate,2019,701,1564,73186,187801,0.06562,0.05882,0.0407,0.0323,0.793,0.004249,0.003877,0.912,-0.1094,-0.63,-0.0281,0.63
tourism activity,2019,701,1564,73186,187801,0.04565,0.04092,0.0309,0.0251,0.811,0.003226,0.003009,0.933,-0.1095,-0.52,-0.0232,0.52
external,2019,701,1564,73186,187801,0.0485,0.04348,0.0363,0.0272,0.749,0.003793,0.003268,0.862,-0.1095,-0.53,-0.024,0.53
european,2019,701,1564,73186,187801,0.0485,0.04348,0.042,0.0325,0.774,0.004384,0.003904,0.891,-0.1095,-0.53,-0.024,0.53
asset,2019,701,1564,73186,187801,0.04565,0.04092,0.0485,0.0257,0.53,0.005068,0.003089,0.61,-0.1095,-0.52,-0.0232,0.52
transportation,2019,701,1564,73186,187801,0.02282,0.02046,0.0166,0.0153,0.925,0.001731,0.001841,1.064,-0.1096,-0.36,-0.0162,0.36
quality life,2019,701,1564,73186,187801,0.0271,0.0243,0.0373,0.021,0.564,0.00389,0.002524,0.649,-0.1096,-0.4,-0.0177,0.4
industry tourism,2019,701,1564,73186,187801,0.02425,0.02174,0.018,0.0138,0.767,0.001877,0.001656,0.883,-0.1096,-0.37,-0.0168,0.37
diversity,2019,701,1564,73186,187801,0.02853,0.02558,0.0194,0.0183,0.94,0.002029,0.002192,1.081,-0.1096,-0.41,-0.0182,0.41
mobility,2019,701,1564,73186,187801,0.0214,0.01918,0.0395,0.0232,0.587,0.004129,0.002786,0.675,-0.1097,-0.35,-0.0157,0.35
provider,2019,701,1564,73186,187801,0.01854,0.01662,0.0155,0.0124,0.805,0.001613,0.001494,0.926,-0.1097,-0.33,-0.0146,0.33
incentive,2019,701,1564,73186,187801,0.01854,0.01662,0.0182,0.0094,0.516,0.001904,0.001131,0.594,-0.1097,-0.33,-0.0146,0.33
resident perception,2019,701,1564,73186,187801,0.01712,0.01535,0.024,0.0159,0.66,0.00251,0.001906,0.76,-0.1097,-0.31,-0.014,0.31
widely,2019,701,1564,73186,187801,0.0214,0.01918,0.016,0.0109,0.683,0.001672,0.001314,0.786,-0.1097,-0.35,-0.0157,0.35
social entrepreneurship,2019,701,1564,73186,187801,0.01854,0.01662,0.0312,0.027,0.866,0.003256,0.003245,0.997,-0.1097,-0.33,-0.0146,0.33
embrace,2019,701,1564,73186,187801,0.01712,0.01535,0.0144,0.0102,0.712,0.001501,0.001229,0.819,-0.1097,-0.31,-0.014,0.31
think,2019,701,1564,73186,187801,0.01854,0.01662,0.0139,0.0135,0.974,0.00145,0.001625,1.121,-0.1097,-0.33,-0.0146,0.33
local culture,2019,701,1564,73186,187801,0.01712,0.01535,0.0155,0.0114,0.736,0.001616,0.001368,0.846,-0.1097,-0.31,-0.014,0.31
distinctive,2019,701,1564,73186,187801,0.01854,0.01662,0.0169,0.0106,0.627,0.001764,0.001273,0.721,-0.1097,-0.33,-0.0146,0.33
interpretation,2019,701,1564,73186,187801,0.01854,0.01662,0.0199,0.0099,0.499,0.002079,0.001192,0.573,-0.1097,-0.33,-0.0146,0.33
economics tourism,2019,701,1564,73186,187801,0.01569,0.01407,0.0106,0.0074,0.692,0.001111,0.000884,0.796,-0.1098,-0.3,-0.0134,0.3
hence,2019,701,1564,73186,187801,0.01427,0.01279,0.011,0.0079,0.716,0.001149,0.000947,0.824,-0.1098,-0.29,-0.0128,0.29
situate,2019,701,1564,73186,187801,0.01569,0.01407,0.0151,0.0095,0.629,0.001574,0.001139,0.724,-0.1098,-0.3,-0.0134,0.3
opportunity tourism,2019,701,1564,73186,187801,0.01284,0.01151,0.0122,0.0078,0.639,0.001278,0.000939,0.735,-0.1099,-0.27,-0.0121,0.27
typical,2019,701,1564,73186,187801,0.01284,0.01151,0.0093,0.0083,0.89,0.000968,0.000991,1.023,-0.1099,-0.27,-0.0121,0.27
prepare,2019,701,1564,73186,187801,0.01141,0.01023,0.0105,0.0074,0.704,0.001098,0.00089,0.81,-0.11,-0.26,-0.0114,0.26
maintenance,2019,701,1564,73186,187801,0.00999,0.00895,0.0109,0.0082,0.749,0.001141,0.000983,0.862,-0.11,-0.24,-0.0107,0.24
record,2019,701,1564,73186,187801,0.01141,0.01023,0.0157,0.0068,0.431,0.001644,0.000815,0.496,-0.11,-0.26,-0.0114,0.26
principal,2019,701,1564,73186,187801,0.01141,0.01023,0.0126,0.0085,0.674,0.001321,0.001023,0.775,-0.11,-0.26,-0.0114,0.26
development development,2019,701,1564,73186,187801,0.01141,0.01023,0.01,0.0071,0.708,0.001043,0.000849,0.814,-0.11,-0.26,-0.0114,0.26
collaborate,2019,701,1564,73186,187801,0.00999,0.00895,0.0091,0.0064,0.703,0.000948,0.000767,0.809,-0.11,-0.24,-0.0107,0.24
scholarship,2019,701,1564,73186,187801,0.01141,0.01023,0.0095,0.0075,0.79,0.000995,0.000905,0.909,-0.11,-0.26,-0.0114,0.26
tourism tourist,2019,701,1564,73186,187801,0.01141,0.01023,0.0106,0.006,0.569,0.001103,0.000722,0.655,-0.11,-0.26,-0.0114,0.26
development concept,2019,701,1564,73186,187801,0.00999,0.00895,0.0079,0.0062,0.785,0.000825,0.000745,0.903,-0.11,-0.24,-0.0107,0.24
trigger,2019,701,1564,73186,187801,0.01141,0.01023,0.0102,0.0075,0.741,0.001063,0.000906,0.852,-0.11,-0.26,-0.0114,0.26
cooperative,2019,701,1564,73186,187801,0.01141,0.01023,0.0185,0.0138,0.746,0.00193,0.001656,0.858,-0.11,-0.26,-0.0114,0.26
story,2019,701,1564,73186,187801,0.00999,0.00895,0.0078,0.0083,1.076,0.00081,0.001002,1.238,-0.11,-0.24,-0.0107,0.24
plan management,2019,701,1564,73186,187801,0.00856,0.00767,0.0074,0.0055,0.749,0.000768,0.000662,0.861,-0.1102,-0.22,-0.0099,0.22
induce,2019,701,1564,73186,187801,0.00856,0.00767,0.0076,0.0054,0.716,0.000794,0.000654,0.824,-0.1102,-0.22,-0.0099,0.22
innovation social,2019,701,1564,73186,187801,0.00856,0.00767,0.0083,0.0064,0.772,0.00087,0.000772,0.887,-0.1102,-0.22,-0.0099,0.22
pay attention,2019,701,1564,73186,187801,0.00856,0.00767,0.0059,0.0055,0.929,0.000618,0.00066,1.068,-0.1102,-0.22,-0.0099,0.22
dedicate,2019,701,1564,73186,187801,0.00856,0.00767,0.0075,0.006,0.803,0.000778,0.000719,0.924,-0.1102,-0.22,-0.0099,0.22
prevail,2019,701,1564,73186,187801,0.00856,0.00767,0.0091,0.0051,0.554,0.000954,0.000608,0.637,-0.1102,-0.22,-0.0099,0.22
customer satisfaction,2019,701,1564,73186,187801,0.00856,0.00767,0.011,0.0055,0.5,0.001153,0.000663,0.575,-0.1102,-0.22,-0.0099,0.22
city tourism,2019,701,1564,73186,187801,0.00856,0.00767,0.0086,0.0076,0.877,0.000899,0.000908,1.009,-0.1102,-0.22,-0.0099,0.22
amenity,2019,701,1564,73186,187801,0.00856,0.00767,0.0115,0.0058,0.506,0.001202,0.0007,0.582,-0.1102,-0.22,-0.0099,0.22
social exchange,2019,701,1564,73186,187801,0.00856,0.00767,0.0088,0.0087,0.991,0.000918,0.001046,1.139,-0.1102,-0.22,-0.0099,0.22
voice,2019,701,1564,73186,187801,0.00856,0.00767,0.0084,0.008,0.953,0.000876,0.00096,1.096,-0.1102,-0.22,-0.0099,0.22
promote cultural,2019,701,1564,73186,187801,0.00713,0.00639,0.006,0.0047,0.776,0.00063,0.000562,0.893,-0.1103,-0.2,-0.009,0.2
economic diversification,2019,701,1564,73186,187801,0.00713,0.00639,0.0073,0.0096,1.318,0.000762,0.001155,1.516,-0.1103,-0.2,-0.009,0.2
portuguese,2019,701,1564,73186,187801,0.00713,0.00639,0.0064,0.0063,0.997,0.000664,0.000761,1.147,-0.1103,-0.2,-0.009,0.2
holiday,2019,701,1564,73186,187801,0.00713,0.00639,0.0109,0.0043,0.393,0.001141,0.000516,0.452,-0.1103,-0.2,-0.009,0.2
supplement,2019,701,1564,73186,187801,0.00713,0.00639,0.0064,0.0053,0.826,0.000667,0.000634,0.95,-0.1103,-0.2,-0.009,0.2
chapter conclude,2019,701,1564,73186,187801,0.00713,0.00639,0.0075,0.0047,0.625,0.00078,0.000561,0.719,-0.1103,-0.2,-0.009,0.2
unemployment,2019,701,1564,73186,187801,0.00713,0.00639,0.0087,0.0042,0.49,0.000903,0.000509,0.564,-0.1103,-0.2,-0.009,0.2
innovation destination,2019,701,1564,73186,187801,0.00713,0.00639,0.0088,0.0048,0.551,0.000916,0.00058,0.633,-0.1103,-0.2,-0.009,0.2
initially,2019,701,1564,73186,187801,0.00713,0.00639,0.0056,0.0046,0.825,0.000581,0.000551,0.949,-0.1103,-0.2,-0.009,0.2
innovation model,2019,701,1564,73186,187801,0.00713,0.00639,0.0054,0.0059,1.091,0.000566,0.00071,1.255,-0.1103,-0.2,-0.009,0.2
partially,2019,701,1564,73186,187801,0.00713,0.00639,0.0063,0.0046,0.728,0.000656,0.000549,0.837,-0.1103,-0.2,-0.009,0.2
medical,2019,701,1564,73186,187801,0.00713,0.00639,0.0151,0.007,0.463,0.001575,0.000839,0.533,-0.1103,-0.2,-0.009,0.2
affect tourism,2019,701,1564,73186,187801,0.00713,0.00639,0.0068,0.0049,0.725,0.000708,0.000591,0.834,-0.1103,-0.2,-0.009,0.2
marketer,2019,701,1564,73186,187801,0.00713,0.00639,0.005,0.0053,1.057,0.000527,0.00064,1.216,-0.1103,-0.2,-0.009,0.2
simple,2019,701,1564,73186,187801,0.00713,0.00639,0.0054,0.0045,0.821,0.000567,0.000535,0.944,-0.1103,-0.2,-0.009,0.2
active participation,2019,701,1564,73186,187801,0.00713,0.00639,0.0051,0.0044,0.852,0.000537,0.000526,0.98,-0.1103,-0.2,-0.009,0.2
conceptualization,2019,701,1564,73186,187801,0.00713,0.00639,0.0084,0.0081,0.959,0.000878,0.000969,1.103,-0.1103,-0.2,-0.009,0.2
sound,2019,701,1564,73186,187801,0.00713,0.00639,0.005,0.0042,0.843,0.000524,0.000508,0.969,-0.1103,-0.2,-0.009,0.2
public service,2019,701,1564,73186,187801,0.00713,0.00639,0.0079,0.0073,0.926,0.000821,0.000874,1.065,-0.1103,-0.2,-0.009,0.2
ethic,2019,701,1564,73186,187801,0.00713,0.00639,0.0065,0.0095,1.47,0.000676,0.001143,1.691,-0.1103,-0.2,-0.009,0.2
policy document,2019,701,1564,73186,187801,0.00571,0.00512,0.0055,0.0043,0.783,0.000577,0.000519,0.9,-0.1106,-0.18,-0.0081,0.18
tourism island,2019,701,1564,73186,187801,0.00571,0.00512,0.0054,0.0053,0.973,0.000567,0.000634,1.119,-0.1106,-0.18,-0.0081,0.18
welcome,2019,701,1564,73186,187801,0.00571,0.00512,0.0042,0.0043,1.021,0.000443,0.00052,1.175,-0.1106,-0.18,-0.0081,0.18
campaign,2019,701,1564,73186,187801,0.00571,0.00512,0.0072,0.0047,0.644,0.000757,0.000561,0.741,-0.1106,-0.18,-0.0081,0.18
accordance,2019,701,1564,73186,187801,0.00571,0.00512,0.005,0.0041,0.826,0.000517,0.000491,0.951,-0.1106,-0.18,-0.0081,0.18
corporation,2019,701,1564,73186,187801,0.00571,0.00512,0.0099,0.0048,0.486,0.001028,0.000575,0.559,-0.1106,-0.18,-0.0081,0.18
social ecological,2019,701,1564,73186,187801,0.00571,0.00512,0.0082,0.005,0.605,0.00086,0.000598,0.696,-0.1106,-0.18,-0.0081,0.18
innovation play,2019,701,1564,73186,187801,0.00571,0.00512,0.0074,0.0049,0.663,0.000772,0.000589,0.763,-0.1106,-0.18,-0.0081,0.18
tourism education,2019,701,1564,73186,187801,0.00571,0.00512,0.0046,0.0056,1.229,0.000478,0.000676,1.414,-0.1106,-0.18,-0.0081,0.18
cross cultural,2019,701,1564,73186,187801,0.00571,0.00512,0.0089,0.005,0.561,0.000929,0.0006,0.645,-0.1106,-0.18,-0.0081,0.18
estate,2019,701,1564,73186,187801,0.00571,0.00512,0.0076,0.0078,1.019,0.000795,0.000932,1.172,-0.1106,-0.18,-0.0081,0.18
fishery,2019,701,1564,73186,187801,0.00571,0.00512,0.0088,0.0156,1.78,0.000914,0.00187,2.047,-0.1106,-0.18,-0.0081,0.18
tourism indicator,2019,701,1564,73186,187801,0.00571,0.00512,0.0069,0.0041,0.599,0.000721,0.000497,0.689,-0.1106,-0.18,-0.0081,0.18
support rural,2019,701,1564,73186,187801,0.00571,0.00512,0.0057,0.0033,0.567,0.000599,0.000391,0.652,-0.1106,-0.18,-0.0081,0.18
regional policy,2019,701,1564,73186,187801,0.00571,0.00512,0.0038,0.0038,1.006,0.000398,0.00046,1.157,-0.1106,-0.18,-0.0081,0.18
community support,2019,701,1564,73186,187801,0.00571,0.00512,0.0048,0.0046,0.974,0.000498,0.000558,1.12,-0.1106,-0.18,-0.0081,0.18
probability,2019,701,1564,73186,187801,0.00571,0.00512,0.0074,0.0048,0.651,0.000772,0.000578,0.748,-0.1106,-0.18,-0.0081,0.18
tradition innovation,2019,701,1564,73186,187801,0.00571,0.00512,0.0064,0.0054,0.832,0.000672,0.000643,0.957,-0.1106,-0.18,-0.0081,0.18
justify,2019,701,1564,73186,187801,0.00571,0.00512,0.0086,0.0033,0.388,0.000902,0.000402,0.446,-0.1106,-0.18,-0.0081,0.18
presentation,2019,701,1564,73186,187801,0.00571,0.00512,0.007,0.0058,0.834,0.000728,0.000698,0.959,-0.1106,-0.18,-0.0081,0.18
kong,2019,701,1564,73186,187801,0.00571,0.00512,0.0172,0.0054,0.316,0.001796,0.000652,0.363,-0.1106,-0.18,-0.0081,0.18
launch,2019,701,1564,73186,187801,0.00571,0.00512,0.0045,0.0037,0.808,0.000475,0.000441,0.929,-0.1106,-0.18,-0.0081,0.18
timely,2019,701,1564,73186,187801,0.00571,0.00512,0.0059,0.0034,0.579,0.00062,0.000413,0.666,-0.1106,-0.18,-0.0081,0.18
commercialization,2019,701,1564,73186,187801,0.00571,0.00512,0.0077,0.0054,0.695,0.000804,0.000643,0.799,-0.1106,-0.18,-0.0081,0.18
confidence,2019,701,1564,73186,187801,0.00571,0.00512,0.0065,0.0039,0.592,0.000683,0.000465,0.681,-0.1106,-0.18,-0.0081,0.18
portfolio,2019,701,1564,73186,187801,0.00571,0.00512,0.0103,0.0076,0.733,0.001077,0.000908,0.843,-0.1106,-0.18,-0.0081,0.18
sustainable entrepreneurship,2019,701,1564,73186,187801,0.00571,0.00512,0.0075,0.0105,1.394,0.000785,0.001258,1.604,-0.1106,-0.18,-0.0081,0.18
due lack,2019,701,1564,73186,187801,0.00571,0.00512,0.0053,0.0038,0.726,0.00055,0.00046,0.835,-0.1106,-0.18,-0.0081,0.18
frequency,2019,701,1564,73186,187801,0.00571,0.00512,0.0041,0.004,0.984,0.000426,0.000482,1.132,-0.1106,-0.18,-0.0081,0.18
job opportunity,2019,701,1564,73186,187801,0.00571,0.00512,0.0061,0.0034,0.564,0.000632,0.00041,0.649,-0.1106,-0.18,-0.0081,0.18
economic socio,2019,701,1564,73186,187801,0.00571,0.00512,0.0061,0.004,0.655,0.000635,0.000479,0.754,-0.1106,-0.18,-0.0081,0.18
behavioural,2019,701,1564,73186,187801,0.00571,0.00512,0.0127,0.0047,0.373,0.001329,0.00057,0.429,-0.1106,-0.18,-0.0081,0.18
tree,2019,701,1564,73186,187801,0.00571,0.00512,0.0067,0.0055,0.826,0.000697,0.000662,0.95,-0.1106,-0.18,-0.0081,0.18
fuel,2019,701,1564,73186,187801,0.00571,0.00512,0.0038,0.0046,1.208,0.000401,0.000557,1.39,-0.1106,-0.18,-0.0081,0.18
economic crisis,2019,701,1564,73186,187801,0.00571,0.00512,0.0053,0.0054,1.029,0.00055,0.000651,1.184,-0.1106,-0.18,-0.0081,0.18
tourism travel,2019,701,1564,73186,187801,0.00571,0.00512,0.0051,0.0036,0.696,0.000535,0.000428,0.801,-0.1106,-0.18,-0.0081,0.18
post war,2019,701,1564,73186,187801,0.00428,0.00384,0.0051,0.004,0.79,0.000528,0.00048,0.909,-0.111,-0.16,-0.007,0.16
tourism smes,2019,701,1564,73186,187801,0.00428,0.00384,0.0046,0.0044,0.958,0.000475,0.000524,1.102,-0.111,-0.16,-0.007,0.16
dynamism,2019,701,1564,73186,187801,0.00428,0.00384,0.0041,0.0034,0.814,0.000432,0.000405,0.937,-0.111,-0.16,-0.007,0.16
stakeholder group,2019,701,1564,73186,187801,0.00428,0.00384,0.0049,0.0036,0.741,0.000512,0.000436,0.852,-0.111,-0.16,-0.007,0.16
medical tourism,2019,701,1564,73186,187801,0.00428,0.00384,0.0133,0.0027,0.2,0.001392,0.00032,0.23,-0.111,-0.16,-0.007,0.16
social change,2019,701,1564,73186,187801,0.00428,0.00384,0.0046,0.0038,0.819,0.000478,0.000451,0.942,-0.111,-0.16,-0.007,0.16
creating,2019,701,1564,73186,187801,0.00428,0.00384,0.0039,0.004,1.024,0.000404,0.000476,1.178,-0.111,-0.16,-0.007,0.16
panel model,2019,701,1564,73186,187801,0.00428,0.00384,0.0061,0.0032,0.52,0.000636,0.00038,0.598,-0.111,-0.16,-0.007,0.16
philippine,2019,701,1564,73186,187801,0.00428,0.00384,0.0097,0.0048,0.494,0.001009,0.000573,0.568,-0.111,-0.16,-0.007,0.16
woman participation,2019,701,1564,73186,187801,0.00428,0.00384,0.0043,0.005,1.162,0.000454,0.000606,1.336,-0.111,-0.16,-0.007,0.16
islamic,2019,701,1564,73186,187801,0.00428,0.00384,0.0089,0.0072,0.811,0.000929,0.000867,0.932,-0.111,-0.16,-0.007,0.16
talc,2019,701,1564,73186,187801,0.00428,0.00384,0.008,0.0044,0.547,0.000833,0.000524,0.629,-0.111,-0.16,-0.007,0.16
development agritourism,2019,701,1564,73186,187801,0.00428,0.00384,0.004,0.0036,0.897,0.000413,0.000426,1.031,-0.111,-0.16,-0.007,0.16
thai,2019,701,1564,73186,187801,0.00428,0.00384,0.0112,0.0052,0.463,0.001174,0.000626,0.533,-0.111,-0.16,-0.007,0.16
mission,2019,701,1564,73186,187801,0.00428,0.00384,0.0035,0.0045,1.305,0.000362,0.000543,1.501,-0.111,-0.16,-0.007,0.16
usefulness,2019,701,1564,73186,187801,0.00428,0.00384,0.005,0.0041,0.827,0.000519,0.000494,0.952,-0.111,-0.16,-0.007,0.16
tourism space,2019,701,1564,73186,187801,0.00428,0.00384,0.0096,0.0047,0.496,0.000998,0.00057,0.571,-0.111,-0.16,-0.007,0.16
hall,2019,701,1564,73186,187801,0.00428,0.00384,0.009,0.0027,0.298,0.000944,0.000324,0.343,-0.111,-0.16,-0.007,0.16
psychology,2019,701,1564,73186,187801,0.00428,0.00384,0.0028,0.0039,1.373,0.000294,0.000464,1.58,-0.111,-0.16,-0.007,0.16
niche tourism,2019,701,1564,73186,187801,0.00428,0.00384,0.0103,0.0035,0.339,0.001079,0.000421,0.39,-0.111,-0.16,-0.007,0.16
polish,2019,701,1564,73186,187801,0.00428,0.00384,0.0053,0.0073,1.381,0.000555,0.000882,1.589,-0.111,-0.16,-0.007,0.16
model sport,2019,701,1564,73186,187801,0.00428,0.00384,0.0059,0.0029,0.487,0.000621,0.000348,0.56,-0.111,-0.16,-0.007,0.16
winter sport,2019,701,1564,73186,187801,0.00285,0.00256,0.0026,0.0041,1.544,0.000275,0.000488,1.776,-0.1118,-0.13,-0.0057,0.13
muslim,2019,701,1564,73186,187801,0.00285,0.00256,0.0041,0.0041,0.996,0.000425,0.000487,1.146,-0.1118,-0.13,-0.0057,0.13
disability,2019,701,1564,73186,187801,0.00285,0.00256,0.0077,0.0109,1.418,0.0008,0.001305,1.631,-0.1118,-0.13,-0.0057,0.13
livestock,2019,701,1564,73186,187801,0.00285,0.00256,0.0057,0.0051,0.902,0.000594,0.000617,1.038,-0.1118,-0.13,-0.0057,0.13
airport,2019,701,1564,73186,187801,0.00285,0.00256,0.0106,0.0031,0.289,0.001104,0.000367,0.332,-0.1118,-0.13,-0.0057,0.13
tourism arrival,2019,701,1564,73186,187801,0.00285,0.00256,0.003,0.0043,1.44,0.000311,0.000515,1.656,-0.1118,-0.13,-0.0057,0.13
facebook,2019,701,1564,73186,187801,0.00285,0.00256,0.0109,0.0036,0.33,0.00114,0.000433,0.38,-0.1118,-0.13,-0.0057,0.13
environmental education,2019,701,1564,73186,187801,0.00285,0.00256,0.0021,0.0056,2.662,0.00022,0.000672,3.062,-0.1118,-0.13,-0.0057,0.13
horse,2019,701,1564,73186,187801,0.00285,0.00256,0.0042,0.0046,1.077,0.000444,0.00055,1.239,-0.1118,-0.13,-0.0057,0.13
sri lanka,2019,701,1564,73186,187801,0.00285,0.00256,0.0053,0.0041,0.774,0.000549,0.000489,0.89,-0.1118,-0.13,-0.0057,0.13
atmosphere,2019,701,1564,73186,187801,0.00285,0.00256,0.0026,0.0049,1.877,0.000273,0.000589,2.159,-0.1118,-0.13,-0.0057,0.13
sri,2019,701,1564,73186,187801,0.00285,0.00256,0.0053,0.0048,0.922,0.000549,0.000582,1.061,-0.1118,-0.13,-0.0057,0.13
host guest,2019,701,1564,73186,187801,0.00285,0.00256,0.0033,0.0039,1.186,0.000345,0.00047,1.364,-0.1118,-0.13,-0.0057,0.13
hill,2019,701,1564,73186,187801,0.00285,0.00256,0.0042,0.0053,1.28,0.000436,0.000642,1.472,-0.1118,-0.13,-0.0057,0.13
financial performance,2019,701,1564,73186,187801,0.00285,0.00256,0.0017,0.0054,3.273,0.000173,0.000651,3.765,-0.1118,-0.13,-0.0057,0.13
geomorphological,2019,701,1564,73186,187801,0.00285,0.00256,0.0051,0.0033,0.651,0.000533,0.000399,0.748,-0.1118,-0.13,-0.0057,0.13
lanka,2019,701,1564,73186,187801,0.00285,0.00256,0.0053,0.0041,0.774,0.000549,0.000489,0.89,-0.1118,-0.13,-0.0057,0.13
whs,2019,701,1564,73186,187801,0.00285,0.00256,0.0079,0.0048,0.609,0.000826,0.000579,0.701,-0.1118,-0.13,-0.0057,0.13
tourism zone,2019,701,1564,73186,187801,0.00285,0.00256,0.0045,0.0051,1.124,0.000474,0.000612,1.293,-0.1118,-0.13,-0.0057,0.13
community practice,2019,701,1564,73186,187801,0.00285,0.00256,0.0064,0.0054,0.848,0.000667,0.000651,0.976,-0.1118,-0.13,-0.0057,0.13
green growth,2019,701,1564,73186,187801,0.00285,0.00256,0.008,0.0047,0.591,0.000837,0.000569,0.68,-0.1118,-0.13,-0.0057,0.13
wisdom tourism,2019,701,1564,73186,187801,0.00143,0.00128,0.0057,0.0034,0.606,0.000592,0.000412,0.696,-0.1143,-0.09,-0.004,0.09
wom,2019,701,1564,73186,187801,0.00143,0.00128,0.0029,0.0047,1.588,0.000307,0.000561,1.826,-0.1143,-0.09,-0.004,0.09
bicycle tourism,2019,701,1564,73186,187801,0.00143,0.00128,0.0077,0.0028,0.365,0.000807,0.000339,0.42,-0.1143,-0.09,-0.004,0.09
solar,2019,701,1564,73186,187801,0.00143,0.00128,0.0085,0.003,0.346,0.000891,0.000354,0.398,-0.1143,-0.09,-0.004,0.09
green service,2019,701,1564,73186,187801,0.00143,0.00128,0.0012,0.0039,3.278,0.000126,0.000474,3.77,-0.1143,-0.09,-0.004,0.09
green entrepreneurship,2019,701,1564,73186,187801,0.00143,0.00128,0.0015,0.0028,1.878,0.000155,0.000334,2.16,-0.1143,-0.09,-0.004,0.09
geomorphosites,2019,701,1564,73186,187801,0.00143,0.00128,0.0055,0.006,1.086,0.000574,0.000717,1.249,-0.1143,-0.09,-0.004,0.09
night,2019,701,1564,73186,187801,0.00143,0.00128,0.0015,0.0041,2.644,0.000161,0.000489,3.041,-0.1143,-0.09,-0.004,0.09
count,2019,701,1564,73186,187801,0.00143,0.00128,0.0015,0.0039,2.572,0.000157,0.000465,2.958,-0.1143,-0.09,-0.004,0.09
health promotion,2019,701,1564,73186,187801,0.00143,0.00128,0.0069,0.0013,0.189,0.000723,0.000158,0.218,-0.1143,-0.09,-0.004,0.09
tee,2019,701,1564,73186,187801,0.00143,0.00128,0.0069,0.0046,0.658,0.000722,0.000547,0.757,-0.1143,-0.09,-0.004,0.09
public,2019,701,1564,73186,187801,0.11983,0.10678,0.0984,0.0601,0.611,0.010274,0.007219,0.703,-0.1154,-0.92,-0.0412,0.92
destination,2019,701,1564,73186,187801,0.28388,0.25192,0.2616,0.1656,0.633,0.027314,0.01989,0.728,-0.1195,-1.61,-0.0722,1.61
entrepreneurial,2019,701,1564,73186,187801,0.06705,0.05946,0.0832,0.0671,0.806,0.008688,0.008059,0.928,-0.1201,-0.69,-0.0312,0.69
country,2019,701,1564,73186,187801,0.1612,0.14258,0.1021,0.0805,0.788,0.010664,0.009671,0.907,-0.1227,-1.16,-0.0519,1.16
society,2019,701,1564,73186,187801,0.06705,0.05882,0.0488,0.0404,0.828,0.005099,0.004856,0.952,-0.1309,-0.76,-0.0339,0.76
sense,2019,701,1564,73186,187801,0.03281,0.02877,0.0242,0.0234,0.969,0.002524,0.002813,1.114,-0.1315,-0.52,-0.0234,0.52
namely,2019,701,1564,73186,187801,0.03138,0.02749,0.021,0.0162,0.771,0.002193,0.001945,0.887,-0.1325,-0.51,-0.023,0.51
culture,2019,701,1564,73186,187801,0.12268,0.10742,0.0896,0.0658,0.734,0.009359,0.007905,0.845,-0.1329,-1.07,-0.0478,1.07
inform,2019,701,1564,73186,187801,0.02996,0.02621,0.0227,0.0147,0.65,0.002368,0.001771,0.748,-0.1337,-0.51,-0.0227,0.51
look,2019,701,1564,73186,187801,0.02853,0.02494,0.0256,0.0157,0.614,0.002675,0.00189,0.707,-0.1349,-0.5,-0.0223,0.5
largely,2019,701,1564,73186,187801,0.02568,0.02238,0.0195,0.0124,0.633,0.002039,0.001486,0.728,-0.1378,-0.48,-0.0215,0.48
local resident,2019,701,1564,73186,187801,0.02568,0.02238,0.022,0.0181,0.824,0.002292,0.002172,0.948,-0.1378,-0.48,-0.0215,0.48
wide,2019,701,1564,73186,187801,0.02282,0.01982,0.018,0.0102,0.563,0.001884,0.001221,0.648,-0.1414,-0.46,-0.0208,0.46
agency,2019,701,1564,73186,187801,0.0428,0.03708,0.0381,0.0271,0.711,0.003977,0.003253,0.818,-0.1434,-0.65,-0.0292,0.65
world heritage,2019,701,1564,73186,187801,0.0214,0.01854,0.0326,0.0164,0.502,0.003405,0.001966,0.578,-0.1436,-0.46,-0.0204,0.46
host,2019,701,1564,73186,187801,0.06134,0.05307,0.0556,0.0438,0.787,0.005801,0.005254,0.906,-0.1449,-0.8,-0.0356,0.8
ability,2019,701,1564,73186,187801,0.03852,0.03325,0.0263,0.0187,0.71,0.002746,0.002243,0.817,-0.1472,-0.63,-0.0283,0.63
trade,2019,701,1564,73186,187801,0.01854,0.01598,0.0165,0.0152,0.92,0.001724,0.001824,1.058,-0.1489,-0.44,-0.0197,0.44
closely,2019,701,1564,73186,187801,0.01854,0.01598,0.0121,0.0092,0.763,0.001261,0.001106,0.877,-0.1489,-0.44,-0.0197,0.44
capital,2019,701,1564,73186,187801,0.07133,0.06138,0.1025,0.0453,0.442,0.0107,0.005445,0.509,-0.1502,-0.89,-0.04,0.89
tourist attraction,2019,701,1564,73186,187801,0.03566,0.03069,0.0233,0.0211,0.908,0.002429,0.002537,1.045,-0.1503,-0.62,-0.0278,0.62
issue,2019,701,1564,73186,187801,0.13837,0.11893,0.0867,0.0539,0.622,0.009052,0.006476,0.715,-0.1515,-1.3,-0.0581,1.3
tourism product,2019,701,1564,73186,187801,0.05136,0.04412,0.0454,0.0285,0.627,0.004742,0.003421,0.721,-0.152,-0.76,-0.0339,0.76
craft,2019,701,1564,73186,187801,0.01712,0.01471,0.0278,0.0153,0.548,0.002908,0.001833,0.631,-0.1523,-0.43,-0.0193,0.43
tourist behavior,2019,701,1564,73186,187801,0.01712,0.01471,0.0146,0.0082,0.563,0.001525,0.000987,0.647,-0.1523,-0.43,-0.0193,0.43
peripheral,2019,701,1564,73186,187801,0.01712,0.01471,0.0277,0.0197,0.71,0.002892,0.002362,0.817,-0.1523,-0.43,-0.0193,0.43
top,2019,701,1564,73186,187801,0.03281,0.02813,0.0235,0.0181,0.768,0.002455,0.002167,0.883,-0.154,-0.61,-0.0272,0.61
involvement,2019,701,1564,73186,187801,0.06419,0.05499,0.0453,0.0326,0.721,0.004727,0.003917,0.829,-0.1549,-0.87,-0.0389,0.87
territorial,2019,701,1564,73186,187801,0.03138,0.02685,0.0488,0.0238,0.486,0.0051,0.002853,0.559,-0.1561,-0.6,-0.0269,0.6
tourism regional,2019,701,1564,73186,187801,0.01569,0.01343,0.0168,0.0122,0.725,0.00175,0.001459,0.834,-0.1563,-0.42,-0.0189,0.42
development destination,2019,701,1564,73186,187801,0.01569,0.01343,0.0134,0.0097,0.728,0.001395,0.001168,0.838,-0.1563,-0.42,-0.0189,0.42
invest,2019,701,1564,73186,187801,0.01569,0.01343,0.0131,0.0103,0.784,0.001368,0.001234,0.902,-0.1563,-0.42,-0.0189,0.42
administrative,2019,701,1564,73186,187801,0.01569,0.01343,0.0216,0.0112,0.518,0.00225,0.00134,0.596,-0.1563,-0.42,-0.0189,0.42
structure,2019,701,1564,73186,187801,0.09272,0.07928,0.0694,0.0379,0.546,0.007247,0.004549,0.628,-0.1567,-1.07,-0.0479,1.07
learn,2019,701,1564,73186,187801,0.06134,0.05243,0.0556,0.0459,0.826,0.005807,0.005514,0.95,-0.1571,-0.86,-0.0385,0.86
tourism entrepreneurship,2019,701,1564,73186,187801,0.04565,0.039,0.0497,0.0341,0.685,0.005194,0.00409,0.788,-0.1575,-0.74,-0.033,0.74
predict,2019,701,1564,73186,187801,0.01427,0.01215,0.0112,0.0077,0.686,0.001173,0.000925,0.789,-0.1611,-0.42,-0.0185,0.42
potentially,2019,701,1564,73186,187801,0.01427,0.01215,0.0097,0.007,0.725,0.001008,0.000841,0.834,-0.1611,-0.42,-0.0185,0.42
imply,2019,701,1564,73186,187801,0.01427,0.01215,0.0122,0.0074,0.608,0.001271,0.000889,0.699,-0.1611,-0.42,-0.0185,0.42
product innovation,2019,701,1564,73186,187801,0.01427,0.01215,0.0166,0.009,0.544,0.001733,0.001084,0.626,-0.1611,-0.42,-0.0185,0.42
complex,2019,701,1564,73186,187801,0.05563,0.04731,0.0412,0.0239,0.58,0.004304,0.002873,0.667,-0.1621,-0.84,-0.0377,0.84
holistic,2019,701,1564,73186,187801,0.0271,0.02302,0.0229,0.0147,0.642,0.002392,0.001766,0.738,-0.1636,-0.58,-0.0261,0.58
acknowledge,2019,701,1564,73186,187801,0.0271,0.02302,0.0213,0.0131,0.614,0.002222,0.00157,0.706,-0.1636,-0.58,-0.0261,0.58
socio economic,2019,701,1564,73186,187801,0.05278,0.04476,0.0439,0.0286,0.652,0.00458,0.003433,0.75,-0.165,-0.83,-0.0373,0.83
protect,2019,701,1564,73186,187801,0.05278,0.04476,0.0592,0.0365,0.616,0.006181,0.00438,0.709,-0.165,-0.83,-0.0373,0.83
outline,2019,701,1564,73186,187801,0.02568,0.02174,0.0221,0.0119,0.539,0.002303,0.001428,0.62,-0.1668,-0.58,-0.0259,0.58
boundary,2019,701,1564,73186,187801,0.01284,0.01087,0.0087,0.0093,1.079,0.000904,0.001122,1.24,-0.167,-0.41,-0.0182,0.41
visual,2019,701,1564,73186,187801,0.01284,0.01087,0.0093,0.0086,0.929,0.000966,0.001032,1.069,-0.167,-0.41,-0.0182,0.41
course,2019,701,1564,73186,187801,0.01284,0.01087,0.0116,0.0098,0.844,0.001212,0.001176,0.971,-0.167,-0.41,-0.0182,0.41
purchase,2019,701,1564,73186,187801,0.01284,0.01087,0.0178,0.0087,0.491,0.001857,0.001049,0.565,-0.167,-0.41,-0.0182,0.41
poland,2019,701,1564,73186,187801,0.01284,0.01087,0.0215,0.0199,0.929,0.002241,0.002395,1.069,-0.167,-0.41,-0.0182,0.41
cost,2019,701,1564,73186,187801,0.04993,0.0422,0.0423,0.0248,0.588,0.004413,0.002982,0.676,-0.1683,-0.82,-0.0369,0.82
popular,2019,701,1564,73186,187801,0.02282,0.01918,0.0181,0.0126,0.698,0.001885,0.001513,0.803,-0.1742,-0.57,-0.0254,0.57
museum,2019,701,1564,73186,187801,0.01141,0.00959,0.0243,0.0153,0.628,0.002534,0.001831,0.723,-0.1745,-0.4,-0.0179,0.4
plan sustainable,2019,701,1564,73186,187801,0.01141,0.00959,0.0108,0.0077,0.712,0.00113,0.000926,0.819,-0.1745,-0.4,-0.0179,0.4
realization,2019,701,1564,73186,187801,0.01141,0.00959,0.0081,0.0054,0.676,0.000842,0.000654,0.778,-0.1745,-0.4,-0.0179,0.4
development management,2019,701,1564,73186,187801,0.01141,0.00959,0.0104,0.0061,0.583,0.00109,0.000731,0.67,-0.1745,-0.4,-0.0179,0.4
war,2019,701,1564,73186,187801,0.01141,0.00959,0.0186,0.011,0.59,0.001947,0.001322,0.679,-0.1745,-0.4,-0.0179,0.4
nation,2019,701,1564,73186,187801,0.04422,0.03708,0.037,0.0219,0.591,0.003858,0.002625,0.68,-0.1762,-0.81,-0.0361,0.81
natural resource,2019,701,1564,73186,187801,0.04422,0.03708,0.0346,0.0231,0.667,0.003611,0.002771,0.767,-0.1762,-0.81,-0.0361,0.81
increasingly,2019,701,1564,73186,187801,0.07703,0.06458,0.0452,0.0293,0.647,0.004723,0.003513,0.744,-0.1764,-1.09,-0.0486,1.09
exchange,2019,701,1564,73186,187801,0.03281,0.02749,0.0285,0.0195,0.685,0.002975,0.002344,0.788,-0.177,-0.7,-0.0311,0.7
socioeconomic,2019,701,1564,73186,187801,0.0214,0.0179,0.0196,0.0137,0.697,0.00205,0.001644,0.802,-0.1786,-0.56,-0.0252,0.56
niche,2019,701,1564,73186,187801,0.0214,0.0179,0.0228,0.0121,0.531,0.002378,0.001452,0.611,-0.1786,-0.56,-0.0252,0.56
economic development,2019,701,1564,73186,187801,0.11698,0.09783,0.0849,0.053,0.624,0.008865,0.006361,0.718,-0.1788,-1.39,-0.0618,1.39
build,2019,701,1564,73186,187801,0.11555,0.09655,0.077,0.0493,0.641,0.008035,0.005923,0.737,-0.1797,-1.38,-0.0617,1.38
suggestion,2019,701,1564,73186,187801,0.03138,0.02621,0.0233,0.013,0.557,0.00243,0.001558,0.641,-0.1802,-0.69,-0.0309,0.69
life,2019,701,1564,73186,187801,0.09272,0.07737,0.0764,0.0493,0.645,0.007979,0.005923,0.742,-0.1811,-1.23,-0.0551,1.23
government,2019,701,1564,73186,187801,0.16405,0.13683,0.1246,0.0784,0.629,0.013012,0.009412,0.723,-0.1815,-1.71,-0.0761,1.71
encourage,2019,701,1564,73186,187801,0.06134,0.05115,0.0397,0.0233,0.586,0.004148,0.002798,0.674,-0.1818,-0.99,-0.0442,0.99
operation,2019,701,1564,73186,187801,0.04993,0.04156,0.0328,0.0254,0.775,0.003422,0.003049,0.891,-0.1836,-0.9,-0.0401,0.9
presence,2019,701,1564,73186,187801,0.01997,0.01662,0.0141,0.0108,0.765,0.00147,0.001293,0.88,-0.1838,-0.56,-0.025,0.56
border,2019,701,1564,73186,187801,0.01997,0.01662,0.0282,0.0233,0.826,0.002949,0.0028,0.95,-0.1838,-0.56,-0.025,0.56
beneficial,2019,701,1564,73186,187801,0.01997,0.01662,0.0154,0.0095,0.612,0.001612,0.001135,0.704,-0.1838,-0.56,-0.025,0.56
public private,2019,701,1564,73186,187801,0.01997,0.01662,0.0177,0.015,0.852,0.001843,0.001805,0.98,-0.1838,-0.56,-0.025,0.56
besides,2019,701,1564,73186,187801,0.00999,0.00831,0.0083,0.0056,0.67,0.000868,0.000669,0.77,-0.1841,-0.39,-0.0176,0.39
stem,2019,701,1564,73186,187801,0.00999,0.00831,0.0096,0.0056,0.584,0.000997,0.00067,0.672,-0.1841,-0.39,-0.0176,0.39
create job,2019,701,1564,73186,187801,0.00999,0.00831,0.0096,0.0052,0.542,0.000999,0.000623,0.624,-0.1841,-0.39,-0.0176,0.39
exercise,2019,701,1564,73186,187801,0.00999,0.00831,0.0093,0.0058,0.622,0.000969,0.000693,0.715,-0.1841,-0.39,-0.0176,0.39
around world,2019,701,1564,73186,187801,0.00999,0.00831,0.0073,0.0058,0.798,0.000761,0.000698,0.918,-0.1841,-0.39,-0.0176,0.39
feasibility,2019,701,1564,73186,187801,0.00999,0.00831,0.0131,0.0059,0.449,0.00137,0.000707,0.516,-0.1841,-0.39,-0.0176,0.39
connectivity,2019,701,1564,73186,187801,0.00999,0.00831,0.007,0.0074,1.064,0.00073,0.000893,1.224,-0.1841,-0.39,-0.0176,0.39
latter,2019,701,1564,73186,187801,0.00999,0.00831,0.0083,0.0054,0.648,0.00087,0.000649,0.745,-0.1841,-0.39,-0.0176,0.39
model development,2019,701,1564,73186,187801,0.00999,0.00831,0.0088,0.005,0.571,0.000921,0.000605,0.656,-0.1841,-0.39,-0.0176,0.39
manner,2019,701,1564,73186,187801,0.00999,0.00831,0.0106,0.0063,0.589,0.00111,0.000752,0.678,-0.1841,-0.39,-0.0176,0.39
employment,2019,701,1564,73186,187801,0.05849,0.04859,0.0449,0.0338,0.752,0.004688,0.004054,0.865,-0.1854,-0.98,-0.044,0.98
market,2019,701,1564,73186,187801,0.21683,0.17967,0.1537,0.1021,0.664,0.016048,0.01226,0.764,-0.188,-2.09,-0.0932,2.09
develop,2019,701,1564,73186,187801,0.34379,0.28453,0.1684,0.1029,0.611,0.017578,0.012358,0.703,-0.1892,-2.88,-0.1277,2.88
unite,2019,701,1564,73186,187801,0.03709,0.03069,0.0276,0.0207,0.749,0.002879,0.00248,0.862,-0.1896,-0.79,-0.0354,0.79
recognize,2019,701,1564,73186,187801,0.03709,0.03069,0.0264,0.0171,0.649,0.002752,0.002053,0.746,-0.1896,-0.79,-0.0354,0.79
underlie,2019,701,1564,73186,187801,0.01854,0.01535,0.0179,0.0097,0.543,0.00187,0.001167,0.624,-0.1897,-0.56,-0.0248,0.56
stakeholder tourism,2019,701,1564,73186,187801,0.01854,0.01535,0.0193,0.0099,0.513,0.002018,0.001191,0.59,-0.1897,-0.56,-0.0248,0.56
income,2019,701,1564,73186,187801,0.07133,0.05882,0.06,0.0373,0.622,0.006263,0.004478,0.715,-0.1928,-1.14,-0.0507,1.14
locate,2019,701,1564,73186,187801,0.04422,0.03645,0.0319,0.0189,0.592,0.003328,0.002267,0.681,-0.1936,-0.89,-0.0395,0.89
italy,2019,701,1564,73186,187801,0.03424,0.02813,0.0497,0.0264,0.531,0.00519,0.003172,0.611,-0.1965,-0.79,-0.0351,0.79
formal,2019,701,1564,73186,187801,0.01712,0.01407,0.0176,0.0111,0.632,0.001837,0.001335,0.727,-0.1967,-0.55,-0.0246,0.55
behind,2019,701,1564,73186,187801,0.01712,0.01407,0.0171,0.0085,0.497,0.001787,0.001022,0.572,-0.1967,-0.55,-0.0246,0.55
household,2019,701,1564,73186,187801,0.01712,0.01407,0.021,0.0125,0.594,0.00219,0.001496,0.683,-0.1967,-0.55,-0.0246,0.55
organize,2019,701,1564,73186,187801,0.01712,0.01407,0.0131,0.0132,1.008,0.001368,0.001586,1.159,-0.1967,-0.55,-0.0246,0.55
achievement,2019,701,1564,73186,187801,0.01712,0.01407,0.0151,0.0103,0.683,0.001573,0.001236,0.786,-0.1967,-0.55,-0.0246,0.55
small sized,2019,701,1564,73186,187801,0.01712,0.01407,0.0158,0.0097,0.612,0.001655,0.001164,0.703,-0.1967,-0.55,-0.0246,0.55
choice,2019,701,1564,73186,187801,0.01712,0.01407,0.0174,0.0093,0.532,0.00182,0.001113,0.612,-0.1967,-0.55,-0.0246,0.55
vast,2019,701,1564,73186,187801,0.00856,0.00703,0.006,0.0044,0.742,0.000624,0.000533,0.854,-0.1971,-0.39,-0.0173,0.39
innovation strategy,2019,701,1564,73186,187801,0.00856,0.00703,0.0086,0.0045,0.525,0.000894,0.00054,0.604,-0.1971,-0.39,-0.0173,0.39
entrepreneur tourism,2019,701,1564,73186,187801,0.00856,0.00703,0.0083,0.0058,0.692,0.000868,0.000691,0.796,-0.1971,-0.39,-0.0173,0.39
prospective,2019,701,1564,73186,187801,0.00856,0.00703,0.0081,0.0055,0.675,0.000846,0.000656,0.776,-0.1971,-0.39,-0.0173,0.39
government official,2019,701,1564,73186,187801,0.00856,0.00703,0.0077,0.0049,0.634,0.000809,0.00059,0.729,-0.1971,-0.39,-0.0173,0.39
cognitive,2019,701,1564,73186,187801,0.00856,0.00703,0.0081,0.0064,0.794,0.000846,0.000772,0.913,-0.1971,-0.39,-0.0173,0.39
internal external,2019,701,1564,73186,187801,0.00856,0.00703,0.0084,0.0051,0.608,0.000877,0.000613,0.7,-0.1971,-0.39,-0.0173,0.39
rethink,2019,701,1564,73186,187801,0.00856,0.00703,0.0055,0.0055,0.999,0.000573,0.000659,1.149,-0.1971,-0.39,-0.0173,0.39
development design,2019,701,1564,73186,187801,0.00856,0.00703,0.0078,0.0054,0.7,0.00081,0.000652,0.805,-0.1971,-0.39,-0.0173,0.39
cultural social,2019,701,1564,73186,187801,0.00856,0.00703,0.0076,0.0049,0.637,0.000798,0.000584,0.732,-0.1971,-0.39,-0.0173,0.39
fit,2019,701,1564,73186,187801,0.00856,0.00703,0.0065,0.0048,0.741,0.000676,0.000577,0.853,-0.1971,-0.39,-0.0173,0.39
accompany,2019,701,1564,73186,187801,0.00856,0.00703,0.0083,0.0049,0.585,0.00087,0.000585,0.672,-0.1971,-0.39,-0.0173,0.39
scale sport,2019,701,1564,73186,187801,0.00856,0.00703,0.022,0.0072,0.325,0.002297,0.000859,0.374,-0.1971,-0.39,-0.0173,0.39
prior,2019,701,1564,73186,187801,0.00856,0.00703,0.0081,0.0056,0.683,0.00085,0.000668,0.786,-0.1971,-0.39,-0.0173,0.39
gross,2019,701,1564,73186,187801,0.00856,0.00703,0.0084,0.0048,0.572,0.00088,0.000579,0.658,-0.1971,-0.39,-0.0173,0.39
tourist activity,2019,701,1564,73186,187801,0.00856,0.00703,0.0096,0.0052,0.542,0.001004,0.000626,0.623,-0.1971,-0.39,-0.0173,0.39
population,2019,701,1564,73186,187801,0.06705,0.05499,0.0492,0.0337,0.686,0.005133,0.004048,0.789,-0.1984,-1.13,-0.0504,1.13
specific,2019,701,1564,73186,187801,0.10842,0.08887,0.0625,0.0412,0.66,0.006521,0.004952,0.759,-0.1988,-1.47,-0.0655,1.47
livelihood,2019,701,1564,73186,187801,0.04137,0.03389,0.0664,0.0358,0.538,0.006935,0.004293,0.619,-0.1996,-0.88,-0.0393,0.88
turn,2019,701,1564,73186,187801,0.03281,0.02685,0.0245,0.0146,0.595,0.002563,0.001753,0.684,-0.2005,-0.79,-0.035,0.79
force,2019,701,1564,73186,187801,0.03994,0.03261,0.0301,0.0198,0.658,0.003139,0.002374,0.756,-0.203,-0.88,-0.0392,0.88
body,2019,701,1564,73186,187801,0.03138,0.02558,0.0239,0.0148,0.622,0.002492,0.001783,0.716,-0.2048,-0.78,-0.0349,0.78
county,2019,701,1564,73186,187801,0.01569,0.01279,0.0202,0.0134,0.664,0.002107,0.001608,0.763,-0.2051,-0.55,-0.0245,0.55
list,2019,701,1564,73186,187801,0.01569,0.01279,0.0163,0.0088,0.537,0.001704,0.001051,0.617,-0.2051,-0.55,-0.0245,0.55
every,2019,701,1564,73186,187801,0.01569,0.01279,0.0148,0.0073,0.491,0.001542,0.000871,0.565,-0.2051,-0.55,-0.0245,0.55
site,2019,701,1564,73186,187801,0.08417,0.06841,0.0796,0.051,0.64,0.008312,0.006119,0.736,-0.2073,-1.33,-0.0593,1.33
tourism social,2019,701,1564,73186,187801,0.02282,0.01854,0.0215,0.0208,0.967,0.002249,0.002501,1.112,-0.2081,-0.68,-0.0301,0.68
last,2019,701,1564,73186,187801,0.02996,0.0243,0.0228,0.0129,0.568,0.002377,0.001553,0.653,-0.2096,-0.78,-0.0348,0.78
participation,2019,701,1564,73186,187801,0.13124,0.10614,0.1142,0.0654,0.573,0.011919,0.007858,0.659,-0.2123,-1.74,-0.0776,1.74
mean,2019,701,1564,73186,187801,0.07275,0.05882,0.0522,0.0312,0.597,0.005447,0.003742,0.687,-0.2126,-1.26,-0.0562,1.26
grow,2019,701,1564,73186,187801,0.07989,0.06458,0.0482,0.0291,0.603,0.005035,0.00349,0.693,-0.2128,-1.33,-0.0591,1.33
business,2019,701,1564,73186,187801,0.19401,0.15665,0.1741,0.0948,0.545,0.018182,0.011387,0.626,-0.2139,-2.21,-0.0982,2.21
yet,2019,701,1564,73186,187801,0.05706,0.04604,0.035,0.0218,0.623,0.003655,0.002621,0.717,-0.2148,-1.12,-0.0499,1.12
view,2019,701,1564,73186,187801,0.07846,0.0633,0.0605,0.0319,0.527,0.006314,0.003825,0.606,-0.2148,-1.33,-0.0591,1.33
resident,2019,701,1564,73186,187801,0.10699,0.08632,0.1154,0.0905,0.784,0.012052,0.010869,0.902,-0.2148,-1.57,-0.07,1.57
economically,2019,701,1564,73186,187801,0.0214,0.01726,0.0168,0.0097,0.58,0.001755,0.00117,0.667,-0.215,-0.67,-0.03,0.67
social cultural,2019,701,1564,73186,187801,0.0214,0.01726,0.0208,0.0114,0.549,0.002169,0.001369,0.631,-0.215,-0.67,-0.03,0.67
reform,2019,701,1564,73186,187801,0.01427,0.01151,0.0167,0.0064,0.385,0.00174,0.00077,0.443,-0.2151,-0.55,-0.0244,0.55
healthy,2019,701,1564,73186,187801,0.00713,0.00575,0.0101,0.004,0.398,0.001058,0.000484,0.458,-0.2156,-0.39,-0.0172,0.39
biodiversity conservation,2019,701,1564,73186,187801,0.00713,0.00575,0.0072,0.0057,0.784,0.000754,0.00068,0.902,-0.2156,-0.39,-0.0172,0.39
equal,2019,701,1564,73186,187801,0.00713,0.00575,0.0047,0.0034,0.727,0.000494,0.000414,0.837,-0.2156,-0.39,-0.0172,0.39
innovation innovation,2019,701,1564,73186,187801,0.00713,0.00575,0.0078,0.0047,0.599,0.000819,0.000564,0.689,-0.2156,-0.39,-0.0172,0.39
feel,2019,701,1564,73186,187801,0.00713,0.00575,0.0067,0.0052,0.778,0.0007,0.000626,0.895,-0.2156,-0.39,-0.0172,0.39
negotiate,2019,701,1564,73186,187801,0.00713,0.00575,0.0078,0.005,0.635,0.000818,0.000597,0.73,-0.2156,-0.39,-0.0172,0.39
investment tourism,2019,701,1564,73186,187801,0.00713,0.00575,0.0091,0.004,0.438,0.000954,0.00048,0.503,-0.2156,-0.39,-0.0172,0.39
involvement local,2019,701,1564,73186,187801,0.00713,0.00575,0.0062,0.004,0.636,0.00065,0.000475,0.731,-0.2156,-0.39,-0.0172,0.39
financial support,2019,701,1564,73186,187801,0.00713,0.00575,0.0068,0.0039,0.567,0.000715,0.000466,0.652,-0.2156,-0.39,-0.0172,0.39
expansion tourism,2019,701,1564,73186,187801,0.00713,0.00575,0.0058,0.0047,0.812,0.000607,0.000567,0.934,-0.2156,-0.39,-0.0172,0.39
rat,2019,701,1564,73186,187801,0.00713,0.00575,0.0072,0.0049,0.68,0.000754,0.000589,0.782,-0.2156,-0.39,-0.0172,0.39
development discuss,2019,701,1564,73186,187801,0.00713,0.00575,0.006,0.0041,0.685,0.000629,0.000495,0.788,-0.2156,-0.39,-0.0172,0.39
serbia,2019,701,1564,73186,187801,0.00713,0.00575,0.0129,0.005,0.392,0.001342,0.000605,0.45,-0.2156,-0.39,-0.0172,0.39
community social,2019,701,1564,73186,187801,0.00713,0.00575,0.0079,0.0042,0.534,0.000823,0.000506,0.614,-0.2156,-0.39,-0.0172,0.39
cultural landscape,2019,701,1564,73186,187801,0.00713,0.00575,0.0071,0.0065,0.923,0.000739,0.000784,1.062,-0.2156,-0.39,-0.0172,0.39
policy implementation,2019,701,1564,73186,187801,0.00713,0.00575,0.0056,0.0048,0.857,0.000589,0.000581,0.986,-0.2156,-0.39,-0.0172,0.39
lot,2019,701,1564,73186,187801,0.00713,0.00575,0.0053,0.0038,0.718,0.000549,0.000453,0.826,-0.2156,-0.39,-0.0172,0.39
interest,2019,701,1564,73186,187801,0.11983,0.09655,0.0709,0.0445,0.627,0.007406,0.00534,0.721,-0.2161,-1.68,-0.075,1.68
local,2019,701,1564,73186,187801,0.50357,0.40345,0.3714,0.2245,0.604,0.038778,0.026955,0.695,-0.2217,-4.57,-0.2011,4.57
economics,2019,701,1564,73186,187801,0.05991,0.04795,0.0334,0.024,0.718,0.003483,0.002878,0.826,-0.2228,-1.19,-0.0529,1.19
corporate,2019,701,1564,73186,187801,0.01997,0.01598,0.0292,0.0134,0.459,0.00305,0.001609,0.528,-0.223,-0.67,-0.03,0.67
scope,2019,701,1564,73186,187801,0.01997,0.01598,0.0134,0.0104,0.778,0.001395,0.001248,0.895,-0.223,-0.67,-0.03,0.67
community,2019,701,1564,73186,187801,0.44793,0.35806,0.5183,0.2868,0.553,0.054117,0.034438,0.636,-0.2239,-4.16,-0.1832,4.16
flow,2019,701,1564,73186,187801,0.03281,0.02621,0.0286,0.0202,0.707,0.002983,0.002428,0.814,-0.2246,-0.88,-0.039,0.88
call,2019,701,1564,73186,187801,0.03281,0.02621,0.0202,0.0148,0.731,0.002112,0.001776,0.841,-0.2246,-0.88,-0.039,0.88
producer,2019,701,1564,73186,187801,0.01284,0.01023,0.015,0.008,0.531,0.001566,0.000956,0.611,-0.2276,-0.55,-0.0244,0.55
small enterprise,2019,701,1564,73186,187801,0.01284,0.01023,0.0155,0.0076,0.49,0.001618,0.000913,0.564,-0.2276,-0.55,-0.0244,0.55
tourism destination,2019,701,1564,73186,187801,0.09558,0.07609,0.0747,0.052,0.696,0.007799,0.006244,0.801,-0.2281,-1.56,-0.0696,1.56
skill,2019,701,1564,73186,187801,0.04422,0.03517,0.0332,0.0236,0.712,0.003464,0.002838,0.819,-0.2293,-1.04,-0.0464,1.04
community participation,2019,701,1564,73186,187801,0.04422,0.03517,0.0467,0.031,0.665,0.004876,0.003727,0.764,-0.2293,-1.04,-0.0464,1.04
consequently,2019,701,1564,73186,187801,0.01854,0.01471,0.0163,0.0088,0.537,0.001704,0.001052,0.617,-0.2323,-0.68,-0.03,0.68
tourism innovation,2019,701,1564,73186,187801,0.06134,0.04859,0.0704,0.0358,0.508,0.00735,0.004298,0.585,-0.233,-1.26,-0.0559,1.26
overview,2019,701,1564,73186,187801,0.02425,0.01918,0.0161,0.0118,0.733,0.001682,0.001418,0.843,-0.2347,-0.78,-0.0348,0.78
regional tourism,2019,701,1564,73186,187801,0.02996,0.02366,0.0394,0.0169,0.429,0.004112,0.002031,0.494,-0.2363,-0.88,-0.039,0.88
world,2019,701,1564,73186,187801,0.13552,0.10678,0.1008,0.0523,0.519,0.010522,0.006276,0.596,-0.2384,-1.98,-0.0881,1.98
tour,2019,701,1564,73186,187801,0.03424,0.02685,0.0455,0.0249,0.547,0.004755,0.002992,0.629,-0.243,-0.97,-0.0429,0.97
rural development,2019,701,1564,73186,187801,0.03994,0.03133,0.0414,0.0263,0.637,0.004319,0.003164,0.733,-0.243,-1.05,-0.0465,1.05
cbt,2019,701,1564,73186,187801,0.02282,0.0179,0.0809,0.0363,0.449,0.008448,0.004358,0.516,-0.2431,-0.78,-0.0348,0.78
kind,2019,701,1564,73186,187801,0.01712,0.01343,0.0115,0.0083,0.72,0.001203,0.000997,0.828,-0.2432,-0.68,-0.0301,0.68
spread,2019,701,1564,73186,187801,0.01141,0.00895,0.0085,0.0063,0.744,0.000883,0.000756,0.856,-0.2434,-0.55,-0.0245,0.55
broad,2019,701,1564,73186,187801,0.01141,0.00895,0.0106,0.006,0.569,0.001102,0.000722,0.655,-0.2434,-0.55,-0.0245,0.55
regional plan,2019,701,1564,73186,187801,0.01141,0.00895,0.0095,0.0084,0.881,0.00099,0.001003,1.013,-0.2434,-0.55,-0.0245,0.55
distance,2019,701,1564,73186,187801,0.01141,0.00895,0.0091,0.006,0.662,0.000952,0.000725,0.762,-0.2434,-0.55,-0.0245,0.55
forecast,2019,701,1564,73186,187801,0.01141,0.00895,0.0143,0.0091,0.634,0.001491,0.001088,0.729,-0.2434,-0.55,-0.0245,0.55
proper,2019,701,1564,73186,187801,0.01141,0.00895,0.0083,0.0058,0.691,0.000871,0.000692,0.795,-0.2434,-0.55,-0.0245,0.55
global economy,2019,701,1564,73186,187801,0.00571,0.00448,0.0051,0.0036,0.696,0.000535,0.000428,0.8,-0.2439,-0.39,-0.0173,0.39
mountain tourism,2019,701,1564,73186,187801,0.00571,0.00448,0.0084,0.0084,1.003,0.000877,0.001012,1.154,-0.2439,-0.39,-0.0173,0.39
unlike,2019,701,1564,73186,187801,0.00571,0.00448,0.0044,0.003,0.679,0.000462,0.000361,0.781,-0.2439,-0.39,-0.0173,0.39
bond,2019,701,1564,73186,187801,0.00571,0.00448,0.0051,0.0041,0.803,0.000535,0.000494,0.923,-0.2439,-0.39,-0.0173,0.39
prefer,2019,701,1564,73186,187801,0.00571,0.00448,0.0065,0.003,0.456,0.000679,0.000356,0.524,-0.2439,-0.39,-0.0173,0.39
economic condition,2019,701,1564,73186,187801,0.00571,0.00448,0.0075,0.0029,0.392,0.000784,0.000353,0.45,-0.2439,-0.39,-0.0173,0.39
worth,2019,701,1564,73186,187801,0.00571,0.00448,0.006,0.003,0.499,0.000621,0.000357,0.574,-0.2439,-0.39,-0.0173,0.39
growth rate,2019,701,1564,73186,187801,0.00571,0.00448,0.0047,0.0052,1.105,0.000487,0.000619,1.271,-0.2439,-0.39,-0.0173,0.39
specie,2019,701,1564,73186,187801,0.00571,0.00448,0.0059,0.005,0.854,0.000616,0.000606,0.983,-0.2439,-0.39,-0.0173,0.39
optimal,2019,701,1564,73186,187801,0.00571,0.00448,0.0057,0.0034,0.598,0.000596,0.00041,0.688,-0.2439,-0.39,-0.0173,0.39
race,2019,701,1564,73186,187801,0.00571,0.00448,0.0051,0.0054,1.066,0.000531,0.000651,1.226,-0.2439,-0.39,-0.0173,0.39
pull,2019,701,1564,73186,187801,0.00571,0.00448,0.0082,0.0026,0.318,0.000852,0.000311,0.366,-0.2439,-0.39,-0.0173,0.39
iceland,2019,701,1564,73186,187801,0.00571,0.00448,0.0095,0.0069,0.726,0.000987,0.000824,0.835,-0.2439,-0.39,-0.0173,0.39
extreme,2019,701,1564,73186,187801,0.00571,0.00448,0.0077,0.005,0.651,0.000806,0.000603,0.749,-0.2439,-0.39,-0.0173,0.39
hong kong,2019,701,1564,73186,187801,0.00571,0.00448,0.0174,0.0045,0.258,0.001819,0.00054,0.297,-0.2439,-0.39,-0.0173,0.39
change,2019,701,1564,73186,187801,0.2097,0.16432,0.1472,0.0836,0.568,0.01537,0.010038,0.653,-0.2439,-2.63,-0.1164,2.63
incremental,2019,701,1564,73186,187801,0.00571,0.00448,0.0062,0.0047,0.761,0.000648,0.000567,0.875,-0.2439,-0.39,-0.0173,0.39
hong,2019,701,1564,73186,187801,0.00571,0.00448,0.0174,0.0045,0.258,0.001819,0.00054,0.297,-0.2439,-0.39,-0.0173,0.39
innovation capacity,2019,701,1564,73186,187801,0.00571,0.00448,0.0059,0.0043,0.727,0.000619,0.000518,0.836,-0.2439,-0.39,-0.0173,0.39
innovation competitiveness,2019,701,1564,73186,187801,0.00571,0.00448,0.0056,0.0039,0.694,0.000585,0.000467,0.798,-0.2439,-0.39,-0.0173,0.39
answer question,2019,701,1564,73186,187801,0.00571,0.00448,0.0054,0.0042,0.791,0.000559,0.000508,0.909,-0.2439,-0.39,-0.0173,0.39
ordinary,2019,701,1564,73186,187801,0.00571,0.00448,0.0083,0.0041,0.496,0.000872,0.000498,0.571,-0.2439,-0.39,-0.0173,0.39
seriously,2019,701,1564,73186,187801,0.00571,0.00448,0.0047,0.0028,0.593,0.000492,0.000335,0.683,-0.2439,-0.39,-0.0173,0.39
industry tourist,2019,701,1564,73186,187801,0.00571,0.00448,0.0045,0.0028,0.614,0.000472,0.000333,0.706,-0.2439,-0.39,-0.0173,0.39
coastal region,2019,701,1564,73186,187801,0.00571,0.00448,0.0072,0.0054,0.752,0.000752,0.000651,0.865,-0.2439,-0.39,-0.0173,0.39
development industrial,2019,701,1564,73186,187801,0.00571,0.00448,0.0051,0.0031,0.607,0.000535,0.000374,0.698,-0.2439,-0.39,-0.0173,0.39
development environment,2019,701,1564,73186,187801,0.00571,0.00448,0.0055,0.0036,0.645,0.000576,0.000427,0.741,-0.2439,-0.39,-0.0173,0.39
development world,2019,701,1564,73186,187801,0.00571,0.00448,0.0066,0.0034,0.519,0.000693,0.000413,0.597,-0.2439,-0.39,-0.0173,0.39
report,2019,701,1564,73186,187801,0.04422,0.03453,0.0333,0.0225,0.676,0.00348,0.002705,0.777,-0.2476,-1.12,-0.0499,1.12
entrepreneur,2019,701,1564,73186,187801,0.10984,0.08568,0.122,0.0764,0.627,0.012734,0.009179,0.721,-0.2485,-1.83,-0.0814,1.83
national,2019,701,1564,73186,187801,0.12839,0.09974,0.1076,0.0554,0.515,0.011232,0.006651,0.592,-0.2525,-2.03,-0.0901,2.03
decline,2019,701,1564,73186,187801,0.03138,0.0243,0.0222,0.0168,0.756,0.002321,0.002018,0.869,-0.2561,-0.97,-0.0431,0.97
natural environment,2019,701,1564,73186,187801,0.01569,0.01215,0.0125,0.0087,0.696,0.001306,0.001046,0.801,-0.2563,-0.68,-0.0302,0.68
locally,2019,701,1564,73186,187801,0.01569,0.01215,0.0119,0.0085,0.717,0.001242,0.001023,0.824,-0.2563,-0.68,-0.0302,0.68
development urban,2019,701,1564,73186,187801,0.01569,0.01215,0.0157,0.0071,0.452,0.001641,0.000854,0.52,-0.2563,-0.68,-0.0302,0.68
define,2019,701,1564,73186,187801,0.04137,0.03197,0.0294,0.0181,0.616,0.00307,0.002176,0.709,-0.2579,-1.13,-0.05,1.13
activity,2019,701,1564,73186,187801,0.22111,0.17072,0.1311,0.0835,0.637,0.013686,0.010024,0.732,-0.2587,-2.87,-0.127,2.87
consideration,2019,701,1564,73186,187801,0.03566,0.02749,0.0256,0.0158,0.619,0.002669,0.001901,0.712,-0.2603,-1.05,-0.0467,1.05
tradition,2019,701,1564,73186,187801,0.03566,0.02749,0.0305,0.0224,0.736,0.003182,0.002696,0.847,-0.2603,-1.05,-0.0467,1.05
product,2019,701,1564,73186,187801,0.15549,0.11957,0.1197,0.0699,0.584,0.012493,0.00839,0.672,-0.2628,-2.35,-0.1043,2.35
provision,2019,701,1564,73186,187801,0.01997,0.01535,0.0141,0.01,0.71,0.001477,0.001206,0.816,-0.2638,-0.79,-0.0351,0.79
national park,2019,701,1564,73186,187801,0.01997,0.01535,0.0437,0.0208,0.477,0.004563,0.002503,0.548,-0.2638,-0.79,-0.0351,0.79
indian,2019,701,1564,73186,187801,0.00999,0.00767,0.0154,0.0067,0.435,0.001609,0.000806,0.501,-0.2641,-0.56,-0.0247,0.56
development stakeholder,2019,701,1564,73186,187801,0.00999,0.00767,0.0114,0.005,0.437,0.001186,0.000597,0.503,-0.2641,-0.56,-0.0247,0.56
tourist industry,2019,701,1564,73186,187801,0.00999,0.00767,0.0144,0.0067,0.467,0.001501,0.000807,0.538,-0.2641,-0.56,-0.0247,0.56
favour,2019,701,1564,73186,187801,0.00999,0.00767,0.0089,0.0049,0.552,0.000925,0.000587,0.635,-0.2641,-0.56,-0.0247,0.56
migration,2019,701,1564,73186,187801,0.00999,0.00767,0.0146,0.0084,0.576,0.001527,0.001011,0.662,-0.2641,-0.56,-0.0247,0.56
tourism framework,2019,701,1564,73186,187801,0.00999,0.00767,0.0076,0.0052,0.69,0.000791,0.000627,0.793,-0.2641,-0.56,-0.0247,0.56
absence,2019,701,1564,73186,187801,0.00999,0.00767,0.0093,0.0046,0.498,0.00097,0.000555,0.572,-0.2641,-0.56,-0.0247,0.56
destination market,2019,701,1564,73186,187801,0.00999,0.00767,0.0128,0.0073,0.569,0.00134,0.000877,0.655,-0.2641,-0.56,-0.0247,0.56
loyalty,2019,701,1564,73186,187801,0.00999,0.00767,0.0155,0.0086,0.556,0.001623,0.001038,0.64,-0.2641,-0.56,-0.0247,0.56
rural economy,2019,701,1564,73186,187801,0.00999,0.00767,0.0099,0.0051,0.514,0.001035,0.000612,0.591,-0.2641,-0.56,-0.0247,0.56
dependency,2019,701,1564,73186,187801,0.00999,0.00767,0.0074,0.0057,0.767,0.000777,0.000686,0.882,-0.2641,-0.56,-0.0247,0.56
expertise,2019,701,1564,73186,187801,0.00999,0.00767,0.0101,0.0051,0.505,0.001054,0.000612,0.58,-0.2641,-0.56,-0.0247,0.56
combination,2019,701,1564,73186,187801,0.03424,0.02621,0.025,0.0148,0.592,0.002606,0.001776,0.681,-0.2671,-1.06,-0.0469,1.06
supply,2019,701,1564,73186,187801,0.0485,0.03708,0.046,0.0283,0.616,0.004802,0.0034,0.708,-0.2685,-1.27,-0.0564,1.27
geographical,2019,701,1564,73186,187801,0.0428,0.03261,0.0352,0.0214,0.607,0.003672,0.002565,0.699,-0.272,-1.21,-0.0535,1.21
useful,2019,701,1564,73186,187801,0.02853,0.02174,0.0207,0.0125,0.606,0.002162,0.001506,0.697,-0.2721,-0.98,-0.0434,0.98
heritage site,2019,701,1564,73186,187801,0.02853,0.02174,0.0373,0.0203,0.545,0.003889,0.002436,0.626,-0.2721,-0.98,-0.0434,0.98
capacity build,2019,701,1564,73186,187801,0.01427,0.01087,0.0184,0.0104,0.566,0.001926,0.001253,0.651,-0.2723,-0.69,-0.0305,0.69
property,2019,701,1564,73186,187801,0.01427,0.01087,0.0281,0.0133,0.474,0.002937,0.001599,0.545,-0.2723,-0.69,-0.0305,0.69
represent,2019,701,1564,73186,187801,0.07418,0.05627,0.0473,0.0248,0.524,0.004943,0.002981,0.603,-0.2765,-1.64,-0.0725,1.64
rural community,2019,701,1564,73186,187801,0.04137,0.03133,0.0488,0.0237,0.485,0.005095,0.002842,0.558,-0.2781,-1.21,-0.0536,1.21
recreation,2019,701,1564,73186,187801,0.02282,0.01726,0.0243,0.0168,0.692,0.002532,0.002016,0.796,-0.2795,-0.9,-0.0397,0.9
east,2019,701,1564,73186,187801,0.0271,0.02046,0.0301,0.016,0.53,0.003145,0.001918,0.61,-0.2814,-0.98,-0.0436,0.98
behaviour,2019,701,1564,73186,187801,0.0271,0.02046,0.0316,0.0186,0.589,0.003295,0.002233,0.678,-0.2814,-0.98,-0.0436,0.98
game,2019,701,1564,73186,187801,0.03566,0.02685,0.0415,0.0277,0.667,0.004334,0.003327,0.768,-0.2838,-1.14,-0.0506,1.14
pay,2019,701,1564,73186,187801,0.03566,0.02685,0.0289,0.0161,0.557,0.003014,0.00193,0.64,-0.2838,-1.14,-0.0506,1.14
international,2019,701,1564,73186,187801,0.13267,0.0991,0.0992,0.0547,0.551,0.010359,0.006567,0.634,-0.2917,-2.37,-0.1049,2.37
tourism enterprise,2019,701,1564,73186,187801,0.03424,0.02558,0.032,0.0207,0.649,0.003339,0.002492,0.746,-0.2918,-1.15,-0.0509,1.15
stimulate,2019,701,1564,73186,187801,0.05136,0.03836,0.0341,0.0223,0.654,0.003564,0.002681,0.752,-0.2918,-1.42,-0.0628,1.42
deliver,2019,701,1564,73186,187801,0.01712,0.01279,0.0138,0.0081,0.584,0.001443,0.00097,0.672,-0.292,-0.81,-0.0357,0.81
maker,2019,701,1564,73186,187801,0.01712,0.01279,0.0145,0.0072,0.501,0.001509,0.000869,0.576,-0.292,-0.81,-0.0357,0.81
participation tourism,2019,701,1564,73186,187801,0.01712,0.01279,0.0161,0.01,0.625,0.001676,0.001205,0.719,-0.292,-0.81,-0.0357,0.81
information communication,2019,701,1564,73186,187801,0.01712,0.01279,0.0146,0.008,0.55,0.001523,0.000964,0.633,-0.292,-0.81,-0.0357,0.81
recreational,2019,701,1564,73186,187801,0.01712,0.01279,0.0114,0.0142,1.254,0.001186,0.00171,1.442,-0.292,-0.81,-0.0357,0.81
union,2019,701,1564,73186,187801,0.01284,0.00959,0.012,0.0082,0.679,0.001256,0.000981,0.781,-0.2921,-0.7,-0.0308,0.7
tourism benefit,2019,701,1564,73186,187801,0.01284,0.00959,0.012,0.007,0.583,0.001256,0.000843,0.671,-0.2921,-0.7,-0.0308,0.7
turkey,2019,701,1564,73186,187801,0.00856,0.00639,0.0204,0.0059,0.291,0.002128,0.000712,0.335,-0.2923,-0.57,-0.0251,0.57
assistance,2019,701,1564,73186,187801,0.00856,0.00639,0.009,0.0053,0.582,0.000942,0.000631,0.67,-0.2923,-0.57,-0.0251,0.57
minority,2019,701,1564,73186,187801,0.00856,0.00639,0.0146,0.0073,0.501,0.001528,0.00088,0.576,-0.2923,-0.57,-0.0251,0.57
entrepreneurial activity,2019,701,1564,73186,187801,0.00856,0.00639,0.0115,0.0072,0.626,0.001201,0.000865,0.72,-0.2923,-0.57,-0.0251,0.57
instance,2019,701,1564,73186,187801,0.00856,0.00639,0.0087,0.0043,0.486,0.000913,0.00051,0.559,-0.2923,-0.57,-0.0251,0.57
small island,2019,701,1564,73186,187801,0.00856,0.00639,0.0174,0.0081,0.463,0.001821,0.00097,0.532,-0.2923,-0.57,-0.0251,0.57
island tourism,2019,701,1564,73186,187801,0.00856,0.00639,0.0096,0.009,0.945,0.000998,0.001085,1.087,-0.2923,-0.57,-0.0251,0.57
nowadays,2019,701,1564,73186,187801,0.00856,0.00639,0.0068,0.0041,0.608,0.000713,0.000498,0.699,-0.2923,-0.57,-0.0251,0.57
resident tourism,2019,701,1564,73186,187801,0.00856,0.00639,0.008,0.0063,0.777,0.00084,0.000751,0.894,-0.2923,-0.57,-0.0251,0.57
sustainable livelihood,2019,701,1564,73186,187801,0.00856,0.00639,0.0148,0.0092,0.623,0.00154,0.001103,0.716,-0.2923,-0.57,-0.0251,0.57
fall,2019,701,1564,73186,187801,0.00856,0.00639,0.0069,0.0046,0.669,0.000723,0.000557,0.77,-0.2923,-0.57,-0.0251,0.57
croatia,2019,701,1564,73186,187801,0.00856,0.00639,0.0191,0.008,0.418,0.001996,0.000959,0.481,-0.2923,-0.57,-0.0251,0.57
term tourism,2019,701,1564,73186,187801,0.00856,0.00639,0.0097,0.0037,0.385,0.001013,0.000448,0.443,-0.2923,-0.57,-0.0251,0.57
inbound,2019,701,1564,73186,187801,0.00856,0.00639,0.0186,0.0091,0.487,0.001944,0.00109,0.561,-0.2923,-0.57,-0.0251,0.57
mountain community,2019,701,1564,73186,187801,0.00428,0.0032,0.0039,0.0047,1.209,0.000404,0.000562,1.391,-0.293,-0.4,-0.0177,0.4
external environment,2019,701,1564,73186,187801,0.00428,0.0032,0.0059,0.0031,0.518,0.000619,0.000368,0.595,-0.293,-0.4,-0.0177,0.4
critical success,2019,701,1564,73186,187801,0.00428,0.0032,0.0038,0.0063,1.656,0.000399,0.00076,1.905,-0.293,-0.4,-0.0177,0.4
perception social,2019,701,1564,73186,187801,0.00428,0.0032,0.0061,0.0033,0.537,0.000635,0.000392,0.617,-0.293,-0.4,-0.0177,0.4
hainan,2019,701,1564,73186,187801,0.00428,0.0032,0.0147,0.0083,0.563,0.001538,0.000996,0.647,-0.293,-0.4,-0.0177,0.4
spatial plan,2019,701,1564,73186,187801,0.00428,0.0032,0.0051,0.0042,0.833,0.000531,0.000508,0.958,-0.293,-0.4,-0.0177,0.4
nautical,2019,701,1564,73186,187801,0.00428,0.0032,0.0175,0.0099,0.567,0.001825,0.001191,0.652,-0.293,-0.4,-0.0177,0.4
golf,2019,701,1564,73186,187801,0.00428,0.0032,0.0135,0.0066,0.486,0.001409,0.000788,0.559,-0.293,-0.4,-0.0177,0.4
african tourism,2019,701,1564,73186,187801,0.00428,0.0032,0.0054,0.0048,0.89,0.000561,0.000575,1.024,-0.293,-0.4,-0.0177,0.4
egypt,2019,701,1564,73186,187801,0.00428,0.0032,0.0133,0.0061,0.458,0.00139,0.000732,0.527,-0.293,-0.4,-0.0177,0.4
local municipality,2019,701,1564,73186,187801,0.00428,0.0032,0.0067,0.0058,0.857,0.000703,0.000693,0.985,-0.293,-0.4,-0.0177,0.4
protect tourism,2019,701,1564,73186,187801,0.00428,0.0032,0.0082,0.0046,0.568,0.000852,0.000557,0.654,-0.293,-0.4,-0.0177,0.4
technological progress,2019,701,1564,73186,187801,0.00428,0.0032,0.0047,0.0032,0.682,0.000493,0.000387,0.784,-0.293,-0.4,-0.0177,0.4
local inhabitant,2019,701,1564,73186,187801,0.00428,0.0032,0.0058,0.0052,0.887,0.00061,0.000623,1.02,-0.293,-0.4,-0.0177,0.4
growth rural,2019,701,1564,73186,187801,0.00428,0.0032,0.0054,0.0023,0.426,0.000568,0.000278,0.49,-0.293,-0.4,-0.0177,0.4
oecd,2019,701,1564,73186,187801,0.00428,0.0032,0.0081,0.0029,0.354,0.000848,0.000345,0.407,-0.293,-0.4,-0.0177,0.4
porter,2019,701,1564,73186,187801,0.00428,0.0032,0.0049,0.0035,0.705,0.000512,0.000415,0.811,-0.293,-0.4,-0.0177,0.4
community ecotourism,2019,701,1564,73186,187801,0.00428,0.0032,0.0139,0.0044,0.315,0.001452,0.000526,0.362,-0.293,-0.4,-0.0177,0.4
real estate,2019,701,1564,73186,187801,0.00428,0.0032,0.0064,0.007,1.108,0.000663,0.000845,1.274,-0.293,-0.4,-0.0177,0.4
earthquake,2019,701,1564,73186,187801,0.00428,0.0032,0.0055,0.0056,1.027,0.00057,0.000674,1.181,-0.293,-0.4,-0.0177,0.4
biosphere reserve,2019,701,1564,73186,187801,0.00428,0.0032,0.0091,0.0072,0.791,0.000946,0.000861,0.91,-0.293,-0.4,-0.0177,0.4
often,2019,701,1564,73186,187801,0.07561,0.05627,0.0505,0.0275,0.545,0.005274,0.003306,0.627,-0.2955,-1.76,-0.0779,1.76
authority,2019,701,1564,73186,187801,0.04565,0.03389,0.0331,0.0202,0.612,0.003452,0.002431,0.704,-0.298,-1.36,-0.0602,1.36
overcome,2019,701,1564,73186,187801,0.03281,0.0243,0.0258,0.0147,0.568,0.002698,0.001763,0.653,-0.3006,-1.16,-0.0511,1.16
situation,2019,701,1564,73186,187801,0.05278,0.039,0.0353,0.0221,0.627,0.003689,0.002659,0.721,-0.3026,-1.49,-0.0658,1.49
lifestyle,2019,701,1564,73186,187801,0.02425,0.0179,0.0331,0.0219,0.66,0.003456,0.002625,0.76,-0.3037,-1.0,-0.0442,1.0
surround,2019,701,1564,73186,187801,0.02425,0.0179,0.0189,0.0127,0.671,0.001975,0.001524,0.772,-0.3037,-1.0,-0.0442,1.0
problem,2019,701,1564,73186,187801,0.09272,0.06841,0.0649,0.0333,0.513,0.00678,0.003999,0.59,-0.3041,-2.02,-0.0893,2.02
organization,2019,701,1564,73186,187801,0.09986,0.07353,0.0725,0.0411,0.567,0.007573,0.004935,0.652,-0.3061,-2.12,-0.0936,2.12
engineer,2019,701,1564,73186,187801,0.01997,0.01471,0.0149,0.0095,0.637,0.00156,0.001143,0.733,-0.3063,-0.91,-0.0403,0.91
tourism economics,2019,701,1564,73186,187801,0.03566,0.02621,0.0213,0.0131,0.613,0.002223,0.001569,0.706,-0.3079,-1.23,-0.0546,1.23
accommodation,2019,701,1564,73186,187801,0.03138,0.02302,0.0342,0.0268,0.786,0.003567,0.003223,0.904,-0.3102,-1.16,-0.0514,1.16
available,2019,701,1564,73186,187801,0.03138,0.02302,0.0196,0.0137,0.699,0.00205,0.001648,0.804,-0.3102,-1.16,-0.0514,1.16
mine,2019,701,1564,73186,187801,0.01569,0.01151,0.0239,0.0296,1.238,0.002495,0.003552,1.424,-0.3104,-0.82,-0.0361,0.82
avoid,2019,701,1564,73186,187801,0.01569,0.01151,0.0135,0.0078,0.581,0.001405,0.000938,0.668,-0.3104,-0.82,-0.0361,0.82
typology,2019,701,1564,73186,187801,0.01569,0.01151,0.0154,0.0113,0.736,0.001608,0.001361,0.846,-0.3104,-0.82,-0.0361,0.82
social responsibility,2019,701,1564,73186,187801,0.01569,0.01151,0.0263,0.0122,0.464,0.002741,0.001464,0.534,-0.3104,-0.82,-0.0361,0.82
tourism local,2019,701,1564,73186,187801,0.0428,0.03133,0.0334,0.0221,0.662,0.003482,0.002651,0.761,-0.312,-1.37,-0.0607,1.37
art,2019,701,1564,73186,187801,0.0271,0.01982,0.0331,0.02,0.603,0.003458,0.002397,0.693,-0.3131,-1.09,-0.0481,1.09
especially,2019,701,1564,73186,187801,0.08845,0.06458,0.0537,0.0313,0.583,0.005609,0.003762,0.671,-0.3146,-2.03,-0.0898,2.03
african,2019,701,1564,73186,187801,0.02282,0.01662,0.0264,0.0145,0.55,0.002761,0.001745,0.632,-0.3172,-1.01,-0.0446,1.01
tourism cbt,2019,701,1564,73186,187801,0.02282,0.01662,0.0196,0.0115,0.587,0.002043,0.001378,0.675,-0.3172,-1.01,-0.0446,1.01
plan,2019,701,1564,73186,187801,0.22397,0.16304,0.1939,0.0821,0.424,0.020248,0.009863,0.487,-0.3175,-3.5,-0.1542,3.5
widespread,2019,701,1564,73186,187801,0.01141,0.00831,0.0107,0.0053,0.492,0.001118,0.000632,0.566,-0.3175,-0.71,-0.0314,0.71
step,2019,701,1564,73186,187801,0.02996,0.02174,0.0285,0.0118,0.413,0.002977,0.001414,0.475,-0.3208,-1.17,-0.0518,1.17
derive,2019,701,1564,73186,187801,0.02996,0.02174,0.0203,0.0121,0.595,0.00212,0.00145,0.684,-0.3208,-1.17,-0.0518,1.17
editorial matter,2019,701,1564,73186,187801,0.01854,0.01343,0.0131,0.0081,0.619,0.001367,0.000973,0.712,-0.3232,-0.92,-0.0408,0.92
local economic,2019,701,1564,73186,187801,0.02568,0.01854,0.0268,0.0164,0.611,0.002795,0.001964,0.703,-0.3258,-1.1,-0.0485,1.1
development innovation,2019,701,1564,73186,187801,0.02568,0.01854,0.0229,0.0114,0.498,0.002392,0.001371,0.573,-0.3258,-1.1,-0.0485,1.1
determinant,2019,701,1564,73186,187801,0.02568,0.01854,0.0292,0.0124,0.426,0.003049,0.001494,0.49,-0.3258,-1.1,-0.0485,1.1
nature tourism,2019,701,1564,73186,187801,0.02568,0.01854,0.0274,0.0239,0.874,0.002858,0.002871,1.005,-0.3258,-1.1,-0.0485,1.1
benefit,2019,701,1564,73186,187801,0.1883,0.13555,0.1074,0.0589,0.548,0.011213,0.007074,0.631,-0.3287,-3.25,-0.1432,3.25
western,2019,701,1564,73186,187801,0.04993,0.03581,0.0378,0.0235,0.623,0.003945,0.002827,0.717,-0.3326,-1.58,-0.0697,1.58
responsibility,2019,701,1564,73186,187801,0.03566,0.02558,0.0418,0.0211,0.506,0.004364,0.002538,0.582,-0.3326,-1.33,-0.0586,1.33
governmental,2019,701,1564,73186,187801,0.0214,0.01535,0.0209,0.011,0.528,0.002177,0.001321,0.607,-0.3327,-1.02,-0.0451,1.02
basic,2019,701,1564,73186,187801,0.02853,0.02046,0.0202,0.0101,0.503,0.002104,0.001216,0.578,-0.3327,-1.18,-0.0522,1.18
international tourism,2019,701,1564,73186,187801,0.0214,0.01535,0.0209,0.0135,0.647,0.002182,0.001624,0.744,-0.3327,-1.02,-0.0451,1.02
host community,2019,701,1564,73186,187801,0.0214,0.01535,0.0149,0.0144,0.966,0.001555,0.001727,1.111,-0.3327,-1.02,-0.0451,1.02
underpin,2019,701,1564,73186,187801,0.01427,0.01023,0.0134,0.0064,0.477,0.001395,0.000764,0.548,-0.3328,-0.83,-0.0367,0.83
fish,2019,701,1564,73186,187801,0.01427,0.01023,0.0226,0.0168,0.743,0.002358,0.002014,0.854,-0.3328,-0.83,-0.0367,0.83
marginal,2019,701,1564,73186,187801,0.01427,0.01023,0.0146,0.0102,0.702,0.00152,0.001227,0.807,-0.3328,-0.83,-0.0367,0.83
resistance,2019,701,1564,73186,187801,0.01427,0.01023,0.0172,0.014,0.816,0.001792,0.001682,0.939,-0.3328,-0.83,-0.0367,0.83
activity tourism,2019,701,1564,73186,187801,0.01427,0.01023,0.0125,0.0066,0.531,0.001304,0.000796,0.611,-0.3328,-0.83,-0.0367,0.83
management innovation,2019,701,1564,73186,187801,0.01427,0.01023,0.0179,0.0077,0.432,0.001872,0.00093,0.497,-0.3328,-0.83,-0.0367,0.83
benefit local,2019,701,1564,73186,187801,0.01427,0.01023,0.0109,0.0063,0.58,0.001137,0.000759,0.667,-0.3328,-0.83,-0.0367,0.83
sectoral,2019,701,1564,73186,187801,0.01427,0.01023,0.0156,0.0065,0.417,0.001629,0.000781,0.479,-0.3328,-0.83,-0.0367,0.83
mexico,2019,701,1564,73186,187801,0.01427,0.01023,0.026,0.0165,0.633,0.002719,0.001978,0.728,-0.3328,-0.83,-0.0367,0.83
tourism landscape,2019,701,1564,73186,187801,0.00713,0.00512,0.0102,0.0034,0.331,0.001063,0.000405,0.381,-0.3332,-0.59,-0.0259,0.59
survive,2019,701,1564,73186,187801,0.00713,0.00512,0.007,0.0035,0.498,0.000731,0.000419,0.573,-0.3332,-0.59,-0.0259,0.59
entrepreneur rural,2019,701,1564,73186,187801,0.00713,0.00512,0.0065,0.0047,0.715,0.000682,0.00056,0.822,-0.3332,-0.59,-0.0259,0.59
network tourism,2019,701,1564,73186,187801,0.00713,0.00512,0.0116,0.0037,0.322,0.001208,0.000448,0.37,-0.3332,-0.59,-0.0259,0.59
deploy,2019,701,1564,73186,187801,0.00713,0.00512,0.0087,0.0037,0.429,0.000909,0.000448,0.493,-0.3332,-0.59,-0.0259,0.59
africa tourism,2019,701,1564,73186,187801,0.00713,0.00512,0.0067,0.0043,0.646,0.000699,0.000519,0.743,-0.3332,-0.59,-0.0259,0.59
policy plan,2019,701,1564,73186,187801,0.00713,0.00512,0.0099,0.0045,0.453,0.001034,0.000538,0.521,-0.3332,-0.59,-0.0259,0.59
cite,2019,701,1564,73186,187801,0.00713,0.00512,0.0052,0.0045,0.877,0.000538,0.000543,1.009,-0.3332,-0.59,-0.0259,0.59
spring,2019,701,1564,73186,187801,0.00713,0.00512,0.006,0.004,0.666,0.000627,0.000481,0.766,-0.3332,-0.59,-0.0259,0.59
resource development,2019,701,1564,73186,187801,0.00713,0.00512,0.0078,0.0056,0.717,0.000815,0.000672,0.825,-0.3332,-0.59,-0.0259,0.59
enrichment,2019,701,1564,73186,187801,0.00713,0.00512,0.0097,0.004,0.419,0.001008,0.000485,0.481,-0.3332,-0.59,-0.0259,0.59
geological heritage,2019,701,1564,73186,187801,0.00713,0.00512,0.006,0.0049,0.815,0.00063,0.00059,0.937,-0.3332,-0.59,-0.0259,0.59
importance tourism,2019,701,1564,73186,187801,0.00713,0.00512,0.0086,0.0047,0.548,0.000899,0.000566,0.63,-0.3332,-0.59,-0.0259,0.59
build community,2019,701,1564,73186,187801,0.00713,0.00512,0.0084,0.0039,0.464,0.000874,0.000466,0.533,-0.3332,-0.59,-0.0259,0.59
replace,2019,701,1564,73186,187801,0.00713,0.00512,0.0072,0.0038,0.523,0.000751,0.000452,0.602,-0.3332,-0.59,-0.0259,0.59
activity local,2019,701,1564,73186,187801,0.00713,0.00512,0.0065,0.0035,0.537,0.000678,0.000419,0.618,-0.3332,-0.59,-0.0259,0.59
completely,2019,701,1564,73186,187801,0.00713,0.00512,0.0057,0.0035,0.622,0.000592,0.000424,0.715,-0.3332,-0.59,-0.0259,0.59
prompt,2019,701,1564,73186,187801,0.00713,0.00512,0.0061,0.0042,0.68,0.00064,0.000501,0.782,-0.3332,-0.59,-0.0259,0.59
participation community,2019,701,1564,73186,187801,0.00713,0.00512,0.0091,0.0046,0.5,0.000953,0.000548,0.575,-0.3332,-0.59,-0.0259,0.59
address tourism,2019,701,1564,73186,187801,0.00713,0.00512,0.0062,0.0047,0.751,0.000647,0.000558,0.863,-0.3332,-0.59,-0.0259,0.59
development perspective,2019,701,1564,73186,187801,0.00713,0.00512,0.0083,0.0031,0.374,0.000866,0.000373,0.43,-0.3332,-0.59,-0.0259,0.59
development lead,2019,701,1564,73186,187801,0.00713,0.00512,0.007,0.0033,0.472,0.000731,0.000396,0.542,-0.3332,-0.59,-0.0259,0.59
internal,2019,701,1564,73186,187801,0.03138,0.02238,0.0285,0.014,0.492,0.002976,0.001684,0.566,-0.3383,-1.26,-0.0557,1.26
development social,2019,701,1564,73186,187801,0.02425,0.01726,0.0186,0.0102,0.548,0.001942,0.001225,0.631,-0.3401,-1.11,-0.049,1.11
extent,2019,701,1564,73186,187801,0.04137,0.02941,0.0301,0.0164,0.546,0.003138,0.001969,0.627,-0.3413,-1.47,-0.0647,1.47
although,2019,701,1564,73186,187801,0.06847,0.04859,0.0457,0.0237,0.519,0.004772,0.002849,0.597,-0.343,-1.92,-0.0847,1.92
local population,2019,701,1564,73186,187801,0.01712,0.01215,0.0153,0.0105,0.687,0.001597,0.001262,0.791,-0.3433,-0.94,-0.0414,0.94
refer,2019,701,1564,73186,187801,0.01712,0.01215,0.0141,0.0076,0.541,0.001473,0.000916,0.622,-0.3433,-0.94,-0.0414,0.94
assist,2019,701,1564,73186,187801,0.01712,0.01215,0.0129,0.0074,0.577,0.001346,0.000893,0.664,-0.3433,-0.94,-0.0414,0.94
local government,2019,701,1564,73186,187801,0.03709,0.02621,0.0356,0.0226,0.634,0.003719,0.002711,0.729,-0.3471,-1.41,-0.0621,1.41
detail,2019,701,1564,73186,187801,0.03709,0.02621,0.0234,0.0138,0.59,0.002446,0.001659,0.678,-0.3471,-1.41,-0.0621,1.41
attraction,2019,701,1564,73186,187801,0.08417,0.05946,0.0606,0.0388,0.641,0.00633,0.004663,0.737,-0.3475,-2.17,-0.0957,2.17
success,2019,701,1564,73186,187801,0.0699,0.04923,0.0567,0.031,0.547,0.00592,0.003723,0.629,-0.3506,-1.98,-0.0873,1.98
series,2019,701,1564,73186,187801,0.02996,0.0211,0.0231,0.0137,0.594,0.002408,0.001645,0.683,-0.3507,-1.27,-0.0562,1.27
agent,2019,701,1564,73186,187801,0.01997,0.01407,0.0264,0.0113,0.428,0.002757,0.001357,0.492,-0.3508,-1.04,-0.0457,1.04
editorial,2019,701,1564,73186,187801,0.01997,0.01407,0.0141,0.0083,0.588,0.001474,0.000996,0.676,-0.3508,-1.04,-0.0457,1.04
device,2019,701,1564,73186,187801,0.00999,0.00703,0.0093,0.0052,0.555,0.000975,0.000622,0.638,-0.351,-0.73,-0.0321,0.73
development emerge,2019,701,1564,73186,187801,0.00999,0.00703,0.011,0.0054,0.493,0.001146,0.00065,0.568,-0.351,-0.73,-0.0321,0.73
tourism concept,2019,701,1564,73186,187801,0.00999,0.00703,0.0112,0.0061,0.541,0.001173,0.00073,0.622,-0.351,-0.73,-0.0321,0.73
urban plan,2019,701,1564,73186,187801,0.00999,0.00703,0.0091,0.0056,0.616,0.000947,0.000671,0.708,-0.351,-0.73,-0.0321,0.73
aspiration,2019,701,1564,73186,187801,0.00999,0.00703,0.0137,0.0051,0.372,0.001435,0.000613,0.428,-0.351,-0.73,-0.0321,0.73
usa,2019,701,1564,73186,187801,0.00999,0.00703,0.0104,0.0054,0.518,0.001084,0.000646,0.596,-0.351,-0.73,-0.0321,0.73
proposition,2019,701,1564,73186,187801,0.00999,0.00703,0.0103,0.0083,0.804,0.001079,0.000997,0.925,-0.351,-0.73,-0.0321,0.73
attachment,2019,701,1564,73186,187801,0.00999,0.00703,0.0132,0.006,0.455,0.001378,0.000721,0.523,-0.351,-0.73,-0.0321,0.73
policy development,2019,701,1564,73186,187801,0.00999,0.00703,0.0115,0.0047,0.411,0.001199,0.000566,0.472,-0.351,-0.73,-0.0321,0.73
tourism create,2019,701,1564,73186,187801,0.00999,0.00703,0.0102,0.0041,0.399,0.001064,0.000488,0.459,-0.351,-0.73,-0.0321,0.73
tourism supply,2019,701,1564,73186,187801,0.00999,0.00703,0.0095,0.007,0.74,0.000993,0.000844,0.851,-0.351,-0.73,-0.0321,0.73
support tourism,2019,701,1564,73186,187801,0.02282,0.01598,0.0205,0.0115,0.562,0.002138,0.001383,0.647,-0.3564,-1.12,-0.0496,1.12
frame,2019,701,1564,73186,187801,0.02282,0.01598,0.0174,0.0117,0.674,0.001819,0.00141,0.775,-0.3564,-1.12,-0.0496,1.12
end,2019,701,1564,73186,187801,0.03566,0.02494,0.0282,0.015,0.53,0.002946,0.001796,0.61,-0.3579,-1.42,-0.0626,1.42
decade,2019,701,1564,73186,187801,0.0485,0.03389,0.0341,0.0191,0.561,0.003558,0.002296,0.645,-0.3587,-1.67,-0.0735,1.67
country tourism,2019,701,1564,73186,187801,0.01284,0.00895,0.0106,0.0061,0.573,0.00111,0.000732,0.659,-0.361,-0.85,-0.0374,0.85
policy maker,2019,701,1564,73186,187801,0.01284,0.00895,0.0107,0.0051,0.482,0.001112,0.000616,0.554,-0.361,-0.85,-0.0374,0.85
party,2019,701,1564,73186,187801,0.01284,0.00895,0.0116,0.0064,0.547,0.001214,0.000765,0.63,-0.361,-0.85,-0.0374,0.85
management tourist,2019,701,1564,73186,187801,0.01284,0.00895,0.0106,0.0056,0.527,0.001108,0.000671,0.606,-0.361,-0.85,-0.0374,0.85
successful,2019,701,1564,73186,187801,0.05706,0.03964,0.0432,0.0226,0.523,0.004508,0.002711,0.601,-0.3643,-1.84,-0.0812,1.84
individual,2019,701,1564,73186,187801,0.07846,0.05435,0.0508,0.0264,0.52,0.0053,0.00317,0.598,-0.3672,-2.2,-0.0968,2.2
productive,2019,701,1564,73186,187801,0.01569,0.01087,0.0151,0.0111,0.732,0.001577,0.001328,0.842,-0.3675,-0.96,-0.0421,0.96
centre,2019,701,1564,73186,187801,0.01569,0.01087,0.0146,0.0079,0.542,0.001528,0.000952,0.623,-0.3675,-0.96,-0.0421,0.96
government policy,2019,701,1564,73186,187801,0.01569,0.01087,0.0132,0.0078,0.59,0.00138,0.000937,0.679,-0.3675,-0.96,-0.0421,0.96
stay,2019,701,1564,73186,187801,0.01569,0.01087,0.0232,0.008,0.346,0.002424,0.000964,0.398,-0.3675,-0.96,-0.0421,0.96
depend,2019,701,1564,73186,187801,0.03424,0.02366,0.0249,0.0123,0.496,0.002597,0.001482,0.571,-0.3698,-1.43,-0.0631,1.43
connect,2019,701,1564,73186,187801,0.03424,0.02366,0.0242,0.0131,0.539,0.00253,0.00157,0.62,-0.3698,-1.43,-0.0631,1.43
globalization,2019,701,1564,73186,187801,0.01854,0.01279,0.0148,0.0112,0.759,0.001545,0.001349,0.873,-0.372,-1.05,-0.0464,1.05
task,2019,701,1564,73186,187801,0.01854,0.01279,0.0209,0.0073,0.352,0.002177,0.000881,0.405,-0.372,-1.05,-0.0464,1.05
start,2019,701,1564,73186,187801,0.0428,0.02941,0.0332,0.0203,0.611,0.003464,0.002434,0.703,-0.3752,-1.63,-0.0717,1.63
though,2019,701,1564,73186,187801,0.0214,0.01471,0.0152,0.0088,0.578,0.001592,0.001058,0.665,-0.3753,-1.14,-0.0503,1.14
sub,2019,701,1564,73186,187801,0.02425,0.01662,0.0177,0.0148,0.834,0.001849,0.001773,0.959,-0.3778,-1.22,-0.0539,1.22
official,2019,701,1564,73186,187801,0.02996,0.02046,0.0259,0.0116,0.45,0.002702,0.001399,0.518,-0.3814,-1.38,-0.0606,1.38
network,2019,701,1564,73186,187801,0.12553,0.08568,0.19,0.063,0.332,0.019831,0.007563,0.381,-0.382,-2.95,-0.1297,2.95
raise,2019,701,1564,73186,187801,0.03281,0.02238,0.0277,0.0142,0.514,0.002892,0.001711,0.592,-0.3828,-1.45,-0.0637,1.45
dependent,2019,701,1564,73186,187801,0.03281,0.02238,0.0299,0.0139,0.464,0.003126,0.001667,0.533,-0.3828,-1.45,-0.0637,1.45
development tourist,2019,701,1564,73186,187801,0.05563,0.03772,0.0348,0.0193,0.555,0.003629,0.002316,0.638,-0.3886,-1.93,-0.0849,1.93
receive,2019,701,1564,73186,187801,0.03709,0.02494,0.0238,0.0135,0.568,0.002485,0.001624,0.654,-0.3971,-1.59,-0.0701,1.59
concern,2019,701,1564,73186,187801,0.0913,0.06138,0.0615,0.0294,0.479,0.00642,0.003536,0.551,-0.3971,-2.56,-0.1127,2.56
place,2019,701,1564,73186,187801,0.10556,0.07097,0.0848,0.0463,0.547,0.008849,0.005562,0.629,-0.3971,-2.78,-0.1219,2.78
throughout,2019,701,1564,73186,187801,0.02282,0.01535,0.0179,0.0095,0.533,0.001865,0.001143,0.613,-0.3972,-1.24,-0.0547,1.24
proposal,2019,701,1564,73186,187801,0.02282,0.01535,0.0207,0.0104,0.504,0.002157,0.001251,0.58,-0.3972,-1.24,-0.0547,1.24
commitment,2019,701,1564,73186,187801,0.01712,0.01151,0.0163,0.0124,0.761,0.001699,0.001486,0.875,-0.3973,-1.07,-0.0472,1.07
developer,2019,701,1564,73186,187801,0.01427,0.00959,0.0124,0.0066,0.533,0.001295,0.000794,0.613,-0.3973,-0.98,-0.0431,0.98
transfer,2019,701,1564,73186,187801,0.01997,0.01343,0.0222,0.0097,0.438,0.002314,0.001165,0.503,-0.3973,-1.16,-0.0511,1.16
frequently,2019,701,1564,73186,187801,0.01712,0.01151,0.0126,0.0074,0.588,0.001317,0.00089,0.676,-0.3973,-1.07,-0.0472,1.07
tourism company,2019,701,1564,73186,187801,0.01427,0.00959,0.0172,0.0089,0.519,0.001791,0.00107,0.597,-0.3973,-0.98,-0.0431,0.98
player,2019,701,1564,73186,187801,0.01712,0.01151,0.0156,0.0104,0.666,0.001633,0.00125,0.766,-0.3973,-1.07,-0.0472,1.07
tangible intangible,2019,701,1564,73186,187801,0.01141,0.00767,0.0145,0.0067,0.466,0.001512,0.00081,0.535,-0.3974,-0.88,-0.0385,0.88
even though,2019,701,1564,73186,187801,0.01141,0.00767,0.0094,0.0054,0.579,0.000978,0.000651,0.665,-0.3974,-0.88,-0.0385,0.88
typically,2019,701,1564,73186,187801,0.01141,0.00767,0.009,0.0051,0.569,0.000943,0.000617,0.654,-0.3974,-0.88,-0.0385,0.88
staff,2019,701,1564,73186,187801,0.01141,0.00767,0.0136,0.0058,0.422,0.001422,0.00069,0.486,-0.3974,-0.88,-0.0385,0.88
information management,2019,701,1564,73186,187801,0.01141,0.00767,0.009,0.0049,0.539,0.000942,0.000584,0.62,-0.3974,-0.88,-0.0385,0.88
applicability,2019,701,1564,73186,187801,0.01141,0.00767,0.009,0.0042,0.468,0.00094,0.000506,0.538,-0.3974,-0.88,-0.0385,0.88
beauty,2019,701,1564,73186,187801,0.01141,0.00767,0.0105,0.0061,0.582,0.001095,0.000732,0.669,-0.3974,-0.88,-0.0385,0.88
competence,2019,701,1564,73186,187801,0.00856,0.00575,0.0117,0.0071,0.607,0.001218,0.000851,0.698,-0.3976,-0.76,-0.0333,0.76
tourist product,2019,701,1564,73186,187801,0.00856,0.00575,0.0103,0.0056,0.548,0.00107,0.000674,0.63,-0.3976,-0.76,-0.0333,0.76
severe,2019,701,1564,73186,187801,0.00856,0.00575,0.0094,0.004,0.428,0.000985,0.000485,0.492,-0.3976,-0.76,-0.0333,0.76
poverty reduction,2019,701,1564,73186,187801,0.00856,0.00575,0.013,0.0053,0.408,0.001356,0.000636,0.469,-0.3976,-0.76,-0.0333,0.76
antecedent,2019,701,1564,73186,187801,0.00856,0.00575,0.0128,0.0052,0.401,0.00134,0.000618,0.462,-0.3976,-0.76,-0.0333,0.76
cultural asset,2019,701,1564,73186,187801,0.00856,0.00575,0.0094,0.0042,0.444,0.000976,0.000498,0.51,-0.3976,-0.76,-0.0333,0.76
charge,2019,701,1564,73186,187801,0.00856,0.00575,0.0073,0.0034,0.468,0.000758,0.000409,0.539,-0.3976,-0.76,-0.0333,0.76
tourism event,2019,701,1564,73186,187801,0.00856,0.00575,0.0121,0.0064,0.529,0.001262,0.000767,0.608,-0.3976,-0.76,-0.0333,0.76
tourism grow,2019,701,1564,73186,187801,0.00856,0.00575,0.006,0.004,0.671,0.000624,0.000481,0.771,-0.3976,-0.76,-0.0333,0.76
management organization,2019,701,1564,73186,187801,0.00856,0.00575,0.0081,0.0037,0.453,0.000848,0.000441,0.521,-0.3976,-0.76,-0.0333,0.76
autonomy,2019,701,1564,73186,187801,0.00856,0.00575,0.0084,0.0052,0.622,0.000873,0.000625,0.715,-0.3976,-0.76,-0.0333,0.76
autonomous,2019,701,1564,73186,187801,0.00856,0.00575,0.007,0.0045,0.635,0.000731,0.000535,0.731,-0.3976,-0.76,-0.0333,0.76
conceptualise,2019,701,1564,73186,187801,0.00856,0.00575,0.0068,0.0041,0.603,0.000709,0.000492,0.694,-0.3976,-0.76,-0.0333,0.76
articulate,2019,701,1564,73186,187801,0.00856,0.00575,0.0084,0.0041,0.491,0.000872,0.000493,0.565,-0.3976,-0.76,-0.0333,0.76
involve local,2019,701,1564,73186,187801,0.00856,0.00575,0.0087,0.0038,0.439,0.000905,0.000458,0.505,-0.3976,-0.76,-0.0333,0.76
southeast asia,2019,701,1564,73186,187801,0.00856,0.00575,0.009,0.0046,0.511,0.000938,0.000551,0.587,-0.3976,-0.76,-0.0333,0.76
spend,2019,701,1564,73186,187801,0.00856,0.00575,0.0089,0.0079,0.896,0.000924,0.000952,1.03,-0.3976,-0.76,-0.0333,0.76
foster tourism,2019,701,1564,73186,187801,0.00856,0.00575,0.0087,0.0042,0.485,0.000912,0.000508,0.558,-0.3976,-0.76,-0.0333,0.76
vulnerable,2019,701,1564,73186,187801,0.00856,0.00575,0.0068,0.0061,0.901,0.000705,0.000731,1.037,-0.3976,-0.76,-0.0333,0.76
sport development,2019,701,1564,73186,187801,0.00571,0.00384,0.008,0.0038,0.477,0.00084,0.000461,0.549,-0.3978,-0.62,-0.0271,0.62
oil,2019,701,1564,73186,187801,0.00571,0.00384,0.0175,0.0058,0.331,0.001826,0.000695,0.381,-0.3978,-0.62,-0.0271,0.62
multivariate,2019,701,1564,73186,187801,0.00571,0.00384,0.0063,0.0034,0.547,0.000656,0.000413,0.629,-0.3978,-0.62,-0.0271,0.62
develop nation,2019,701,1564,73186,187801,0.00571,0.00384,0.0097,0.003,0.312,0.001013,0.000363,0.359,-0.3978,-0.62,-0.0271,0.62
want,2019,701,1564,73186,187801,0.00571,0.00384,0.0103,0.0036,0.346,0.00108,0.00043,0.398,-0.3978,-0.62,-0.0271,0.62
child,2019,701,1564,73186,187801,0.00571,0.00384,0.0044,0.0053,1.2,0.000463,0.000639,1.38,-0.3978,-0.62,-0.0271,0.62
institutional innovation,2019,701,1564,73186,187801,0.00571,0.00384,0.0089,0.0059,0.666,0.000925,0.000708,0.766,-0.3978,-0.62,-0.0271,0.62
amount,2019,701,1564,73186,187801,0.00571,0.00384,0.0062,0.0036,0.585,0.000647,0.000435,0.673,-0.3978,-0.62,-0.0271,0.62
community sport,2019,701,1564,73186,187801,0.00571,0.00384,0.0054,0.0054,1.011,0.000563,0.000654,1.162,-0.3978,-0.62,-0.0271,0.62
technology tourist,2019,701,1564,73186,187801,0.00571,0.00384,0.0061,0.0028,0.455,0.000641,0.000335,0.524,-0.3978,-0.62,-0.0271,0.62
homestays,2019,701,1564,73186,187801,0.00571,0.00384,0.008,0.0039,0.485,0.00083,0.000463,0.557,-0.3978,-0.62,-0.0271,0.62
governance tourism,2019,701,1564,73186,187801,0.00571,0.00384,0.009,0.0028,0.314,0.000943,0.00034,0.361,-0.3978,-0.62,-0.0271,0.62
cultural attraction,2019,701,1564,73186,187801,0.00571,0.00384,0.0069,0.003,0.434,0.000722,0.00036,0.499,-0.3978,-0.62,-0.0271,0.62
stakeholder local,2019,701,1564,73186,187801,0.00571,0.00384,0.0077,0.003,0.389,0.000801,0.000359,0.448,-0.3978,-0.62,-0.0271,0.62
exclusion,2019,701,1564,73186,187801,0.00571,0.00384,0.0065,0.0032,0.494,0.000678,0.000386,0.569,-0.3978,-0.62,-0.0271,0.62
development village,2019,701,1564,73186,187801,0.00571,0.00384,0.0089,0.0026,0.292,0.000928,0.000311,0.336,-0.3978,-0.62,-0.0271,0.62
dilemma,2019,701,1564,73186,187801,0.00571,0.00384,0.0098,0.0038,0.392,0.001025,0.000462,0.451,-0.3978,-0.62,-0.0271,0.62
sociological,2019,701,1564,73186,187801,0.00571,0.00384,0.0063,0.0051,0.808,0.000656,0.00061,0.929,-0.3978,-0.62,-0.0271,0.62
small town,2019,701,1564,73186,187801,0.00571,0.00384,0.0111,0.0069,0.62,0.001156,0.000824,0.713,-0.3978,-0.62,-0.0271,0.62
street,2019,701,1564,73186,187801,0.00571,0.00384,0.0063,0.0048,0.765,0.000655,0.000576,0.879,-0.3978,-0.62,-0.0271,0.62
livelihood tourism,2019,701,1564,73186,187801,0.00571,0.00384,0.0069,0.0031,0.443,0.000722,0.000368,0.51,-0.3978,-0.62,-0.0271,0.62
alliance,2019,701,1564,73186,187801,0.00571,0.00384,0.0073,0.0048,0.654,0.000765,0.000576,0.753,-0.3978,-0.62,-0.0271,0.62
tourism dependent,2019,701,1564,73186,187801,0.00571,0.00384,0.0083,0.0028,0.337,0.000862,0.000334,0.387,-0.3978,-0.62,-0.0271,0.62
innovation performance,2019,701,1564,73186,187801,0.00571,0.00384,0.0058,0.006,1.036,0.000604,0.00072,1.192,-0.3978,-0.62,-0.0271,0.62
utility,2019,701,1564,73186,187801,0.00571,0.00384,0.0056,0.0051,0.904,0.000586,0.000609,1.039,-0.3978,-0.62,-0.0271,0.62
normal,2019,701,1564,73186,187801,0.00571,0.00384,0.0067,0.0047,0.692,0.000703,0.00056,0.796,-0.3978,-0.62,-0.0271,0.62
eastern cape,2019,701,1564,73186,187801,0.00571,0.00384,0.0056,0.0047,0.835,0.000582,0.000559,0.96,-0.3978,-0.62,-0.0271,0.62
hospitality management,2019,701,1564,73186,187801,0.00571,0.00384,0.0052,0.0035,0.678,0.000545,0.000425,0.779,-0.3978,-0.62,-0.0271,0.62
accessible tourism,2019,701,1564,73186,187801,0.00285,0.00192,0.0073,0.0039,0.529,0.00076,0.000463,0.609,-0.3987,-0.44,-0.0192,0.44
township tourism,2019,701,1564,73186,187801,0.00285,0.00192,0.0078,0.0049,0.621,0.000819,0.000585,0.714,-0.3987,-0.44,-0.0192,0.44
ireland,2019,701,1564,73186,187801,0.00285,0.00192,0.0062,0.0038,0.614,0.000651,0.000459,0.706,-0.3987,-0.44,-0.0192,0.44
motion,2019,701,1564,73186,187801,0.00285,0.00192,0.0019,0.0042,2.259,0.000193,0.000503,2.599,-0.3987,-0.44,-0.0192,0.44
life satisfaction,2019,701,1564,73186,187801,0.00285,0.00192,0.0059,0.0032,0.536,0.000617,0.00038,0.616,-0.3987,-0.44,-0.0192,0.44
tibetan,2019,701,1564,73186,187801,0.00285,0.00192,0.0067,0.0053,0.78,0.000705,0.000632,0.897,-0.3987,-0.44,-0.0192,0.44
wildlife tourism,2019,701,1564,73186,187801,0.00285,0.00192,0.0034,0.0045,1.336,0.000354,0.000544,1.537,-0.3987,-0.44,-0.0192,0.44
educational tourism,2019,701,1564,73186,187801,0.00285,0.00192,0.0061,0.0034,0.555,0.000637,0.000407,0.638,-0.3987,-0.44,-0.0192,0.44
dubai,2019,701,1564,73186,187801,0.00285,0.00192,0.0111,0.0019,0.174,0.001154,0.000231,0.2,-0.3987,-0.44,-0.0192,0.44
neighborhood,2019,701,1564,73186,187801,0.00285,0.00192,0.0068,0.0044,0.648,0.000706,0.000527,0.746,-0.3987,-0.44,-0.0192,0.44
ethiopia,2019,701,1564,73186,187801,0.00285,0.00192,0.0045,0.0054,1.22,0.000466,0.000654,1.403,-0.3987,-0.44,-0.0192,0.44
give,2019,701,1564,73186,187801,0.09558,0.06394,0.0585,0.0274,0.469,0.006103,0.00329,0.539,-0.402,-2.66,-0.1168,2.66
tourism community,2019,701,1564,73186,187801,0.06419,0.04284,0.043,0.029,0.675,0.004491,0.003488,0.777,-0.4045,-2.16,-0.0949,2.16
describe,2019,701,1564,73186,187801,0.04993,0.03325,0.0333,0.0175,0.526,0.003477,0.002103,0.605,-0.4067,-1.9,-0.0836,1.9
add,2019,701,1564,73186,187801,0.03566,0.02366,0.0279,0.015,0.538,0.002917,0.001806,0.619,-0.4106,-1.61,-0.0708,1.61
debate,2019,701,1564,73186,187801,0.03281,0.02174,0.0237,0.0142,0.599,0.002472,0.001704,0.689,-0.4118,-1.55,-0.068,1.55
alternative,2019,701,1564,73186,187801,0.06277,0.04156,0.0542,0.0289,0.532,0.005662,0.003466,0.612,-0.4124,-2.17,-0.0954,2.17
planner,2019,701,1564,73186,187801,0.0271,0.0179,0.0258,0.0109,0.421,0.002697,0.001306,0.484,-0.4149,-1.41,-0.062,1.41
action,2019,701,1564,73186,187801,0.07275,0.04795,0.0672,0.0351,0.521,0.007019,0.00421,0.6,-0.4169,-2.37,-0.1041,2.37
venture,2019,701,1564,73186,187801,0.02425,0.01598,0.0236,0.0136,0.575,0.002461,0.001629,0.662,-0.417,-1.34,-0.0589,1.34
motivation,2019,701,1564,73186,187801,0.04565,0.03005,0.0457,0.0255,0.557,0.004773,0.003058,0.641,-0.4182,-1.86,-0.0817,1.86
critically,2019,701,1564,73186,187801,0.0214,0.01407,0.019,0.0092,0.486,0.001986,0.001109,0.559,-0.4197,-1.27,-0.0556,1.27
relatively,2019,701,1564,73186,187801,0.03709,0.0243,0.0269,0.013,0.482,0.002809,0.001556,0.554,-0.4231,-1.69,-0.0742,1.69
weak,2019,701,1564,73186,187801,0.01854,0.01215,0.013,0.0072,0.556,0.001358,0.000868,0.639,-0.4232,-1.19,-0.052,1.19
reinforce,2019,701,1564,73186,187801,0.01854,0.01215,0.0132,0.0078,0.592,0.001377,0.000937,0.681,-0.4232,-1.19,-0.052,1.19
idea,2019,701,1564,73186,187801,0.05278,0.03453,0.0381,0.0215,0.564,0.003975,0.00258,0.649,-0.4245,-2.04,-0.0893,2.04
south africa,2019,701,1564,73186,187801,0.03424,0.02238,0.064,0.0276,0.431,0.006686,0.003313,0.495,-0.4253,-1.63,-0.0715,1.63
reflection,2019,701,1564,73186,187801,0.01569,0.01023,0.0136,0.0072,0.526,0.001421,0.00086,0.605,-0.4281,-1.1,-0.0483,1.1
independent,2019,701,1564,73186,187801,0.01569,0.01023,0.0125,0.0073,0.585,0.001302,0.000876,0.673,-0.4281,-1.1,-0.0483,1.1
sociocultural,2019,701,1564,73186,187801,0.01569,0.01023,0.016,0.0073,0.455,0.001674,0.000877,0.524,-0.4281,-1.1,-0.0483,1.1
day,2019,701,1564,73186,187801,0.01569,0.01023,0.0147,0.0085,0.579,0.001537,0.001023,0.666,-0.4281,-1.1,-0.0483,1.1
community tourism,2019,701,1564,73186,187801,0.10699,0.06969,0.1167,0.0557,0.477,0.012182,0.006687,0.549,-0.4287,-3.0,-0.1314,3.0
major,2019,701,1564,73186,187801,0.08845,0.05754,0.0598,0.0295,0.493,0.006248,0.003545,0.567,-0.4299,-2.71,-0.1188,2.71
development strategy,2019,701,1564,73186,187801,0.05706,0.03708,0.0512,0.0221,0.432,0.005343,0.002653,0.497,-0.431,-2.15,-0.0943,2.15
actor,2019,701,1564,73186,187801,0.08274,0.05371,0.0851,0.0391,0.459,0.008888,0.004696,0.528,-0.4322,-2.63,-0.1151,2.63
development community,2019,701,1564,73186,187801,0.05136,0.03325,0.0356,0.0198,0.556,0.003722,0.00238,0.64,-0.4348,-2.05,-0.09,2.05
compare,2019,701,1564,73186,187801,0.05136,0.03325,0.0342,0.0171,0.498,0.003576,0.002048,0.573,-0.4348,-2.05,-0.09,2.05
tourism develop,2019,701,1564,73186,187801,0.02568,0.01662,0.0203,0.01,0.494,0.002123,0.001205,0.568,-0.4349,-1.43,-0.0629,1.43
development entrepreneurship,2019,701,1564,73186,187801,0.01284,0.00831,0.0129,0.0053,0.413,0.001348,0.00064,0.475,-0.4351,-1.01,-0.0443,1.01
wildlife,2019,701,1564,73186,187801,0.01284,0.00831,0.0137,0.0137,1.001,0.001427,0.001642,1.151,-0.4351,-1.01,-0.0443,1.01
integrate tourism,2019,701,1564,73186,187801,0.01284,0.00831,0.0135,0.0051,0.379,0.001406,0.000613,0.436,-0.4351,-1.01,-0.0443,1.01
former,2019,701,1564,73186,187801,0.01284,0.00831,0.013,0.006,0.461,0.001352,0.000717,0.53,-0.4351,-1.01,-0.0443,1.01
local development,2019,701,1564,73186,187801,0.16548,0.10678,0.1035,0.0573,0.553,0.01081,0.00688,0.636,-0.4381,-3.91,-0.1712,3.91
festival,2019,701,1564,73186,187801,0.02282,0.01471,0.0604,0.0239,0.396,0.00631,0.002874,0.455,-0.4398,-1.36,-0.0598,1.36
sized,2019,701,1564,73186,187801,0.02282,0.01471,0.0214,0.0097,0.456,0.002232,0.001171,0.524,-0.4398,-1.36,-0.0598,1.36
come,2019,701,1564,73186,187801,0.03281,0.0211,0.0281,0.0125,0.444,0.002937,0.001499,0.51,-0.4416,-1.65,-0.0723,1.65
africa,2019,701,1564,73186,187801,0.05278,0.03389,0.0954,0.0412,0.432,0.009964,0.004951,0.497,-0.4432,-2.12,-0.0928,2.12
always,2019,701,1564,73186,187801,0.01997,0.01279,0.0162,0.0072,0.444,0.001693,0.000865,0.511,-0.446,-1.29,-0.0566,1.29
manufacture,2019,701,1564,73186,187801,0.00999,0.00639,0.0105,0.0074,0.71,0.001092,0.000892,0.817,-0.4462,-0.91,-0.0399,0.91
management strategy,2019,701,1564,73186,187801,0.00999,0.00639,0.0111,0.0047,0.425,0.001159,0.000567,0.489,-0.4462,-0.91,-0.0399,0.91
organise,2019,701,1564,73186,187801,0.00999,0.00639,0.0101,0.0046,0.452,0.001059,0.000551,0.52,-0.4462,-0.91,-0.0399,0.91
community economic,2019,701,1564,73186,187801,0.00999,0.00639,0.011,0.0038,0.347,0.001146,0.000457,0.399,-0.4462,-0.91,-0.0399,0.91
extremely,2019,701,1564,73186,187801,0.00999,0.00639,0.0084,0.0046,0.547,0.000876,0.000551,0.629,-0.4462,-0.91,-0.0399,0.91
associate tourism,2019,701,1564,73186,187801,0.00999,0.00639,0.0089,0.0042,0.466,0.000931,0.000499,0.537,-0.4462,-0.91,-0.0399,0.91
exemplify,2019,701,1564,73186,187801,0.00999,0.00639,0.0104,0.0041,0.395,0.001081,0.000491,0.454,-0.4462,-0.91,-0.0399,0.91
positive tourism,2019,701,1564,73186,187801,0.00999,0.00639,0.0103,0.0044,0.431,0.001078,0.000534,0.495,-0.4462,-0.91,-0.0399,0.91
bring,2019,701,1564,73186,187801,0.07133,0.0454,0.0471,0.0237,0.502,0.004919,0.002841,0.577,-0.4519,-2.53,-0.1106,2.53
development local,2019,701,1564,73186,187801,0.04422,0.02813,0.0332,0.0163,0.492,0.003466,0.00196,0.566,-0.4524,-1.97,-0.0862,1.97
park,2019,701,1564,73186,187801,0.04422,0.02813,0.093,0.0386,0.415,0.009713,0.004635,0.477,-0.4524,-1.97,-0.0862,1.97
pre,2019,701,1564,73186,187801,0.01712,0.01087,0.0163,0.0084,0.516,0.001697,0.001008,0.594,-0.4544,-1.21,-0.0532,1.21
ecotourism development,2019,701,1564,73186,187801,0.01712,0.01087,0.0236,0.013,0.553,0.002463,0.001566,0.636,-0.4544,-1.21,-0.0532,1.21
actively,2019,701,1564,73186,187801,0.01712,0.01087,0.0144,0.0066,0.461,0.001502,0.000796,0.53,-0.4544,-1.21,-0.0532,1.21
contrast,2019,701,1564,73186,187801,0.02853,0.0179,0.0208,0.0096,0.461,0.002168,0.001148,0.53,-0.4661,-1.61,-0.0706,1.61
ltd,2019,701,1564,73186,187801,0.03566,0.02238,0.0233,0.0127,0.544,0.002436,0.001525,0.626,-0.4661,-1.81,-0.0791,1.81
generally,2019,701,1564,73186,187801,0.02853,0.0179,0.0238,0.0096,0.406,0.002481,0.001159,0.467,-0.4661,-1.61,-0.0706,1.61
inter,2019,701,1564,73186,187801,0.0214,0.01343,0.0188,0.0095,0.507,0.001962,0.001145,0.584,-0.4662,-1.39,-0.0609,1.39
aid,2019,701,1564,73186,187801,0.01427,0.00895,0.0119,0.0053,0.445,0.001238,0.000634,0.512,-0.4663,-1.13,-0.0496,1.13
republic,2019,701,1564,73186,187801,0.01427,0.00895,0.0178,0.0077,0.431,0.001859,0.000922,0.496,-0.4663,-1.13,-0.0496,1.13
beach,2019,701,1564,73186,187801,0.01427,0.00895,0.0316,0.0117,0.37,0.003304,0.001406,0.425,-0.4663,-1.13,-0.0496,1.13
attraction tourist,2019,701,1564,73186,187801,0.01427,0.00895,0.0105,0.0053,0.502,0.001095,0.000632,0.578,-0.4663,-1.13,-0.0496,1.13
urban development,2019,701,1564,73186,187801,0.01427,0.00895,0.0151,0.0084,0.556,0.001571,0.001004,0.639,-0.4663,-1.13,-0.0496,1.13
sport management,2019,701,1564,73186,187801,0.01427,0.00895,0.0177,0.0107,0.604,0.001848,0.001283,0.695,-0.4663,-1.13,-0.0496,1.13
contribution tourism,2019,701,1564,73186,187801,0.01427,0.00895,0.0153,0.0065,0.427,0.001594,0.000783,0.491,-0.4663,-1.13,-0.0496,1.13
slow,2019,701,1564,73186,187801,0.01427,0.00895,0.0227,0.0071,0.313,0.002368,0.000853,0.36,-0.4663,-1.13,-0.0496,1.13
innovation activity,2019,701,1564,73186,187801,0.00713,0.00448,0.0127,0.0058,0.461,0.001324,0.000702,0.53,-0.4666,-0.8,-0.035,0.8
variance,2019,701,1564,73186,187801,0.00713,0.00448,0.0076,0.003,0.398,0.000793,0.000363,0.458,-0.4666,-0.8,-0.035,0.8
environmental issue,2019,701,1564,73186,187801,0.00713,0.00448,0.0059,0.0037,0.634,0.000615,0.000449,0.73,-0.4666,-0.8,-0.035,0.8
regional local,2019,701,1564,73186,187801,0.00713,0.00448,0.0069,0.0037,0.534,0.000719,0.000441,0.614,-0.4666,-0.8,-0.035,0.8
tourism culture,2019,701,1564,73186,187801,0.00713,0.00448,0.0078,0.003,0.378,0.000817,0.000355,0.435,-0.4666,-0.8,-0.035,0.8
local actor,2019,701,1564,73186,187801,0.00713,0.00448,0.0082,0.0058,0.71,0.000854,0.000697,0.816,-0.4666,-0.8,-0.035,0.8
manifestation,2019,701,1564,73186,187801,0.00713,0.00448,0.0058,0.0032,0.551,0.000609,0.000386,0.634,-0.4666,-0.8,-0.035,0.8
cultural tradition,2019,701,1564,73186,187801,0.00713,0.00448,0.006,0.0036,0.601,0.000625,0.000432,0.691,-0.4666,-0.8,-0.035,0.8
elite,2019,701,1564,73186,187801,0.00713,0.00448,0.0067,0.0038,0.568,0.000697,0.000455,0.654,-0.4666,-0.8,-0.035,0.8
create sustainable,2019,701,1564,73186,187801,0.00713,0.00448,0.0091,0.0032,0.352,0.000953,0.000386,0.405,-0.4666,-0.8,-0.035,0.8
person,2019,701,1564,73186,187801,0.00713,0.00448,0.0064,0.0037,0.573,0.000671,0.000442,0.659,-0.4666,-0.8,-0.035,0.8
versus,2019,701,1564,73186,187801,0.00713,0.00448,0.0059,0.0032,0.536,0.000619,0.000382,0.617,-0.4666,-0.8,-0.035,0.8
visible,2019,701,1564,73186,187801,0.00713,0.00448,0.0051,0.0034,0.673,0.000534,0.000413,0.774,-0.4666,-0.8,-0.035,0.8
arctic,2019,701,1564,73186,187801,0.00713,0.00448,0.0142,0.0122,0.862,0.001478,0.001464,0.991,-0.4666,-0.8,-0.035,0.8
governance structure,2019,701,1564,73186,187801,0.00713,0.00448,0.0074,0.0038,0.514,0.00077,0.000455,0.591,-0.4666,-0.8,-0.035,0.8
closer,2019,701,1564,73186,187801,0.00713,0.00448,0.0064,0.0053,0.827,0.000671,0.000638,0.951,-0.4666,-0.8,-0.035,0.8
ever,2019,701,1564,73186,187801,0.00713,0.00448,0.0068,0.0043,0.627,0.000708,0.000511,0.721,-0.4666,-0.8,-0.035,0.8
office,2019,701,1564,73186,187801,0.00713,0.00448,0.0075,0.0034,0.453,0.000784,0.000409,0.521,-0.4666,-0.8,-0.035,0.8
start point,2019,701,1564,73186,187801,0.00713,0.00448,0.007,0.0029,0.415,0.000726,0.000346,0.477,-0.4666,-0.8,-0.035,0.8
journey,2019,701,1564,73186,187801,0.00713,0.00448,0.0133,0.0041,0.308,0.001388,0.000491,0.354,-0.4666,-0.8,-0.035,0.8
facet,2019,701,1564,73186,187801,0.00713,0.00448,0.0073,0.004,0.549,0.000757,0.000479,0.632,-0.4666,-0.8,-0.035,0.8
northeast,2019,701,1564,73186,187801,0.00713,0.00448,0.0097,0.0046,0.479,0.001009,0.000555,0.551,-0.4666,-0.8,-0.035,0.8
performance tourism,2019,701,1564,73186,187801,0.00713,0.00448,0.0095,0.003,0.317,0.000992,0.000362,0.365,-0.4666,-0.8,-0.035,0.8
anticipate,2019,701,1564,73186,187801,0.00713,0.00448,0.0051,0.0029,0.565,0.000528,0.000343,0.649,-0.4666,-0.8,-0.035,0.8
tourism poverty,2019,701,1564,73186,187801,0.00713,0.00448,0.0058,0.0048,0.824,0.000604,0.000573,0.948,-0.4666,-0.8,-0.035,0.8
innovation entrepreneurship,2019,701,1564,73186,187801,0.00713,0.00448,0.0109,0.0037,0.339,0.001136,0.000443,0.39,-0.4666,-0.8,-0.035,0.8
wide range,2019,701,1564,73186,187801,0.00713,0.00448,0.0058,0.0029,0.5,0.000603,0.000347,0.575,-0.4666,-0.8,-0.035,0.8
comprehend,2019,701,1564,73186,187801,0.00713,0.00448,0.0107,0.0032,0.301,0.001118,0.000387,0.346,-0.4666,-0.8,-0.035,0.8
project,2019,701,1564,73186,187801,0.13695,0.08568,0.1231,0.0568,0.461,0.012851,0.006816,0.53,-0.469,-3.73,-0.163,3.73
small,2019,701,1564,73186,187801,0.12696,0.07928,0.1168,0.0492,0.421,0.012196,0.005912,0.485,-0.4709,-3.59,-0.1568,3.59
explain,2019,701,1564,73186,187801,0.03994,0.02494,0.0322,0.0136,0.424,0.003359,0.001638,0.488,-0.4712,-1.94,-0.0847,1.94
island,2019,701,1564,73186,187801,0.06277,0.039,0.119,0.0642,0.539,0.012427,0.007705,0.62,-0.4759,-2.47,-0.1081,2.47
operate,2019,701,1564,73186,187801,0.04565,0.02813,0.0301,0.0159,0.528,0.003141,0.001907,0.607,-0.4841,-2.13,-0.0929,2.13
might,2019,701,1564,73186,187801,0.02282,0.01407,0.02,0.0116,0.58,0.002087,0.001393,0.667,-0.4842,-1.49,-0.0651,1.49
secondary source,2019,701,1564,73186,187801,0.01141,0.00703,0.008,0.005,0.624,0.000832,0.000597,0.718,-0.4844,-1.05,-0.0458,1.05
adequate,2019,701,1564,73186,187801,0.01141,0.00703,0.0099,0.0046,0.464,0.001032,0.000551,0.534,-0.4844,-1.05,-0.0458,1.05
lake,2019,701,1564,73186,187801,0.01141,0.00703,0.0161,0.0128,0.798,0.001677,0.001539,0.918,-0.4844,-1.05,-0.0458,1.05
personal,2019,701,1564,73186,187801,0.03138,0.01918,0.0269,0.0153,0.569,0.002813,0.001841,0.655,-0.4924,-1.78,-0.0777,1.78
threaten,2019,701,1564,73186,187801,0.01569,0.00959,0.0174,0.006,0.343,0.001816,0.000717,0.395,-0.4926,-1.25,-0.0546,1.25
middle,2019,701,1564,73186,187801,0.01569,0.00959,0.018,0.0077,0.43,0.001878,0.000929,0.495,-0.4926,-1.25,-0.0546,1.25
difficulty,2019,701,1564,73186,187801,0.01569,0.00959,0.0151,0.0054,0.357,0.001579,0.000648,0.41,-0.4926,-1.25,-0.0546,1.25
intensive,2019,701,1564,73186,187801,0.01569,0.00959,0.0142,0.0087,0.616,0.001478,0.001047,0.709,-0.4926,-1.25,-0.0546,1.25
complete,2019,701,1564,73186,187801,0.01569,0.00959,0.0133,0.0063,0.475,0.001392,0.00076,0.546,-0.4926,-1.25,-0.0546,1.25
upon,2019,701,1564,73186,187801,0.03566,0.02174,0.0284,0.0125,0.44,0.002967,0.001502,0.506,-0.4951,-1.91,-0.0834,1.91
conclude,2019,701,1564,73186,187801,0.08417,0.05115,0.0512,0.0231,0.452,0.005344,0.002779,0.52,-0.498,-3.01,-0.1314,3.01
whole,2019,701,1564,73186,187801,0.02425,0.01471,0.02,0.0096,0.481,0.002091,0.001157,0.553,-0.5004,-1.58,-0.0691,1.58
today,2019,701,1564,73186,187801,0.02425,0.01471,0.0187,0.0088,0.471,0.001955,0.001059,0.542,-0.5004,-1.58,-0.0691,1.58
tourism business,2019,701,1564,73186,187801,0.05849,0.03517,0.0441,0.022,0.498,0.004607,0.002641,0.573,-0.5088,-2.53,-0.1104,2.53
competition,2019,701,1564,73186,187801,0.04708,0.02813,0.0364,0.0169,0.463,0.003802,0.002025,0.533,-0.5149,-2.28,-0.0996,2.28
vision,2019,701,1564,73186,187801,0.02568,0.01535,0.0192,0.0128,0.666,0.002006,0.001536,0.766,-0.5149,-1.67,-0.0729,1.67
mode,2019,701,1564,73186,187801,0.0214,0.01279,0.0185,0.0096,0.519,0.001928,0.001151,0.597,-0.515,-1.52,-0.0664,1.52
majority,2019,701,1564,73186,187801,0.01712,0.01023,0.0128,0.0072,0.565,0.001334,0.000866,0.649,-0.515,-1.36,-0.0593,1.36
economic tourism,2019,701,1564,73186,187801,0.01712,0.01023,0.0149,0.0066,0.442,0.001553,0.000791,0.509,-0.515,-1.36,-0.0593,1.36
olympic,2019,701,1564,73186,187801,0.0214,0.01279,0.0342,0.019,0.555,0.003574,0.002281,0.638,-0.515,-1.52,-0.0664,1.52
tourism region,2019,701,1564,73186,187801,0.0214,0.01279,0.018,0.0086,0.477,0.001883,0.001033,0.549,-0.515,-1.52,-0.0664,1.52
legal,2019,701,1564,73186,187801,0.01712,0.01023,0.0171,0.0124,0.728,0.00178,0.00149,0.837,-0.515,-1.36,-0.0593,1.36
successfully,2019,701,1564,73186,187801,0.0214,0.01279,0.0181,0.0075,0.412,0.001892,0.000896,0.474,-0.515,-1.52,-0.0664,1.52
sector tourism,2019,701,1564,73186,187801,0.01712,0.01023,0.0171,0.0057,0.333,0.001783,0.000683,0.383,-0.515,-1.36,-0.0593,1.36
social development,2019,701,1564,73186,187801,0.01284,0.00767,0.0123,0.0074,0.599,0.001288,0.000887,0.689,-0.5151,-1.17,-0.0513,1.17
contain,2019,701,1564,73186,187801,0.01284,0.00767,0.0116,0.0044,0.384,0.001208,0.000534,0.442,-0.5151,-1.17,-0.0513,1.17
marginalize,2019,701,1564,73186,187801,0.01284,0.00767,0.0101,0.0053,0.522,0.001054,0.000632,0.6,-0.5151,-1.17,-0.0513,1.17
event sport,2019,701,1564,73186,187801,0.01284,0.00767,0.0118,0.0053,0.452,0.00123,0.00064,0.52,-0.5151,-1.17,-0.0513,1.17
issue tourism,2019,701,1564,73186,187801,0.01284,0.00767,0.0137,0.0051,0.372,0.001428,0.000611,0.428,-0.5151,-1.17,-0.0513,1.17
mature,2019,701,1564,73186,187801,0.00856,0.00512,0.0084,0.0047,0.558,0.000875,0.000561,0.641,-0.5152,-0.96,-0.0418,0.96
minimal,2019,701,1564,73186,187801,0.00856,0.00512,0.0078,0.0046,0.592,0.000819,0.000557,0.68,-0.5152,-0.96,-0.0418,0.96
regional innovation,2019,701,1564,73186,187801,0.00856,0.00512,0.0103,0.0039,0.383,0.001076,0.000473,0.44,-0.5152,-0.96,-0.0418,0.96
service sector,2019,701,1564,73186,187801,0.00856,0.00512,0.0094,0.0038,0.405,0.000983,0.000458,0.466,-0.5152,-0.96,-0.0418,0.96
agrotourism,2019,701,1564,73186,187801,0.00856,0.00512,0.013,0.0165,1.266,0.001357,0.001976,1.456,-0.5152,-0.96,-0.0418,0.96
lay,2019,701,1564,73186,187801,0.00856,0.00512,0.0082,0.0035,0.421,0.000859,0.000415,0.484,-0.5152,-0.96,-0.0418,0.96
lodge,2019,701,1564,73186,187801,0.00856,0.00512,0.0104,0.0037,0.352,0.001088,0.000441,0.405,-0.5152,-0.96,-0.0418,0.96
development path,2019,701,1564,73186,187801,0.00856,0.00512,0.0115,0.0041,0.359,0.001198,0.000495,0.413,-0.5152,-0.96,-0.0418,0.96
community leader,2019,701,1564,73186,187801,0.00856,0.00512,0.01,0.0038,0.381,0.001041,0.000456,0.438,-0.5152,-0.96,-0.0418,0.96
host city,2019,701,1564,73186,187801,0.00856,0.00512,0.0126,0.0064,0.513,0.001312,0.000774,0.59,-0.5152,-0.96,-0.0418,0.96
sport market,2019,701,1564,73186,187801,0.00428,0.00256,0.0098,0.002,0.204,0.001027,0.00024,0.234,-0.5156,-0.68,-0.0295,0.68
excellence,2019,701,1564,73186,187801,0.00428,0.00256,0.0063,0.0049,0.783,0.000658,0.000592,0.9,-0.5156,-0.68,-0.0295,0.68
payment,2019,701,1564,73186,187801,0.00428,0.00256,0.0101,0.0037,0.369,0.00105,0.000445,0.424,-0.5156,-0.68,-0.0295,0.68
bird,2019,701,1564,73186,187801,0.00428,0.00256,0.0133,0.0059,0.447,0.001388,0.000714,0.515,-0.5156,-0.68,-0.0295,0.68
nautical tourism,2019,701,1564,73186,187801,0.00428,0.00256,0.0159,0.0075,0.472,0.001662,0.000902,0.543,-0.5156,-0.68,-0.0295,0.68
gateway,2019,701,1564,73186,187801,0.00428,0.00256,0.0081,0.0036,0.444,0.000842,0.00043,0.511,-0.5156,-0.68,-0.0295,0.68
albania,2019,701,1564,73186,187801,0.00428,0.00256,0.0108,0.0067,0.619,0.001124,0.0008,0.712,-0.5156,-0.68,-0.0295,0.68
sichuan,2019,701,1564,73186,187801,0.00428,0.00256,0.0104,0.0025,0.244,0.001081,0.000303,0.28,-0.5156,-0.68,-0.0295,0.68
head,2019,701,1564,73186,187801,0.00428,0.00256,0.012,0.0018,0.146,0.001257,0.000211,0.168,-0.5156,-0.68,-0.0295,0.68
ethnic group,2019,701,1564,73186,187801,0.00428,0.00256,0.0099,0.0031,0.314,0.001039,0.000375,0.361,-0.5156,-0.68,-0.0295,0.68
nature,2019,701,1564,73186,187801,0.13124,0.07801,0.0984,0.0574,0.583,0.010275,0.006892,0.671,-0.5203,-3.99,-0.1739,3.99
illustrate,2019,701,1564,73186,187801,0.0485,0.02877,0.0377,0.0158,0.419,0.003933,0.001897,0.482,-0.5222,-2.35,-0.1024,2.35
recent,2019,701,1564,73186,187801,0.09272,0.05499,0.0592,0.0254,0.429,0.006177,0.003045,0.493,-0.5226,-3.31,-0.1443,3.31
association,2019,701,1564,73186,187801,0.08417,0.04987,0.0497,0.0255,0.513,0.005185,0.003056,0.589,-0.5233,-3.14,-0.1371,3.14
develop tourism,2019,701,1564,73186,187801,0.03994,0.02366,0.0329,0.0146,0.443,0.003438,0.001753,0.51,-0.5239,-2.13,-0.0928,2.13
leader,2019,701,1564,73186,187801,0.03566,0.0211,0.0345,0.0149,0.431,0.003604,0.001785,0.495,-0.5249,-2.01,-0.0877,2.01
reason,2019,701,1564,73186,187801,0.03566,0.0211,0.0309,0.011,0.356,0.003229,0.001321,0.409,-0.5249,-2.01,-0.0877,2.01
clear,2019,701,1564,73186,187801,0.02282,0.01343,0.0182,0.0088,0.486,0.001898,0.001062,0.559,-0.5307,-1.61,-0.0704,1.61
tie,2019,701,1564,73186,187801,0.01854,0.01087,0.016,0.0067,0.42,0.001669,0.000807,0.483,-0.5344,-1.46,-0.0638,1.46
initiate,2019,701,1564,73186,187801,0.01854,0.01087,0.0131,0.0094,0.716,0.001371,0.001128,0.823,-0.5344,-1.46,-0.0638,1.46
tourism policy,2019,701,1564,73186,187801,0.05136,0.03005,0.0511,0.0201,0.393,0.005336,0.002413,0.452,-0.5359,-2.47,-0.1078,2.47
exist,2019,701,1564,73186,187801,0.02853,0.01662,0.0204,0.0103,0.506,0.00213,0.00124,0.582,-0.5402,-1.84,-0.0802,1.84
complementary,2019,701,1564,73186,187801,0.01427,0.00831,0.0127,0.0056,0.438,0.001328,0.000669,0.504,-0.5403,-1.29,-0.0564,1.29
community community,2019,701,1564,73186,187801,0.01427,0.00831,0.0114,0.0072,0.633,0.001194,0.000869,0.728,-0.5403,-1.29,-0.0564,1.29
style,2019,701,1564,73186,187801,0.01427,0.00831,0.0219,0.0068,0.312,0.002287,0.00082,0.358,-0.5403,-1.29,-0.0564,1.29
preliminary,2019,701,1564,73186,187801,0.01427,0.00831,0.0122,0.0061,0.497,0.001275,0.000729,0.572,-0.5403,-1.29,-0.0564,1.29
mention,2019,701,1564,73186,187801,0.01427,0.00831,0.0144,0.0055,0.384,0.001501,0.000662,0.441,-0.5403,-1.29,-0.0564,1.29
try,2019,701,1564,73186,187801,0.01427,0.00831,0.0104,0.0056,0.539,0.001087,0.000674,0.62,-0.5403,-1.29,-0.0564,1.29
unite state,2019,701,1564,73186,187801,0.01427,0.00831,0.0125,0.0076,0.604,0.001309,0.000908,0.694,-0.5403,-1.29,-0.0564,1.29
benefit tourism,2019,701,1564,73186,187801,0.01427,0.00831,0.0113,0.0059,0.524,0.001178,0.00071,0.603,-0.5403,-1.29,-0.0564,1.29
north,2019,701,1564,73186,187801,0.05278,0.03069,0.0408,0.0232,0.569,0.004263,0.002788,0.654,-0.5423,-2.53,-0.1105,2.53
move,2019,701,1564,73186,187801,0.02425,0.01407,0.0201,0.01,0.496,0.002102,0.0012,0.571,-0.5448,-1.7,-0.0743,1.7
develop country,2019,701,1564,73186,187801,0.05421,0.03133,0.0467,0.0204,0.437,0.004879,0.002453,0.503,-0.5483,-2.59,-0.1131,2.59
definition,2019,701,1564,73186,187801,0.01997,0.01151,0.0184,0.0083,0.454,0.001919,0.001002,0.522,-0.5513,-1.56,-0.068,1.56
seasonal,2019,701,1564,73186,187801,0.00999,0.00575,0.0102,0.0041,0.399,0.001068,0.00049,0.459,-0.5515,-1.1,-0.0479,1.1
japan,2019,701,1564,73186,187801,0.00999,0.00575,0.0244,0.0083,0.339,0.002551,0.000996,0.39,-0.5515,-1.1,-0.0479,1.1
villager,2019,701,1564,73186,187801,0.00999,0.00575,0.0105,0.0076,0.724,0.001092,0.000909,0.832,-0.5515,-1.1,-0.0479,1.1
development heritage,2019,701,1564,73186,187801,0.00999,0.00575,0.0089,0.0041,0.458,0.000925,0.000488,0.527,-0.5515,-1.1,-0.0479,1.1
acquisition,2019,701,1564,73186,187801,0.00999,0.00575,0.01,0.0049,0.491,0.001044,0.000589,0.564,-0.5515,-1.1,-0.0479,1.1
add value,2019,701,1564,73186,187801,0.00999,0.00575,0.0083,0.0049,0.589,0.000862,0.000584,0.677,-0.5515,-1.1,-0.0479,1.1
strategy development,2019,701,1564,73186,187801,0.00999,0.00575,0.0087,0.0037,0.42,0.000909,0.00044,0.484,-0.5515,-1.1,-0.0479,1.1
elsewhere,2019,701,1564,73186,187801,0.00999,0.00575,0.0099,0.0039,0.394,0.001036,0.000469,0.453,-0.5515,-1.1,-0.0479,1.1
season,2019,701,1564,73186,187801,0.00999,0.00575,0.0087,0.0051,0.584,0.000909,0.000611,0.672,-0.5515,-1.1,-0.0479,1.1
romania,2019,701,1564,73186,187801,0.00999,0.00575,0.0185,0.0095,0.511,0.001933,0.001137,0.588,-0.5515,-1.1,-0.0479,1.1
final,2019,701,1564,73186,187801,0.00999,0.00575,0.0102,0.0034,0.335,0.001061,0.000409,0.386,-0.5515,-1.1,-0.0479,1.1
resident attitude,2019,701,1564,73186,187801,0.00999,0.00575,0.0161,0.0046,0.285,0.001685,0.000551,0.327,-0.5515,-1.1,-0.0479,1.1
mountainous,2019,701,1564,73186,187801,0.00999,0.00575,0.0109,0.0068,0.619,0.001143,0.000814,0.712,-0.5515,-1.1,-0.0479,1.1
good,2019,701,1564,73186,187801,0.04565,0.02621,0.037,0.0154,0.417,0.003866,0.001853,0.479,-0.5547,-2.4,-0.1044,2.4
together,2019,701,1564,73186,187801,0.03566,0.02046,0.0284,0.0122,0.432,0.002962,0.00147,0.496,-0.5557,-2.11,-0.0921,2.11
land,2019,701,1564,73186,187801,0.04137,0.02366,0.0567,0.0235,0.415,0.005924,0.002826,0.477,-0.5589,-2.29,-0.0999,2.29
constrain,2019,701,1564,73186,187801,0.01569,0.00895,0.0117,0.0054,0.458,0.001224,0.000645,0.527,-0.5615,-1.4,-0.0611,1.4
positive negative,2019,701,1564,73186,187801,0.01569,0.00895,0.0134,0.0069,0.515,0.001397,0.000827,0.592,-0.5615,-1.4,-0.0611,1.4
either,2019,701,1564,73186,187801,0.01569,0.00895,0.0138,0.0056,0.404,0.001441,0.000669,0.464,-0.5615,-1.4,-0.0611,1.4
young,2019,701,1564,73186,187801,0.01569,0.00895,0.0146,0.0147,1.003,0.001526,0.00176,1.153,-0.5615,-1.4,-0.0611,1.4
coast,2019,701,1564,73186,187801,0.01569,0.00895,0.0175,0.0092,0.524,0.001827,0.0011,0.602,-0.5615,-1.4,-0.0611,1.4
ideal,2019,701,1564,73186,187801,0.01569,0.00895,0.0125,0.0078,0.621,0.001308,0.000934,0.714,-0.5615,-1.4,-0.0611,1.4
southern,2019,701,1564,73186,187801,0.03709,0.0211,0.036,0.0172,0.478,0.003763,0.002071,0.55,-0.5641,-2.18,-0.0951,2.18
development initiative,2019,701,1564,73186,187801,0.0214,0.01215,0.0168,0.0089,0.529,0.001756,0.001069,0.609,-0.5662,-1.65,-0.072,1.65
commercial,2019,701,1564,73186,187801,0.0271,0.01535,0.0353,0.0114,0.324,0.003683,0.001374,0.373,-0.569,-1.87,-0.0816,1.87
local tourism,2019,701,1564,73186,187801,0.04993,0.02813,0.0457,0.0194,0.424,0.004772,0.002325,0.487,-0.5737,-2.59,-0.1125,2.59
economy tourism,2019,701,1564,73186,187801,0.03424,0.01918,0.0245,0.0128,0.523,0.002557,0.001538,0.602,-0.5794,-2.15,-0.0934,2.15
others,2019,701,1564,73186,187801,0.02853,0.01598,0.0203,0.0099,0.489,0.002118,0.001192,0.563,-0.5794,-1.95,-0.085,1.95
drive force,2019,701,1564,73186,187801,0.01712,0.00959,0.0182,0.006,0.332,0.001896,0.000725,0.382,-0.5795,-1.51,-0.0656,1.51
winter,2019,701,1564,73186,187801,0.01712,0.00959,0.0235,0.0117,0.499,0.002455,0.001408,0.574,-0.5795,-1.51,-0.0656,1.51
pursue,2019,701,1564,73186,187801,0.01712,0.00959,0.0159,0.0064,0.403,0.001657,0.000769,0.464,-0.5795,-1.51,-0.0656,1.51
development small,2019,701,1564,73186,187801,0.01141,0.00639,0.0129,0.0049,0.38,0.001349,0.00059,0.437,-0.5796,-1.23,-0.0534,1.23
france,2019,701,1564,73186,187801,0.01141,0.00639,0.0137,0.01,0.731,0.001434,0.001205,0.841,-0.5796,-1.23,-0.0534,1.23
amongst,2019,701,1564,73186,187801,0.01141,0.00639,0.0097,0.0048,0.501,0.00101,0.000582,0.576,-0.5796,-1.23,-0.0534,1.23
capacity tourism,2019,701,1564,73186,187801,0.01141,0.00639,0.0122,0.0049,0.401,0.001278,0.000589,0.461,-0.5796,-1.23,-0.0534,1.23
tourism challenge,2019,701,1564,73186,187801,0.01141,0.00639,0.0074,0.0046,0.626,0.00077,0.000554,0.72,-0.5796,-1.23,-0.0534,1.23
innovation knowledge,2019,701,1564,73186,187801,0.01141,0.00639,0.0117,0.0043,0.365,0.001224,0.000513,0.419,-0.5796,-1.23,-0.0534,1.23
aware,2019,701,1564,73186,187801,0.01141,0.00639,0.009,0.004,0.447,0.000935,0.000481,0.515,-0.5796,-1.23,-0.0534,1.23
larger,2019,701,1564,73186,187801,0.01141,0.00639,0.0094,0.0063,0.67,0.000979,0.000755,0.771,-0.5796,-1.23,-0.0534,1.23
world war,2019,701,1564,73186,187801,0.00571,0.0032,0.0081,0.0031,0.377,0.000849,0.000368,0.433,-0.5798,-0.87,-0.0377,0.87
appraisal,2019,701,1564,73186,187801,0.00571,0.0032,0.0066,0.0033,0.497,0.000689,0.000394,0.572,-0.5798,-0.87,-0.0377,0.87
neoliberal,2019,701,1564,73186,187801,0.00571,0.0032,0.007,0.0035,0.499,0.000735,0.000422,0.574,-0.5798,-0.87,-0.0377,0.87
japanese,2019,701,1564,73186,187801,0.00571,0.0032,0.0063,0.0029,0.468,0.000656,0.000353,0.538,-0.5798,-0.87,-0.0377,0.87
plan implementation,2019,701,1564,73186,187801,0.00571,0.0032,0.0057,0.0023,0.411,0.000591,0.000279,0.473,-0.5798,-0.87,-0.0377,0.87
money,2019,701,1564,73186,187801,0.00571,0.0032,0.0055,0.0041,0.747,0.000578,0.000497,0.859,-0.5798,-0.87,-0.0377,0.87
ethnic tourism,2019,701,1564,73186,187801,0.00571,0.0032,0.0166,0.0055,0.329,0.001732,0.000655,0.378,-0.5798,-0.87,-0.0377,0.87
french,2019,701,1564,73186,187801,0.00571,0.0032,0.0073,0.0067,0.917,0.00076,0.000801,1.055,-0.5798,-0.87,-0.0377,0.87
tax,2019,701,1564,73186,187801,0.00571,0.0032,0.0092,0.0024,0.261,0.000958,0.000288,0.3,-0.5798,-0.87,-0.0377,0.87
slow tourism,2019,701,1564,73186,187801,0.00571,0.0032,0.0139,0.0024,0.175,0.00145,0.000291,0.201,-0.5798,-0.87,-0.0377,0.87
telecommunication,2019,701,1564,73186,187801,0.00571,0.0032,0.0157,0.0016,0.105,0.001635,0.000198,0.121,-0.5798,-0.87,-0.0377,0.87
heritage list,2019,701,1564,73186,187801,0.00571,0.0032,0.0103,0.003,0.29,0.001075,0.000358,0.333,-0.5798,-0.87,-0.0377,0.87
adventure tourism,2019,701,1564,73186,187801,0.00571,0.0032,0.005,0.0074,1.478,0.000523,0.000888,1.7,-0.5798,-0.87,-0.0377,0.87
power relation,2019,701,1564,73186,187801,0.00571,0.0032,0.0117,0.0036,0.306,0.001222,0.00043,0.352,-0.5798,-0.87,-0.0377,0.87
neighbourhood,2019,701,1564,73186,187801,0.00571,0.0032,0.0047,0.0031,0.661,0.000494,0.000375,0.76,-0.5798,-0.87,-0.0377,0.87
anti,2019,701,1564,73186,187801,0.00571,0.0032,0.0079,0.0042,0.529,0.000825,0.000501,0.608,-0.5798,-0.87,-0.0377,0.87
mainland,2019,701,1564,73186,187801,0.00571,0.0032,0.0089,0.0028,0.317,0.000932,0.00034,0.364,-0.5798,-0.87,-0.0377,0.87
since,2019,701,1564,73186,187801,0.0699,0.039,0.0458,0.0188,0.41,0.004784,0.002255,0.471,-0.5835,-3.13,-0.1362,3.13
produce,2019,701,1564,73186,187801,0.04708,0.02621,0.0311,0.0152,0.488,0.003248,0.001822,0.561,-0.5855,-2.55,-0.111,2.55
private,2019,701,1564,73186,187801,0.07275,0.04028,0.0701,0.0266,0.38,0.007313,0.003195,0.437,-0.5912,-3.23,-0.1406,3.23
fail,2019,701,1564,73186,187801,0.02425,0.01343,0.0194,0.0083,0.428,0.002024,0.000996,0.492,-0.5913,-1.83,-0.0796,1.83
local economy,2019,701,1564,73186,187801,0.0428,0.02366,0.0385,0.013,0.337,0.004025,0.001562,0.388,-0.5928,-2.46,-0.1068,2.46
expect,2019,701,1564,73186,187801,0.03709,0.02046,0.023,0.011,0.477,0.002404,0.001317,0.548,-0.5949,-2.29,-0.0995,2.29
weakness,2019,701,1564,73186,187801,0.01854,0.01023,0.0173,0.0071,0.409,0.001807,0.00085,0.47,-0.595,-1.61,-0.0698,1.61
olympic game,2019,701,1564,73186,187801,0.01854,0.01023,0.0256,0.0124,0.483,0.00267,0.001484,0.556,-0.595,-1.61,-0.0698,1.61
political,2019,701,1564,73186,187801,0.06847,0.03772,0.069,0.0273,0.396,0.007199,0.003276,0.455,-0.5962,-3.15,-0.1371,3.15
appropriate,2019,701,1564,73186,187801,0.03138,0.01726,0.0239,0.0107,0.448,0.002492,0.001283,0.515,-0.5978,-2.11,-0.0917,2.11
home,2019,701,1564,73186,187801,0.02568,0.01407,0.0489,0.0134,0.274,0.005106,0.001612,0.316,-0.6019,-1.91,-0.0832,1.91
tour operator,2019,701,1564,73186,187801,0.01284,0.00703,0.0246,0.0072,0.294,0.002566,0.000868,0.338,-0.602,-1.35,-0.0585,1.35
norway,2019,701,1564,73186,187801,0.01284,0.00703,0.0166,0.0076,0.455,0.001737,0.000909,0.523,-0.602,-1.35,-0.0585,1.35
summer,2019,701,1564,73186,187801,0.01284,0.00703,0.0129,0.0063,0.492,0.001346,0.000762,0.566,-0.602,-1.35,-0.0585,1.35
model develop,2019,701,1564,73186,187801,0.01284,0.00703,0.0109,0.0048,0.437,0.001138,0.000572,0.503,-0.602,-1.35,-0.0585,1.35
hope,2019,701,1564,73186,187801,0.01284,0.00703,0.0161,0.0094,0.584,0.001683,0.00113,0.671,-0.602,-1.35,-0.0585,1.35
deal,2019,701,1564,73186,187801,0.03281,0.0179,0.0255,0.0126,0.496,0.00266,0.001517,0.57,-0.6058,-2.18,-0.0948,2.18
firm,2019,701,1564,73186,187801,0.05991,0.03261,0.0933,0.0279,0.299,0.00974,0.003345,0.343,-0.6084,-2.99,-0.13,2.99
social network,2019,701,1564,73186,187801,0.01997,0.01087,0.0248,0.0115,0.464,0.002586,0.00138,0.534,-0.6084,-1.7,-0.0739,1.7
particular,2019,701,1564,73186,187801,0.08987,0.04859,0.0641,0.0232,0.362,0.006688,0.002781,0.416,-0.6149,-3.74,-0.1626,3.74
early,2019,701,1564,73186,187801,0.02853,0.01535,0.0258,0.0104,0.405,0.002689,0.001252,0.466,-0.6202,-2.07,-0.09,2.07
clearly,2019,701,1564,73186,187801,0.01427,0.00767,0.0124,0.0046,0.375,0.001292,0.000557,0.431,-0.6203,-1.46,-0.0633,1.46
sale,2019,701,1564,73186,187801,0.01427,0.00767,0.0131,0.0054,0.417,0.001363,0.000654,0.48,-0.6203,-1.46,-0.0633,1.46
damage,2019,701,1564,73186,187801,0.01427,0.00767,0.0137,0.009,0.659,0.001428,0.001083,0.758,-0.6203,-1.46,-0.0633,1.46
failure,2019,701,1564,73186,187801,0.01427,0.00767,0.0158,0.0057,0.36,0.001652,0.000683,0.414,-0.6203,-1.46,-0.0633,1.46
inherent,2019,701,1564,73186,187801,0.01427,0.00767,0.0126,0.0045,0.353,0.001318,0.000534,0.406,-0.6203,-1.46,-0.0633,1.46
stakeholder sustainability,2019,701,1564,73186,187801,0.00713,0.00384,0.0046,0.0029,0.646,0.000476,0.000354,0.743,-0.6205,-1.03,-0.0446,1.03
argument,2019,701,1564,73186,187801,0.00713,0.00384,0.0079,0.0027,0.344,0.000826,0.000327,0.396,-0.6205,-1.03,-0.0446,1.03
implementation tourism,2019,701,1564,73186,187801,0.00713,0.00384,0.0076,0.0029,0.378,0.000791,0.000344,0.435,-0.6205,-1.03,-0.0446,1.03
miss,2019,701,1564,73186,187801,0.00713,0.00384,0.0059,0.0032,0.551,0.000611,0.000387,0.634,-0.6205,-1.03,-0.0446,1.03
development mountain,2019,701,1564,73186,187801,0.00713,0.00384,0.0082,0.0029,0.359,0.000854,0.000353,0.413,-0.6205,-1.03,-0.0446,1.03
development international,2019,701,1564,73186,187801,0.00713,0.00384,0.0061,0.0035,0.57,0.000642,0.000421,0.656,-0.6205,-1.03,-0.0446,1.03
network theory,2019,701,1564,73186,187801,0.00713,0.00384,0.0086,0.0045,0.525,0.000899,0.000543,0.603,-0.6205,-1.03,-0.0446,1.03
communicate,2019,701,1564,73186,187801,0.00713,0.00384,0.0072,0.0028,0.388,0.000754,0.000337,0.447,-0.6205,-1.03,-0.0446,1.03
ultimate,2019,701,1564,73186,187801,0.00713,0.00384,0.0044,0.0028,0.633,0.00046,0.000335,0.728,-0.6205,-1.03,-0.0446,1.03
reasonable,2019,701,1564,73186,187801,0.00713,0.00384,0.0056,0.0028,0.498,0.000588,0.000337,0.573,-0.6205,-1.03,-0.0446,1.03
actor network,2019,701,1564,73186,187801,0.00713,0.00384,0.0085,0.005,0.585,0.000885,0.000596,0.673,-0.6205,-1.03,-0.0446,1.03
ice,2019,701,1564,73186,187801,0.00713,0.00384,0.0094,0.01,1.067,0.000982,0.001205,1.227,-0.6205,-1.03,-0.0446,1.03
management market,2019,701,1564,73186,187801,0.00713,0.00384,0.006,0.0026,0.441,0.000624,0.000317,0.508,-0.6205,-1.03,-0.0446,1.03
capital tourism,2019,701,1564,73186,187801,0.00713,0.00384,0.006,0.0028,0.466,0.000625,0.000335,0.536,-0.6205,-1.03,-0.0446,1.03
branch,2019,701,1564,73186,187801,0.00713,0.00384,0.0082,0.0033,0.398,0.000858,0.000393,0.458,-0.6205,-1.03,-0.0446,1.03
approximately,2019,701,1564,73186,187801,0.00713,0.00384,0.0066,0.0041,0.617,0.000692,0.000491,0.71,-0.6205,-1.03,-0.0446,1.03
slovakia,2019,701,1564,73186,187801,0.00713,0.00384,0.0149,0.0063,0.421,0.001554,0.000753,0.485,-0.6205,-1.03,-0.0446,1.03
create value,2019,701,1564,73186,187801,0.00713,0.00384,0.0059,0.004,0.679,0.00062,0.000484,0.781,-0.6205,-1.03,-0.0446,1.03
complicate,2019,701,1564,73186,187801,0.00713,0.00384,0.0083,0.0032,0.386,0.000871,0.000386,0.444,-0.6205,-1.03,-0.0446,1.03
operator,2019,701,1564,73186,187801,0.03709,0.01982,0.0423,0.014,0.331,0.004421,0.001681,0.38,-0.6266,-2.39,-0.1039,2.39
century,2019,701,1564,73186,187801,0.02996,0.01598,0.0236,0.0111,0.468,0.002469,0.001329,0.538,-0.6282,-2.15,-0.0933,2.15
europe,2019,701,1564,73186,187801,0.04565,0.0243,0.0417,0.0166,0.399,0.004356,0.001999,0.459,-0.6307,-2.68,-0.1162,2.68
foreign,2019,701,1564,73186,187801,0.04565,0.0243,0.0342,0.0189,0.552,0.003567,0.002264,0.635,-0.6307,-2.68,-0.1162,2.68
partner,2019,701,1564,73186,187801,0.02282,0.01215,0.017,0.0091,0.534,0.00177,0.001087,0.614,-0.6307,-1.88,-0.0815,1.88
encounter,2019,701,1564,73186,187801,0.01569,0.00831,0.0283,0.0062,0.22,0.002955,0.000749,0.253,-0.6356,-1.56,-0.0678,1.56
local resource,2019,701,1564,73186,187801,0.01569,0.00831,0.0161,0.0076,0.472,0.001683,0.000914,0.543,-0.6356,-1.56,-0.0678,1.56
poor,2019,701,1564,73186,187801,0.04137,0.02174,0.053,0.0163,0.308,0.005538,0.001959,0.354,-0.6435,-2.59,-0.1123,2.59
visit,2019,701,1564,73186,187801,0.04993,0.02621,0.0393,0.0173,0.441,0.004105,0.002083,0.507,-0.6443,-2.86,-0.1239,2.86
regard,2019,701,1564,73186,187801,0.04993,0.02621,0.0329,0.0138,0.421,0.003433,0.001662,0.484,-0.6443,-2.86,-0.1239,2.86
reserve,2019,701,1564,73186,187801,0.01712,0.00895,0.0379,0.0131,0.346,0.00396,0.001577,0.398,-0.6484,-1.66,-0.072,1.66
local participation,2019,701,1564,73186,187801,0.01712,0.00895,0.013,0.0064,0.49,0.00136,0.000767,0.564,-0.6484,-1.66,-0.072,1.66
press,2019,701,1564,73186,187801,0.03424,0.0179,0.02,0.0092,0.459,0.002091,0.001105,0.528,-0.6484,-2.36,-0.1025,2.36
citizen,2019,701,1564,73186,187801,0.01712,0.00895,0.0147,0.0088,0.602,0.001533,0.001062,0.693,-0.6484,-1.66,-0.072,1.66
apparent,2019,701,1564,73186,187801,0.00856,0.00448,0.0054,0.003,0.553,0.00056,0.000356,0.636,-0.6486,-1.17,-0.0507,1.17
younger,2019,701,1564,73186,187801,0.00856,0.00448,0.0092,0.0038,0.408,0.000963,0.000452,0.469,-0.6486,-1.17,-0.0507,1.17
newly,2019,701,1564,73186,187801,0.00856,0.00448,0.0077,0.003,0.387,0.000803,0.000357,0.445,-0.6486,-1.17,-0.0507,1.17
build sustainable,2019,701,1564,73186,187801,0.00856,0.00448,0.0067,0.0038,0.562,0.0007,0.000452,0.646,-0.6486,-1.17,-0.0507,1.17
tourism help,2019,701,1564,73186,187801,0.00856,0.00448,0.0092,0.0029,0.313,0.00096,0.000345,0.36,-0.6486,-1.17,-0.0507,1.17
counter,2019,701,1564,73186,187801,0.00856,0.00448,0.0083,0.0028,0.341,0.000863,0.000339,0.392,-0.6486,-1.17,-0.0507,1.17
commit,2019,701,1564,73186,187801,0.00856,0.00448,0.0072,0.004,0.549,0.000754,0.000475,0.631,-0.6486,-1.17,-0.0507,1.17
knowledge transfer,2019,701,1564,73186,187801,0.00856,0.00448,0.0094,0.0034,0.362,0.00098,0.000408,0.417,-0.6486,-1.17,-0.0507,1.17
bali,2019,701,1564,73186,187801,0.00856,0.00448,0.014,0.0066,0.473,0.001458,0.000793,0.544,-0.6486,-1.17,-0.0507,1.17
shop,2019,701,1564,73186,187801,0.00856,0.00448,0.0065,0.0031,0.486,0.000676,0.000378,0.559,-0.6486,-1.17,-0.0507,1.17
confront,2019,701,1564,73186,187801,0.00856,0.00448,0.008,0.0038,0.471,0.000832,0.000451,0.542,-0.6486,-1.17,-0.0507,1.17
snow,2019,701,1564,73186,187801,0.00856,0.00448,0.0138,0.0091,0.665,0.001436,0.001098,0.764,-0.6486,-1.17,-0.0507,1.17
track,2019,701,1564,73186,187801,0.00856,0.00448,0.0149,0.0028,0.188,0.00155,0.000335,0.216,-0.6486,-1.17,-0.0507,1.17
competitiveness innovation,2019,701,1564,73186,187801,0.00856,0.00448,0.01,0.004,0.405,0.001041,0.000485,0.466,-0.6486,-1.17,-0.0507,1.17
ethnic,2019,701,1564,73186,187801,0.0271,0.01407,0.0499,0.0186,0.373,0.005211,0.002236,0.429,-0.6559,-2.12,-0.0918,2.12
northern,2019,701,1564,73186,187801,0.03709,0.01918,0.0428,0.0131,0.307,0.004465,0.001578,0.353,-0.6594,-2.5,-0.1083,2.5
enter,2019,701,1564,73186,187801,0.01854,0.00959,0.0153,0.0057,0.374,0.001598,0.000688,0.431,-0.6595,-1.75,-0.076,1.75
nevertheless,2019,701,1564,73186,187801,0.01854,0.00959,0.0133,0.0054,0.408,0.001389,0.000652,0.469,-0.6595,-1.75,-0.076,1.75
begin,2019,701,1564,73186,187801,0.02853,0.01471,0.024,0.0093,0.39,0.002502,0.001122,0.449,-0.6628,-2.19,-0.0951,2.19
past,2019,701,1564,73186,187801,0.05991,0.03069,0.0398,0.0184,0.463,0.004156,0.002212,0.532,-0.669,-3.24,-0.1405,3.24
national regional,2019,701,1564,73186,187801,0.00999,0.00512,0.0129,0.0034,0.265,0.001344,0.00041,0.305,-0.6691,-1.3,-0.0563,1.3
primary secondary,2019,701,1564,73186,187801,0.00999,0.00512,0.009,0.0032,0.352,0.000939,0.00038,0.405,-0.6691,-1.3,-0.0563,1.3
adventure,2019,701,1564,73186,187801,0.00999,0.00512,0.0159,0.012,0.754,0.001662,0.001442,0.868,-0.6691,-1.3,-0.0563,1.3
destruction,2019,701,1564,73186,187801,0.00999,0.00512,0.009,0.0033,0.367,0.000936,0.000395,0.422,-0.6691,-1.3,-0.0563,1.3
early stage,2019,701,1564,73186,187801,0.00999,0.00512,0.0127,0.0048,0.381,0.001325,0.000581,0.439,-0.6691,-1.3,-0.0563,1.3
indeed,2019,701,1564,73186,187801,0.00999,0.00512,0.0077,0.0037,0.485,0.000805,0.000449,0.558,-0.6691,-1.3,-0.0563,1.3
trust,2019,701,1564,73186,187801,0.03138,0.01598,0.0394,0.0156,0.396,0.004113,0.001873,0.455,-0.6747,-2.34,-0.1013,2.34
example,2019,701,1564,73186,187801,0.09558,0.04859,0.0676,0.0235,0.348,0.007053,0.002826,0.401,-0.6765,-4.19,-0.1817,4.19
arise,2019,701,1564,73186,187801,0.0214,0.01087,0.0178,0.0079,0.441,0.001857,0.000943,0.508,-0.6774,-1.93,-0.0836,1.93
community development,2019,701,1564,73186,187801,0.21683,0.10997,0.1511,0.0644,0.426,0.015777,0.007734,0.49,-0.6789,-6.68,-0.289,6.68
question,2019,701,1564,73186,187801,0.07703,0.039,0.0541,0.0229,0.423,0.00565,0.002752,0.487,-0.6806,-3.76,-0.1627,3.76
national tourism,2019,701,1564,73186,187801,0.01141,0.00575,0.0102,0.0041,0.408,0.001061,0.000498,0.469,-0.6848,-1.42,-0.0613,1.42
dominate,2019,701,1564,73186,187801,0.02282,0.01151,0.0199,0.0068,0.343,0.002076,0.000818,0.394,-0.6848,-2.01,-0.0871,2.01
isolate,2019,701,1564,73186,187801,0.01141,0.00575,0.0106,0.0043,0.409,0.001109,0.000522,0.471,-0.6848,-1.42,-0.0613,1.42
community sustainable,2019,701,1564,73186,187801,0.01141,0.00575,0.0091,0.005,0.545,0.000952,0.000597,0.627,-0.6848,-1.42,-0.0613,1.42
description,2019,701,1564,73186,187801,0.01141,0.00575,0.0079,0.0037,0.465,0.000825,0.000441,0.534,-0.6848,-1.42,-0.0613,1.42
tourism often,2019,701,1564,73186,187801,0.01141,0.00575,0.012,0.0041,0.344,0.001252,0.000495,0.396,-0.6848,-1.42,-0.0613,1.42
innovativeness,2019,701,1564,73186,187801,0.01141,0.00575,0.0389,0.0091,0.235,0.004063,0.001098,0.27,-0.6848,-1.42,-0.0613,1.42
interrelate,2019,701,1564,73186,187801,0.01141,0.00575,0.0098,0.0044,0.449,0.001028,0.000531,0.517,-0.6848,-1.42,-0.0613,1.42
company,2019,701,1564,73186,187801,0.05849,0.02941,0.0716,0.0241,0.337,0.007474,0.002898,0.388,-0.6874,-3.28,-0.1418,3.28
ownership,2019,701,1564,73186,187801,0.02425,0.01215,0.0232,0.0123,0.53,0.002417,0.001474,0.61,-0.6913,-2.09,-0.0905,2.09
discuss,2019,701,1564,73186,187801,0.12268,0.06138,0.0754,0.0302,0.4,0.007872,0.003623,0.46,-0.6925,-4.9,-0.2121,4.9
mass,2019,701,1564,73186,187801,0.03709,0.01854,0.0373,0.0138,0.369,0.003896,0.001652,0.424,-0.6933,-2.6,-0.1128,2.6
stage tourism,2019,701,1564,73186,187801,0.01284,0.00639,0.0127,0.0041,0.325,0.001324,0.000495,0.374,-0.6972,-1.53,-0.066,1.53
development resident,2019,701,1564,73186,187801,0.01284,0.00639,0.0115,0.0048,0.418,0.001204,0.000579,0.481,-0.6972,-1.53,-0.066,1.53
taiwan,2019,701,1564,73186,187801,0.01284,0.00639,0.018,0.0084,0.466,0.001874,0.001006,0.536,-0.6972,-1.53,-0.066,1.53
annual,2019,701,1564,73186,187801,0.01284,0.00639,0.0109,0.0043,0.394,0.001141,0.000518,0.454,-0.6972,-1.53,-0.066,1.53
economic activity,2019,701,1564,73186,187801,0.02568,0.01279,0.0216,0.0109,0.505,0.002256,0.00131,0.581,-0.6972,-2.17,-0.0939,2.17
development develop,2019,701,1564,73186,187801,0.01284,0.00639,0.0118,0.0046,0.389,0.001234,0.000552,0.447,-0.6972,-1.53,-0.066,1.53
arrangement,2019,701,1564,73186,187801,0.01284,0.00639,0.0142,0.0044,0.31,0.001481,0.000528,0.356,-0.6972,-1.53,-0.066,1.53
member,2019,701,1564,73186,187801,0.05278,0.02621,0.0427,0.018,0.422,0.00446,0.002167,0.486,-0.6999,-3.15,-0.1364,3.15
touristic,2019,701,1564,73186,187801,0.0271,0.01343,0.032,0.0115,0.359,0.003338,0.00138,0.413,-0.7024,-2.24,-0.0971,2.24
joint,2019,701,1564,73186,187801,0.01427,0.00703,0.0142,0.0052,0.363,0.001484,0.00062,0.418,-0.7073,-1.63,-0.0705,1.63
distinguish,2019,701,1564,73186,187801,0.01427,0.00703,0.0138,0.005,0.362,0.001436,0.000598,0.416,-0.7073,-1.63,-0.0705,1.63
push,2019,701,1564,73186,187801,0.01427,0.00703,0.0133,0.0041,0.306,0.001393,0.00049,0.352,-0.7073,-1.63,-0.0705,1.63
characterise,2019,701,1564,73186,187801,0.01427,0.00703,0.0135,0.0048,0.358,0.001409,0.000581,0.412,-0.7073,-1.63,-0.0705,1.63
makers,2019,701,1564,73186,187801,0.01427,0.00703,0.014,0.0059,0.423,0.001465,0.000714,0.487,-0.7073,-1.63,-0.0705,1.63
motivate,2019,701,1564,73186,187801,0.01427,0.00703,0.0104,0.0054,0.519,0.001082,0.000646,0.597,-0.7073,-1.63,-0.0705,1.63
tourism project,2019,701,1564,73186,187801,0.01427,0.00703,0.0136,0.0061,0.446,0.001421,0.000729,0.513,-0.7073,-1.63,-0.0705,1.63
enterprise ltd,2019,701,1564,73186,187801,0.01569,0.00767,0.0127,0.0058,0.459,0.001322,0.000698,0.528,-0.7155,-1.73,-0.0746,1.73
claim,2019,701,1564,73186,187801,0.01569,0.00767,0.0147,0.0061,0.412,0.001538,0.000729,0.474,-0.7155,-1.73,-0.0746,1.73
circumstance,2019,701,1564,73186,187801,0.01569,0.00767,0.0165,0.005,0.305,0.001728,0.000605,0.35,-0.7155,-1.73,-0.0746,1.73
fieldwork,2019,701,1564,73186,187801,0.01569,0.00767,0.015,0.0059,0.394,0.00157,0.000712,0.453,-0.7155,-1.73,-0.0746,1.73
inderscience enterprise,2019,701,1564,73186,187801,0.01569,0.00767,0.0127,0.0058,0.459,0.001322,0.000698,0.528,-0.7155,-1.73,-0.0746,1.73
involve tourism,2019,701,1564,73186,187801,0.01569,0.00767,0.0152,0.0056,0.371,0.001588,0.000678,0.427,-0.7155,-1.73,-0.0746,1.73
suitable,2019,701,1564,73186,187801,0.01712,0.00831,0.0137,0.0053,0.385,0.001433,0.000634,0.442,-0.7225,-1.82,-0.0786,1.82
instead,2019,701,1564,73186,187801,0.01712,0.00831,0.0146,0.0058,0.396,0.001526,0.000694,0.455,-0.7225,-1.82,-0.0786,1.82
size,2019,701,1564,73186,187801,0.03424,0.01662,0.0295,0.0097,0.327,0.003083,0.001161,0.377,-0.7225,-2.59,-0.1119,2.59
section,2019,701,1564,73186,187801,0.01854,0.00895,0.0203,0.0084,0.414,0.002122,0.001012,0.477,-0.7284,-1.91,-0.0824,1.91
world tourism,2019,701,1564,73186,187801,0.01854,0.00895,0.0153,0.0062,0.406,0.001601,0.000748,0.467,-0.7284,-1.91,-0.0824,1.91
emergence,2019,701,1564,73186,187801,0.03709,0.0179,0.0266,0.012,0.451,0.002775,0.00144,0.519,-0.7284,-2.71,-0.1173,2.71
relation,2019,701,1564,73186,187801,0.07561,0.03645,0.0585,0.0207,0.353,0.00611,0.002483,0.406,-0.7297,-3.94,-0.1703,3.94
tourism entrepreneur,2019,701,1564,73186,187801,0.03852,0.01854,0.0439,0.0157,0.357,0.004581,0.001881,0.411,-0.731,-2.77,-0.12,2.77
viability,2019,701,1564,73186,187801,0.01997,0.00959,0.0137,0.0068,0.5,0.001428,0.000821,0.575,-0.7335,-1.99,-0.086,1.99
profit,2019,701,1564,73186,187801,0.01997,0.00959,0.0154,0.0081,0.525,0.001605,0.000969,0.604,-0.7335,-1.99,-0.086,1.99
relative,2019,701,1564,73186,187801,0.0214,0.01023,0.0193,0.0062,0.32,0.002014,0.000742,0.368,-0.738,-2.07,-0.0895,2.07
recognise,2019,701,1564,73186,187801,0.0214,0.01023,0.0201,0.0056,0.28,0.002103,0.000678,0.322,-0.738,-2.07,-0.0895,2.07
linkage,2019,701,1564,73186,187801,0.0214,0.01023,0.0202,0.0114,0.565,0.002106,0.00137,0.65,-0.738,-2.07,-0.0895,2.07
differ,2019,701,1564,73186,187801,0.0214,0.01023,0.0154,0.0055,0.354,0.001611,0.000656,0.407,-0.738,-2.07,-0.0895,2.07
best,2019,701,1564,73186,187801,0.04565,0.02174,0.0437,0.0126,0.289,0.004568,0.001517,0.332,-0.7419,-3.07,-0.1325,3.07
ethnographic,2019,701,1564,73186,187801,0.02282,0.01087,0.0202,0.0087,0.429,0.002105,0.00104,0.494,-0.7419,-2.15,-0.0929,2.15
viable,2019,701,1564,73186,187801,0.02425,0.01151,0.0197,0.0074,0.378,0.002057,0.000894,0.435,-0.7454,-2.22,-0.0962,2.22
town,2019,701,1564,73186,187801,0.04993,0.02366,0.0673,0.0286,0.425,0.007022,0.003434,0.489,-0.7469,-3.23,-0.1396,3.23
poverty,2019,701,1564,73186,187801,0.05278,0.02494,0.0654,0.0243,0.371,0.00683,0.002913,0.426,-0.7498,-3.33,-0.1441,3.33
south,2019,701,1564,73186,187801,0.09558,0.04476,0.1134,0.0399,0.352,0.011841,0.004795,0.405,-0.7587,-4.61,-0.199,4.61
fact,2019,701,1564,73186,187801,0.03424,0.01598,0.029,0.0091,0.313,0.003032,0.001093,0.36,-0.7617,-2.7,-0.1167,2.7
attempt,2019,701,1564,73186,187801,0.04565,0.0211,0.0344,0.0121,0.351,0.00359,0.00145,0.404,-0.7717,-3.16,-0.1367,3.16
history,2019,701,1564,73186,187801,0.05136,0.02366,0.0374,0.0137,0.366,0.00391,0.001644,0.421,-0.7751,-3.38,-0.1458,3.38
see,2019,701,1564,73186,187801,0.06562,0.03005,0.0528,0.0171,0.323,0.005514,0.002051,0.372,-0.781,-3.86,-0.1667,3.86
success tourism,2019,701,1564,73186,187801,0.00713,0.0032,0.0057,0.0036,0.634,0.000591,0.000431,0.729,-0.8025,-1.27,-0.0549,1.27
cycle,2019,701,1564,73186,187801,0.03709,0.01662,0.0422,0.0227,0.538,0.004409,0.002727,0.619,-0.8025,-2.93,-0.1266,2.93
experience innovation,2019,701,1564,73186,187801,0.00428,0.00192,0.0127,0.0014,0.112,0.001326,0.000171,0.129,-0.8025,-0.99,-0.0425,0.99
exploit,2019,701,1564,73186,187801,0.0214,0.00959,0.0174,0.0072,0.412,0.001812,0.000859,0.474,-0.8025,-2.22,-0.0956,2.22
tend,2019,701,1564,73186,187801,0.03424,0.01535,0.0285,0.0093,0.326,0.002977,0.001117,0.375,-0.8025,-2.82,-0.1215,2.82
enterprise tourism,2019,701,1564,73186,187801,0.00856,0.00384,0.0097,0.0036,0.374,0.001012,0.000435,0.43,-0.8025,-1.4,-0.0602,1.4
small scale,2019,701,1564,73186,187801,0.02853,0.01279,0.0302,0.0106,0.351,0.003151,0.001272,0.404,-0.8025,-2.56,-0.1107,2.56
drama,2019,701,1564,73186,187801,0.00285,0.00128,0.0063,0.0036,0.57,0.000658,0.000431,0.655,-0.8025,-0.81,-0.0347,0.81
visitation,2019,701,1564,73186,187801,0.00571,0.00256,0.0076,0.0029,0.384,0.000791,0.000349,0.442,-0.8025,-1.14,-0.0491,1.14
verde,2019,701,1564,73186,187801,0.00285,0.00128,0.0048,0.0045,0.939,0.000503,0.000543,1.08,-0.8025,-0.81,-0.0347,0.81
local socio,2019,701,1564,73186,187801,0.00713,0.0032,0.0111,0.0028,0.252,0.001163,0.000337,0.29,-0.8025,-1.27,-0.0549,1.27
latin america,2019,701,1564,73186,187801,0.00428,0.00192,0.0092,0.0039,0.424,0.000965,0.000471,0.488,-0.8025,-0.99,-0.0425,0.99
learn outcome,2019,701,1564,73186,187801,0.00713,0.0032,0.0057,0.0045,0.793,0.000597,0.000544,0.912,-0.8025,-1.27,-0.0549,1.27
qol,2019,701,1564,73186,187801,0.00428,0.00192,0.0163,0.0075,0.461,0.0017,0.000902,0.53,-0.8025,-0.99,-0.0425,0.99
sun,2019,701,1564,73186,187801,0.00999,0.00448,0.0096,0.0047,0.491,0.001004,0.000566,0.564,-0.8025,-1.51,-0.065,1.51
geography,2019,701,1564,73186,187801,0.02996,0.01343,0.0354,0.0135,0.381,0.003697,0.001621,0.438,-0.8025,-2.63,-0.1135,2.63
entrepreneurship local,2019,701,1564,73186,187801,0.00713,0.0032,0.0091,0.0022,0.243,0.000945,0.000264,0.28,-0.8025,-1.27,-0.0549,1.27
far,2019,701,1564,73186,187801,0.03138,0.01407,0.0235,0.0089,0.377,0.002458,0.001067,0.434,-0.8025,-2.69,-0.1162,2.69
historically,2019,701,1564,73186,187801,0.00856,0.00384,0.0074,0.0023,0.307,0.000775,0.000273,0.353,-0.8025,-1.4,-0.0602,1.4
range,2019,701,1564,73186,187801,0.06562,0.02941,0.0515,0.0155,0.3,0.005382,0.001858,0.345,-0.8025,-3.94,-0.1702,3.94
monetary,2019,701,1564,73186,187801,0.00428,0.00192,0.0114,0.0016,0.139,0.001191,0.000191,0.16,-0.8025,-0.99,-0.0425,0.99
dark,2019,701,1564,73186,187801,0.00571,0.00256,0.0071,0.005,0.702,0.000738,0.000596,0.808,-0.8025,-1.14,-0.0491,1.14
event community,2019,701,1564,73186,187801,0.00856,0.00384,0.0083,0.0039,0.467,0.000862,0.000463,0.537,-0.8025,-1.4,-0.0602,1.4
event innovation,2019,701,1564,73186,187801,0.00428,0.00192,0.0029,0.0042,1.454,0.0003,0.000502,1.673,-0.8025,-0.99,-0.0425,0.99
award,2019,701,1564,73186,187801,0.00856,0.00384,0.01,0.0033,0.328,0.001047,0.000395,0.377,-0.8025,-1.4,-0.0602,1.4
morocco,2019,701,1564,73186,187801,0.00571,0.00256,0.019,0.005,0.265,0.001982,0.000604,0.305,-0.8025,-1.14,-0.0491,1.14
mostly,2019,701,1564,73186,187801,0.01997,0.00895,0.0163,0.0051,0.314,0.001705,0.000615,0.361,-0.8025,-2.14,-0.0923,2.14
resort,2019,701,1564,73186,187801,0.03281,0.01471,0.0438,0.0187,0.427,0.004568,0.002241,0.491,-0.8025,-2.75,-0.1189,2.75
mountain,2019,701,1564,73186,187801,0.05421,0.0243,0.0876,0.0322,0.368,0.009149,0.003871,0.423,-0.8025,-3.57,-0.154,3.57
sur,2019,701,1564,73186,187801,0.00428,0.00192,0.008,0.0028,0.347,0.000836,0.000334,0.399,-0.8025,-0.99,-0.0425,0.99
residential,2019,701,1564,73186,187801,0.00713,0.0032,0.0152,0.0029,0.191,0.001588,0.000349,0.219,-0.8025,-1.27,-0.0549,1.27
avenue,2019,701,1564,73186,187801,0.01141,0.00512,0.013,0.0035,0.271,0.001354,0.000423,0.312,-0.8025,-1.61,-0.0696,1.61
contradiction,2019,701,1564,73186,187801,0.00856,0.00384,0.0103,0.0027,0.261,0.001076,0.000323,0.3,-0.8025,-1.4,-0.0602,1.4
symbol,2019,701,1564,73186,187801,0.00571,0.00256,0.0105,0.0025,0.237,0.001097,0.000299,0.272,-0.8025,-1.14,-0.0491,1.14
greatly,2019,701,1564,73186,187801,0.00999,0.00448,0.0075,0.0027,0.362,0.000788,0.000328,0.416,-0.8025,-1.51,-0.065,1.51
grand,2019,701,1564,73186,187801,0.00428,0.00192,0.0059,0.0039,0.663,0.000619,0.000472,0.763,-0.8025,-0.99,-0.0425,0.99
bank,2019,701,1564,73186,187801,0.01141,0.00512,0.0199,0.0044,0.219,0.002083,0.000524,0.251,-0.8025,-1.61,-0.0696,1.61
retail,2019,701,1564,73186,187801,0.00713,0.0032,0.0076,0.0046,0.61,0.00079,0.000555,0.702,-0.8025,-1.27,-0.0549,1.27
archipelago,2019,701,1564,73186,187801,0.00713,0.0032,0.0067,0.0038,0.567,0.000698,0.000456,0.653,-0.8025,-1.27,-0.0549,1.27
karst,2019,701,1564,73186,187801,0.00285,0.00128,0.011,0.0008,0.076,0.001152,0.0001,0.087,-0.8025,-0.81,-0.0347,0.81
general,2019,701,1564,73186,187801,0.07846,0.03517,0.0478,0.0156,0.327,0.004993,0.001879,0.376,-0.8025,-4.33,-0.187,4.33
colombia,2019,701,1564,73186,187801,0.00856,0.00384,0.0303,0.005,0.164,0.003163,0.000598,0.189,-0.8025,-1.4,-0.0602,1.4
sport venue,2019,701,1564,73186,187801,0.00285,0.00128,0.0089,0.0029,0.321,0.000934,0.000345,0.37,-0.8025,-0.81,-0.0347,0.81
investor,2019,701,1564,73186,187801,0.01569,0.00703,0.0192,0.0062,0.322,0.002,0.000741,0.37,-0.8025,-1.89,-0.0817,1.89
effectuation,2019,701,1564,73186,187801,0.00143,0.00064,0.0084,0.0017,0.198,0.000872,0.000198,0.227,-0.8025,-0.57,-0.0245,0.57
destination innovation,2019,701,1564,73186,187801,0.00713,0.0032,0.0101,0.0036,0.36,0.001058,0.000438,0.414,-0.8025,-1.27,-0.0549,1.27
character,2019,701,1564,73186,187801,0.01569,0.00703,0.0152,0.0046,0.305,0.001589,0.000557,0.35,-0.8025,-1.89,-0.0817,1.89
industry local,2019,701,1564,73186,187801,0.00856,0.00384,0.0079,0.0031,0.399,0.000822,0.000377,0.459,-0.8025,-1.4,-0.0602,1.4
terrace,2019,701,1564,73186,187801,0.00428,0.00192,0.0157,0.0017,0.108,0.001643,0.000205,0.125,-0.8025,-0.99,-0.0425,0.99
territorial brand,2019,701,1564,73186,187801,0.00143,0.00064,0.0075,0.003,0.407,0.000778,0.000364,0.468,-0.8025,-0.57,-0.0245,0.57
break,2019,701,1564,73186,187801,0.00856,0.00384,0.0076,0.0019,0.253,0.000795,0.000232,0.291,-0.8025,-1.4,-0.0602,1.4
ocean,2019,701,1564,73186,187801,0.00856,0.00384,0.0088,0.007,0.79,0.000922,0.000837,0.908,-0.8025,-1.4,-0.0602,1.4
tourism transport,2019,701,1564,73186,187801,0.00428,0.00192,0.0075,0.0035,0.46,0.000783,0.000414,0.529,-0.8025,-0.99,-0.0425,0.99
hotel industry,2019,701,1564,73186,187801,0.00999,0.00448,0.0132,0.0092,0.693,0.001382,0.001102,0.798,-0.8025,-1.51,-0.065,1.51
tourist development,2019,701,1564,73186,187801,0.01284,0.00575,0.0106,0.0047,0.447,0.001109,0.00057,0.514,-0.8025,-1.71,-0.0738,1.71
depth tourism,2019,701,1564,73186,187801,0.00428,0.00192,0.0119,0.0017,0.142,0.001245,0.000204,0.164,-0.8025,-0.99,-0.0425,0.99
denmark,2019,701,1564,73186,187801,0.00713,0.0032,0.0128,0.0023,0.177,0.001339,0.000272,0.203,-0.8025,-1.27,-0.0549,1.27
rural resident,2019,701,1564,73186,187801,0.00571,0.00256,0.0065,0.0042,0.641,0.000683,0.000503,0.737,-0.8025,-1.14,-0.0491,1.14
rural population,2019,701,1564,73186,187801,0.00856,0.00384,0.0065,0.0027,0.414,0.000683,0.000325,0.476,-0.8025,-1.4,-0.0602,1.4
asia,2019,701,1564,73186,187801,0.05278,0.02366,0.0545,0.0181,0.333,0.005686,0.002178,0.383,-0.8025,-3.52,-0.1519,3.52
scheme,2019,701,1564,73186,187801,0.01141,0.00512,0.0163,0.0039,0.241,0.001697,0.00047,0.277,-0.8025,-1.61,-0.0696,1.61
everyday,2019,701,1564,73186,187801,0.01284,0.00575,0.009,0.0053,0.589,0.000939,0.000637,0.678,-0.8025,-1.71,-0.0738,1.71
immigrant,2019,701,1564,73186,187801,0.00285,0.00128,0.0168,0.0015,0.091,0.001749,0.000183,0.105,-0.8025,-0.81,-0.0347,0.81
jordan,2019,701,1564,73186,187801,0.00428,0.00192,0.014,0.0074,0.527,0.001464,0.000887,0.606,-0.8025,-0.99,-0.0425,0.99
international sport,2019,701,1564,73186,187801,0.00999,0.00448,0.0126,0.006,0.477,0.001315,0.000721,0.548,-0.8025,-1.51,-0.065,1.51
international festival,2019,701,1564,73186,187801,0.00285,0.00128,0.0029,0.0025,0.858,0.000305,0.000301,0.987,-0.8025,-0.81,-0.0347,0.81
heighten,2019,701,1564,73186,187801,0.00856,0.00384,0.0097,0.0036,0.368,0.001013,0.000429,0.423,-0.8025,-1.4,-0.0602,1.4
tourism africa,2019,701,1564,73186,187801,0.00571,0.00256,0.0094,0.0023,0.243,0.000986,0.000276,0.279,-0.8025,-1.14,-0.0491,1.14
benefit community,2019,701,1564,73186,187801,0.00999,0.00448,0.0087,0.0033,0.384,0.000905,0.0004,0.442,-0.8025,-1.51,-0.065,1.51
possibility,2019,701,1564,73186,187801,0.0428,0.01918,0.0341,0.0115,0.338,0.003558,0.001383,0.389,-0.8025,-3.16,-0.1363,3.16
ministry,2019,701,1564,73186,187801,0.01141,0.00512,0.0119,0.0028,0.238,0.001247,0.000341,0.273,-0.8025,-1.61,-0.0696,1.61
development address,2019,701,1564,73186,187801,0.00856,0.00384,0.0075,0.0021,0.286,0.000781,0.000257,0.329,-0.8025,-1.4,-0.0602,1.4
vacation,2019,701,1564,73186,187801,0.00571,0.00256,0.0155,0.0029,0.189,0.001616,0.000352,0.217,-0.8025,-1.14,-0.0491,1.14
liability,2019,701,1564,73186,187801,0.00143,0.00064,0.0082,0.0015,0.183,0.000851,0.00018,0.211,-0.8025,-0.57,-0.0245,0.57
perception tourism,2019,701,1564,73186,187801,0.0271,0.01215,0.024,0.0097,0.405,0.002501,0.001164,0.465,-0.8025,-2.5,-0.1078,2.5
lesson,2019,701,1564,73186,187801,0.03138,0.01407,0.0258,0.0084,0.324,0.002693,0.001003,0.373,-0.8025,-2.69,-0.1162,2.69
indigenous,2019,701,1564,73186,187801,0.06134,0.02749,0.1201,0.0377,0.314,0.012541,0.004533,0.361,-0.8025,-3.81,-0.1643,3.81
indigenous tourism,2019,701,1564,73186,187801,0.01141,0.00512,0.0298,0.0096,0.323,0.003107,0.001153,0.371,-0.8025,-1.61,-0.0696,1.61
parallel,2019,701,1564,73186,187801,0.00999,0.00448,0.0068,0.003,0.444,0.000709,0.000362,0.51,-0.8025,-1.51,-0.065,1.51
initial,2019,701,1564,73186,187801,0.01712,0.00767,0.016,0.005,0.316,0.001667,0.000606,0.364,-0.8025,-1.98,-0.0854,1.98
inderscience,2019,701,1564,73186,187801,0.01712,0.00767,0.0144,0.0058,0.4,0.001505,0.000693,0.46,-0.8025,-1.98,-0.0854,1.98
enterprise development,2019,701,1564,73186,187801,0.00713,0.0032,0.0082,0.0025,0.308,0.000858,0.000304,0.354,-0.8025,-1.27,-0.0549,1.27
kerala,2019,701,1564,73186,187801,0.00428,0.00192,0.0077,0.0028,0.365,0.000809,0.00034,0.42,-0.8025,-0.99,-0.0425,0.99
ngo,2019,701,1564,73186,187801,0.01284,0.00575,0.0141,0.0075,0.531,0.00147,0.000898,0.611,-0.8025,-1.71,-0.0738,1.71
tourism mean,2019,701,1564,73186,187801,0.00856,0.00384,0.0073,0.0029,0.397,0.000765,0.000349,0.456,-0.8025,-1.4,-0.0602,1.4
pattern tourism,2019,701,1564,73186,187801,0.00856,0.00384,0.008,0.0035,0.445,0.000831,0.000425,0.512,-0.8025,-1.4,-0.0602,1.4
life cycle,2019,701,1564,73186,187801,0.01997,0.00895,0.0281,0.0111,0.395,0.002938,0.001333,0.454,-0.8025,-2.14,-0.0923,2.14
value proposition,2019,701,1564,73186,187801,0.00428,0.00192,0.0052,0.0044,0.848,0.000544,0.00053,0.975,-0.8025,-0.99,-0.0425,0.99
tourism positive,2019,701,1564,73186,187801,0.00999,0.00448,0.0098,0.003,0.303,0.001025,0.000357,0.349,-0.8025,-1.51,-0.065,1.51
cape verde,2019,701,1564,73186,187801,0.00285,0.00128,0.0048,0.0045,0.939,0.000503,0.000543,1.08,-0.8025,-0.81,-0.0347,0.81
sponsorship,2019,701,1564,73186,187801,0.00856,0.00384,0.0119,0.004,0.332,0.001246,0.000476,0.382,-0.8025,-1.4,-0.0602,1.4
develop local,2019,701,1564,73186,187801,0.00856,0.00384,0.0092,0.0031,0.332,0.000965,0.000369,0.382,-0.8025,-1.4,-0.0602,1.4
specialisation,2019,701,1564,73186,187801,0.00571,0.00256,0.0128,0.0035,0.27,0.001337,0.000415,0.31,-0.8025,-1.14,-0.0491,1.14
spirit,2019,701,1564,73186,187801,0.01141,0.00512,0.0109,0.0037,0.341,0.001134,0.000445,0.392,-0.8025,-1.61,-0.0696,1.61
lijiang,2019,701,1564,73186,187801,0.00285,0.00128,0.0096,0.0033,0.347,0.000997,0.000398,0.399,-0.8025,-0.81,-0.0347,0.81
innovation product,2019,701,1564,73186,187801,0.01141,0.00512,0.0129,0.0048,0.371,0.00135,0.000576,0.426,-0.8025,-1.61,-0.0696,1.61
tourism resident,2019,701,1564,73186,187801,0.00713,0.0032,0.0056,0.0025,0.446,0.000589,0.000302,0.513,-0.8025,-1.27,-0.0549,1.27
organiser,2019,701,1564,73186,187801,0.00713,0.0032,0.008,0.0025,0.309,0.000835,0.000296,0.355,-0.8025,-1.27,-0.0549,1.27
variety,2019,701,1564,73186,187801,0.03138,0.01407,0.0247,0.0086,0.35,0.002581,0.001038,0.402,-0.8025,-2.69,-0.1162,2.69
opposition,2019,701,1564,73186,187801,0.00713,0.0032,0.0077,0.0028,0.371,0.0008,0.000342,0.427,-0.8025,-1.27,-0.0549,1.27
address issue,2019,701,1564,73186,187801,0.00856,0.00384,0.009,0.0026,0.287,0.000942,0.000311,0.33,-0.8025,-1.4,-0.0602,1.4
malaysia,2019,701,1564,73186,187801,0.01712,0.00767,0.0246,0.0066,0.27,0.002565,0.000796,0.31,-0.8025,-1.98,-0.0854,1.98
undertake,2019,701,1564,73186,187801,0.04137,0.0179,0.0309,0.0114,0.37,0.003221,0.001372,0.426,-0.8376,-3.21,-0.1384,3.21
social capital,2019,701,1564,73186,187801,0.02568,0.01087,0.0636,0.0144,0.227,0.006642,0.001733,0.261,-0.8596,-2.57,-0.1106,2.57
note,2019,701,1564,73186,187801,0.02425,0.01023,0.021,0.0064,0.305,0.002195,0.00077,0.351,-0.8631,-2.5,-0.1077,2.5
developmental,2019,701,1564,73186,187801,0.02425,0.01023,0.021,0.0085,0.406,0.00219,0.001023,0.467,-0.8631,-2.5,-0.1077,2.5
community member,2019,701,1564,73186,187801,0.02425,0.01023,0.0201,0.0094,0.466,0.002096,0.001124,0.536,-0.8631,-2.5,-0.1077,2.5
tourism plan,2019,701,1564,73186,187801,0.06134,0.02558,0.0724,0.0166,0.229,0.007563,0.001995,0.264,-0.8748,-4.07,-0.1754,4.07
mutual,2019,701,1564,73186,187801,0.01854,0.00767,0.018,0.0053,0.292,0.001883,0.000633,0.336,-0.8825,-2.22,-0.0956,2.22
conflict,2019,701,1564,73186,187801,0.05563,0.02302,0.0577,0.0166,0.288,0.006025,0.001998,0.332,-0.8825,-3.89,-0.1678,3.89
respect,2019,701,1564,73186,187801,0.03566,0.01471,0.0294,0.0088,0.3,0.003067,0.00106,0.346,-0.8858,-3.11,-0.1338,3.11
disadvantage,2019,701,1564,73186,187801,0.01712,0.00703,0.0156,0.0052,0.331,0.001627,0.000619,0.38,-0.8894,-2.14,-0.0923,2.14
already,2019,701,1564,73186,187801,0.01712,0.00703,0.0128,0.0045,0.349,0.001338,0.000538,0.402,-0.8894,-2.14,-0.0923,2.14
informal,2019,701,1564,73186,187801,0.01712,0.00703,0.029,0.006,0.206,0.003026,0.000716,0.237,-0.8894,-2.14,-0.0923,2.14
indigenous community,2019,701,1564,73186,187801,0.01712,0.00703,0.0214,0.0088,0.411,0.002237,0.001058,0.473,-0.8894,-2.14,-0.0923,2.14
global south,2019,701,1564,73186,187801,0.01569,0.00639,0.0161,0.0068,0.424,0.001686,0.000822,0.487,-0.8977,-2.07,-0.089,2.07
date,2019,701,1564,73186,187801,0.01569,0.00639,0.0122,0.0052,0.426,0.001272,0.000623,0.49,-0.8977,-2.07,-0.089,2.07
alleviate,2019,701,1564,73186,187801,0.01569,0.00639,0.0131,0.0046,0.349,0.001371,0.00055,0.401,-0.8977,-2.07,-0.089,2.07
restructure,2019,701,1564,73186,187801,0.01569,0.00639,0.0162,0.0044,0.274,0.001689,0.000532,0.315,-0.8977,-2.07,-0.089,2.07
poverty alleviation,2019,701,1564,73186,187801,0.02996,0.01215,0.0331,0.0114,0.343,0.003457,0.001365,0.395,-0.9025,-2.88,-0.1241,2.88
alleviation,2019,701,1564,73186,187801,0.02996,0.01215,0.0331,0.0114,0.343,0.003457,0.001365,0.395,-0.9025,-2.88,-0.1241,2.88
almost,2019,701,1564,73186,187801,0.01427,0.00575,0.0115,0.0038,0.329,0.001198,0.000454,0.379,-0.9077,-1.99,-0.0855,1.99
business development,2019,701,1564,73186,187801,0.01427,0.00575,0.0146,0.0039,0.267,0.001524,0.000469,0.308,-0.9077,-1.99,-0.0855,1.99
sea,2019,701,1564,73186,187801,0.01427,0.00575,0.0161,0.0082,0.508,0.001678,0.00098,0.584,-0.9077,-1.99,-0.0855,1.99
scale tourism,2019,701,1564,73186,187801,0.01427,0.00575,0.0149,0.0032,0.214,0.001557,0.000383,0.246,-0.9077,-1.99,-0.0855,1.99
usually,2019,701,1564,73186,187801,0.01427,0.00575,0.0153,0.0044,0.288,0.001594,0.000528,0.331,-0.9077,-1.99,-0.0855,1.99
wider,2019,701,1564,73186,187801,0.0271,0.01087,0.0206,0.0065,0.314,0.002146,0.000775,0.361,-0.9136,-2.76,-0.119,2.76
american,2019,701,1564,73186,187801,0.01284,0.00512,0.0131,0.0061,0.464,0.001363,0.000727,0.534,-0.9201,-1.9,-0.0819,1.9
development outcome,2019,701,1564,73186,187801,0.01284,0.00512,0.0129,0.0047,0.36,0.001348,0.000558,0.414,-0.9201,-1.9,-0.0819,1.9
away,2019,701,1564,73186,187801,0.01284,0.00512,0.0098,0.0037,0.381,0.00102,0.000447,0.439,-0.9201,-1.9,-0.0819,1.9
tourism lead,2019,701,1564,73186,187801,0.01284,0.00512,0.0133,0.0033,0.245,0.001391,0.000392,0.282,-0.9201,-1.9,-0.0819,1.9
contact,2019,701,1564,73186,187801,0.01141,0.00448,0.0075,0.003,0.402,0.000781,0.000361,0.462,-0.9358,-1.82,-0.0781,1.82
small business,2019,701,1564,73186,187801,0.01141,0.00448,0.0127,0.0038,0.297,0.001331,0.000454,0.341,-0.9358,-1.82,-0.0781,1.82
govern,2019,701,1564,73186,187801,0.01141,0.00448,0.0119,0.0043,0.36,0.00124,0.000513,0.414,-0.9358,-1.82,-0.0781,1.82
proactive,2019,701,1564,73186,187801,0.01141,0.00448,0.0119,0.0027,0.228,0.001247,0.000326,0.262,-0.9358,-1.82,-0.0781,1.82
tourism network,2019,701,1564,73186,187801,0.01141,0.00448,0.0106,0.0026,0.249,0.001106,0.000316,0.286,-0.9358,-1.82,-0.0781,1.82
volunteer,2019,701,1564,73186,187801,0.01141,0.00448,0.0499,0.0136,0.272,0.005205,0.001627,0.313,-0.9358,-1.82,-0.0781,1.82
development national,2019,701,1564,73186,187801,0.01141,0.00448,0.0103,0.0027,0.262,0.001072,0.000323,0.301,-0.9358,-1.82,-0.0781,1.82
tourism firm,2019,701,1564,73186,187801,0.02282,0.00895,0.0451,0.0073,0.161,0.004711,0.000874,0.186,-0.9359,-2.58,-0.1109,2.58
relate,2019,701,1564,73186,187801,0.02282,0.00895,0.0172,0.0068,0.397,0.001795,0.00082,0.457,-0.9359,-2.58,-0.1109,2.58
plan tourism,2019,701,1564,73186,187801,0.03281,0.01279,0.0246,0.0092,0.374,0.002569,0.001105,0.43,-0.9422,-3.12,-0.1341,3.12
assume,2019,701,1564,73186,187801,0.0214,0.00831,0.0176,0.0051,0.288,0.001841,0.00061,0.331,-0.9455,-2.51,-0.1082,2.51
growth development,2019,701,1564,73186,187801,0.00999,0.00384,0.0096,0.0027,0.279,0.001,0.000321,0.321,-0.9564,-1.73,-0.0742,1.73
proximity,2019,701,1564,73186,187801,0.00999,0.00384,0.0093,0.0045,0.482,0.000976,0.000541,0.554,-0.9564,-1.73,-0.0742,1.73
development south,2019,701,1564,73186,187801,0.00999,0.00384,0.0104,0.0027,0.262,0.001085,0.000327,0.301,-0.9564,-1.73,-0.0742,1.73
male,2019,701,1564,73186,187801,0.00999,0.00384,0.0077,0.0038,0.498,0.000805,0.000461,0.573,-0.9564,-1.73,-0.0742,1.73
conference,2019,701,1564,73186,187801,0.00999,0.00384,0.0118,0.0045,0.383,0.001234,0.000543,0.44,-0.9564,-1.73,-0.0742,1.73
tourism build,2019,701,1564,73186,187801,0.00999,0.00384,0.0092,0.0022,0.24,0.000957,0.000264,0.276,-0.9564,-1.73,-0.0742,1.73
draw upon,2019,701,1564,73186,187801,0.00999,0.00384,0.0094,0.0027,0.293,0.00098,0.00033,0.337,-0.9564,-1.73,-0.0742,1.73
million,2019,701,1564,73186,187801,0.00999,0.00384,0.0089,0.0044,0.489,0.000933,0.000524,0.562,-0.9564,-1.73,-0.0742,1.73
difficult,2019,701,1564,73186,187801,0.02996,0.01151,0.021,0.0062,0.296,0.002192,0.000747,0.341,-0.9565,-3.01,-0.1295,3.01
consequence,2019,701,1564,73186,187801,0.03994,0.01535,0.0368,0.0108,0.294,0.003842,0.001298,0.338,-0.9566,-3.49,-0.15,3.49
existence,2019,701,1564,73186,187801,0.02853,0.01087,0.0257,0.0073,0.282,0.002687,0.000871,0.324,-0.9649,-2.95,-0.1271,2.95
option,2019,701,1564,73186,187801,0.02853,0.01087,0.0231,0.0082,0.352,0.002416,0.000979,0.405,-0.9649,-2.95,-0.1271,2.95
compete,2019,701,1564,73186,187801,0.01854,0.00703,0.0166,0.0054,0.324,0.001738,0.000647,0.373,-0.9694,-2.38,-0.1025,2.38
development project,2019,701,1564,73186,187801,0.0271,0.01023,0.0232,0.0067,0.288,0.002424,0.000804,0.332,-0.9742,-2.9,-0.1247,2.9
mass tourism,2019,701,1564,73186,187801,0.0271,0.01023,0.0324,0.0087,0.269,0.003388,0.00105,0.31,-0.9742,-2.9,-0.1247,2.9
black,2019,701,1564,73186,187801,0.00856,0.0032,0.0171,0.0033,0.191,0.001784,0.000392,0.22,-0.9845,-1.63,-0.0701,1.63
never,2019,701,1564,73186,187801,0.00856,0.0032,0.0091,0.0024,0.267,0.000947,0.000291,0.307,-0.9845,-1.63,-0.0701,1.63
civil society,2019,701,1564,73186,187801,0.00856,0.0032,0.0121,0.004,0.33,0.001261,0.000479,0.38,-0.9845,-1.63,-0.0701,1.63
save,2019,701,1564,73186,187801,0.00856,0.0032,0.0075,0.0025,0.335,0.000783,0.000301,0.385,-0.9845,-1.63,-0.0701,1.63
economic geography,2019,701,1564,73186,187801,0.00856,0.0032,0.0096,0.004,0.416,0.000998,0.000478,0.479,-0.9845,-1.63,-0.0701,1.63
rejuvenation,2019,701,1564,73186,187801,0.00856,0.0032,0.0078,0.0046,0.587,0.000819,0.000553,0.676,-0.9845,-1.63,-0.0701,1.63
fast,2019,701,1564,73186,187801,0.00856,0.0032,0.0076,0.0021,0.281,0.000798,0.000258,0.324,-0.9845,-1.63,-0.0701,1.63
contest,2019,701,1564,73186,187801,0.00856,0.0032,0.0108,0.0043,0.401,0.001132,0.000522,0.461,-0.9845,-1.63,-0.0701,1.63
major sport,2019,701,1564,73186,187801,0.00856,0.0032,0.0213,0.0044,0.209,0.002221,0.000534,0.241,-0.9845,-1.63,-0.0701,1.63
slovenia,2019,701,1564,73186,187801,0.00856,0.0032,0.0121,0.0047,0.388,0.001266,0.000565,0.446,-0.9845,-1.63,-0.0701,1.63
alp,2019,701,1564,73186,187801,0.00856,0.0032,0.0107,0.0038,0.356,0.001113,0.000456,0.41,-0.9845,-1.63,-0.0701,1.63
whilst,2019,701,1564,73186,187801,0.00856,0.0032,0.0062,0.0033,0.542,0.000644,0.000401,0.624,-0.9845,-1.63,-0.0701,1.63
relation tourism,2019,701,1564,73186,187801,0.00856,0.0032,0.0094,0.0028,0.293,0.000986,0.000333,0.337,-0.9845,-1.63,-0.0701,1.63
tourist visit,2019,701,1564,73186,187801,0.00856,0.0032,0.0089,0.0027,0.302,0.00093,0.000323,0.347,-0.9845,-1.63,-0.0701,1.63
indication,2019,701,1564,73186,187801,0.00856,0.0032,0.0076,0.0032,0.419,0.000796,0.000384,0.482,-0.9845,-1.63,-0.0701,1.63
attitude tourism,2019,701,1564,73186,187801,0.01712,0.00639,0.0206,0.0045,0.219,0.002146,0.000541,0.252,-0.9846,-2.31,-0.0995,2.31
australia,2019,701,1564,73186,187801,0.02425,0.00895,0.0327,0.0073,0.224,0.003411,0.000877,0.257,-0.9965,-2.78,-0.1197,2.78
ask,2019,701,1564,73186,187801,0.01569,0.00575,0.0142,0.005,0.355,0.00148,0.000604,0.408,-1.0029,-2.24,-0.0965,2.24
market tourist,2019,701,1564,73186,187801,0.01569,0.00575,0.0134,0.0055,0.411,0.001401,0.000663,0.473,-1.0029,-2.24,-0.0965,2.24
locality,2019,701,1564,73186,187801,0.02282,0.00831,0.0259,0.0053,0.204,0.002707,0.000636,0.235,-1.01,-2.73,-0.1172,2.73
discus,2019,701,1564,73186,187801,0.02996,0.01087,0.0262,0.0084,0.322,0.002739,0.001014,0.37,-1.0137,-3.14,-0.135,3.14
destination development,2019,701,1564,73186,187801,0.03709,0.01343,0.0494,0.0135,0.274,0.00516,0.001624,0.315,-1.016,-3.51,-0.1508,3.51
kenya,2019,701,1564,73186,187801,0.00713,0.00256,0.028,0.0064,0.228,0.002928,0.000769,0.263,-1.0251,-1.53,-0.0659,1.53
caribbean,2019,701,1564,73186,187801,0.00713,0.00256,0.0141,0.0097,0.686,0.001472,0.001162,0.789,-1.0251,-1.53,-0.0659,1.53
nature reserve,2019,701,1564,73186,187801,0.00713,0.00256,0.0126,0.0038,0.3,0.001313,0.000453,0.345,-1.0251,-1.53,-0.0659,1.53
foreign tourist,2019,701,1564,73186,187801,0.00713,0.00256,0.0096,0.0022,0.228,0.001,0.000262,0.262,-1.0251,-1.53,-0.0659,1.53
latin,2019,701,1564,73186,187801,0.00713,0.00256,0.013,0.005,0.387,0.001361,0.000605,0.445,-1.0251,-1.53,-0.0659,1.53
educate,2019,701,1564,73186,187801,0.01427,0.00512,0.0131,0.0041,0.314,0.001364,0.000492,0.361,-1.0254,-2.17,-0.0934,2.17
corporate social,2019,701,1564,73186,187801,0.01427,0.00512,0.0204,0.0055,0.269,0.002132,0.00066,0.31,-1.0254,-2.17,-0.0934,2.17
support development,2019,701,1564,73186,187801,0.01427,0.00512,0.0125,0.0032,0.253,0.001305,0.000379,0.291,-1.0254,-2.17,-0.0934,2.17
entrepreneurship development,2019,701,1564,73186,187801,0.01427,0.00512,0.0229,0.0037,0.163,0.002387,0.000448,0.188,-1.0254,-2.17,-0.0934,2.17
policy makers,2019,701,1564,73186,187801,0.01427,0.00512,0.0144,0.0046,0.319,0.001503,0.000552,0.367,-1.0254,-2.17,-0.0934,2.17
ignore,2019,701,1564,73186,187801,0.01427,0.00512,0.0107,0.0031,0.289,0.001119,0.000371,0.332,-1.0254,-2.17,-0.0934,2.17
community local,2019,701,1564,73186,187801,0.01427,0.00512,0.011,0.0038,0.344,0.001152,0.000456,0.396,-1.0254,-2.17,-0.0934,2.17
passive,2019,701,1564,73186,187801,0.01427,0.00512,0.0149,0.0031,0.21,0.001554,0.000375,0.241,-1.0254,-2.17,-0.0934,2.17
participation local,2019,701,1564,73186,187801,0.01427,0.00512,0.0147,0.0037,0.25,0.001538,0.000442,0.288,-1.0254,-2.17,-0.0934,2.17
product service,2019,701,1564,73186,187801,0.03566,0.01279,0.0309,0.0085,0.274,0.003227,0.001017,0.315,-1.0255,-3.46,-0.1488,3.46
america,2019,701,1564,73186,187801,0.0271,0.00959,0.0241,0.0083,0.347,0.002514,0.001002,0.399,-1.0387,-3.03,-0.1305,3.03
best practice,2019,701,1564,73186,187801,0.01997,0.00703,0.0263,0.0047,0.178,0.002745,0.000563,0.205,-1.0434,-2.61,-0.1121,2.61
past decade,2019,701,1564,73186,187801,0.01997,0.00703,0.0154,0.0048,0.311,0.001607,0.000575,0.358,-1.0434,-2.61,-0.1121,2.61
cape,2019,701,1564,73186,187801,0.01997,0.00703,0.0285,0.0106,0.371,0.002972,0.001267,0.426,-1.0434,-2.61,-0.1121,2.61
poor tourism,2019,701,1564,73186,187801,0.01284,0.00448,0.0203,0.0055,0.272,0.002121,0.000663,0.313,-1.0535,-2.1,-0.0903,2.1
previously,2019,701,1564,73186,187801,0.01284,0.00448,0.0098,0.0031,0.321,0.001018,0.000376,0.369,-1.0535,-2.1,-0.0903,2.1
assumption,2019,701,1564,73186,187801,0.01284,0.00448,0.014,0.0038,0.273,0.00146,0.000458,0.314,-1.0535,-2.1,-0.0903,2.1
development especially,2019,701,1564,73186,187801,0.01284,0.00448,0.0123,0.0031,0.251,0.001284,0.00037,0.289,-1.0535,-2.1,-0.0903,2.1
mountain region,2019,701,1564,73186,187801,0.01284,0.00448,0.0163,0.0027,0.163,0.001704,0.000319,0.187,-1.0535,-2.1,-0.0903,2.1
likely,2019,701,1564,73186,187801,0.02568,0.00895,0.0203,0.0051,0.252,0.002118,0.000613,0.29,-1.0536,-2.98,-0.1282,2.98
civil,2019,701,1564,73186,187801,0.01854,0.00639,0.017,0.0058,0.341,0.001779,0.000698,0.392,-1.0646,-2.55,-0.1095,2.55
development plan,2019,701,1564,73186,187801,0.03566,0.01215,0.0298,0.0088,0.296,0.00311,0.001058,0.34,-1.0768,-3.58,-0.1539,3.58
trail,2019,701,1564,73186,187801,0.00571,0.00192,0.0124,0.0066,0.532,0.001293,0.00079,0.611,-1.0893,-1.43,-0.0615,1.43
neoliberalism,2019,701,1564,73186,187801,0.00571,0.00192,0.0104,0.0033,0.318,0.001081,0.000395,0.366,-1.0893,-1.43,-0.0615,1.43
value innovation,2019,701,1564,73186,187801,0.00571,0.00192,0.0072,0.0022,0.305,0.000751,0.000264,0.351,-1.0893,-1.43,-0.0615,1.43
norwegian,2019,701,1564,73186,187801,0.00571,0.00192,0.0077,0.0041,0.532,0.000807,0.000493,0.612,-1.0893,-1.43,-0.0615,1.43
fish community,2019,701,1564,73186,187801,0.00571,0.00192,0.0075,0.0033,0.435,0.000784,0.000392,0.5,-1.0893,-1.43,-0.0615,1.43
geography tourism,2019,701,1564,73186,187801,0.00571,0.00192,0.0086,0.0025,0.285,0.000898,0.000295,0.328,-1.0893,-1.43,-0.0615,1.43
men,2019,701,1564,73186,187801,0.00571,0.00192,0.009,0.0015,0.169,0.000935,0.000181,0.194,-1.0893,-1.43,-0.0615,1.43
change agent,2019,701,1564,73186,187801,0.00571,0.00192,0.0114,0.0018,0.161,0.001186,0.00022,0.185,-1.0893,-1.43,-0.0615,1.43
specialization,2019,701,1564,73186,187801,0.01141,0.00384,0.0216,0.0057,0.262,0.002255,0.000679,0.301,-1.0897,-2.03,-0.0871,2.03
mainstream,2019,701,1564,73186,187801,0.01141,0.00384,0.009,0.0027,0.302,0.000935,0.000325,0.347,-1.0897,-2.03,-0.0871,2.03
development poverty,2019,701,1564,73186,187801,0.01141,0.00384,0.0124,0.0035,0.285,0.001291,0.000423,0.328,-1.0897,-2.03,-0.0871,2.03
nature conservation,2019,701,1564,73186,187801,0.01141,0.00384,0.0203,0.0038,0.189,0.002117,0.00046,0.217,-1.0897,-2.03,-0.0871,2.03
tourism bring,2019,701,1564,73186,187801,0.01141,0.00384,0.0117,0.0027,0.235,0.001217,0.000329,0.27,-1.0897,-2.03,-0.0871,2.03
tourism planner,2019,701,1564,73186,187801,0.01141,0.00384,0.009,0.0024,0.267,0.00094,0.000288,0.307,-1.0897,-2.03,-0.0871,2.03
plan policy,2019,701,1564,73186,187801,0.01712,0.00575,0.0147,0.0034,0.231,0.001536,0.000408,0.266,-1.0899,-2.49,-0.1069,2.49
local regional,2019,701,1564,73186,187801,0.02282,0.00767,0.0214,0.0051,0.24,0.002233,0.000617,0.276,-1.09,-2.88,-0.1236,2.88
programme,2019,701,1564,73186,187801,0.03424,0.01151,0.0382,0.0095,0.248,0.003992,0.001138,0.285,-1.09,-3.53,-0.152,3.53
organisation,2019,701,1564,73186,187801,0.05706,0.01918,0.0592,0.0138,0.233,0.00618,0.001659,0.268,-1.0901,-4.6,-0.1978,4.6
little,2019,701,1564,73186,187801,0.05136,0.01726,0.0339,0.0088,0.26,0.003544,0.001058,0.298,-1.0901,-4.35,-0.1873,4.35
belief,2019,701,1564,73186,187801,0.0214,0.00703,0.0192,0.0042,0.22,0.002,0.000505,0.253,-1.1124,-2.82,-0.1213,2.82
tourism small,2019,701,1564,73186,187801,0.01569,0.00512,0.016,0.0043,0.27,0.001673,0.000519,0.31,-1.1206,-2.42,-0.1042,2.42
ski,2019,701,1564,73186,187801,0.01569,0.00512,0.0424,0.0069,0.162,0.004425,0.000824,0.186,-1.1206,-2.42,-0.1042,2.42
council,2019,701,1564,73186,187801,0.01569,0.00512,0.0168,0.0039,0.233,0.001759,0.000472,0.268,-1.1206,-2.42,-0.1042,2.42
tourism association,2019,701,1564,73186,187801,0.02568,0.00831,0.0174,0.0051,0.294,0.001821,0.000616,0.339,-1.1277,-3.12,-0.1344,3.12
hunt,2019,701,1564,73186,187801,0.00999,0.0032,0.0148,0.0041,0.278,0.001546,0.000494,0.32,-1.1384,-1.95,-0.0839,1.95
costa,2019,701,1564,73186,187801,0.00999,0.0032,0.02,0.0043,0.213,0.00209,0.000511,0.244,-1.1384,-1.95,-0.0839,1.95
saharan,2019,701,1564,73186,187801,0.00999,0.0032,0.008,0.0045,0.565,0.000831,0.00054,0.65,-1.1384,-1.95,-0.0839,1.95
development activity,2019,701,1564,73186,187801,0.00999,0.0032,0.0111,0.0032,0.289,0.001158,0.000384,0.332,-1.1384,-1.95,-0.0839,1.95
botswana,2019,701,1564,73186,187801,0.00999,0.0032,0.0364,0.0074,0.204,0.003797,0.000891,0.235,-1.1384,-1.95,-0.0839,1.95
participate tourism,2019,701,1564,73186,187801,0.00999,0.0032,0.0104,0.0023,0.223,0.001089,0.00028,0.257,-1.1384,-1.95,-0.0839,1.95
sub saharan,2019,701,1564,73186,187801,0.00999,0.0032,0.008,0.0045,0.565,0.000831,0.00054,0.65,-1.1384,-1.95,-0.0839,1.95
trip,2019,701,1564,73186,187801,0.00999,0.0032,0.0098,0.0024,0.248,0.00102,0.000291,0.285,-1.1384,-1.95,-0.0839,1.95
repeat,2019,701,1564,73186,187801,0.00999,0.0032,0.0137,0.0019,0.142,0.001427,0.000233,0.164,-1.1384,-1.95,-0.0839,1.95
cost benefit,2019,701,1564,73186,187801,0.00999,0.0032,0.0108,0.0028,0.258,0.001128,0.000335,0.297,-1.1384,-1.95,-0.0839,1.95
conservation development,2019,701,1564,73186,187801,0.00999,0.0032,0.0089,0.0023,0.257,0.000934,0.000276,0.295,-1.1384,-1.95,-0.0839,1.95
southern africa,2019,701,1564,73186,187801,0.01427,0.00448,0.0127,0.0052,0.413,0.001323,0.000629,0.475,-1.1587,-2.36,-0.1016,2.36
lose,2019,701,1564,73186,187801,0.01854,0.00575,0.0174,0.0046,0.264,0.001816,0.00055,0.303,-1.1699,-2.71,-0.1168,2.71
tourism attraction,2019,701,1564,73186,187801,0.01854,0.00575,0.0149,0.0043,0.289,0.001557,0.000518,0.333,-1.1699,-2.71,-0.1168,2.71
north east,2019,701,1564,73186,187801,0.00428,0.00128,0.0105,0.0023,0.219,0.0011,0.000277,0.252,-1.2063,-1.33,-0.057,1.33
shandong,2019,701,1564,73186,187801,0.00428,0.00128,0.0135,0.0017,0.125,0.001412,0.000204,0.144,-1.2063,-1.33,-0.057,1.33
innovation creativity,2019,701,1564,73186,187801,0.00428,0.00128,0.0049,0.0043,0.866,0.000515,0.000513,0.996,-1.2063,-1.33,-0.057,1.33
place brand,2019,701,1564,73186,187801,0.00428,0.00128,0.0102,0.0014,0.134,0.001065,0.000164,0.154,-1.2063,-1.33,-0.057,1.33
innsbruck,2019,701,1564,73186,187801,0.00428,0.00128,0.0087,0.0012,0.135,0.000909,0.000141,0.155,-1.2063,-1.33,-0.057,1.33
singapore,2019,701,1564,73186,187801,0.00856,0.00256,0.0151,0.005,0.331,0.001571,0.000598,0.381,-1.2071,-1.88,-0.0807,1.88
winter tourism,2019,701,1564,73186,187801,0.00856,0.00256,0.0136,0.0039,0.286,0.001424,0.000468,0.329,-1.2071,-1.88,-0.0807,1.88
attend,2019,701,1564,73186,187801,0.00856,0.00256,0.0085,0.0036,0.423,0.000892,0.000434,0.487,-1.2071,-1.88,-0.0807,1.88
narrow,2019,701,1564,73186,187801,0.00856,0.00256,0.012,0.0015,0.122,0.001251,0.000175,0.14,-1.2071,-1.88,-0.0807,1.88
citizenship,2019,701,1564,73186,187801,0.00856,0.00256,0.0126,0.0049,0.387,0.001315,0.000586,0.445,-1.2071,-1.88,-0.0807,1.88
development culture,2019,701,1564,73186,187801,0.00856,0.00256,0.007,0.0019,0.273,0.000736,0.000231,0.314,-1.2071,-1.88,-0.0807,1.88
integrate rural,2019,701,1564,73186,187801,0.00856,0.00256,0.0189,0.0018,0.097,0.001969,0.000219,0.111,-1.2071,-1.88,-0.0807,1.88
tourism influence,2019,701,1564,73186,187801,0.01284,0.00384,0.0137,0.0031,0.224,0.001431,0.000368,0.257,-1.2074,-2.3,-0.099,2.3
development conservation,2019,701,1564,73186,187801,0.01284,0.00384,0.0143,0.0031,0.219,0.001495,0.000376,0.252,-1.2074,-2.3,-0.099,2.3
traditionally,2019,701,1564,73186,187801,0.01284,0.00384,0.0126,0.0024,0.193,0.001313,0.000291,0.222,-1.2074,-2.3,-0.099,2.3
politics,2019,701,1564,73186,187801,0.01284,0.00384,0.0129,0.0053,0.408,0.001343,0.000631,0.47,-1.2074,-2.3,-0.099,2.3
strategy develop,2019,701,1564,73186,187801,0.01284,0.00384,0.0129,0.0027,0.208,0.001342,0.000321,0.239,-1.2074,-2.3,-0.099,2.3
migrant,2019,701,1564,73186,187801,0.01284,0.00384,0.0171,0.0042,0.248,0.001787,0.00051,0.286,-1.2074,-2.3,-0.099,2.3
valley,2019,701,1564,73186,187801,0.01712,0.00512,0.0365,0.0051,0.139,0.003812,0.000611,0.16,-1.2075,-2.66,-0.1145,2.66
economic sector,2019,701,1564,73186,187801,0.0214,0.00639,0.0179,0.0043,0.241,0.001872,0.000519,0.277,-1.2076,-2.98,-0.1282,2.98
longer,2019,701,1564,73186,187801,0.02568,0.00767,0.0204,0.0045,0.22,0.002125,0.000538,0.253,-1.2077,-3.27,-0.1406,3.27
occur,2019,701,1564,73186,187801,0.03709,0.01087,0.0263,0.007,0.266,0.002741,0.000838,0.306,-1.2272,-3.98,-0.1714,3.98
small tourism,2019,701,1564,73186,187801,0.01997,0.00575,0.0284,0.0055,0.195,0.002967,0.000666,0.224,-1.2439,-2.93,-0.1262,2.93
argue,2019,701,1564,73186,187801,0.09558,0.02749,0.0666,0.0137,0.205,0.006957,0.00164,0.236,-1.2459,-6.56,-0.2833,6.56
private sector,2019,701,1564,73186,187801,0.03566,0.01023,0.0423,0.0079,0.186,0.004413,0.000943,0.214,-1.2485,-3.94,-0.1699,3.94
market tourism,2019,701,1564,73186,187801,0.01569,0.00448,0.0147,0.0025,0.172,0.001539,0.000304,0.198,-1.2539,-2.61,-0.1123,2.61
non governmental,2019,701,1564,73186,187801,0.01141,0.0032,0.013,0.0023,0.181,0.001357,0.000282,0.208,-1.2717,-2.24,-0.0965,2.24
supplier,2019,701,1564,73186,187801,0.01141,0.0032,0.0204,0.002,0.101,0.002127,0.000246,0.116,-1.2717,-2.24,-0.0965,2.24
stimulate local,2019,701,1564,73186,187801,0.01141,0.0032,0.0103,0.002,0.199,0.001075,0.000246,0.229,-1.2717,-2.24,-0.0965,2.24
emergent,2019,701,1564,73186,187801,0.01141,0.0032,0.0107,0.0027,0.253,0.001118,0.000325,0.291,-1.2717,-2.24,-0.0965,2.24
tourism see,2019,701,1564,73186,187801,0.01141,0.0032,0.0101,0.0026,0.256,0.001053,0.00031,0.294,-1.2717,-2.24,-0.0965,2.24
government tourism,2019,701,1564,73186,187801,0.01854,0.00512,0.0199,0.0034,0.173,0.002077,0.000413,0.199,-1.2875,-2.88,-0.1242,2.88
development tool,2019,701,1564,73186,187801,0.01854,0.00512,0.0199,0.0036,0.181,0.002075,0.000431,0.208,-1.2875,-2.88,-0.1242,2.88
able,2019,701,1564,73186,187801,0.05563,0.01535,0.053,0.0094,0.178,0.00553,0.001133,0.205,-1.2878,-5.04,-0.2178,5.04
ski resort,2019,701,1564,73186,187801,0.00713,0.00192,0.0145,0.0038,0.264,0.00151,0.000459,0.304,-1.312,-1.8,-0.0777,1.8
peru,2019,701,1564,73186,187801,0.00713,0.00192,0.0184,0.0021,0.113,0.001925,0.000251,0.13,-1.312,-1.8,-0.0777,1.8
spatial development,2019,701,1564,73186,187801,0.00713,0.00192,0.0115,0.0026,0.224,0.0012,0.00031,0.258,-1.312,-1.8,-0.0777,1.8
entrepreneurship small,2019,701,1564,73186,187801,0.00713,0.00192,0.0093,0.0021,0.222,0.000973,0.000248,0.255,-1.312,-1.8,-0.0777,1.8
rica,2019,701,1564,73186,187801,0.00713,0.00192,0.013,0.0023,0.175,0.001362,0.000274,0.201,-1.312,-1.8,-0.0777,1.8
peripheral region,2019,701,1564,73186,187801,0.00713,0.00192,0.0098,0.0035,0.354,0.001021,0.000415,0.407,-1.312,-1.8,-0.0777,1.8
white,2019,701,1564,73186,187801,0.00713,0.00192,0.011,0.0019,0.175,0.001151,0.000231,0.201,-1.312,-1.8,-0.0777,1.8
market development,2019,701,1564,73186,187801,0.00713,0.00192,0.0135,0.0019,0.138,0.001413,0.000223,0.158,-1.312,-1.8,-0.0777,1.8
production consumption,2019,701,1564,73186,187801,0.00713,0.00192,0.0094,0.002,0.214,0.00098,0.000241,0.246,-1.312,-1.8,-0.0777,1.8
south african,2019,701,1564,73186,187801,0.01427,0.00384,0.0167,0.0046,0.274,0.001744,0.00055,0.315,-1.3126,-2.55,-0.1101,2.55
quite,2019,701,1564,73186,187801,0.01427,0.00384,0.0127,0.0023,0.184,0.001322,0.000279,0.211,-1.3126,-2.55,-0.1101,2.55
kingdom,2019,701,1564,73186,187801,0.01427,0.00384,0.0119,0.004,0.34,0.00124,0.000484,0.391,-1.3126,-2.55,-0.1101,2.55
pacific tourism,2019,701,1564,73186,187801,0.0214,0.00575,0.0181,0.0038,0.209,0.001892,0.000456,0.241,-1.3129,-3.13,-0.1352,3.13
public sector,2019,701,1564,73186,187801,0.0214,0.00575,0.028,0.0047,0.167,0.002928,0.000561,0.192,-1.3129,-3.13,-0.1352,3.13
near,2019,701,1564,73186,187801,0.01712,0.00448,0.0133,0.0028,0.214,0.001385,0.000341,0.246,-1.3409,-2.83,-0.1223,2.83
pro,2019,701,1564,73186,187801,0.0271,0.00703,0.0387,0.0089,0.23,0.004036,0.001066,0.264,-1.3486,-3.59,-0.155,3.59
entrepreneurship innovation,2019,701,1564,73186,187801,0.00999,0.00256,0.0184,0.0031,0.17,0.001926,0.000378,0.196,-1.361,-2.18,-0.0941,2.18
preparation,2019,701,1564,73186,187801,0.00999,0.00256,0.0087,0.0024,0.272,0.000913,0.000286,0.313,-1.361,-2.18,-0.0941,2.18
saharan africa,2019,701,1564,73186,187801,0.00999,0.00256,0.0081,0.0042,0.526,0.000842,0.000509,0.605,-1.361,-2.18,-0.0941,2.18
unite kingdom,2019,701,1564,73186,187801,0.00999,0.00256,0.0082,0.0022,0.263,0.000855,0.000259,0.302,-1.361,-2.18,-0.0941,2.18
division,2019,701,1564,73186,187801,0.00999,0.00256,0.0116,0.0033,0.288,0.001208,0.0004,0.331,-1.361,-2.18,-0.0941,2.18
outside,2019,701,1564,73186,187801,0.01997,0.00512,0.0204,0.0036,0.176,0.00213,0.000432,0.203,-1.3616,-3.09,-0.1335,3.09
pride,2019,701,1564,73186,187801,0.01284,0.0032,0.014,0.0032,0.232,0.001457,0.000389,0.267,-1.3894,-2.5,-0.1081,2.5
write,2019,701,1564,73186,187801,0.01284,0.0032,0.0176,0.0021,0.12,0.001837,0.000253,0.138,-1.3894,-2.5,-0.1081,2.5
separate,2019,701,1564,73186,187801,0.01284,0.0032,0.0116,0.0019,0.162,0.001209,0.000226,0.187,-1.3894,-2.5,-0.1081,2.5
pacific,2019,701,1564,73186,187801,0.03852,0.00959,0.0462,0.008,0.173,0.004829,0.000958,0.198,-1.39,-4.36,-0.1888,4.36
sweden,2019,701,1564,73186,187801,0.01569,0.00384,0.0255,0.0029,0.115,0.00266,0.000352,0.132,-1.4079,-2.79,-0.1206,2.79
north america,2019,701,1564,73186,187801,0.01569,0.00384,0.0128,0.0023,0.178,0.001332,0.000272,0.204,-1.4079,-2.79,-0.1206,2.79
plan development,2019,701,1564,73186,187801,0.03138,0.00767,0.0332,0.0048,0.144,0.003465,0.000573,0.165,-1.4082,-3.96,-0.1714,3.96
acquire,2019,701,1564,73186,187801,0.01854,0.00448,0.0157,0.0038,0.24,0.001637,0.000451,0.275,-1.4209,-3.05,-0.1319,3.05
zealand,2019,701,1564,73186,187801,0.0214,0.00512,0.0374,0.0051,0.136,0.003905,0.00061,0.156,-1.4305,-3.29,-0.1424,3.29
skier,2019,701,1564,73186,187801,0.00285,0.00064,0.0065,0.0018,0.275,0.000682,0.000216,0.316,-1.4907,-1.22,-0.053,1.22
home owner,2019,701,1564,73186,187801,0.00285,0.00064,0.009,0.0028,0.312,0.000944,0.000339,0.359,-1.4907,-1.22,-0.053,1.22
beer,2019,701,1564,73186,187801,0.00285,0.00064,0.0164,0.003,0.184,0.001713,0.000363,0.212,-1.4907,-1.22,-0.053,1.22
cabos,2019,701,1564,73186,187801,0.00285,0.00064,0.0108,0.0028,0.257,0.001131,0.000334,0.295,-1.4907,-1.22,-0.053,1.22
eco cultural,2019,701,1564,73186,187801,0.00285,0.00064,0.0109,0.0021,0.196,0.001141,0.000257,0.225,-1.4907,-1.22,-0.053,1.22
youth olympic,2019,701,1564,73186,187801,0.00571,0.00128,0.016,0.0017,0.106,0.001668,0.000203,0.122,-1.4931,-1.73,-0.075,1.73
kwazulu natal,2019,701,1564,73186,187801,0.00571,0.00128,0.011,0.0019,0.176,0.001146,0.000232,0.202,-1.4931,-1.73,-0.075,1.73
fiji,2019,701,1564,73186,187801,0.00571,0.00128,0.0201,0.0022,0.112,0.002098,0.00027,0.129,-1.4931,-1.73,-0.075,1.73
natal,2019,701,1564,73186,187801,0.00571,0.00128,0.011,0.0019,0.176,0.001146,0.000232,0.202,-1.4931,-1.73,-0.075,1.73
kwazulu,2019,701,1564,73186,187801,0.00571,0.00128,0.011,0.0019,0.176,0.001146,0.000232,0.202,-1.4931,-1.73,-0.075,1.73
cambodia,2019,701,1564,73186,187801,0.00571,0.00128,0.0156,0.002,0.131,0.001625,0.000244,0.15,-1.4931,-1.73,-0.075,1.73
policy network,2019,701,1564,73186,187801,0.00571,0.00128,0.0133,0.0007,0.052,0.001393,8.3e-05,0.06,-1.4931,-1.73,-0.075,1.73
enclave,2019,701,1564,73186,187801,0.00856,0.00192,0.0241,0.0016,0.066,0.002516,0.000192,0.076,-1.494,-2.12,-0.092,2.12
community capacity,2019,701,1564,73186,187801,0.00856,0.00192,0.013,0.0015,0.113,0.001354,0.000175,0.13,-1.494,-2.12,-0.092,2.12
concept sustainable,2019,701,1564,73186,187801,0.01141,0.00256,0.0128,0.0016,0.126,0.001334,0.000193,0.144,-1.4944,-2.45,-0.1063,2.45
motif,2019,701,1564,73186,187801,0.01141,0.00256,0.0217,0.0018,0.084,0.002263,0.000217,0.096,-1.4944,-2.45,-0.1063,2.45
social benefit,2019,701,1564,73186,187801,0.01141,0.00256,0.0098,0.0019,0.199,0.001019,0.000233,0.229,-1.4944,-2.45,-0.1063,2.45
asia pacific,2019,701,1564,73186,187801,0.02996,0.00639,0.0264,0.004,0.153,0.002756,0.000486,0.176,-1.5439,-4.05,-0.1764,4.05
cognizant,2019,701,1564,73186,187801,0.01569,0.0032,0.0135,0.0023,0.167,0.001407,0.000271,0.193,-1.5898,-2.96,-0.1292,2.96
development indigenous,2019,701,1564,73186,187801,0.01284,0.00256,0.0148,0.0028,0.192,0.001542,0.00034,0.22,-1.612,-2.69,-0.1176,2.69
alternative tourism,2019,701,1564,73186,187801,0.02282,0.00448,0.0278,0.0068,0.245,0.002907,0.000818,0.281,-1.6284,-3.61,-0.1581,3.61
ethnicity,2019,701,1564,73186,187801,0.00999,0.00192,0.0165,0.0012,0.07,0.00172,0.000139,0.081,-1.6479,-2.4,-0.1049,2.4
tourism recreation,2019,701,1564,73186,187801,0.00999,0.00192,0.0175,0.0032,0.181,0.001827,0.000381,0.208,-1.6479,-2.4,-0.1049,2.4
pro poor,2019,701,1564,73186,187801,0.01712,0.0032,0.0315,0.0061,0.193,0.003285,0.000731,0.222,-1.6768,-3.16,-0.1388,3.16
london,2019,701,1564,73186,187801,0.00713,0.00128,0.0125,0.0021,0.168,0.001301,0.000251,0.193,-1.7158,-2.06,-0.0905,2.06
dance,2019,701,1564,73186,187801,0.00713,0.00128,0.0244,0.0007,0.029,0.002548,8.4e-05,0.033,-1.7158,-2.06,-0.0905,2.06
sport entrepreneurship,2019,701,1564,73186,187801,0.00713,0.00128,0.0129,0.0026,0.199,0.001345,0.000307,0.229,-1.7158,-2.06,-0.0905,2.06
farm tourism,2019,701,1564,73186,187801,0.00713,0.00128,0.0075,0.0039,0.517,0.000782,0.000465,0.594,-1.7158,-2.06,-0.0905,2.06
costa rica,2019,701,1564,73186,187801,0.00713,0.00128,0.0133,0.0018,0.136,0.001387,0.000217,0.157,-1.7158,-2.06,-0.0905,2.06
volunteer tourism,2019,701,1564,73186,187801,0.00713,0.00128,0.0165,0.0032,0.194,0.001727,0.000386,0.223,-1.7158,-2.06,-0.0905,2.06
smart specialization,2019,701,1564,73186,187801,0.00713,0.00128,0.0124,0.0021,0.17,0.001298,0.000254,0.196,-1.7158,-2.06,-0.0905,2.06
rarely,2019,701,1564,73186,187801,0.01427,0.00256,0.0145,0.0014,0.1,0.001513,0.000173,0.114,-1.7173,-2.91,-0.1282,2.91
alpine,2019,701,1564,73186,187801,0.01854,0.0032,0.0301,0.0051,0.171,0.003144,0.000618,0.196,-1.7568,-3.35,-0.148,3.35
product market,2019,701,1564,73186,187801,0.01141,0.00192,0.0125,0.0017,0.135,0.001307,0.000202,0.155,-1.7812,-2.64,-0.1167,2.64
social problem,2019,701,1564,73186,187801,0.01141,0.00192,0.0103,0.0016,0.158,0.001077,0.000195,0.181,-1.7812,-2.64,-0.1167,2.64
tourism south,2019,701,1564,73186,187801,0.01141,0.00192,0.0148,0.0015,0.102,0.001547,0.000182,0.118,-1.7812,-2.64,-0.1167,2.64
british,2019,701,1564,73186,187801,0.01141,0.00192,0.0118,0.0014,0.116,0.001232,0.000164,0.133,-1.7812,-2.64,-0.1167,2.64
korea,2019,701,1564,73186,187801,0.01141,0.00192,0.0123,0.002,0.16,0.001287,0.000237,0.184,-1.7812,-2.64,-0.1167,2.64
community benefit,2019,701,1564,73186,187801,0.01997,0.0032,0.02,0.0029,0.146,0.002087,0.000352,0.168,-1.8308,-3.53,-0.1568,3.53
vfr,2019,701,1564,73186,187801,0.00428,0.00064,0.0214,0.0006,0.029,0.002231,7.4e-05,0.033,-1.8945,-1.65,-0.0735,1.65
charter,2019,701,1564,73186,187801,0.00428,0.00064,0.0101,0.0017,0.171,0.001057,0.000208,0.197,-1.8945,-1.65,-0.0735,1.65
gauge,2019,701,1564,73186,187801,0.00428,0.00064,0.0105,0.0003,0.026,0.001094,3.3e-05,0.03,-1.8945,-1.65,-0.0735,1.65
equestrian,2019,701,1564,73186,187801,0.00428,0.00064,0.018,0.0031,0.175,0.00188,0.000377,0.201,-1.8945,-1.65,-0.0735,1.65
event leverage,2019,701,1564,73186,187801,0.00856,0.00128,0.0112,0.0011,0.101,0.001171,0.000136,0.116,-1.8978,-2.33,-0.1041,2.33
socially responsible,2019,701,1564,73186,187801,0.00856,0.00128,0.0133,0.0021,0.154,0.001388,0.000246,0.178,-1.8978,-2.33,-0.1041,2.33
develop world,2019,701,1564,73186,187801,0.02568,0.00384,0.0272,0.0025,0.093,0.002844,0.000303,0.107,-1.9,-4.05,-0.1811,4.05
agreement,2019,701,1564,73186,187801,0.01427,0.00192,0.0159,0.0014,0.091,0.001655,0.000173,0.105,-2.0041,-3.06,-0.1378,3.06
slovenian,2019,701,1564,73186,187801,0.00999,0.00128,0.0172,0.0008,0.045,0.001799,9.4e-05,0.052,-2.0517,-2.57,-0.1163,2.57
canada,2019,701,1564,73186,187801,0.01997,0.00256,0.0287,0.004,0.14,0.002999,0.000484,0.161,-2.0535,-3.64,-0.165,3.64
absorptive,2019,701,1564,73186,187801,0.00571,0.00064,0.014,0.0009,0.061,0.00146,0.000103,0.07,-2.1813,-1.96,-0.0901,1.96
inscription,2019,701,1564,73186,187801,0.00571,0.00064,0.0164,0.002,0.121,0.001709,0.000238,0.14,-2.1813,-1.96,-0.0901,1.96
namibia,2019,701,1564,73186,187801,0.00571,0.00064,0.0121,0.0008,0.066,0.001263,9.5e-05,0.075,-2.1813,-1.96,-0.0901,1.96
california,2019,701,1564,73186,187801,0.00571,0.00064,0.0123,0.0015,0.122,0.001281,0.00018,0.141,-2.1813,-1.96,-0.0901,1.96
commercial success,2019,701,1564,73186,187801,0.00571,0.00064,0.0108,0.0003,0.029,0.001124,3.7e-05,0.033,-2.1813,-1.96,-0.0901,1.96
experience economy,2019,701,1564,73186,187801,0.00571,0.00064,0.0103,0.0015,0.149,0.001073,0.000183,0.171,-2.1813,-1.96,-0.0901,1.96
community capital,2019,701,1564,73186,187801,0.00571,0.00064,0.0177,0.0002,0.013,0.001846,2.7e-05,0.015,-2.1813,-1.96,-0.0901,1.96
baja california,2019,701,1564,73186,187801,0.00571,0.00064,0.0123,0.0015,0.122,0.001281,0.00018,0.141,-2.1813,-1.96,-0.0901,1.96
uganda,2019,701,1564,73186,187801,0.00571,0.00064,0.0147,0.0018,0.123,0.00153,0.000217,0.142,-2.1813,-1.96,-0.0901,1.96
cape town,2019,701,1564,73186,187801,0.00571,0.00064,0.0125,0.0017,0.137,0.001307,0.000206,0.158,-2.1813,-1.96,-0.0901,1.96
baja,2019,701,1564,73186,187801,0.00571,0.00064,0.0123,0.0015,0.122,0.001281,0.00018,0.141,-2.1813,-1.96,-0.0901,1.96
outsider,2019,701,1564,73186,187801,0.01284,0.00128,0.0167,0.0016,0.095,0.001743,0.00019,0.109,-2.3027,-2.96,-0.1381,2.96
read,2019,701,1564,73186,187801,0.01427,0.00128,0.0212,0.0012,0.056,0.00221,0.000142,0.064,-2.4079,-3.12,-0.1479,3.12
mountain destination,2019,701,1564,73186,187801,0.00856,0.00064,0.0158,0.0016,0.099,0.001646,0.000187,0.113,-2.586,-2.41,-0.117,2.41
wit,2019,701,1564,73186,187801,0.01997,0.00128,0.0144,0.0008,0.059,0.001509,0.000102,0.067,-2.7441,-3.64,-0.1823,3.64
malaysian,2019,701,1564,73186,187801,0.01141,0.00064,0.013,0.0003,0.019,0.001361,3e-05,0.022,-2.8732,-2.72,-0.1392,2.72
safari,2019,701,1564,73186,187801,0.01141,0.00064,0.0131,0.0003,0.02,0.00137,3.1e-05,0.023,-2.8732,-2.72,-0.1392,2.72
coastal zone,2019,701,1564,73186,187801,0.01141,0.00064,0.015,0.0004,0.026,0.001561,4.6e-05,0.029,-2.8732,-2.72,-0.1392,2.72
csr,2019,701,1564,73186,187801,0.01141,0.00064,0.0462,0.0029,0.063,0.004828,0.000349,0.072,-2.8732,-2.72,-0.1392,2.72
innovation network,2019,701,1564,73186,187801,0.01284,0.00064,0.0177,0.0018,0.102,0.001844,0.000217,0.118,-2.9909,-2.85,-0.1491,2.85
tourism organisation,2019,701,1564,73186,187801,0.01569,0.00064,0.0185,0.0008,0.045,0.001935,0.0001,0.052,-3.1913,-3.07,-0.1673,3.07
wit press,2019,701,1564,73186,187801,0.01997,0.00064,0.0146,0.0004,0.03,0.001524,5.3e-05,0.035,-3.4323,-3.33,-0.1914,3.33
penang,2019,701,1564,73186,187801,0.00285,0.0,0.0151,0.0,0.0,0.001575,0.0,0.0,-6.1058,-0.61,-0.0756,0.61
glacier,2019,701,1564,73186,187801,0.00285,0.0,0.0143,0.0,0.0,0.001493,0.0,0.0,-6.1058,-0.61,-0.0756,0.61
backpacker,2019,701,1564,73186,187801,0.00285,0.0,0.0123,0.0,0.0,0.00128,0.0,0.0,-6.1058,-0.61,-0.0756,0.61
rst,2019,701,1564,73186,187801,0.00285,0.0,0.0178,0.0,0.0,0.001858,0.0,0.0,-6.1058,-0.61,-0.0756,0.61
craft beer,2019,701,1564,73186,187801,0.00285,0.0,0.0135,0.0,0.0,0.00141,0.0,0.0,-6.1058,-0.61,-0.0756,0.61
equestrian tourism,2019,701,1564,73186,187801,0.00428,0.0,0.0119,0.0,0.0,0.001238,0.0,0.0,-6.5096,-0.65,-0.0926,0.65
ppt,2019,701,1564,73186,187801,0.00571,0.0,0.0177,0.0,0.0,0.001852,0.0,0.0,-6.7964,-0.68,-0.107,0.68
swim,2019,701,1564,73186,187801,0.00571,0.0,0.0154,0.0,0.0,0.001605,0.0,0.0,-6.7964,-0.68,-0.107,0.68
aboriginal,2019,701,1564,73186,187801,0.00571,0.0,0.0297,0.0,0.0,0.003101,0.0,0.0,-6.7964,-0.68,-0.107,0.68
eurasia,2019,701,1564,73186,187801,0.02853,0.0,0.0218,0.0,0.0,0.002278,0.0,0.0,-8.4039,-0.84,-0.2406,0.84
